year,category,question,answer,analysis,index,score
2010,（新课标）,"1．（ 3分）按照中国一东盟自由贸易协议， 成员国 90%的贸易商品实行零关税 。
如果以前一件 10人民币元的 M商品出口到某东盟成员国 N国的关税为 5%，
本外币间的汇率为 l：8.2010年该商品实行零关税， 中国生产 M商品的劳动
生产率提高 25%，其他条件不变 ，则一件 M商品在实行零关税之前和之后出
口到 N国的价格用 N国货币单位表示分别为（ 　　） 
A．80，84 B．84，80 C．84.64  D．84，100
",C,"C正确，实行零关税前， 因为汇率为 1：8，关税为 5%，所以 M商品用
N国货币表示价格为（ 10×8）×（1+5%）=84．实行零关税后，因为劳动生
产率（社会劳动生产率 ）提高 25%，且零关税 ，所以价格为 （10/1.25）×8=64
．故答案为 C； 
ABD均不正确，故排除。  
故选： C。
",0,4
2010,（新课标）,"2．（ 3分）在河北曹妃甸的矿石码头，铁矿石运输轮一靠岸，运输带就直接将
铁矿石运往新首钢加工车间。经过若干道工序后，铁矿石变成钢材，又从成
品码头重新装船销往世界各地。这种紧凑的 “前港后厂 ”生产经营模式，缩短
了流通时间，给新首钢带来了巨大的效益。这一效益的取得在于（ 　　） 
①流通环节能够产生更大的利润  
②“前港后厂 ”模式节省运输成本  
③流通时间的缩短加快了资金的周转  
④“前港后厂 ”模式提高了社会劳动生产率。  
A．①②  B．②③  C．②④  D．③④
",B,"解析： “前港后厂 ”生产经营模式，减少了从码头到工厂的时间、路程 ，
节约了运输成本、缩短了流通时间，故②③符合题意；①题干为反映；劳动
生产率的提高依赖于科技的发展与管理；④不合题意。 故答案选择 B
",1,4
2010,（新课标）,"3．（ 3分）在政府大力扶持下，我国新能源产业发展迅猛。 截至 2009年底，中
国风电装机容量累计达到 2129万千瓦，位居世界第三 。从经济角度看 ，政府
扶持新能源产业是因为（ 　　） 
①经济快速发展对能源需求巨大     ②开发新能源有利于可持续发展  
③中国能源供给结构单一           ④可开发利用的新能源种类众多。  
A．①②  B．②③  C．①④  D．②④
",A,"材料要求从经济角度看政府扶持新能源产业的原因 ，可以从必要性和意
义两方面考虑。  
①从消费对生产的反作用角度谈政府扶持新能源产业的必要性，应选；  
②从政府扶持新能源产业的意义角度谈，表述正确，应选；  
  ③涉及能源的供给结构，与题意不相符，因此不选；  
④涉及到新能源的种类，与题意不符，因此不选；  
故选： A。
",2,4
2010,（新课标）,"4．（ 3分）我国南水北调工程是世界上规模最大的调水工程，它将建成 “南北调
配、东西互济 ”的巨大水网。 截至 2009年4月，国家对东、中线一期工程累
计投资 538. 7亿元。这一工程将（ 　　） 
①带动新兴产业发展，提高社会劳动生产率  
②通过加大政府投资，促进区域经济发展  
③改善南北水运条件，降低产品运输成本  
  ④改善水资源分布，促进经济结构调整。  
A．①②  B．①③  C．②④  D．③④
",C,"①不符合题意，南水北调工程不会直接带动新兴产业发展，故排除① ； 
②符合题意， 工程累计投资 538. 7亿元，政府的巨额投资，可以调节资源配置 ，
促进区域经济发展，②入选；  
③不符合题意，该工程的目的不是为了改善水运条件，故排除③；  
④符合题意 ，我国南水北调工程直接会带来改善水资源分布 ，从而促进经济结构
调整，④入选。  
故选： C。
",3,4
2010,（新课标）,"5．（ 3分）根据联合国安理会有关决议， 自2008年l2月20日起，中国政府已
五次派军舰到海盗活动猖獗的亚丁湾和索马里海域参加对过往商船的护航。
我国参加护航行动（ 　　） 
①是我国作为联合国安理会常任理事国应尽的职责  
②是巩固我国同联合国其他成员国战略联盟的需要  
③是我国作为负责任国家承担国际义务的具体体现  
④与我国国家利益和外交政策的基本原则相符合。  
A．①②  B．①③  C．②④  D．③④
",D,"①不合题意 ，我国作为联合国安理会常任理事国应尽的职责有维护世界
和平，派驻维和部队，调解国际争端，提供联合国预算资金。我国参加护航
  活动不属于我国应尽的职责；  
②不合题意，我国不与任何国家结成战略联盟不选；  
③符合题意，我国积极参加联合国及其专门机构有利于世界和平和发展的活动 ； 
④符合题意 ，维护国家利益时主权国家对外活动的出发点和落脚点 ，国家利益是
国际关系的决定因素。  
故选： D。
",4,4
2010,（新课标）,"6．（ 3分）《中共中央关于深化行政管理体制改革的意见》提出，要加强依法
行政和制度建设，健全对行政权力的监督制度。在国家机关中，对行政权力
具有内部监督功能的是（ 　　） 
①人民代表大会及其常委会        
②各级人民法院和人民检察院  
③国家监察部和地方监察机关      
④国家审计署和地方审计机关。  
A．①②  B．①③  C．②④  D．③④
",D,"题中要求是 ：在国家机关中 ，对行政权力具有内部监督功能 ，因此选项③
④符合题意；  
选项①②均为对行政权利的外部监督，因而不选；  
故选： D。
",5,4
2010,（新课标）,"7．（ 3分） 2010年，十一届全国人大三次会议通过的新修改的选举法规定，全
国人大代表名额按照每一代表所代表的人口数相同的原则分配，将农村与城
市每一代表所代表的人口数比例， 由原来的 4：1改为 l：1．这一修改的意义
在于（　　） 
①从制度层面消除城乡选举差别  
②在立法和制定重大决策层面更好地维护农民的利益  
③拓宽农民参与国家政治生活的渠道  
④保证人大代表平等地行使权利。  
A．①②  B．①③  C．②④  D．③④
",A,"A制度层面国家保障了公民的选举平等，因此符合题，正确；  
B这次人口数比例的一直更好的保障了农民的权利 ，修改选举法实在立法方面维
护，正确；  
C题目中没有提到农民参与政治生活的渠道，排除；  
D题目中没有与人大代表相关的意思，排除；  
故选： A。
",6,4
2010,（新课标）,"8．（ 3分）近年来，我国开展道德模范评选活动，树立来自基层、来自群众的
道德楷模 ，推动了社会主义思想道德建设 。我国重视思想道德建设是因为它 （　　
  ） 
①是发展中国特色社会主义文化的重要内容和中心环节  
②能提供精神动力和正确价值观，决定社会发展进程和方向  
③体现了先进文化性质和前进方向，有利于培育 “四有 ”新人  
④为我国经济社会发展提供了智力支持。  
A．①②  B．①③  C．②④  D．③④
",B,"思想道德建设是发展中国特色社会主义文化的重要内容和中心环节 。社
会主义思想道德集中体现了中国特色社会主义文化的性质和前进方向，发展
中国特色社会主义文化，必须紧紧抓住思想道德建设这个中心环节。由此可
见，①③两项符合题意，可以入选；  
思想道德建设属于主观范畴，不能起决定作用，故②项表述错误，不能入选；  
社会主义精神文明建设为我国经济社会发展提供强大的精神动力和智力支持 ，故
④项表述不科学，不能入选。  
故选： B。
",7,4
2010,（新课标）,"9．（ 3分） “今天科学技术不仅仅是自然科学与工程技术，还是认识客观世界 、
改造客观世界的整个知识体系 ，而这个体系的最高概括是马克思主义哲学。 ”
钱学森关于哲学与科学关系的论断的合理性在于（ 　　） 
①认为哲学是 “科学之科学 ”，是最高概括的科学  
②主张科学是哲学的知识前提，哲学是科学的概括和升华  
③强调离开了哲学世界观的指导，科学研究就不能取得进展  
④指出哲学与科学具有一致性，哲学对科学具有方法论的指导作用。  
A．①②  B．②③  C．②④  D．③④
",C,"①错误，哲学是 “科学之科学 ”说法错误；  
②④符合题意， “今天科学技术不仅仅是自然科学与工程技术，还是认识客观世
界、改造客观世界的整个知识体系，而这个体系的最高概括是马克思主义哲
学。 ”钱学森关于哲学与科学关系的论断的合理性在于主张科学是哲学的知
识前提，哲学是科学的概括和升华，出哲学与科学具有一致性，哲学对科学
具有方法论的指导作用；  
③错误，离开了哲学世界观的指导 ，科学研究就不能取得进展夸大了哲学的作用
； 
故选： C。
",8,4
2010,（新课标）,"10．（ 3分）木星是太阳系中体积最大的行星，人们对它充满无限遐想。为了解
木星的形成 、进化和结构等 ，在最新航天科技的支持下 ，美国预计于 2011年
8月发射新的木星探测器 “朱诺 ”。对木星的科学探测活动将进一步佐证 （　　） 
①人类的好奇、兴趣和遐想是推进有关木星认识的直接动力  
②现代科技和探测手段的发展推动有关木星认识的深化发展  
③实践发展提出的客观需要是推进有关木星认识的根本动力  
④严密的逻辑和精心的准备能确保木星探测实践的如期成功。  
A．①②  B．②③  C．②④  D．③④
",B,"①观点错误 ，实践是认识的动力 ，最新航天科技的支持下 ，美国预计于
  2011年8月发射新的木星探测器 “朱诺 ”，说明现代科技和探测手段的发展推
动有关木星认识的深化发展，实践发展提出的客观需要是推进有关木星认识
的根本动力，故②③符合题意，④观点说能确保木星探测实践的如期成功是
错误的， 故答案应选 B。
",9,4
2010,（新课标）,"11．（ 3分）在创建美好城市的过程中，人们以前对老旧基础设施一律拆除，今
天却有了新的处理方式。如上海江南造船厂的老厂房被改造成世博会展馆，
英国的电话亭被改造成微型图书馆、美术馆，美国芝加哥的空中铁路被改造
成空中花园，荷兰的旧水塔被改造成舒适方便的别墅。人们这种处理方式变
化的哲学依据在于（ 　　） 
①观念创新可以促进事物价值的转换与创造  
②观念创新为事物价值转换提供了根本途径  
  ③事物价值的转换取决于认识的发展性  
④事物价值的转换依赖于事物属性的多样性。  
A．①②  B．②③  C．①④  D．③④
",C,"人们处理问题方式的变化反映的是观念的创新促使事物价值的转换 ，变
废为宝，但能否变废为宝，关键是事物的属性，故题肢①④符合题意；  
题肢②说法错误，因为事物价值的转换根本途径是实践，故排除；  
人们对客观事物的利用来源于客观事物的属性与规律，题肢③是唯心主义观点 ，
排除；  
故选： C。
",10,4
2010,（新课标）,"12．（3分）生活在我国长江流域的中华鲟被誉为 “活化石 ”。2009年10月4日，
我国某研究所在世界上第一次成功实现了中华鲟全人工繁殖。这是人类在保
护这一濒危物种过程中取得的重大技术突破，具有里程碑意义。从联系的观
点看，人工繁殖中华鲟的成功说明（ 　　） 
①离开了人为事物的联系，自然事物的联系就不能实现  
②认识事物的本质联系，能引导事物朝有利的方向转化  
③发挥主观能动性，人可以创造有利于实践的具体联系  
④离开了事物的真实联系，主观能动性就不能发挥作用。  
A．①②  B．②③  C．②④  D．③④
",B,"①观点错误 ，自然事物的联系是客观的 ，人为事物的联系要以自然事物
的联系为基础来实现  
④说法是正确的， 但题意是 ：在尊重事物的真实联系基础上，人工繁殖中华鲟的
成功。因此和题意明显不符。  
人工繁殖中华鲟的成功说明认识事物的本质联系 ，能引导事物朝有利的方向转化
，发挥主观能动性，人可以创造有利于实践的具体联系，②③符合题意。  
故选： B。
",11,4
2011,（新课标）,"1．（ 3分） 2010年某企业的生产条件处于全行业平均水平，其单位产品的价值
量为 132元，产量为 10万件。如果 2011年该企业的劳动生产率提高 10%，
而全行业的劳动生产率提高 20%，其他条件不变 ，则该企业 2011年生产的商
品价值总量为（ 　　） 
A．1452万元  B．1320万元  C．1210万元  D．1100万元
",C,"商品的价值总量 =单位商品的价值量×商品产量。 2011年全行业的劳动
生产率提高 20%，设该商品的价值量为 X，X×10×（ 1+20%）=132×10，X
═110元；  
该企业的劳动生产率提高 10%，该企业的产品产量为 10×（ 1+10%）=11万件； 
2011年该企业生产的商品价值总量为 110×11=1210 万元。故C正确。  
故选： C。
",12,4
2011,（新课标）,"2．（ 3分） 2009年中国已成为世界第一出口大国，但同时也应该看到，一些出
口产品是为国外品牌加工生产的，中国企业只能赚取微薄的代工费，绝大部
分利润由品牌持有者获得，这说明（ 　　） 
A．自主品牌建设是中国企业提高出口利润的重要途径   
B．中国企业出口盈利水平高低取决于是否拥有核心技术   
C．品牌竞争已成为中国企业参与国际竞争最重要的方式   
D．强大的制造能力是中国企业出口的核心竞争力
",A,"题中材料 “我国的一些出口产品是为国外品牌加工生产的，中国企业只
能赚取微薄的代工费 ，绝大部分利润由品牌持有者获得 ”，表明我国在自主知
识产权、自主创新能力方面与发达国家存在着较大的差距 ，故A项符合题意 ，
可以入选；  
B表述不准确 ，中国企业出口盈利水平高低不仅仅取决是否拥有核心技术 ，还要
受其它因素的制约，故排除；  
C表述错误，品牌正是我国在国际竞争中所缺乏的，故排除；  
D表述错误，制造能力并非是核心竞争力，故排除；  
故选： A。
",13,4
2011,（新课标）,"3．（ 3分）月饼是中国传统的节日食品，随着生活水平的提高，人们对中秋月
饼的消费日益多样。除枣泥、豆沙等传统月饼外，消费者也开始购买海鲜、
木瓜、冰激凌等新式月饼。多样化的月饼消费（ 　　） 
A．取决于月饼消费观念的多样化   
B．导致了月饼消费结构   
C．促进了月饼生产的多样化   
D．促进了月饼质量的提高
",C,"A消费观念的变化，当然要首先要生产出来， A不符合题意；  
B材料没有讲月饼消费结构的升级， B不符合题意；  
C消费引导生产，对月饼的多样化消费促进了月饼生产的多样化， C符合题意 ； 
D对月饼的多样化消费并不能促进了月饼质量的提高， D不符合题意。  
故选： C。
",14,4
2011,（新课标）,"4．（ 3分）随着科学技术的快速发展，信息技术已融入我们生活的方方面面。
如打电话、看电视等。 “十二五 ”规划纲要将新一代信息技术产业纳入国家七
大战略性新兴产业，并实施产业创新发展工程，我国之所以重视新一代信息
技术产业，因为（ 　　） 
A．它利润高，发展快   
B．它是基础性产业   
C．它改变人们得生活方式   
D．它是提高生产效率的有效手段
",D,"A项不是重视发展信息技术产业的根本原因，不符合题意，排除；  
B项不符合题意，农业是基础性产业，排除；  
C项不符合题意 ，生产决定消费 ，所有产业的发展都会改变人们的生活方式 ，排
除；  
D项符合题意 ，发展新一代信息技术产业是提高生产效率的有效手段 ，所以我们
重视这一产业，应选。  
  故选： D。
",15,4
2011,（新课标）,"5．（ 3分）十一届全国人大常委会第十二次会议通过的《中华人民共和国侵权
责任法》规定， “因同一侵权行为造成多人死亡的，可以以相同数额确定死亡
赔偿金 ”，从而改变了以往因城乡居民收入差异导致死亡赔偿金计算标准不同
的状况，这一法律规定的变化（ 　　） 
A．坚持了公民权力至上的原则   
B．实现了公民权利与义务的统一   
C．消除了公民的身份差异   
D．体现了对公民平等权利的尊重
",D,"题中法律中的规定改变了以往因城乡居民收入差异导致死亡赔偿金计
算标准不同的状况，表明国家通过法律的形式来保障公民的权利，体现了法
律面前人人平等的原则， 因此选项 D符合题意；  
主权是一个国家的生命和灵魂，具有对内至高无上性和对外独立自主性的特征 。
所以选项 A人权至上的观点是错误的，不选；  
题中仅涉及到公民权利，与义务无关， 所以选项 B不符合题意，不选；  
题中的法律规定是从法律角度保障公民的权利 ，公民是具有一国国籍的人 ，没有
身份差异。 因此选项 C错误，不选；  
故选： D。
",16,4
2011,（新课标）,"6．（ 3分） 2011全国人民代表大会开会期间，全体会议公开举行，绝大多数人
大代表团分组会议也对外开放，许多代表团还在讨论结束后留出时间接受中
外媒体集体采访。人大会议对外开放是：（ 　　） 
①国家权力机关对人民负责的体现             
②依法行政建设法治国家的需要  
③国家自信和政治民主发展的表现             
④公民直接参与公共决策的要求。  
A．①②  B．①③  C．②④  D．③④
",B,"全体会议公开举行，即接受人民群众和社会的监督，体现了人民民主 ，
人民代表大会对人民负责，因此选项①③均符合题意；  
依法行政是对政府机关的要求，因此选项②不符合题意，不选；  
材料并未体现公民参与民主决策，因而选项④不选；  
故选： B。
",17,4
2011,（新课标）,"7．（ 3分）中国共产党人以自己的无私奉献精神，为中华民族的复兴前仆后继 、
流血牺牲 、不屈不挠 、艰苦奋斗 。中国共产党 90年的历史 ，是一部团结带领
全国各族人民进行革命、建设和改革并不断取得辉煌成就的历史。中国共产
党能够取得辉煌成就，根本原因在于：（ 　　） 
①中国共产党是中国工人阶级先锋队，同时是中国人民和中华民族的先锋队  
②中国共产党坚持在组织上对各民主党派的领导  
③不断加强党的自身建设，努力保持和发展自己的先进性  
④不断增强科学执政、民主执政、依法执政的自觉性和坚定性。  
A．①②  B．①③  C．②④  D．③④
",B,"题干问的是中国共产党能够取得辉煌成就的根本原因 ，是由党的性质和
宗旨决定的，故①③符合题意；  
中国共产党对各民主党派的领导是政治领导，不是组织领导，②观点错误；  
④不是根本原因，故排除。  
故选： B。
",18,4
2011,（新课标）,"8．（ 3分）我国每年生成的 8亿多吨秸秆的综合利用率不高，绝大部分被废弃 。
某公司深入研究秸秆的材质特性，另辟蹊径，利用秸秆制造生态环保，结实
耐用的板材。产品在国内外广受欢迎，取得巨大的经济效益，该公司之所以
能够捕捉到他人视看不见的商机，是因为：（ 　　） 
  ①善于突破事物表面的联系，把握其本质的联系  
②善于根据事物之间的固有联系建立新的联系  
③尊重联系的多样性，重视发挥偶然联系的作用  
④尊重客观联系，发挥创新观念改造世界的作用。  
A．①②  B．②③  C．②③  D．③④
",A,"从材料所给出的 “深入研究 ”、“材质特性 ”、“板材 ”、“经济效益 ”、“商机
”等关键词 ，可以看出 ，该公司能够根据 “秸秆 ”和“效益 ”的固有联系 ，通过 “另
辟蹊径 ”突破了事物的现象联系 ，把握了事物的本质联系 ，建立了新的联系 ，①
②正确，  
③中 “发挥偶然联系的作用 ”在材料中没有体现，不选。  
④说法本身错误。创新观念属于意识范畴不能直接作用于客观世界  
故选： A。
",19,4
2011,（新课标）,"9．（ 3分）历史学家通常认为，在审视复杂历史问题时不能轻率地下结论。这
一观点的合理性在于：（ 　　） 
①不同的认识主体对复杂历史问题的认识总是不同的  
②真理不会停止前进的步伐。而是在发展中不断超越自身  
②复杂历史问题本质的暴露和展现必然需要一个较长的过程  
④人们对复杂历史问题的认识受所处社会实践水平的限制。  
A．①②  B．②③  C．②④  D．③④
",D,"不能认为不同的认识主体对事物的认识总是不同，①说法绝对化；  
②强调了真理是不断深化发展的，与题意无关。  
我们之所以不能对历史问题轻率地下结论 ，主要是因为人们的认识受主客观条件
的制约，所以对历史问题要慎重考虑，③④符合题意。  
故选： D。
",20,4
2011,（新课标）,"10．（ 3分）华君武的漫画《永不走路，永不摔跤 》（如图）讽刺了一些人：（ 　　
） 
①不懂得只要善于总结实践经验，错误是可以避免的  
②不理解缺乏敢想敢闯的精神就会一事无成  
③不了解实践探索中出现的失误和错误总是宝贵财富  
④因怕犯错误而不敢实践的行为。  
 
A．①②  B．①④  C．②④  D．③④
",C,"①说法错误 ，即使善于总结实践经验 ，错误也是难免的 ，另外漫画的主
旨也不是强调人不犯错误，故①不选；  
②正确并符合题意，创新是我们事业不断取得成功的关键，故②可选；  
③说法错误 ，看到了失败和错误可以转化为财富 ，但忽视了矛盾双方转化的条件
，故不选③；  
④正确并符合题意 ，漫画讽刺了那些因担心犯错误而墨守成规 ，不敢大胆实践的
人，故④当选。  
故选： C。
",21,4
2011,（新课标）,"11．（ 3分）医学临床实践表明，人的思维活动的灵活多边形与其大脑的 “扣带
前回 ”区域相关联，有人喜欢 “钻牛角尖 ”往往与该区域的 “换挡装置 ”出现故障
有关，这进一步佐证了：（ 　　） 
①意识活动的内容和形式是由人脑决定的  
  ②意识是人脑加工改造的产物，其本质是大脑机能  
③人脑是意识形成的物质基础  
④人脑是思维活动的生理基础。  
A．①③  B．②③  C．②④  D．③④
",D,"①观点错误，意识活动的内容是客观的，形式是主观的，故排除①；  
②观点错误 ，意识是人脑对客观事物的主观反映 ，其本质是客观存在的主观映象
  ，故排除②；  
③④正确并符合题意 ，人脑的不同区域与人的不同思维活动的形成有关联 ，体现
了人脑是意识形成的物质基础，是思维活动的生理基础，故③④当选。  
故选： D。
",22,4
2011,（新课标）,"12．（ 3分）民间谚语寓意深远，代代相传。凝聚着广大劳动人民的智慧。 “到
什么山上唱什么歌 ”“看菜吃饭 ，量体裁衣 ”这两句谚语的哲学道理是 ：（　　） 
①矛盾的两个方面既相互对立，又相互统一    
②具体分析矛盾的特殊性是正确认识矛盾的重要前提  
③矛盾的普遍性与特殊性是具体的历史的统一   
④离开对具体矛盾的具体分析就不能正确解决矛盾。  
A．①②  B．①④  C．②④  D．③④
",C,"①虽观点正确，但与题意无关；  
②④符合题，意题干中的两句民间俗语 “到什么山上唱什么歌 ”，“看菜吃饭，量
体裁衣 ”都体现的是矛盾的特殊性原理及具体问题具体分析的方法论，入选 ； 
③表述的是矛盾普遍性与特殊性之间的关系，也不符合题意；  
故选： C。
",23,4
2012,（新课标）,"1．（ 4分）货币最早以足值的金属货币形式出现的。随着商品生产和商品交换
的发展，商品流通中产生了作为价值符号的纸币，并逐渐取代了金属货币。
纸币之所以能取代金属货币，是因为（ 　　） 
①纸币容易产生，且同样具有充当贮藏手段的职能  
②使用纸币能够有效降低货币制作成本  
③纸币的使用范围更广  
④纸币同样能执行价值尺度和流通手段的职能。  
A．①②  B．②③  C．②④  D．③④
",C,"①：纸币不具有贮藏手段的职能，所以①错误，排除；  
③：金属货币和纸币作为交换媒介 ，可以和其他一切商品想交换 ，但在贮藏和世
界货币方面，并非纸币所能做到，所以③排除；  
纸币之所以能取代金属货币是因为制作成本降低②的同时而同样可以执行货币
 故选： C
",24,4
2012,（新课标）,"2．（ 4分）由美国次贷危机引发的国际金融危机，深刻影响了世界经济的发展 ，
回答 2﹣3题。  
在国际金融危机的冲击下 ，一些国家先后陷入了经济持续下滑 、失业率大幅上升
的困境。各国政府对市场经济活动进行干预，其依据是（ 　　） 
①市场调节具有盲目性和滞后性  
②市场经济具有开放性  
③政府具有经济管理职能  
④政府是超越市场利益的中立者。  
A．①②  B．①③  C．②④  D．③④
",B,"由美国次贷危机引发的国际金融危机导致一些国家先后陷入了经济发
展困境，表明市场经济本身的缺陷给经济发展带来的危害，需要政府进行宏
观调控。所以选项①③符合题意；  
由于市场经济的开放性，国与国之间的关系日益密切。所以选项②不符合题意 ； 
市场经济条件下 ，市场在资源配置中起决定性作用 。我国政府始终要坚持为人民
服务、对人民负责。因而选项④观点错误，不选；  
故选： B。
",25,4
2012,（新课标）,"3．（ 4分）由美国次贷危机引发的国际金融危机，深刻影响了世界经济的发展 ，
回答 2﹣3题。  
2012年1月，中国混凝土机械行业龙头企业之一的 S公司宣布 ，将斥资 3.6亿欧
元收购德国 P公司 100%股权，P公司凭借领先的技术优势在全球混凝土泵车
市场占有率曾高达 40%左右，国际金融危机爆发后 ，公司出现严重经营困难 。
S公司并购 P公司的积极作用在于（ 　　） 
①形成行业垄断格局  
②开拓国际市场  
③加速资本周转  
  ④促进产品升级换代。  
A．①②  B．①④  C．②③  D．②④
",D,"①说法错误 ，为了市场竞争的平等性 ，国家禁止某行业出现垄断 ，垄断
不利于经济的长期持续发展，排除①；  
②符合题意 ，我国的公司在金融危机的背景下实施对外国公司的兼并 ，主要是考
虑可以利用外国公司的资源（市场优势和技术优势 ）开拓国际市场，②当选 ； 
③角度不对， 对于被收购的 P公司是为了加速资本的周转， 而这不是对于 S公
司的积极作用，排除③；  
④符合题意， P公司凭借领先的技术优势在全球混凝土泵车市场占有率曾高达
40%左右，所以 S公司并购 P公司，可以促进产品升级换代，④当选。  
故选： D。
",26,4
2012,（新课标）,"4．（4分）2011年11月，美国发起了针对从中国进口的太阳能电池板的反倾销
与反补贴调查： 2012年1月，美国宣布对从中国进口的风力发电设备 ﹣﹣应
用级风塔发起反倾销与反补贴调查。美国频频发起针对中国新能源产品的反
倾销与反补贴调查，限制中国产品进口，主要是因为（ 　　） 
A．美国欲以贸易保护措施扶持国内新能源产业发展   
B．新能源产业是劳动密集型产业，美国需要其提供就业岗位   
C．美国需要通过减少中国新能源产品进口才能缩小与中国的贸易逆差   
D．美国的新能源产业能过剩，不需要从中国大量进口相关产品
",A,"美国频频发起针对中国新能源产品的反倾销与反补贴调查 ，限制中国产
品进口，主要是因为美国经济不断下滑 ，为了发展其相关产业而采取的措施 ，
故A正确。  
新能源产业不是劳动密集型产业， 故B错误。  
贸易逆差顺差的影响有利有弊，这不是主要原因， 故C排除。  
新能源产业属于新兴产业，不存在产能过剩， 故D错误。  
故选： A。
",27,4
2012,（新课标）,"5．（ 4分） 2011年1月， R市以居住证制度取代暂住证制度， 300余万生活在
该市的流动人口告别 “暂住 ”状态，在劳动就业 、医疗卫生 、教育等 12个方面
开始享受与市民同等的权益。这一举措（ 　　） 
①促进了社会公平正义  
②消除了收入再分配的差距  
③有利于协调城乡统筹发展  
④减少了城市管理支出。  
A．①②  B．①③  C．②④  D．③④
",B,"①符合题意，促进了社会公平正义，故当选；  
②表述错误，是缩小差距而不是消除差距，故排除；  
③符合题意，有利于协调城乡统筹发展，故当选；  
④不符合题意，不是减少了城市管理支出，而是增加了城市管理支出，故排除 。 
故选： B。
",28,4
2012,（新课标）,"6．（ 4分）近年来，公共外交受到国际社会的广泛关注。 2010年，全国政协成
功举办了以 “对话、合作、共赢中国与世界 ”为议题的第六次 “21世纪论坛 ”。
在十一届全国政协三次会议上，政协外事委员会提交了关于加强我国公共外
交的书面发言，部分委员还提交了相关提案。由此可见，人民政协（ 　　） 
A．创新了参政议政的方法和途径   
B．履行了参与国际事务的新职能   
C．积极参与行使国家对外职权   
D．是推动公共外交的重要力量
",D,"材料中不能体现创新了参政议政的方法和途径， 故A错误。  
人民政协其职能有政治协商 、民主监督 、参政议政 ，并没有新职能 ，故B错误。 
人民政协是中国共产党领导的统一战线组织 ，是人民民主的重要实现形式 ，不是
国家机关，不能履行对外职权， 故C错误。  
2010年，全国政协成功举办了以 “对话、合作、共赢中国与世界 ”为议题的第六
次“21世纪论坛 ”，说明政协是推动公共外交的重要力量， 故D正确。  
故选： D。
",29,4
2012,（新课标）,"7．（ 4分）改革开放以来我国对外交往日益频繁。据外交部统计， 2006年我国
出境人员逾 3452万人次， 2010年突破 6000万人次， 驻海外企业超过 1.6万
家。 2011年外交部开通中国领事服务网，为出境中国公民和机构提供海外安
  全信息和领事服务， 这一年外交部门共处理各类领事保护案件约 3万起。从
上述材料可以看出（ 　　） 
①国家之间相互依存度日益加深  
②国际社会安全形势更加严峻  
③我国坚定维护本国公民在海外的合法权益  
④我国与其他国家具有不同的国际法律地位。  
A．①②  B．①③  C．②④  D．③④
",B,"①符合题意，改革开放以来我国对外交往日益频繁。 2006年我国出境
人员逾 3452万人次， 2010年突破 6000万人次， 驻海外企业超过 1.6万家。
说明国家之间相互依存度日益加深。故当选。  
②不符合题意，材料中没有涉及国际社会安全形势更加严峻。故排除。  
③符合题意， 2011年外交部开通中国领事服务网，为出境中国公民和机构提供
海外安全信息和领事服务， 这一年外交部门共处理各类领事保护案件约 3万
起。说明我国坚定维护本国公民在海外的合法权益。故当选。  
④表述错误，主权国家在国际法上地位平等。故排除。  
故选： B。
",30,4
2012,（新课标）,"8．（ 4分）“以铜为镜，可以正衣冠；以古为镜，可以知兴替；以人为镜，可以
明得失。 ”《贞观政要》中这句富含哲理的名言给我们的启迪是（ 　　） 
①善于听取他人意见，是促进认识发展的重要途径  
②避免重蹈他人覆辙，才能使自己在生活中不犯错误  
③人们历史活动的思想动机决定人类社会历史发展  
④自觉总结历史经验教训，有利于把握社会发展规律。  
A．①③  B．①④  C．②③  D．②④
",B,"①正确，“以人为镜 ，可以明得失 ”这启迪我们要善于听取他人意见 ，进
而全面准确地认识自己，入选；  
②错误，产生错误的原因有多种；  
③错误，夸大了社会意识的作用，社会存在决定社会意识；  
④正确，“以古为镜 ，可以知兴替 ”说明要自觉总结历史经验教训 ，这有利于把握
社会发展规律，入选。  
故选： B。
",31,4
2012,（新课标）,"9．（ 4分）汉代的匡衡少年时没钱买蜡烛，就凿壁偷光，勤奋苦读。有一户人
家有很多书，匡衡在这户人家当雇工缺不要报酬，只是请求主人把所有的书
都让自己读一遍 。主人深受感动 ，就把书借给他 。后来，匡衡成了大学问家 。
这表明  
（　　） 
①社会和他人提供的条件是实现人生价值的基础  
②发挥人的主观能动性是实现人生价值的决定性因素  
③人生价值能否实现取决于能否用正确的价值观来引导  
④人生价值总是在个人与社会的统一中实现的。  
A．①③  B．②③  C．①④  D．②④
",C,"①正确并符合题意 ，匡衡 “凿壁偷光 ”、主人慷慨借书说明了社会和他人
提供的条件对人生价值实现的重要性，因此①入选；  
②说法不科学 ，应该是正确发挥主观能动性是实现人生价值的关键因素 ，而不是
决定因素，故排除②；  
③说法不科学 ，人生价值的实现需要主客观条件的统一 ，而不是只强调主观方面
，故排除③；  
④正确并符合题意，在社会和他人提供的条件的基础上，经过自己的刻苦努力 ，
匡衡成为大学问家，体现了在个人与社会的统一中实现价值，因此④入选。  
故选： C。
",32,4
2012,（新课标）,"10．（ 4分）在澳门，道教、佛教、天主教、基督教、伊斯兰教登几百年来和睦
相处，中式建筑与西式建筑比肩而立，中式婚礼与西式婚礼、中餐与西餐相
映成趣。这表明（ 　　） 
①澳门文化的内容和形式具有多样性  
②澳门文化的性质是由其地理环境决定的  
  ③澳门文化以中华文化为主以西方文化为辅  
④澳门文化具有包容性、开放性。  
A．①②  B．①④  C．②③  D．②④
",B,"①符合题意 。五种宗教体现了澳门文化内容的多样 ，餐饮、婚礼、建筑
都有西方和东方，体现了文化多样性。  
②错误。政治经济决定文化的性质。地理坏境只能影响文化的性质。  
③不符合题意 。材料主要讲澳门文化中西方元素都有 ，从材料看不出中华文化为
主、西方文化为辅。  
④符合题意 。五种宗教各不相同 ，中西建筑 、婚礼、餐饮各不相同 ，却都能和睦
相处，体现了澳门文化具有包容性、开放性。  
故选： B。
",33,4
2012,（新课标）,"11．（ 4分）以前，人们往往认为一切生物的生长都依赖阳光。现在科学家发现
，在水深超过 4000米的可见光不能到达的海底 ，在高温、高压、剧毒、缺氧
的环境里，仍然存在大量海底热液生物，它们靠海底热液带的能量进行化合
作用合成有机质而生产。这从一个侧面表明（ 　　） 
①对真理的追求是永无止境的循环过程  
②真理是理论与实践的具体的历史的统一  
③客观事物的复杂性决定了认识的反复性  
④认识只有不断超越历史条件才能成为真理。  
A．①②  B．①④  C．②③  D．③④
",C,"事物的发展是波浪式前进或螺旋式上升的 ，故①中“循环过程 ”是错误的
； 
任何真理都是主观与客观、理论与实践的具体的历史的统一，故②入选；  
从认识的对象看 ，认识的对象是无限变化的物质世界 ，也就是客观事物具有复杂
性，使得人的认识具有反复性，故③入选；  
实践具有社会历史性特点，人类认识无法超越历史条件的限制，故④观点错误 。 
故选： C。
",34,4
2012,（新课标）,"12．（ 4分）胡锦涛总书记指出： “在当代中国，坚持发展是硬道理的本质要求
就是坚持科学发展。解决当前我们面临的发展不平衡、不协调、不可持续的
突出矛盾和问题，必须把科学发展观贯彻落实到经济社会发展的全过程和各
领域。 ”我们要深入贯彻落实科学发展观，因为先进的社会意识（ 　　） 
①先于社会存在的变化发展而变化发展  
②可以正确预见和引领社会发展的方向  
③与社会存在在变化发展上具有同步性  
④对社会发展起积极的推动作用。  
A．①④  B．②③  C．②④  D．③④
",C,"①说法错误 ，无论是什么社会意识都是对社会存在的反映 ，应该是先有
 社会存在后有社会意识；③说法错误，社会意识具有相对独立性，与社会存
在的变化不一定是同步的；②④说法正确且符合题意。故选 C
",35,4
2013,（新课标ⅰ）,"1．（ 4分） 2012年，某县农民种植的土豆产量大增，但市场没有相应扩大，农
民不得不低价销售 ，收入不增反降 。图中的①②③④中 ，能够反映这种 “丰产
不丰收 ”经济现象的是（ 　　） 
 
A．①  B．②  C．③  D．④
",B,"图中 P代表土豆价格， Q代表土豆供应数量，依据某 “县农民种植的土
豆产量大增 ”可以得知供给曲线 S向右平移；  
“市场没有相应扩大 ”说明对土豆的消费需求并没有相应增加 ，所以导致市场上的
土豆出现供过于求、价格下跌的现象，所以 “收入不增反降 ”。因此选项②符
  合题意，①③④均不符合题意；  
故选： B。
",36,4
2013,（新课标ⅰ）,"2．（4分）中国 H公司与美国某公司签订服装出口合同 ，约定服装单价为 24美
元，一年后交货。 H公司生产一件服装的成本是 144人民币元。签订合同时
汇率为 1美元 =6.32人民币元， 交货时为 1美元 =6.27人民币元。在不考虑其
他条件的情况下， H公司交货时的利润率比签约时的利润率（ 　　） 
A．下降 0.83%  B．下降 0.76%  C．上升 0.83%  D．上升 0.76%
",A,"美元贬值，利润率会下降， 所以排除 C、D两项；  
通过计算可知签合同时的利润为 24×6.32﹣144=7.68 ，交货时的利润为 24×
6.27﹣144=6.48 ，可知交货时的利润比签合同时的利润每件少了 1.2元，1.2÷
144×100%=0.83% ，故其利润率下降了 0.83%。 
故选： A。
",37,4
2013,（新课标ⅰ）,"3．（ 4分） 2012年3月，中国某集团公司收购了 4个在美国的风电场。美国政
府于 9月28日以安全为由签发行政命令禁止该项目的收购 。在多次申诉无效
之后，该公司根据美国法律向美国联邦法院提起诉讼 。这一案例表明 （　　） 
A．走出去的中国企业面临各种形式的贸易保护主义的挑战   
B．向投资国司法部门提起诉讼是投资者维护自身利益的最有效手段   
C．对外直接投资取代商品出口成为中国企业走出去的主要形式   
D．跨国并购是企业强强联合的主要表现形式
",A,"题中中国某集团公司收购美国的风电场 ，美国政府以安全为由签发行政
命令禁止该项目的收购横加阻挠，体现了走出去的中国企业遭遇了贸易保护
主义，答案 A正确；  
B说法错误，向投资国司法部门提起诉讼不一定能够维护投资者自身利益；  
C说法错误，跨国并购并不一定是企业强强联合；  
D说法错误，目前我国企业走出去的主要形式依然是商品出口。  
故选： A。
",38,4
2013,（新课标ⅰ）,"4．（ 4分）2011年我国城乡居民人民币储蓄存款余额达 35.2万亿元， 人均储蓄
25548元，分别比 2010年增长 16%和15.3%，高于同期 GDP的增长速度 。根
据上述事实可以推断出（ 　　） 
①社会保障体系不断健全增加了人们储蓄意愿  
②我国居民的储蓄率随 GDP的增长而增长  
③我国居民投资理财的渠道比较狭窄、品种较少  
④我国城乡居民的恩格尔系数不断下降。  
A．①②  B．①③  C．②④  D．③④
",D,"社会保障制度健全会增强居民对未来收入预期的乐观程度 ，会促进消费
而不是储蓄存款，故排除①；  
题中说储蓄增长速度高于 GDP，故排除②  
储蓄存款增长过快符合③  
储蓄存款增长说明居民收入高 ，收入是消费的基础和前提 ，收入越高 ，消费水平
  越高，恩格尔系数越低，符合④  
故选： D。
",39,4
2013,（新课标ⅰ）,"5．（ 4分）十一届全国人大常委会第二十三次会议修改通过新的居民身份证法 ，
规定在居民身份证登记项目中增加指纹信息，同时加大对泄露公民个人信息
行为的惩罚力度。身份证法的这些修改（ 　　） 
①扩大了对公民权利的保护范围       
②有利于提高社会管理和服务水平  
③体现了权利与义务相统一的原则     
④是坚持依法行政的必要保证。  
A．①②  B．①④  C．②③  D．③④
",C,"①不合题意，题意并没有涉及到对公民权利的保护范围的扩大；  
②③符合题意，新的居民身份证法规定在居民身份证登记项目中增加指纹信息 ，
同时加大对泄露公民个人信息行为的惩罚力度，有利于提高各级政府社会管
理和服务水平，也体现了公民权利与义务相统一的原则；  
④不合题意 ，身份证法的修改是人大的行为 ，而不是政府的行为 ，因而材料无法
体现依法行政。  
故选： C。
",40,4
2013,（新课标ⅰ）,"6．（ 4分）2012年初，国务院下发《关于实行最严格水资源管理制度的意见 》，
明确了严格控制用水总量、用水效率、入河湖排水总量的 “三条红线 ”，将水
资源开发、利用、节约和保护的主要指标纳入地方经济社会发展综合评价体
系，建立水资源管理责任和考核制度。这些规定（ 　　） 
①提高了政府水资源管理的决策效率     
②强化了地方政府水资源管理的职能  
③约束了地方政府管理水资源的权限     
④强化了水资源管理的政府责任。  
A．①②  B．①③  C．②④  D．③④
",C,"①与题意无关，材料和政府对水资源的决策效率无关，故排除①；  
②④符合题意 ，题干强调将水资源开发 、利用、节约和保护的主要指标纳入地方
经济社会发展综合评价体系，建立水资源管理责任和考核制度，强化了地方
政府水资源管理的职能，同时也有利于强化政府对水资源进行管理的责任，
故②④当选；  
③说法错误 ，国务院下发 《意见》目的是管理水资源的开发 、利用、节约和保护
，而不是约束政府管理水资源的权限，故排除③。  
故选： C。
",41,4
2013,（新课标ⅰ）,"7．（ 4分） 2012年全国政协会议期间，来自网民的部分意见和建议入选全国政
协提案征集函，并以 “参阅线索 ”的形式发给了全体政协委员作为参考。部分
网民还应邀参观政协提案办理流程 ，旁听提案办理协商会 。上述做法 （　　） 
①是政协积极创新与人民群众直接对话形式的体现  
  ②提供了公民直接参与国家决策和管理的有效途径  
③保障了人民群众民主监督权利的实现  
④是提高政协委员提案质量的具体举措。  
A．①②  B．①④  C．②③  D．③④
",B,"材料是政协的一种创新做法，故①正确。  
公民不能直接参与国家决策与管理，故②错误。  
民主监督的对象是国家机关及其工作人员 。政协不是国家机关 ，所以不能叫民主
监督。同时 “保障了人民的民主监督 ”的说法也不对，故③错误。  
网民的部分意见和建议入选全国政协提案征集函 ，并以“参阅线索 ”的形式发给了
全体政协委员作为参考有利于提高政协委员的提案质量，故④正确。  
故选： B。
",42,4
2013,（新课标ⅰ）,"8．（ 4分） M中学不惟分数论英雄，而是努力发现每个学生身上的闪光点，在
鼓励学生勤奋学习的同时，设置道德之星、体育之星、科技创新之星、艺术
之星、劳动之星等奖项 ，有针对性地评价学生 ，从而营造了 “人人有才 、个个
成才 ”的校园文化氛围。 回答 8～9题。  
该校的评价实践表明（ 　　） 
①具体问题具体分析是解决矛盾的关键，是科学评价学生的前提  
②矛盾是事物发展的动力，科学评价是学生成长进步的根据  
③矛盾特殊性原理是学校因材施教、培养人才的重要哲学依据  
④矛盾特殊性寓于普遍性之中，学生的个性通过不同的评价来表现。  
A．①③  B．①④  C．②③  D．②④
",A,"该校在评价学生时做到有针对性地评价 ，努力发现每个学生身上的闪光
点，体现了矛盾具有特殊性，要坚持具体问题具体分析，因此选项①③符合
题意；  
矛盾是事物发展的源泉和动力 。矛盾有外部矛盾和内部矛盾之分 ，所以事物的发
展是内因与外因共同起作用的结果，其中内因是事物发展的根据。学生成长
进步的根据在于学生自己的努力，而不是外部的评价，因此选项②错误，不
选；  
矛盾的普遍性寓于特殊性之中，并通过特殊性表现出来，所以选项④表述有误 ，
不选；  
故选： A。
",43,4
2013,（新课标ⅰ）,"9．（ 4分） M中学不惟分数论英雄，而是努力发现每个学生身上的闪光点，在
鼓励学生勤奋学习的同时，设置道德之星、体育之星、科技创新之星、艺术
之星、劳动之星等奖项 ，有针对性地评价学生 ，从而营造了 “人人有才 、个个
成才 ”的校园文化氛围。 回答 8～9题。  
M中学 T班同学小薇关心集体、乐于助人，多次荣获 “道德之星 ”光荣称号，老
师和同学都对她交口称赞。她因此慢慢摆脱了因学习成绩不理想而产生的自
卑心理，自信心越来越强。小薇的成长经历进一步印证（ 　　） 
①文化对人的思想和行为有潜移默化的影响  
②文化对提升人的精神境界有着决定性作用  
③优秀文化有利于培育和塑造人的健全人格  
④优秀文化是解决人的心理问题的主导力量。  
A．①②  B．①③  C．②④  D．③④
",B,"①③符合题意 ，本题材料中 “小孙关心集体 、乐于助人 ，多次荣获 “文体
之星 ”、“优秀干部 ”等光荣称号 ，老师和同学都对她交口称赞 。在此基础上小
孙慢慢摆脱了因学习成绩不理想而产生的自卑感 ，自信心越来越强 ”，这既表
明了优秀文化能够丰富人的精神世界，有利于培育和塑造健全的人格，也体
现了文化对人影响潜移默化的特点。  
②说法错误，文化属于思想意识范畴，不能起决定作用；  
④说法错误 ，“主导力量 ”也是对优秀文化的作用做了不切实际的拓展 ，不能入选
 
 。
因此，故选： B项。
",44,4
2013,（新课标ⅰ）,"10．（ 4分） 2012年，科学家根据植物的光合作用原理，研制成第一片 “人造树
叶”。这片 “树叶 ”能够释放出制作燃料电池的氢 ，它的诞生对于人类开发可再
生能源具有重要意义。 “人造树叶 ”的成功研制佐证了（ 　　） 
  ①人的意识只有反映了事物本质才具有能动性、创造性  
②人能够认识事物的本质并根据自身需要加以利用  
③人的意识能够创造出自然界所没有的客观事物  
④人能够通过实践将观念中改造的对象变成现实的东西。  
A．①②  B．①③  C．②④  D．③④
",C,"①错误，是主观唯心主义观点 ，人的意识具有能动性和创造性 ，并不是
反映了才具有，排除①；  
 
②符合题意 ，材料中 “科学家根据植物的光合作用原理 ，研制成第一片 ‘人造树叶
’”既说明了人们能够在尊重客观规律的基础上通过充分发挥主观能动性认识
和利用规律，为人类造福，②当选；  
③表述错误，人能够改变事物的状态，而不能创造客观事物，故排除③；  
④符合题意 ，材料说明了人们能够通过实践活动将观念中的东西变成现实的东西
，④可以入选。  
故选： C。
",45,4
2013,（新课标ⅰ）,"11．（4分）2013年4月，习近平总书记在同全国劳动模范代表座谈时强调 ，必
须牢固树立劳动最光荣、劳动最崇高、劳动最伟大、劳动最美丽的观念，让
全体人民进一步焕发劳动热情、释放创造潜能，通过劳动创造更加美好的生
活。从唯物史观看，尊重劳动和劳动群众是因为（ 　　） 
①劳动是人的存在方式和社会发展的基础  
②劳动贡献是衡量人的自由全面发展程度的根本尺度  
③劳动群众能根据自己的意愿自由地创造历史  
④劳动群众的根本利益与社会发展的客观规律是一致的。  
A．①②  B．①④  C．②③  D．③④
",B,"①从劳动的地位出发解释了为什么要尊重劳动，故①正确；  
衡量人的自由全面发展程度的根本尺度是自由时间 ，而不是劳动贡献 ，故②排除
； 
劳动群众能根据自己意愿自由地创造历史，夸大了人的能动性，故③排除；  
劳动群众的根本利益与社会发展的客观规律是一致的 ，所以尊重社会发展的客观
规律就是尊重劳动和劳动群众，故④正确；  
故选： B。
",46,4
2013,（新课标ⅰ）,"12．（ 4分）物理学家格拉塞有一次喝啤酒时，将几块小鸡骨丢入啤酒杯里，啤
酒的气泡显示了鸡骨沉落的轨迹。受此启发，他经过不断实验，发现带电高
能粒子在穿越液态氢时，同样出现一串气泡。他由此发明了 “气泡室 ”，成功
探测出高能粒子的运动轨迹，并由此荣获诺贝尔物理学奖。这一事例表明（ 　　
） 
①间接联系比直接联系更能激发人的创新意识  
②世界并不缺乏联系，缺乏的是关于发现联系的创新意识  
③创新意识是认识和利用事物之间联系的前提  
④人为事物的联系是在主客观条件相互作用下形成的。  
A．①③  B．①④  C．②③  D．②④
",D,"间接联系和直接联系对于激发人的创新意识都很重要，①说法错误；  
题中事例表明创新意识的重要性 ，强调要善于发现事物之间的联系 ，同时说明联
系的发生需要在主客观条件相互作用下形成，②④选项观点正确；  
创新意识不是认识和利用事物之间联系的前提，③说法错误，故排除。  
故选： D。
",47,4
2013,（新课标ⅱ）,"1．（ 4分）财政政策是我国重要的宏观调控手段。 2013年我国继续实施积极的
财政政策 ，安排财政赤字 1.2万亿元。在风险可控的前提下 ，适度的财政赤字
可以（　　） 
A．扩大社会总需求，促进经济增长   
B．减轻企业的税负，改善经济结构   
C．优化预算的结构，完善社会保障   
D．增加社会总供给，扩大居民消费
",A,"财政赤字是指财政支出大于财政收入 ，意味着政府减少税收 ，增加财政
支出，这样就会扩大社会总需求，刺激消费，而消费增加将进一步促进经济
增长， A项正确；  
财政赤字可能会减轻企业的税负，但与改善经济结构没有直接关系， B项不选； 
政府预算包括财政收入和支出两个方面 ，是政府的年度财政收支计划 ，财政赤字
并不能优化预算的结构，也不能表明完善社会保障， C项明显不符合题意；  
财政赤字形成的是社会总需求，而不是社会总供给， D项错误。  
故选： A。
",48,4
2013,（新课标ⅱ）,"2．（ 4分）近年来，智能手机市场的竞争日趋激烈。除传统手机制造商外，许
多网络公司也纷纷斥资研发智能手机，并将内置其网络产品的智能手机推向
市场。在下列选项中，能够解释 “网络公司造手机 ”原因的是（ 　　） 
A．生产智能手机的利润率高于其他行业   
B．网络公司的业务创新速度不断加快   
C．传统手机制造商生产智能手机能力不足   
D．网络公司延伸产业链提高综合竞争力
",D,"A观点错误，材料主要体现了产业链的整合与延伸，而智能手机的利润
率未必高于其他行业， A说法太绝对；  
B不合题意 ，企业经营的目的是营利 ，网络公司制造智能手机也不例外 ，因此 B
与题干不构成因果关系；  
C不合题意 ，从材料看 ，我们不能得出传统手机制造商生产智能手机能力不足的
结论；  
D符合题意 ，网络公司除了提供网络服务之外 ，现在也加入到研发智能手机的行
列，这延伸了公司的产业链，有助于提高企业的综合竞争力。  
故选： D。
",49,4
2013,（新课标ⅱ）,"3．（ 4分）当前我国农业补贴的重心已由流通环节向生产环节、由消费者向生
产者转变，初步形成了支持价格、直接补贴和一般服务支特相结合的农业补
贴模式。 回答 3﹣4题。  
我国农业补贴重心转变的目的在于  
①增加农业生产者收入②优化农产品需求结构  
③缩小农产品供需缺口④稳定农产品市场供给（ 　　） 
A．①③  B．①④  C．②③  D．②④
",B,"我国农业补贴的重心由流通环节向生产环节转变 ，意味着生产者获得的
收入将会增加，会进一步调动其生产积极性，这有利于促进农产品产量的增
加，稳定市场供给 ，可见 “保供给、促增收 ”是实施这一重心转变的目的 ，①④
正确；  
农业补贴重心转向生产环节，与优化农产品需求结构没有直接关系，②排除；  
③并不是农业补贴重心转变的目的，排除。  
故选： B。
",50,4
2013,（新课标ⅱ）,"4．（ 4分）当前我国农业补贴的重心已由流通环节向生产环节、由消费者向生
产者转变，初步形成了支持价格、直接补贴和一般服务支特相结合的农业补
贴模式。 回答 3﹣4题。  
支持价格是指一国为了支持农业的发展而对粮食等农产品所规定的最低收购价
格。我国某农产品的需求曲线（ D）和供给曲线（ S）如图 4所示。该产品的
  支持价格和供给数量分别为（ 　　） 
 
A．P0，Q0 B．P1，Q2 C．P1，Q4 D．P2，Q1
",C,"图示中的曲线 D与曲线 S分别代表需求与供给， E点是该产品供求平衡
时的价格。  
支持价格是指一国为了支持农业的发展而对粮食等农产品所规定的最低收购价
格。由此可知，国家制定的支持价格是为了保护农业的发展，保护农民的生
产积极性，因此支持价格应高于均衡价格， 即点 P1是支持价格。  
点P1与供给曲线的相交点即为此时的供应数量， 即点 Q4。 
故选： C。
",51,4
2013,（新课标ⅱ）,"5．（4分）为了使政府部门与群众的沟通日常化 ，Q市开展了 “网络在线问政 ”活
动。2016年前，9个月，共有 19个政府部门组织了 287次在线访谈 。受理建
议及咨询 ，9482件（次），网民在线参与 43657人次。Q市开展 “网络在线问
政”活动是（ 　　） 
①提升行政管理水平的要求             
②提高政府决策效率的基础  
③健全权力制约机制的关健             
④增强政府工作透明度的举措。  
A．①②  B．①④  C．②③  D．③④
",B,"①符合题意 ，网络在线问政活动的开展 ，通过网络加强政府部门与群众
的沟通，及时解决群众的问题，有利于提升政府行政管理水平；  
②表述错误，信息是决策的基础，民意是正确决策重要的信息资源；  
③表述错误，有效制约和监督权力的关键是健全权力运行的制约和监督体系；  
④符合题意 ，借助网络让公众了解政府的工作并予以监督 ，有利于增强政府工作
的透明度。  
故选： B。
",52,4
2013,（新课标ⅱ）,"6．（ 4分） 2012年3月，在全国政协十一届五次会议进行界别分组讨论时，政
协委员就如何管理政府预算外资金、治理 “小金库 ”展开激烈辩论。这种辩论
是（　　） 
①人民政协对政府工作进行监督的体现  
②人民政协履行参政议政职能的表现  
③政协委员管理国家事务的具体表现  
④政协委员参与政治协商的基本形式。  
A．①②  B．①③  C．②③  D．③④
",A,"政协委员就如何管理政府预算外资金进行讨论，体现了政协参政议政 ，
对政府工作进行监督，故①②正确。  
政协委员不直接管理国家事务，故③错误。  
辩论不是政协委员参与政治协商的基本形式，故④错误。  
故选： A。
",53,4
2013,（新课标ⅱ）,"7．（ 4分）在东南亚国家联盟（东盟）区域外的国家中，中国第一个与东盟建
立战略合作伙伴关系，第一个明确支持《东南亚无核武器区条约》，第一个
确定同东盟建立自由贸易区。这表明（ 　　） 
①中国重视发展同周边国家睦邻友好的合作关系  
  ②中国与东盟之间用战略伙伴关系取代了竞争关系  
③中国与东盟之间的共同利益高于各国的自身利益  
④中国对地区的和平与发展事务发挥着建设性作用。  
A．①②  B．①④  C．②③  D．③④
",B,"中国与东盟建立战略伙伴关系 ，表明我国重视发展同周边国家的睦邻友
好关系，中国对地区的和平与发展发挥着建设性的作用，①④说法正确；  
竞争、合作与冲突是国际关系的基本形式 ，中国与东盟之间开展合作但并不会取
代竞争，②说法错误；  
国家利益是主权国家开展外交活动的根本出发点和落脚点，③说法错误；  
故选： B。
",54,4
2013,（新课标ⅱ）,"8．（ 4分）《台湾风物图卷》 长达 320米，以生动的笔墨描绘了台湾的自然山
川、民俗风土、人文环境等，被誉为宝岛的 “清明上河图 ”。中国国民党主席
在2005年访问大陆的 “破冰之旅 ”时，将该图卷的缩小版作为礼物赠送给中国
共产党领导人 。《台湾风物图卷 》在海峡两岸交流中扮演了重要的魅力 （　　） 
①展现了中华文化多姿多彩的魅力  
②反映了海峡两岸文化同根同源  
③具有与《清明上河图》相同的文化价值和艺术风格  
④是海峡两岸文化从差异走向统一的重要体现。  
A．①②  B．①③  C．②④  D．③④
",A,"①符合题意，题中材料 “《台湾风物图卷》以生动的笔墨描绘了台湾的
  自然山川、民俗风土、人文环境等 ”，表明《台湾风物图卷 》展现了中华文化
多姿多彩的魅力，故①可以入选；  
②符合题意 ，题中材料 “中国国民党主席在 2005年访问大陆的 “破冰之旅 ”时，将
该图卷的缩小版作为礼物赠送给中国共产党领导人 ”，促进两岸交流 ，反映了
海峡两岸文化同根同源，两岸人民对中华文化的强烈认同感和归属感，故②
可以入选；  
③不符合题意，本题材料并未涉及《台湾风物图卷 》与《清明上河图 》具有相同
的文化价值和艺术风格的问题，故③排除；  
④表述错误，中华文化与中华各民族文化之间是共性与个性的关系，故④排除 。 
故选： A。
",55,4
2013,（新课标ⅱ）,"9．（ 4分）联合国关于发展的观念经历了一个演变过程： 20世纪五六十年代把
发展归结为经济增长 ；20世纪 70年代把发展看作是经济增长、经济结构优化
和社会变革 ；从20世纪八九十年代开始，把发展理解为注重资源节约、环境
保护的可持续发展和以人为中心的综合发展。联合国关于发展的观念演变进
一步证实了（ 　　） 
①认识的不断完善决定着实践的不断深化  
②认识受认识对象本质和属性暴露程度的制约  
③认识的发展具有与认识主题无关的客观规律性  
④认识的发展是一个不断继承和超越已有认识成果的过程。  
A．①②  B．①③  C．②④  D．③④
",C,"①颠倒了这种关系，是错误  
②正确表明了这种关系是正确的  
③否认了人的思维发展的规律性  
认识的发展是一个辩证否定的过程，④正确  
故选： C。
",56,4
2013,（新课标ⅱ）,"10．（4分）2013年4月，中共中央政治局召开会议 ，决定从下半年开始 ，用一
年左右时间，在全党开展以为民务实清廉为主要内容的党的群众路线教育实
践活动。从唯物史观看，看展党的群众路线教育实践活动（ 　　） 
①是顺应群众期盼、实现经济和社会发展的根本途径  
②是进行马克思主义群众观点教育的重要形式  
③是贯彻党的群众路线、保持党的先进性和纯洁性的重要举措  
  ④以宣传人民群众是历史的创造者观点为根本目的。  
A．①③  B．①④  C．②③  D．②④
",C,"大力发展生产力，是实现经济和社会发展的根本途径，①说法错误；  
开展党的群众路线教育实践活动，是进行马克思主义群众观点教育的重要形式 ，
是贯彻党的群众路线 、保持党的先进性和纯洁性的重要举措 ，②③说法正确 。 
开展党的群众路线教育实践活动 ，是以维护人民群众的根本利益为最终目的 ，④
说法错误。  
故选： C。
",57,4
2013,（新课标ⅱ）,"11．（ 4分）有人把一块美玉献给子罕，子罕不受。献玉者说：我把玉给工匠看
了，他们认为是宝物，所以才献给你。 子罕回答 ：“你把玉当作宝，我把不贪
当作宝。你把玉给我，那么你失去了玉，我失去了不贪的德，大家都失去了
自己的宝物 。不如我们各自保有自己的宝物。 ”子罕拒玉的历史典故包含的哲
学道理有（ 　　） 
①事物的价值是变化的因为其属性和功能具有不确定性  
②事物是否具有价值，取决于人们的价值判断  
③人们的立场和需要不同，其价值选择就不同  
④价值观对人的行为起着重要的导向作用。  
A．①②  B．①③  C．②④  D．③④
",D,"③④选项观点正确且符合题意 ，题中子罕与献玉者立场和需要不同 ，其
价值选择不同，体现价值观对人的行为起着重要的导向作用，故入选。  
①②选项观点错误，事物的价值是变化的，但事物的属性和功能不是不确定的 ，
  事物是否有价值，不是取决于人们的价值判断，故排除。解答本题，可运用
排除法，取决于主观意识的说法明显错误。  
故选： D。
",58,4
2013,（新课标ⅱ）,"12．（4分）2012年，莫言获得诺贝尔文学奖 。他说，自己的作品与家乡百姓的
生活密不可分，艺术风格也深受故乡的泥塑、剪纸、扑灰年画、茂腔等民间
艺术的影响。莫言独具特色的小说创作揭示的哲学道理有（ 　　） 
①意识形式的差异性决定了所反映的客观存在的多样性  
②意识反映客观存在的方式可以而且应当是多种多样的  
③意识能否正确反映客观存在取决于反映者的想象力  
④意识如何反映客观存在受制于反应者的个性、能力和素质。  
A．①②  B．①③  C．②④  D．③④
",C,"①错误，意识是对客观存在的主观映像 ，客观存在的多样性决定了意识
形式的差异性，①颠倒了二者的关系，排除①；  
②说法正确 ，意识的形式是主观的 ，内容是客观的 ，意识反映客观存在的方式是
多种多样的，②当选；  
③说法错误 ，实践是检验认识真理性的唯一标准 ，意识能否正确反映客观存在由
实践去检验，排除③；  
④说法正确，意识对客观存在的反映受主观因素的影响，④当选。  
故选： C。
",59,4
2014,（新课标ⅰ）,"1．（ 4分）按现行规定，金融机构人民币存款利率（年利率 ）一年期为 3%，两
年期为 3.75%．老陈有 10 000元闲置资金，准备存两年，那么，这笔钱以一
年期连续存（第一期利息计入第二期本金）两年的利息比存一个两年期的利
息（　　） 
A．少141元 B．多141元 C．少150元 D．多150元
",A,"解析：按一年期连续存（第一期利息计入第二期本金 ）两年的利息为 ：
10 000元*3%+（10 000元+10 000元*3%）*3%=609 元；如果存一个两年期的
利息为： 10 000元*3.75%*2=750 元； 750元﹣609元=141元。因此，一年期
连续存（第一期利息计入第二期本金） 两年的利息比存一个两年期的利息少
141元，故正确答案选 A。
",60,4
2014,（新课标ⅰ）,"2．（ 4分）如图是某国 20年来人均消费支出增长率的变化图。从图中可以推论
出该国居民（ 　　） 
 
①消费行为越来越不理性  
②收入差距不断扩大  
③日用品消费支出不断增长  
④生活水平逐步提高。  
A．①②  B．①③  C．②④  D．③④
",D,"题中是某国 20年来人均消费支出增长率的变化图 ，从图中可以看出 ：20
年来该国人均消费支出逐年增长，尤其是奢侈品的消费增长速度很快。这表
明该国人民的生活水平不断提高，因此选项④符合题意，必选；  
虽然图中日用品的曲线呈现下滑趋势 ，只是意味着日用品的消费增长速度在减慢
，但是依然在增长，所以选项③表述符合题意，应选；  
图中曲线侧面表明该国人民在满足基本生存资料消费的基础上 ，不断追求更高层
次的消费，不能体现消费行为的不理性，因此选项①不符合题意，不选；  
题中所给图示并未体现收入差距，因而选项②不选；  
故选： D。
",61,4
2014,（新课标ⅰ）,"3．（ 4分）大数据对当前企业发展具有重要意义，某知名家电企业通过大数据
搜集消费者的需求信息 ，并根据他们的特殊需求专门生产了近万台定制彩电 。
从消费者下单到生产、配送、安装，整个过程仅耗时一个月，比传统批量生
产模式（含产供销）少用半年多的时间。与传统的批量生产模式相比，这种
定制生产模式能够（ 　　） 
①充分发挥企业规模优势  
②以需定产缩短生产周期，减少企业库存  
③更灵活应对市场变化，满足消费者多样化需求  
④优化企业决策流程，提高企业技术水平  
A．①②  B．③④  C．②③  D．①④
",C,"①不符合题意，材料所述与 “充分发挥企业规模优势 ”无关。  
②符合题意 ，从消费者下单到生产 、配送、安装，整个过程仅耗时一个月 ，比传
统批量生产模式（含产供销）少用半年多的时间。说明定制生产模式能够以
需定产缩短生产周期，减少企业库存。  
③符合题意 ，通过大数据搜集消费者的需求信息 ，并根据他们的特殊需求专门生
产了近万台定制彩电。说明定制生产模式能够更灵活应对市场变化，满足消
费者多样化需求。  
④不符合题意，材料所述与 “优化企业决策流程，提高企业技术水平 ”无关。  
故选： C。
",62,4
2014,（新课标ⅰ）,"4．（ 4分）财政转移支付是指一国政府为了实现各地公共服务水平的均等化而
实行的一种财政资金转移或财政平衡制度。 完成 4﹣5题。  
2010～2012年，中央财政对 8个民族省区 （即5个自治区和青海 、贵州、云南 3
个省）的转移支付总额达 26055亿元。国家对民族省区的财政转移支付是（ 　　
） 
①提高少数民族政治、经济地位的主要手段  
②保证民族自治地方享有更多自治权的措施  
③协调少数民族特殊利益与国家整体利益的表现  
④发展平等团结互助和谐的社会主义民族关系的重要举措。  
A．①②  B．①④  C．②③  D．③④
",D,"解析：国家对民族省区的财政转移支付目的是促进少数民族共同繁荣 。
财政转移支付有利于协调少数民族特殊利益与国家整体利益的关系。也是发
展平等团结互助和谐的社会主义民族关系的重要举措 。③④符合题意 ，选D．
①财政转移支付不是提高少数民族政治、经济地位的主要手段，①表述不科
学。②保证民族自治地方享有更多自治权观点错误。 故答案选择 D
",63,4
2014,（新课标ⅰ）,"5．（ 4分）财政转移支付是指一国政府为了实现各地公共服务水平的均等化而
实行的一种财政资金转移或财政平衡制度。 完成 4﹣5题。  
要加大对民族省区的财政转移支付力度 ，关键是要增加财政收入 。在我国当前情
况下，增加财政收入的合理措施是（ 　　） 
A．大幅度提高税率  B．大力发展实体经济   
C．提高职工工资水平  D．扩大资本市场规模
",B,"解析：经济发展水平是影响财政收入的基础性因素，因此增加财政收入
的合理措施是大力发展实体经济 。因此，正确答案为 B．大幅度提高税率 ，虽
然短期可以增加财政收入 ，但是大幅度提高税率会影响企业与劳动者的利益 ，
最终影响生产发展。 A观点错误；提高职工工资水平和扩大资本市场规模都
不是增加财政收入的合理措施。 C、D也不符合题意，排除； 故答案选择 B
",64,4
2014,（新课标ⅰ）,"6．（ 4分）近年来，某地按照 “意见收集、公开听证、民主决策、执行督办、群
众评议 ”的原则创新社区民主管理办法，让社区居民对社区事务进行全方位 、
全过程的参与 、监督。社区居民提出合理化建议 52册余条，近千名居民代表
直接参与了杜区重大民生事项的决策。该社区民主管理办法（ 　　） 
①扩大了社区居民对社区事务的决策参与范围  
②创新了杜区居民自治组织的组织体系  
③突显了社区居民在自我管理中的主体地位  
④消除了社区居民消极参与社区管理的现象。  
A．①②  B．①③  C．②④  D．③④
",B,"①③符合题意 ，材料中某地创新社区民主管理方法 ，让居民对社区事务
进行全方位 、全过程的参与 、监督，让更多的居民参与社区重大事项的决策 ，
扩大了社区居民对社区事务的决策参与范围，突显了社区居民在自我管理中
的主体地位，故①③当选；  
②与材料不符，材料没有涉及社区居民组织体系的变化，故排除；  
④说法过于绝对 ，上述措施不可能消除社区居民消极参与社区管理的现象 ，故排
除。  
故选： B。
",65,4
2014,（新课标ⅰ）,"7．（ 4分） 2013年3月，联合国安理会通过决议，授权在刚果（金）的联合国
维和部队部署专门的军事干预旅，负责解除当地武装团体的作战能力，在必
要时采取行动保护平民，并协助刚果（金）政府维持地区的安全稳定。安理
会上述决议表明（ 　　） 
  ①联合国积极参与成员国刚果（金）的和平重建工作  
②联合国代行成员国刚果（金）的部分独立权和自卫权  
③联合国是成员国以集体方式应对安全威胁的有效平台  
④联合国把使用武力作为解决地区安全问题的主要手段。  
A．①③  B．①④  C．②③  D．②④
",A,"①③符合题意，联合国安理会授权在刚果（金 ）的联合国维和部队部署
专门的军事干预旅，协助刚果（金）政府维持地区的安全稳定，这体现联合
国是成员国以集体方式应对安全威胁的有效平台 ，联合国积极参与刚果 （金）
的和平重建工作；  
②说法错误，联合国不能凌驾于主权国家之上；  
④说法错误，联合国主张用和平方式为解决地区安全问题。  
故选： A。
",66,4
2014,（新课标ⅰ）,"8．2014年3月27日，国家主席习近平在巴黎出席中法建交 50周年纪念大会并
发表重话。 完成 8﹣9题。  
历史上，中华文化曾经成为法国社会的时尚 ，在法国启蒙思想家的著作和凡尔赛
宫的装饰中都能找到中华文化元素。同样，法国的历史、哲学、文学、艺术
深深吸引着广大中国读者 。建交 51年来，中法文化交流进一步发展 ，促进了
各自文化的繁荣，因为两国文化（ 　　） 
①在长期交流中达到了相互融合  
②都体现着人类进步的价值追求  
③都有自己的精粹和独特的个性  
④都源远流长，具有相似的历史传统。  
A．①②  B．①④  C．②③  D．③④
",C,"①表述错误 ，中法文化在长期的交流中相互借鉴和融合 ，但仍然保持各
自特色；  
  ②③符合题意，材料中 “历史上，中华文化曾经成为法国社会的时尚，在法国启
蒙思想家的著作和凡尔赛宫的装饰中都能找到中华文化元素。同样，法国的
历史、哲学、文学、艺术深深吸引着广大中国读者 ”，既说明了中法文化都有
自己的精粹和独特的个性，也反映出中法文化体现着人类进步的价值追求。
正是基于此原因，中法通过文化交流促进了各自文化的繁荣；  
④表述错误 ，源远流长是中华文化的基本特征之一 ，中法文化历史传统并不相似
。 
故选： C。
",67,4
2014,（新课标ⅰ）,"9．（ 4分） 2014年3月27日，国家主席习近平在巴黎出席中法建交 50周年纪
念大会并发表重话。 完成 8﹣9题。  
拿破仑说过，中国是一头沉睡的狮子，当这头睡狮醒来时，世界都会为之发抖 。
习近平主席强调，中国这头狮子已经醒了，但这是一只和平的、可亲的、文
明的狮子；实现中国梦给世界带来的是机遇不是威胁，是和平不是动荡，是
进步不是倒退。从哲学方法论看，这里强调的是（ 　　） 
①以全面的、发展的观点看问题，不要 “盲人摸象 ”、“刻舟求剑 ” 
②以辩证否定的观点看问题，要 “吐故纳新 ”，不要 “厚古薄今 ” 
③以实践的观点看问题，要 “事必躬亲 ”，不要 “纸上谈兵 ” 
④以对立统一的观点看问题，要 “和而不同 ”，不要 “同而不和 ” 
A．①②  B．①④  C．②③  D．③④
",B,"两人都把中国比喻成狮子，但拿破仑把中国看成是具有威慑力的狮子 ，
而习近平把中国看成是和平的狮子。这就是说要用发展的观点看问题，要看
到事物发展的各个方面，故①观点正确，②③与题意不符。矛盾就是对立统
一，矛盾双方相互依存，在一定条件下，向自己相反的方向转化，要正确看
  待中国的力量，要一分为二的看问题。故④与题意相符。 故选 B
",68,4
2014,（新课标ⅰ）,"10．（4分）1968年，斯班瑟发明了胶水新配方 ，但根据新配方研制的胶水粘不
牢东西，人们认为这是不成功的发明。几年后，弗雷应用斯班瑟的发明成功
  研制了不干胶记事贴，产品行销世界各地。把 “不成功 ”的发明用在合适的地
方，成就了成功的创意。这一事例给我们的哲学启示是（ 　　） 
A．联系是客观的，发明创造要避免改变事物的联系   
B．联系是多样的，发明创造要善于建立事物的新联系   
C．联系是必然的，发明创造要排除事物的偶然性   
D．联系是具体的，发明创造需要积累大量的感性材料
",B,"A错误， “发明创造要避免改变事物的联系 ”说法有误，人们可以根据固
有的联系，建立新的联系；   
B正确，把“不成功 ”的发明用在合适的地方 ，成就了成功的创意 ，这体现了联系
是多样的，发明创造要善于建立事物的新联系；  
C错误， “必然的 ”说法有误；  
D错误， “具体的 ”说法有误；   
故选： B。
",69,4
2014,（新课标ⅰ）,"11．（ 4分）2013年8月，（十万个为什么 》第六版出版，开放性、探索性是其
突出亮点。对于科学界没有定论的问题，该书汇集了多家观点，以引导读者
进一步思考 。在一些问题上不设标准答案 ，其合理性在于对复杂事物的认识 （　　
） 
①往往是一个具有反复性和无限性的过程  
②是一个不断克服片面性甚至错误的过程  
③是一个仁者见仁、智者见智的永无定论的过程  
④往往是一个在实践基础上推翻和超越已确定的真理的过程。  
A．①②  B．①③  C．②④  D．③④
",A,"《十万个为什么 》第六版对于科学界没有定论的问题不设标准答案，引
导读者进一步思考 。这一做法符合认识具有反复性 、无限性、上升性的特点 ，
所以①②入选。  
“永无定论 “犯了不可知论的错误，③错误，排除；  
真理不可以推翻，可以向前发展，④错误，排除。  
故选： A。
",70,4
2014,（新课标ⅰ）,"12．（ 4分） 2013年12月，中共中央办公厅印发（关于培育和践行社会主义核
心价值观的意见》．习近乎强调，把培育和弘扬社会主义核心价值观作为凝
神聚气、强基固本的基础工程，使社会主义核心价值现成为人们日常工作生
活的基本遵循。重视培育和践行社会主义核心价值观的根据是（ 　　） 
①价值观作为一种社会意识，对社会存在具有巨大的反作用  
②价值观作为个人行为准则，对人们的行为具有驱动、制约和规范作用  
③价值观作为对事物价值的总的看法，决定事物的性质和价值  
④价值观作为一种理想追求，决定人类社会的前途和命运。  
A．①②  B．①④  C．②③  D．③④
",A,"价值观是一种社会意识 ，具有导向作用 。社会主义核心价值观作为一种
科学的价值观，对社会存在具有巨大的促进作用；对人们的行为具有驱动、
制约和规范作用。①②符合题意；  
价值观属于社会意识范畴 ，不能决定事物的性质和价值 ，也不能决定人类社会的
前途和命运，③④观点都错误，排除。  
故选： A。
",71,4
2014,（新课标ⅱ）,"1．（ 4分）劳动价值论认为，货币是从商品中分离出来固定地充当一般等价物
的商品。在货币产生以后，下列关于价格的说法正确的是（ 　　） 
①流通中商品价格的高低是由流通中货币的多少决定的  
②价格是通过一定数量的货币表现出来的商品价值  
③价格是商品使用价值在量上的反映，使用价值越大价格越高  
④价格是一种使用价值与另一种使用价值相交换的量的比例。  
A．①③  B．①④  C．②③  D．②④
",D,"①商品的价格最终是由其价值决定的，所以选项①错误， A、B不选；  
②通过一定数量的货币表现出来的商品价值 ，叫作价格 。所以选项②正确 ，应选
； 
③价格是价值的货币表现，所以选项③错误，不选；  
故选： D。
",72,4
2014,（新课标ⅱ）,"2．（ 4分）2013年12月，财政部公布了《 2014年关税实施方案 》，宣布对 760
多种进口商品实施低于最惠国税率的年度进口暂定税率。作为世界最大的外
汇储备国，在其他条件不变的情况下，我国降低进口关税能（ 　　） 
①改善国际收支结构                   
②鼓励企业海外投资  
③刺激居民消费需求                   
④缩小居民收入差距。  
A．①③  B．①④  C．②③  D．②④
",A,"①符合题意，降低关税，势必有利于进口，进口会有一定程度的增长 ，
从而有利于改善国际收支结构，①当选；  
②与题意无关，降低进口关税与鼓励企业海外投资无关，排除②；  
③符合题意 ，降低关税 ，利于进口 ，会刺激居民消费需求 ，进口会有一定程度的
增长，③当选；  
④与题意无关，降低进口关税无关乎缩小居民收入差距，故排除④。  
故选： A。
",73,4
2014,（新课标ⅱ）,"3．（4分）近年来，我国多地多次出现了空气严重污染的雾霾天气 ，PM2.5（细
颗粒物）是导致雾霾的重要因素 。图为某市 PM2. 5主要污染物来源的构成图 。
为治理空气污染，该市政府可采取的经济措施是（ 　　） 
 
A．提高燃煤企业排污标准   
B．加强环境保护执法力度   
  C．增加财政投入扶持清洁能源技术研发与推广   
D．限制企业和居民对机动车的购买和使用
",C,"解析： A排污标准的制定属于国家宏观调控的行政手段， 故A排除； B
属于法律手段 ，B不正确排除 ，C财政扶持 （财政政策 ），国家宏观调控的经
济手段， 故C正确；D“限购 ”属于国家强制性的行政措施，属于行政手段排除
。故答案选择 C
",74,4
2014,（新课标ⅱ）,"4．（ 4分）经济活动中各产业之间的技术经济联系被称为产业关联，关联性强
的产业发展有利于带动相关产业的协同发展。如房地产业的发展向上可带动
建筑业，向下可带动家电业，形成建筑业 ﹣房地产业 ﹣家电业协同发展。下
列选项中构成产业链上下游协同发展关系的是（ 　　） 
①钢铁产业         ②信息产业       ③保险业           ④汽车产业。  
A．① ﹣②﹣③ B．① ﹣④﹣③ C．② ﹣③﹣④ D．④ ﹣③﹣①
",B,"A信息产业可以带动保险业，但不能带动钢铁业；  
B生产汽车需要钢铁 ，购买汽车需要保险① ﹣④﹣③，上下都可以兼顾 ，可以入
选；  
C、D不符很明显，因为保险业作为服务业不能带动汽车业和钢铁产业；  
故选： B。
",75,4
2014,（新课标ⅱ）,"5．（4分）某地乡村的 “民主恳谈会 ”大致经历了从公民对具体问题进行沟通和交
流的 “对话型恳谈 ”，到参与公共事务决策管理的 “决策型恳谈 ”，再到参与政府
财政预算的 “参与式预算恳谈 ”三个发展阶段 。该地 “民主恳谈会 ”的发展表明 （　　
） 
①公民行使预算监督权成为基层民主发展的方向  
②公民有序政治参与是基层民主发展的重要基础  
③公民参与基层政府预算决策是基层民主建设的目标  
④沟通交流、参与决策和管理是基层民主的重要内容。  
A．①③  B．①④  C．②③  D．②④
",D,"材料中是讲公民参与预算决策过程 ，这是公民参与民主决策的表现 ，而
不是公民参与民主监督，故①与题意不符；  
材料中讲了公民可以参与政府预算决策，这是基层民主建设的一个发展新阶段 ，
但并不能说明这就是基层民主建设的目标（发展阶段≠目标 ），说其是 “目标
”缺乏信息支撑，故③排除；  
该地民主恳谈会的发展，公民的政治参与发挥了重要作用，故②④符合题意。  
故选： D。
",76,4
2014,（新课标ⅱ）,"6．（ 4分）社会工作服务是社会工作专业人才运用专业方法为有需要的人群提
供的各种专业服务 。2012年11月，民政部、财政部下发 《关于政府购买社会
工作服务的指导意见》． 2013年中央财政支持购买社会组织参与的社会服务
项目共 470个。政府购买社会工作服务是（ 　　） 
①提升社会组织地位，弱化政府管理职权的体现  
②提高社会公共服务能力和公共服务质量的手段  
③满足人民群众个性化、多样化、专业化服务需求的举措  
④政府将提供社会公共服务的职能移交给社会组织的表现。  
A．①③  B．①④  C．②③  D．③④
",C,"①说法错误 ，政府购买社会工作服务 ，没有提升社会组织的地位 ，更没
有弱化政府管理职权，故排除①；  
②③符合题意 ，政府购买社会工作服务 ，有利于提高社会公共服务能力和公共服
务质量，是满足人民群众个性化、多样化、专业化服务需求的举措，故②③
当选；  
④说法错误 ，政府购买社会工作服务 ，并没有将提供社会公共服务的职能移交给
社会组织，故排除④。  
故选： C。
",77,4
2014,（新课标ⅱ）,"7．（ 4分） 2014年5月，国务院总理李克强在世界经济论坛非洲峰会上指出，
中方愿与非方合作建设非洲高速铁路网络、高速公路网络和区域航空网络，
促进非洲大陆互联互通，并愿提供金融、人才和技术支持。中国对非援助不
  附加任何政治条件。发展与非洲国家的关系（ 　　） 
①彰显中非是战略互信、相互支持、相互帮助的区域共同体  
②符合中国外交政策的基本目标和中非人民的共同愿望  
③反映了中国是推动非洲经济发展、造福非洲人民的主导力量  
④表明中国奉行互利共赢的开放战略，积极拓展中非共同利益。  
A．①③  B．①④  C．②③  D．②④
",D,"①中 “区域共同体 ”错误，中非不是区域共同体的关系，中非分别属于不
同的区域；  
②④符合题意 ，题中讲国际合作 ，发展与非洲国家的关系 ，符合中国外交政策的
基本目标和中非人民的共同愿望，表明中国奉行互利共赢的开放战略，积极
拓展中非共同利益；  
③“主导力量 ”夸大了中国的作用 ，中国在国际事务中并不是发挥主导作用 ，而是
建设性作用，在国际事务中应发挥联合国而不是任意某一国家的主导作用。  
故选： D。
",78,4
2014,（新课标ⅱ）,"8．（ 4分）纪录片《舌尖上的中国》介绍了我国不同地域、不同民族、不同风
貌的有代表性的饮食文化。该片在电视台播放后引起了极大关注，产生了广
泛影响。通过《舌尖上的中国》，人们感受到的，不仅有美食的味道，还有
历史的味道 、人情的味道 、家乡的味道 ，以及人与自然的和谐 ，完成 8﹣9题
。 
《舌尖上的中国》之所以引起高度关注并产生广泛影响，是因为（ 　　） 
①中华餐饮文化蕴含着浓郁的人文情怀  
②中华餐饮文化是中华民族精神的集中反映  
③现代传媒极大地提升了中华餐饮文化的魅力  
④现代传媒丰富和扩展了中华餐饮文化的内涵。  
A．①②  B．①③  C．②④  D．③④
",B,"①符合题意 ，人们感受到的 ，不仅有美食的味道 ，还有历史的味道 、人
情的味道、家乡的味道，表明中华餐饮文化蕴含着浓郁的人文情怀，故①当
选；  
②错误，爱国主义 “是中华民族精神的集中反映 ”，排除；   
③符合题意 ，《舌尖上的中国 》通过艺术的形式 ，传承了中华各民族 、各地区传
统的美食文化，电视属于大众传媒，表明现代传媒极大地提升了中华餐饮文
化的魅力，故③当选；  
④说法错误，中华文化的内涵是一定的，现代传媒并不能丰富和发展，排除。  
故选： B。
",79,4
2014,（新课标ⅱ）,"9．（ 4分）纪录片《舌尖上的中国》介绍了我国不同地域、不同民族、不同风
貌的有代表性的饮食文化。该片在电视台播放后引起了极大关注，产生了广
泛影响。通过《舌尖上的中国》，人们感受到的，不仅有美食的味道，还有
历史的味道 、人情的味道 、家乡的味道 ，以及人与自然的和谐 ，完成 8﹣9题
。 
人们从美食中体味到深厚的文化意蕴，表明（ 　　） 
①物质的东西与观念的东西总是融合在一起  
②物质的东西与观念的东西统一于人的实践  
③物质的东西与观念的东西没有固定界限和本质差别  
④物质的东西与观念的东西在一定条件下相互转化。  
A．①②  B．①③  C．②④  D．③④
",C,"①错误，物质是不依赖于人的意识并能为人的意识所反映的客观实在 ，
物质可以脱离意识而存在。③错误，物质与意识，一个属于客观范畴，一个
  属于主观范畴，二者有严格的界限，存在本质上的差别。②④正确，实践具
有直接现实性，通过实践，我们可以把观念的存在变为物质的存在。 故选 C
",80,4
2014,（新课标ⅱ）,"10．（ 4分）地球上生物细胞的直接能源为三磷酸腺苷。最近，研究人员将含磷
  陨石放置在模拟的早期地球环境中与酸性流质物等进行反应 ，产生了原始的 、
可供生命使用的能量源 ﹣﹣三磷酸腺苷分子的早期形式。该发现为解开地球
上的无机环境如进化出最初的生命物质这一生命起源之谜提供了新的可能性
。上述试验进一步证明（ 　　） 
①无生命物质和生命物质具有共同的基础和本质  
②无生命物质向生命物质的转变是无条件的、必然的  
③无生命物质和生命物质的规律具有同样的表现形式  
④无生命物质向生命物质进化的规律是能够被认识的。  
A．①②  B．①④  C．②③  D．③④
",B,"①正确，无生命物质和生命物质具有共同的基础和本质 ，即物质，①当
选；  
②明显错误，无生命物质向生命物质的转变是无条件的、必然的，转变（转化 ）
是有条件的，排除②；  
③错误，不同的规律有不同的表现形式，排除③；  
④正确，规律是能够被认识的，材料说明这一点，而且符合题意，④当选。  
故选： B。
",81,4
2014,（新课标ⅱ）,"11．（ 4分） “先试点后推广 ”是我国推进改革的一个成功做法，一项改革特别是
重大改革，先在局部试点探索，取得经验、达成共识后，再把试点的经验和
做法推广开来 ，这样的改革比较稳当 。“先试点后推广 ”的辩证法依据是 （　　） 
①矛盾的个性与共性在一定条件下能够相互转化  
②矛盾的共性寓于个性之中  
③矛盾的个性表现共性并优于共性  
④矛盾的个性在事物发展中起决定作用。  
A．①②  B．①④  C．②③  D．③④
",A,"①②正确并符合题意 ，本题材料中 “‘先试点后推广 ’，即一项改革特别是
重大改革，先在局部试点探索，取得经验、达成共识后，再把试点的经验和
做法推广开来 ”，体现的是由特殊到普遍再到特殊的工作方法 ，体现了事物矛
盾普遍性与特殊性的辩证关系，故①②可以入选；  
③表述错误 ，矛盾的普遍性与特殊性各有其特点 ，不能片面强调谁优于谁 ，故③
不能入选；  
④表述错误，主要矛盾在事物发展过程中起决定作用，故④不能入选。  
故选： A。
",82,4
2014,（新课标ⅱ）,"12．（ 4分）自2010年起，我国北方某研究所科学分析重度盐碱荒地的特性，
利用脱硫石膏、化学改良剂改良盐碱荒地，在种植中选用耐盐品种，应用地
膜覆盖、膜下滴灌 、垄沟种植等技术 。经过三年努力 ，盐碱荒地变成了良田 ，
玉米亩产（ 1亩≈ 0.067公顷）达到 689. 7千克，创造了盐碱地改造的奇迹。
盐碱荒地的成功改造表明（ 　　） 
①人与自然之间的矛盾既是客观的又是主观的  
②人与自然之间的矛盾既有普遍性又有特殊性  
③人与自然之间的矛盾源于人对自然的认识  
④人与自然之间的矛盾的解决取决于人的实践。  
A．①②  B．①③  C．②④  D．③④
",C,"①错误，矛盾具有客观性 ，不以人的意志为转移 ，因而不是主观的 ，故
排除①；  
②正确并符合题意 ，盐碱荒地变成了良田 ，表明人与自然之间的矛盾既有普遍性
又有特殊性，②当选；  
③错误，矛盾源自人们的认识属于唯心主义的观点，矛盾源于客观存在的事物 ，
故排除③；  
④正确并符合题意 ，我们是通过实践来解决矛盾的 ，从而推动事物由低级向高级
发展，故④当选。  
故选： C。
",83,4
2015,（新课标ⅰ）,"1．（ 4分）某公司准备在甲乙两种复印机中选购一台， 甲复印机的购置成本为
22000元，乙为 18000元；甲的专用耗材每年消耗量不及乙的 50%．该公司最
终购买了甲复印机。如果不考虑其他因素，这一选择的理由是（ 　　） 
A．甲乙是替代品，甲的耗材消耗量低于乙   
B．甲与其耗材是互补品，甲的耗材成本低于乙的购置成本   
C．甲与乙的耗材是互补品，甲的购置成本低于乙的耗材成本   
D．甲乙是替代品，甲多耗费的购置成本低于甲节约的耗材成本
",D,"A不符合题意， A说法仔细分析并不是该公司最终购买甲复印件的真正
原因；  
B不符合题意，选项中后半句话材料中未体现，故排除；  
C错误，甲与乙的耗材是互补品说法明显错误 ，应该是乙的耗材和乙才构成互补
品，故C排除；  
D选项不但指出甲乙是替代品 ，而且说出了该公司最终购买甲复印件的真正原因
  ，就是 “甲多耗材的购置成本低于甲节约的耗材成本 ”； 
故选： D。
",84,4
2015,（新课标ⅰ）,"2．（4分）2015年11月，国务院召开常务会议 ，部署加快推进价格改革 ，缩小
政府定价范围 ，实行公开透明的市场化定价 。加快推进价格改革旨在 （　　） 
①破除垄断，促进市场竞争 　 
②扩大生产规模，增加产量  
③降低商品价格，增加商品销售量 　 
④以市场化价格为信号，引导社会资本投资。  
A．①②  B．①④  C．②④  D．③④
",B,"①符合题意 ，加快推进价格改革 ，缩小政府定价范围 ，有利于破除垄断
，促进市场竞争、  
②③不符合题意，与推进价格改革的目的不符；  
④符合题意 ，实行公开透明的市场化定价有利于以市场化价格为信号 ，引导社会
资本投资；  
故选： B。
",85,4
2015,（新课标ⅰ）,"3．（ 4分）据统计， 到2015年底，我国互联网金融规模突破 10万亿元，其用
户数量突破 8亿。互联网金融行业迅猛发展的同时，接连出现互联网金融企
业违规经营、对用户信息保护不力等问题。为防范这些问题的发生，政府应
采取的措施是（ 　　） 
①完善金融监管政策法规体系  
②改进互联网安全技术  
③引导和规范行业自律组织的发展  
④限制高风险的互联网金融产品。  
A．①②  B．①③  C．②④  D．③④
",B,"①符合题意，材料中的 “问题 ”是互联网金融企业违规经营、对用户信息
保护不力，这是市场秩序混乱的表现。针对材料中的问题，政府可以完善相
关的法律法规，使用法律手段进行管理；  
②不符合题意，改进互联网安全技术的主体是企业不是国家；  
③符合题意 ，政府要加强对金融企业的管理 ，引导金融企业通过行业规范等措施
自我约束、自我发展；  
④表述错误， “限制高风险金融产品 ”不符合市场经济发展的需要。  
故选： B。
",86,4
2015,（新课标ⅰ）,"4．（ 4分）2015年3月6日，美元指数收盘较前一交易日上涨 1.4164点， 3月
9日，人民币对美元汇率较前一交易日又贬值 30个基点。美元持续升值将对
中国经济产生多方面的影响，其中积极的方面在于（ 　　） 
  ①扩大中国出口商品的价格优势，增加出口  
②提升中国外汇储备的国际购买力  
③抑制中国居民的出境旅游，从而增加国内储蓄  
④优化中国对外投资结构，加快 “走出去 ”步伐。  
A．①②  B．①③  C．②④  D．③④
",A,"①正确，美元持续升值，意味着人民币贬值，人民币贬值有利于出口 ，
因此扩大中国出口商品的价格优势，增加出口；  
②正确，美元持续升值，我国的外汇储备一般是用外币（主要是美元）计算的 ，
因此，中国外汇储备的国际购买力提升；  
③不符合题意 ，是美元持续升值将对中国经济产生的消极影响 ，而不是积极影响
； 
④不符合题意，美元持续升值，中国 “走出去 ”步伐受到不良影响。  
故选： A。
",87,4
2015,（新课标ⅰ）,"5．党的十八大四届四中全会通过《中共中央关于全面推进依法治国若干重大问
题的决定 》指出 “全面建成小康社会、实现中华民族伟大复兴的中国梦，全面
深化改革、完善和发展中国特色社会主义制度，提高党的执政能力和执政水
平，必须全面推进依法治国。 ”据此回答下列 5﹣6问题。  
从唯物史观看，全面推进依法治国是（ 　　） 
①我国经济社会发展对上层建筑改革的必然要求  
②不断解决社会基本矛盾、构建和谐社会的重大举措  
③对社会基本矛盾运动规律的认识自由发到自觉转变的标志  
④我国上层建筑对于经济基础由不适应走向适应的标志。  
A．②④  B．①③  C．①②  D．③④
",C,"①说法正确 ，上层建筑要适应经济基础的发展状况 ，全面推进依法治国
是我国经济社会发展对上层建筑改革的必然要求，故入选；  
②说法正确 ，改革是社会主义的自我完善和发展 ，是中国特色社会主义发展的强
大动力，全面推进侬法治国是不断解决社会基本矛盾、构建和谐社会的重大
举措，故入选；  
③说法错误 ，全面推进依法治国并非是对社会基本矛盾运动规律的认识由自发到
自觉转变的标志，而是对社会基本矛盾运动规律的认识的深化和发展，故排
除；  
④说法错误，全面推进依法治国，是调整上层建筑以适应经济基础的发展要求 ，
而非我国上层建筑对于经济基础由不适应走向适应的标志，故排除。  
故选： C。
",88,4
2015,（新课标ⅰ）,"6．党的十八大四届四中全会通过《中共中央关于全面推进依法治国若干重大问
题的决定 》指出 “全面建成小康社会、实现中华民族伟大复兴的中国梦，全面
深化改革、完善和发展中国特色社会主义制度，提高党的执政能力和执政水
平，必须全面推进依法治国。 ”据此回答下列 5﹣6问题。  
《决定》提出立法机关要 “拓宽公民有序参与立法途径，健全法律法规规章草案
公开征求意见和公众意见采纳情况反馈机制 ，广泛凝聚社会共识。 ”健全立法
机关和社会公众沟通机制的作用在于（ 　　） 
①明确立法权利边界，防止部门利益法律化   ②完善立法机制，保障公民整治权
利的实现  
③使法律更好的体现民意，提高法律权威     ④促进公民提高法律意识，自觉遵
法守法。  
A．①②  B．①④  C．②③  D．③④
",D,"①不合题意 ，材料强调的是健全立法机关与社会公众的沟通机制 ，而不
是明确立法权力的范围；  
②说法错误 ，“健全立法机关和社会公众沟通机制 ”反映立法尊重民意 ，体现民意
，并不是保障公民政治权利的实现；  
③④符合题意 ，健全立法机关和社会公众沟通机制 ，立法机关拓宽渠道 ，健全征
求群众意见反馈机制，让人民参与立法，做到科学立法，民主立法，能使法
律更好的体现民意，也有利于公民提高法律意识，自觉遵法守法；  
故选： D。
",89,4
2015,（新课标ⅰ）,"7．（ 4分） 2014年，我国废弃实施多年的企业年检验照制度，公开《企业信息
公开暂行条例》．条例确立了包括企业年度报告和即时信息公示、政府部门
  的企业信息公示及信用约束机制在内的企业信息公示制度 。实施该条例意在 （　　
） 
①强化社会监督，维护市场竞争秩序         
②转变政府行为方式，降低行政管理费用  
③促进政府职能转变，提高市场监管效能     
④规范企业市场行为，提高企业竞争力。  
A．②③  B．①④  C．①③  D．②④
",C,"①符合题意 ，我国确立企业年度报告和即时信息公式制度等 ，有利于更
好地发挥社会的监督作用，从而规范市场竞争秩序；  
②不合题意，题干没有涉及降低行政管理费用；  
③符合题意 ，公开相关信息 ，接受社会监督 ，体现了强调政府的服务职能 ，更好
地对市场进行监管；  
④不合题意，题干没有涉及提高企业的竞争力。  
故选： C。
",90,4
2015,（新课标ⅰ）,"8．（ 4分）我国在坚持不结盟原则的前提下广交朋友。 截至 2014年底，我国同
67个国家、 5个地区和地域组织建立了不同形式、不同程度的伙伴关系，基
本覆盖了世界上主要国家和重要地区 。“结伴但不结盟 ”的外交实践表明我国 （　　
） 
①尊重各国人民选择的发展道路与价值观念  
②通过伙伴关系应对全球性挑战和第三方威胁  
③处理国际问题时根据各方的共同利益制定对策  
④在和平共处五项原则基础上全面发展同各国的友好合作。  
A．①②  B．①④  C．②③  D．③④
",B,"②与题意无关 。题目中强调我国在不结盟的原则下与世界各国建立伙伴
关系，但并未提及应对全球性挑战和第三方威胁。故排除②。  
③观点错误 。维护国家利益是主权国家对外活动的出发点和落脚点 。我国在处理
国际问题时也要根据我国国家利益制定对策。故排除③。  
①④观点正确且符合题意 。我国在不结盟的原则下与世界各国建立伙伴关系 ，表
明我国尊重各国人民选择的发展道路与价值观念，我国在和平共处五项原则
基础上全面发展同各国的友好合作。  
故选： B。
",91,4
2015,（新课标ⅰ）,"9．（ 4分） “自强不息，厚德载物 ”“实事求是 ”……大学校训引导莘莘学子成长成
才。 2014年4月，某报推出《校训的故事》专栏，挖掘和阐述大学校训的文
化内涵、历史传承与当代价值，传播社会主义核心价值观，引起了社会强烈
反响。《校训的故事》引起社会强烈反响的原因是（ 　　） 
①校训的实质内涵与社会主义核心价值观相契合  
②校训是传播社会主义核心价值观的生动载体  
③校训全面反映了社会主义核心价值观的时代内涵  
④校训宣传是培育社会主义核心价值观的基本途径。  
A．①②  B．①④  C．②③  D．③④
",A,"①符合题意， “自强不息，厚德载物 ”“实事求是 ”校训的实质内涵与社会
主义核心价值观相契合，故某报推出《校训的故事 》专栏引起社会强烈反响 ； 
②适合题意，人们的精神活动离不开物质活动，精神产品离不开物质载体， “推
出《校训的故事》专栏，挖掘和阐述大学校训的文化内涵、历史传承与当代
  价值，传播社会主义核心价值观 ”，说明了校训是传播社会主义核心价值观的
生动载体；  
③表述有误 ，“校训全面反映了社会主义核心价值观的时代内涵 ”中的全面不合客
观实际，排除③；  
④错误，校训宣传是培育社会主义核心价值观的载体，不是基本途径；  
故选： A。
",92,4
2015,（新课标ⅰ）,"10．（ 4分）安全生产是生产发展的底线。缺乏安全意识是最大的安全隐患，麻
痹大意往往导致生产事故频发，从哲学上看，安全意识之所以成为安全生产
的关键，是因为（ 　　） 
①人的意识决定了实践发展的方向和进程  
  ②人的意识影响实践发展的趋势和结果  
③人的意识是促成实践中的矛盾转化的重要条件  
④人的意识不同，实践结果的性质就会不同。  
A．①③  B．①④  C．②③  D．②④
",C,"①错误，决定了，说法错误，夸大意识的作用；  
②正确，麻痹大意往往导致生产事故频发 ，说明人的意识影响实践发展的趋势和
结果；  
③正确，安全意识之所以成为安全生产的关键 ，是因为人的意识是促成实践中的
矛盾转化的重要条件；  
④错误，人的意识不同 ，实践的结果往往可能不同 ，但并不意味着实践的结果的
性质就会不同；  
故选： C。
",93,4
2015,（新课标ⅰ）,"11．（ 4分）2014年，日本方面认为美国某出版公司的教科书《 传统与遭遇 ；环
球视角看过去 》中有关 “南京大屠杀 ”“慰安妇 ”等内容与其立场 “有出入 ”，要求
修改。鉴于教科书中的内容和历史事实相符 ，该书作者明确拒绝了日方的 “请
求”，由此可见（ 　　） 
①尊重历史事实是形成正确价值判断的前提  
②价值判断因具有主体性质而没有客观的评价标准  
③历史事实随价值判断的改变而发生变化  
④价值判断和价值选择深受历史观的影响。  
A．①②  B．①④  C．②③  D．③④
",B,"①④符合题意 ，日本政客不顾邻国反对执意参拜供奉有二战甲级战犯的
靖国神社行为是违背历史事实的，由此可见，尊重历史事实是形成正确价值
判断的前提，同时说明价值判断和价值选择深受历史观的影响；  
②说法错误，价值判断虽然具有主体差异性，但有客观的评价标准：坚持真理 ，
遵循社会发展的客观规律；自觉站在最广大人民的立场上，把人民群众的利
益作为最高的价值标准；  
③说法错误，历史事实是客观的，不会随价值判断的改变而发生变化。  
故选： B。
",94,4
2015,（新课标ⅰ）,"12．（ 4分）卤水豆腐是历史悠久的中国传统食品。卤水是制作卤水豆腐必需的
稳定剂和凝固剂，其主要成分氯化镁是有毒的，但用卤水点制的豆腐不仅无
毒，而且味道鲜美、营养丰富。这表明（ 　　） 
①事物的特性是不变的，其功能是不断变化的  
②事物的不同特性是由人的不同需要确定的 　   
③事物的特性是人们建立新联系的依据 　     
④事物在不同的联系中会有不同的特性。  
A．①②  B．①③  C．②④  D．③④
",D,"①错误，事物的特性是不变的，该说法错误；  
②错误， “事物的不同特性是由人的不同需要确定的 ”违背了物质的客观性；  
③正确，卤水是制作卤水豆腐必需的稳定剂和凝固剂 ，其主要成分氯化镁是有毒
的，但用卤水点制的豆腐不仅无毒，而且味道鲜美、营养丰富，说明人们可
以根据事物的特性建立新的联系；  
  ④正确，卤水是制作卤水豆腐必需的稳定剂和凝固剂 ，其主要成分氯化镁是有毒
的，但用卤水点制的豆腐无毒，说明事物在不同的联系中会有不同的特性。  
故选： D。
",95,4
2015,（新课标ⅱ）,"1．（ 4分）老吴在年底对年初购买的投资产品收益进行了梳理： 50元买入的甲
公司股票已按 54元卖出；乙公司股票价格仍为 20元，按照每股 1.2元进行了
现金分红 ；丙公司股票价格也没变， 按照每 20股送 1股进行了股票分红 ；某
银行理财产品的年收益率是 6%．上述投资产品中年收益率最高的是（ 　　） 
A．甲公司股票  B．乙公司股票  C．丙公司股票  D．银行理财产品
",A,"由题可知 ，老吴在甲公司股票上的收益为 54﹣50=4元，则其收益率为 4
÷50×100%=8% ；由于乙公司的股票价格没变， 其在乙公司的收益率为 1.2÷
20×100%=6% ：丙公司按照每 20股送 1股进行了股票分红，且股票价格不变
。所以其收益率为 1÷20×00%=5%．某银行理财产品的年收益率是 6%，所以
  老昊在甲公司的收益率最高， 故A说法正确  
故选： A。
",96,4
2015,（新课标ⅱ）,"2．（ 4分） 2014年8月，某市政府清理出涉企权力 5157项，废止了其中 3301
项，对停留的涉企权力向社会全部公开，并表示严肃查处涉企审批、收费中
的违法违纪问题，这一做法的预期效果是（ 　　） 
①政府对企业的监督与管理更有效率  
②“看得见的手 ”受到有力的制约  
③市场机制能更好的发挥资源配置作用  
④企业的市场竞争力得到增强。  
A．①②  B．①③  C．②③  D．③④
",C,"①不合题意，政府不能对企业直接进行管理；  
②符合题意，涉企权力全部向社会公示，有助于政府的权力得到有力的制约；  
③符合题意 ，废止一批涉企权力 ，能够更好地激发企业的活力 ，发挥市场机制对
资源的配置作用；  
④不合题意，政府的简政放权与企业的竞争力无关。  
故选： C。
",97,4
2015,（新课标ⅱ）,"3．（4分）2015年5月，我国存款保险制度正式实施 。按照存款保险制度规定 ，
成员银行交纳保费形成保险基金，当成员银行破产清算时，使用银行保险基
金按规定对存款人进行偿付 。这一制度对银行业发展的积极意义在于 （　　） 
①防范金融风险，稳定金融秩序 　 
②增强银行信用，推动银行平等竞争 　 
③促进利率市场化，增加银行收益 　 
④降低银行经营风险，提高其竞争力。  
A．①②  B．①③  C．②④  D．③④
",A,"①②说法正确，我国实行存款保险制度，该制度有利于鼓励居民存款 ，
减少居民存款带来的风险，从而有利于防范金融风险，稳定金融秩序，有利
于增强银行信用，推动银行公平竞争，故入选；  
③④不符合题意 ，存款保险制度的做法与银行利率市场化和银行的经营风险的降
低无关，③④与题意无关，排除。  
故选： A。
",98,4
2015,（新课标ⅱ）,"4．（ 4分）在我国，煤炭是电力生产的主要原料， 煤炭价格从 2011年约 850元
/吨大幅度下降到 2014年底约 500元/吨，有人据此建议下降电力价格 。能支
持其建议的恰当理由是（ 　　） 
A．电力产能过剩，出现供过于求的情况   
B．电力是生活必需品，低价有利于社会稳定   
  C．电力价格与其生产成本的变化方向应当一致   
D．电力与煤炭互补品，二者价格变化方向应当一致
",C,"A不合题意，材料不涉及电力产能过剩，出现供过于求的情况；  
B不合题意，题意并没有强调电力是生活必需品，低价有利于社会稳定；  
C符合题意 ，煤炭是电力生产的主要原料 ，煤炭价格下降 ，说明电力生产的成本
下降，电力的价值量降低，有人据此建议下降电力价格，理由应该是电力价
格与其生产成本的变化方向应当一致；  
D说法错误，电力与煤炭并不是互补品，在某些方面二者是替代品。  
故选： C。
",99,4
2015,（新课标ⅱ）,"5．（ 4分）从2013年开始，某市在社区推动基层党组织和自治组织代表、社区
居民代表 、相关社会组织代表等组成民情理事会 。民情理事会通过协商讨论 ，
促进诸如广场舞扰民 、小区乱停车等难题的解决 ，得益于民情理事会 （　　） 
①提供管理有效的利益协商渠道  
②完善了基层民主自治的组织形式  
③发挥了多方主体参与社区治理的作用  
④明确了社区居民参加基层民主协商的义务。  
A．①③  B．①④  C．②③  D．②④
",A,"①符合题意，民情理事会为社区治理提供管理有效的利益协商渠道；  
②不合题意 ，基层民主自治的组织形式是基层群众自治组织 ，题干没有涉及对这
一组织形式的完善；  
③符合题意 ，民情理事会由基层党组织和自治组织代表 、社区居民代表 、相关社
会组织代表组成，发挥了多方主体参与社区治理的作用；  
④表述错误，社区居民没有参加基层民主协商的义务。  
故选： A。
",100,4
2015,（新课标ⅱ）,"6．（4分）为推进司法体制改革 ，2014年12月，上海市第三中级人民法院 、上
海市人民检察院第三分院正式成立，负责管辖审理跨行政区划的民商事、行
政和资源诉讼案件。设立跨行政区划的人民法院和人民检察院旨在（ 　　） 
①健全司法机关内部监督制约机制 　 
②排除地方对司法活动的干扰 　 
③提升司法公信力 　 
④推动审判权和执行权相分离。  
A．①③  B．①④  C．②③  D．②④
",C,"①与题意不符，题干没有体现司法机关的内部监督制约机制，排除。  
②③说法正确 ，人民法院和人民检察院独立行使审判权和检察权 ，不受任何行政
机关、社会团体和个人的干涉。为推进司法体制改革，我国建立跨行政区划
的人民法院和人民检察院旨在排除地方对司法活动的干扰，提升司法的公信
力，故入选。  
④说法错误，审判权和执行权不能分离，排除。  
故选： C。
",101,4
2015,（新课标ⅱ）,"7．（ 4分）近年来，西藏自治区划拨专项经费，大力改善寺庙基础设施和公共
服务条件。 截止 2015年9月，全区 1787座寺庙实现了国旗、报纸、文化书
屋和广播电视全覆盖， 1735座寺庙通了路， 1730座寺庙通了电， 1662座寺
庙通了水， 1736座寺庙实现了通信覆盖。上述做法（ 　　） 
①表明我国宗教坚持独立自主自办原则           
②保障了公民宗教信仰的权利  
③为发挥宗教的积极因素提供了有利条件       
④有利于政府依法对宗教事务进行管理。  
A．①②  B．①④  C．②③  D．③④
",D,"①不合题意，材料强调的是西藏自治区改善寺庙建设和公共服务条件 ，
没有体现出其他境外组织、个人干预我国宗教事务，我国打击宗教极端势力
等；  
②不合题意，该选项与材料中西藏自治区大力改善基础设施建设无关；  
③符合题意 ，国旗、报纸、文化书屋和广播电视全覆盖 ，通路、通水、通电、通
信为发挥宗教的积极因素提供了有利条件；  
④符合题意 ，政府依法对涉及国家利益和社会公共利益的宗教事务进行管理 ，大
力改善寺庙基础设施是为了更好的保护宗教界的合法权益和正常的宗教活动 ； 
故选： D。
",102,4
2015,（新课标ⅱ）,"8．（4分）2014年10月，习近平书记在文艺工作座谈会上指出 ，艺术可以放飞
想象的翅膀 ，但是一定要脚踩坚实的大地 。文艺创作方法有一百条 、一千条，
  但最根本、最关键、最牢靠的办法是扎根人民、扎根生活。从唯物史观看，
这是因为（ 　　）：  
①文艺的源泉是人民群众的生产生活      
②文艺的发展取决于文艺创作方法的创新  
③文艺反映社会生活的形式与风格是统一的  
④文艺反映并服务于人民群众生产生活的一种社会意识形式。  
A．①②  B．①④  C．②③  D．③④
",B,"①④符合题意， “最根本、最关键、最牢靠的办法是扎根人民、扎根生
 
 
 
 活”体现了要重视人民群众在文艺创作中的重要性，文艺工作产生于人民群众
的生产实践活动，同时文艺又反映并服务于人民群众的生产生活。
②说法错误，文化发展的实质在于文化创新，社会实践是文化创新的源泉。
③说法错误，文艺反映社会生产生活的形式与风格不一定是统一的。
故选： B。
",103,4
2015,（新课标ⅱ）,"9．（ 4分） 2015年1月，有韩国某电视台拍摄、韩国导演执导的全景式反映当
代中国发展成就的纪录片《超越中国》在韩国热播，引起热烈反响。创韩国
同类电视纪录片收视率的新高。《超越中国》在韩国热播（ 　　） 
①推动中韩两国文化交流上了一个新台阶  
②显示当代中国文化得到韩国民众的广泛认同  
③反应中国的经济实力与国际影响力日益扩大  
④表明当代中国的发展越来越引起韩国民众的关注。  
A．①②  B．①③  C．②④  D．③④
",D,"①不合题意，《超越中国 》在韩国热播与推动中韩两国文化交流上了一
个新台阶无关；  
②不合题意，材料并不显示当代中国文化得到韩国民众的广泛认同；  
③符合题意 ，《超越中国 》在韩国热播反应中国的经济实力与国际影响力日益扩
大；  
④符合题意，材料表明当代中国的发展越来越引起韩国民众的关注。  
故选： D。
",104,4
2015,（新课标ⅱ）,"10．（ 4分） 2014年12月召开的中央经济工作会议分析了我国经济九个方面的
趋势性变化，提出我国经济正在向形态更高级、分工更复杂、结构更合理的
阶段演化 ，经济发展进入新常态 。从辩证法的观点看 ，“经济发展进入新常态
”意味着（ 　　） 
①我国经济发展方式正在发生质的变化  
②我国经济发展呈现出新的阶段性特征  
③制约我国经济平稳健康发展的矛盾和问题已经解决  
④推动我国解决平稳健康发展的新的体制机制已经形成。  
A．①②  B．①④  C．②③  D．③④
",A,"①符合题意 ，我国经济发展进入新常态 ，这就意味着我国经济发展方式
正在发生质的变化。  
②符合题意 ，我国经济正在向形态更高级 、分工更复杂 、结构更合理的阶段演化
，即我国经济发展呈现出新的阶段性特征。  
③说法错误 ，矛盾具有普遍性 ，制约我国经济平稳健康发展的矛盾和问题仍然存
在。  
④说法错误，推动我国解决平稳健康发展的新的体制机制还未形成。  
故选： A。
",105,4
2015,（新课标ⅱ）,"11．（ 4分） “若言琴上有琴声，放在匣中何不鸣？若言声在指头上，何不于君
指上听？ ”从辩证唯物主义的观点看 ，对苏轼的 《琴韵》理解正确的是 （　　） 
①琴声是人的活动的产物，具有鲜明的 “人化 ”特点  
②琴声来自于琴与指之间的相互作用，与人的主观世界无关  
③琴、指、琴声以及三者之间的联系都具有客观实在性  
  ④只要指与琴发生相互作用，就能产生美妙的音乐。  
A．①②  B．①③  C．②④  D．③④
",B,"“若言琴上有琴声，放在匣中何不鸣？若言声在指头上，何不于君指上
听？ ”的意思是 ：如果说琴自有声音，为何放在琴匣中不会自响？如果说琴声
在弹琴人的指间，为何不在弹琴人的指上聆听？  
①符合题意 ，由材料可知 ，之所以听到琴声 ，是人的活动弹的产物 ，具有鲜明的
“人化 ”特点；  
②说法错误，认识对实践具有指导作用，琴声与人的主观世界有关；  
③符合题意，琴、指、琴声以及三者之间的联系都具有客观实在性；  
④说法错误， “只要指与琴发生相互作用，就能产生美妙的音乐 ”的说法太绝对 。 
故选： B。
",106,4
2015,（新课标ⅱ）,"12．（ 4分）长期以来，画家笔下的马往往是四蹄齐伸、腾空飞奔。然而，高速
相机连拍的照片显示，飞奔时的马蹄是交替着地移动的。但是，当画家画出
马蹄交替移动的奔马时，有人却批评画得不像。这表明在艺术领域（ 　　） 
A．认识的发展与认识工具的进步没有直接关系   
B．以往的认识经验阻碍认识的发展   
C．仁者见仁、智者见智，没有客观的评价标准   
D．人们的主观世界对认识的影响更加显著
",D,"A错误，认识的发展与认识工具的进步有直接关系；  
B错误，阻碍认识的发展，说法错误；  
C错误，没有客观的评价标准，说法错误；  
D符合题意 ，画家笔下的马往往是四蹄齐伸 、腾空飞奔 。然而，高速相机连拍的
照片显示，飞奔时的马蹄是交替着地移动的。但是，当画家画出马蹄交替移
动的奔马时，有人却批评画得不像。说明人们的主观世界对认识的影响更加
显著。  
故选： D。
",107,4
2016,（新课标ⅰ）,"1．（ 4分）互补品战略是企业利用两种商品之间的互补关系，优化产品组合，
达到一定目标的经营战略，下列做法属于该战略的是（ 　　） 
A．因人力成本上升，某企业投资智能自动化操作。减少人力操作   
B．为降低碳排放，某运营公司将动力燃料由汽油改为天然气   
C．为促销增利，某企业降低其喷墨打印机价格，提高墨盒价格   
D．玉米价格上涨，某饲料厂在生产中减少玉米用量，增加小麦用量
",C,"A错误，人力与智能自动化操作是互为替代品。  
B错误，汽油与天然气是互为替代品。  
C正确，在有互补关系的商品中 ，一种商品的价格下降 ，不仅使该商品的需求量
增加，也会使另一种商品的需求量增加。从而使另一种商品的价格上涨。喷
墨打印机与墨盒是互补品。因此，某企业降低其喷墨打印机价格，提高墨盒
价格。可以获取利润。  
  D错误，玉米与小麦是互为替代品。  
故选： C。
",108,4
2016,（新课标ⅰ）,"2．（ 4分） 2015年8月，国务院批复的《基本养老保险基数投资管理办法》规
定，养老基金在投资国债、银行债券等债权性资产的同时，可以投资股票、
股票基金， 但投资股票等权益类资产的比重不超过 30%．上述规定的主要目
的是（　　） 
A．增强资本流动性，平抑资本市场的波动   
B．扩大投资渠道，实现投资收益的最大化   
C．优化投资组合，追求收益与风险的平衡   
D．提高投资安全性，促进资本市场的增长
",C,"①“养老基金在投资国债、银行债券等债权性资产的同时，可以投资股
票、股票基金， ”说明国家鼓励居民的投资多元化发展。  
②由于股票的投资收益要高于债券，因此这一规定也有利于投资收益的增加。  
③“但投资股票等权益类资产的比重不超过 30%”则是因为股票的投资风险要高
于债券。  
④综合来看，材料表明居民在投资时既要注重收益也要考虑风险。  
  因此：选项 C符合题意； 选项 A、B、D均不符合题目要求，不选。  
故选： C。
",109,4
2016,（新课标ⅰ）,"3．（ 4分）因原材料价格上涨，生产流感特效药的制药企业陷入经营困境，为
保证药品的正常供给 ，政府对该类制药企业实施生产补贴 ，若用 S、S’表示补
贴前后该药品的供给曲线，不考虑其他因素，准确反映补贴前后该药品供给
变化的图示是（ 　　） 
A．  B．  
C．  D．
",A,"①图表横轴与纵轴分别代表商品供给数量与商品的价格 ，价格变动会使
生产者随之调节产量。但是材料并未显示该企业的产品价格变化。因此不会
是在同一条线上的移动， 所以选项 C、D均不符合题意，不选；  
②依据 “因原材料价格上涨，该制药企业陷入经营困境， ”可以推断出 ：由于成本
增加，该企业缩小生产规模； “政府对该类制药企业实施生产补贴 ”即意味着
  降低企业生产成本 ，相对而言获利增加 ，企业就会扩大生产规模因而 “能够保
证药品的正常供给 ”。所以，产品数量应该逐渐增加 ，选项 A符合题意 ，应选；
选项 B刚好与题意相反，不选；  
故选： A。
",110,4
2016,（新课标ⅰ）,"4．（ 4分） 2015年，某国宏观经济形势如下：产能利用率不足；固定资产投资
同比下降 4.0%；居民消费价格指数（ CPI）增幅从 2.5%下跌至 1%，低于国际
  公认的合理值 3%．据此，预防通货紧缩成为关注的焦点 。若不考虑其他因素
，可能引发通货紧缩的传导路径是（ 　　） 
①产能过剩 →工业品供过于求 →工业品价格走低 →企业利润下滑  
②消费低迷 →消费品供过于求 →消费品价格走低  
③社会总供给大于社会总需求 →物价总水平持续下跌  
④企业投资萎缩 →失业率上升 →居民收入下降。  
A．① →④→②→③ B．④ →①→③→②  
C．① →③→④→② D．④ →②→①→③
",A,"依据问题 “若不考虑其他因素 ，可能引发通货紧缩的传导路径 ”，我们可
以明确要寻找的是引发通货紧缩的原因，而不是找后果。因此：  
①根据通货紧缩的主要表现 “物价总体水平持续下跌 ”来判断选项③应在传导路径
的末尾， 所以排除 B、C两个选项；  
②价格变动会使得生产者随之调节产量 。消费品价格走低 ，生产者获利减少 ，会
  减少该产品的生产 ，会导致产品的供给不足 。因此选项②后面不能传导出① ，
所以 D错误；  
③企业利润下滑 ，减少投资 ，导致失业率上升 ，居民收入减少 ，消费不足 ，价格
走低。 A中的传导顺序正确；  
故选： A。
",111,4
2016,（新课标ⅰ）,"5．（ 4分）某市规定，对下派社区的工作事务，实行清单管理：属于各部门、
街道办事处职责范围内的事项，不得转嫁给社区：需要社区协助的事项，应
当为社区提供必要的经费和工作条件。这一规定（ 　　） 
①彰显了社区组织的自治功能  
②创新了社区组织管理形式  
③有利于推进社区居民的自我管理  
④旨在提高基层政府行政效率。  
A．①③  B．①④  C．②③  D．③④
",A,"材料中的 “社区 ”可以理解为居民委员会，因此：  
选项①③正确表述了居民委员会的性质与作用，符合题意，应选；  
材料中的规定是 “对下派社区的工作事务 ，实行清单管理 ”，明确工作职责 ，并没
有创新组织管理形式，依然属于自治组织。所以选项②不符合题意，不选；  
村民委员会 、居民委员会是基层群众性自治组织 ，不是国家机关 ，不是政府行政
机构。所以选项④表述错误，不选；  
  故选： A。
",112,4
2016,（新课标ⅰ）,"6．（ 4分）根据十二届全国人大常委会第十六次会议通过的全国人大常委会关
于特赦部分服刑罪犯的决定 ，国家主席习近平 2015年8月29日签署特赦令 ，
对参加过抗日战争、解放战争等四类服刑罪犯实行特赦，特赦令指出，对符
合特赦条件的服刑罪犯，经人民法院依法作出裁定后，予以释放，决定特赦
部分服刑罪犯的权力属于（ 　　） 
A．国家主席  B．全国人大常委会   
C．人民法院  D．中央人民政府
",B,"①“根据十二届全国人大常委会第十六次会议通过的全国人大常委会关
于特赦部分服刑罪犯的决定 ”，材料明确告知关于特赦部分服刑罪犯的决定是
由全国人大常委会做出的。 因此选项 B符合题意，应选；  
②“国家主席习近平 2015年8月29日签署特赦令 ”，国家主席是国家元首 ，但其
对国家重大事项并无决定权。 因此选项 A不选；  
③“对符合特赦条件的服刑罪犯 ，经人民法院依法作出裁定后 ，予以释放 ”，人民
法院是国家的审判机关， 因此选项 C不符合题意，不选；  
④中央人民政府是我国的最高行政机关 ，是最高国家权力机关的执行机关 ，因此
选项 D不符题意，不选；  
故选： B。
",113,4
2016,（新课标ⅰ）,"7．（ 4分）为落实全面依法治国要求，我国采取一系列举措推动民族语言和汉
语双语法官的培养 。例如。截至 2015年，在全国范围内建立了藏汉双语法官
培训师资库和 5个培训基地， 西藏自治区有兼通藏汉双语的法官 199名，约
占全国总数的 62%．为民族地区培养民汉书双语法官有利于（ 　　） 
①民族地区各级法院变通执行国家法律  
②保障民族地区公民的基本权利和诉讼权利  
  ③民族地区各民族的相互沟通和团结  
④确定民族语言作为民族自治机关公务语言的地位。  
A．①②  B．①④  C．②③  D．③④
",C,"①为民族地区培养民汉双语法官 ，保障了民族地区公民的汉语言方面的
基本权利；有利于各民族之间更好的沟通与交流 ，促进民族团结 ，因此选项②
③符合题意，应选；  
②民族自治机关是自治地方的人民代表大会和人民政府 ，法院不是自治地方的自
治机关，不能变通执行国家法律，因此选项①表述错误，不选；  
③依据材料 “我国采取一系列举措推动民族语言和汉语双语法官的培养 ”可以直接
排除选项④；  
故选： C。
",114,4
2016,（新课标ⅰ）,"8．（ 4分）陕西省地方戏 “华阴老腔 ”是国家非物质文化遗产，声腔刚直高亢、
磅礴豪迈，却因表现形式单调难以吸引观众，面临传承危机。 2016年，华阴
老腔演出团队与摇滚歌手与合作，将传统民族音乐与现代摇滚音乐相结合，
在中央电视台春节联欢晚会联袂演唱《华阴老腔一声喊 》，引起巨大反响。 “
华阴老腔 ”焕发新的生机给我们的启示有（ 　　） 
①优秀传统文化只有不断创新才能更好地传承和发展  
②满足人民大众需要的优秀传统文化才有强大的生命力  
③与现代流行文化融合是优秀传统文化创新的根本途径  
④传播手段与传播形式的创新是优秀传统文化传承的前提。  
A．①②  B．①④  C．②③  D．③④
",A,"“‘华阴老腔 ’声腔刚直高亢、磅礴豪迈，却因表现形式单调难以吸引观
众”“华阴老腔演出团队与摇滚歌手与合作，将传统民族音乐与现代摇滚音乐
相结合 ”正体现了对待传统文化的正确态度 ：“取其精华，去其糟粕 ”，批判继
承，古为今用。因此：  
选项①②表述正确，与题意相符，应选；  
立足社会实践是文化创新的根本途径，因此选项③观点错误，不选；  
传播手段与传播形式的创新有利于传承优秀传统文化 ，但不是传承的前提 。因此
  选项④观点错误，不选；  
故选： A。
",115,4
2016,（新课标ⅰ）,"9．（ 4分）习近平强调，要从推动科学决策、民主决策，推进国家治理体系和
治理能力现代化，增强国家软实力的战略高度，把中国特色新型智库建设作
为一项重大而紧迫的任务切实抓好。重视智库建设的认识论依据是（ 　　） 
①任何具体的认识主体总是具有自身的局限性      
②脑力劳动者的认识活动越来越具有直接现实性  
③得到不同认识主体认同的知识才具有真理性 　  
④不同认识主体相互取长补短有利于发现真理。  
A．①②  B．②③  C．①④  D．③④
",C,"①符合题意，任何具体的认识主体总是具有自身的局限性；  
②说法错误，实践才具有直接现实性；  
③说法错误 ，只有主观同客观相符合 、对客观事物及其规律的正确反映的认识才
是真理；  
④符合题意 ，重视智库建设的认识论依据是不同认识主体相互取长补短有利于发
现真理。  
  故选： C。
",116,4
2016,（新课标ⅰ）,"10．（ 4分）毛泽东在《党委会的工作方法》中指出： “一个人的工作，究竟是
三分成绩七分错误，还是七分成绩三分错误，必须有个根本的估计。如果是
七分成绩 ，那么就应对他的工作基本上加以肯定 。把成绩为主说成错误为主 ，
那就完全错了。 ”从唯物辩证法看，这里强调的是（ 　　） 
①事物的性质是由主要矛盾的主要方面决定的  
②无视矛盾的次要方面就不能正确认识矛盾  
③矛盾的主要方面与次要方面既相互依赖又相互转化  
④在认识矛盾时须着重把握矛盾的主要方面。  
  A．①③  B．①④  C．②③  D．②④
",B,"①题目要求 “从唯物辩证法看 ”，4个选项均在其范围之中。  
②“一个人的工作，究竟是三分成绩七分错误，还是七分成绩三分错误，必须有
个根本的估计。 ”依据材料可以推断评价一个人的工作要抓住主流 ，即把握矛
盾的主要方面。因此选项①④完全符合题意，应选；  
③具体问题具体分析是正确认识矛盾的基础 ，正确解决矛盾的关键 。因此选项②
观点错误，不选；  
④材料主旨是评价一个人的工作既有成绩也有失误，但未显示两者之间的转化 。
  因此选项③不符合题意，不选；  
故选： B。
",117,4
2016,（新课标ⅰ）,"11．（ 4分）中共中央，国务院出台的《关于构建和谐劳动关系的意见》强调 ，
推动中国特色和谐劳动关系的建设和发展 ，最大限度增加劳动关系和谐因素 ，
最大限度减少不和谐因素，促进经济持续健康发展和社会和谐稳定，从唯物
史观看，之所以重视是构建和谐劳动关系，是因为（ 　　） 
①劳动关系是生产关系的重要组成部分，决定着生产关系的性质  
②劳动关系矛盾是制约生产发展，社会进步的重要矛盾  
③劳动关系矛盾的解决决定了生产力的发展和社会的进步  
④正确解决劳动关系矛盾是构建和谐社会的必然要求。  
A．①②  B．①③  C．②④  D．③④
",C,"①题目要求从唯物史观看， 题中所给 4个选项均在其范围之中。  
②生产关系包括生产资料的所有制关系 、人们在生产中的地位与相互关系 、产品
的分配关系 ，其中生产资料的所有制关系决定着生产关系的性质 ，因此选项①
表述错误，不选；  
③生产关系对生产力具有反作用，因此选项②④表述正确，符合题意，应选；  
④生产力决定生产关系，所以选项③表述错误，不选；  
故选： C。
",118,4
2016,（新课标ⅰ）,"12．（ 4分）如图，漫画《学习先进经验》讽刺了一些人不懂得（ 　　） 
①学习他人经验就能更好的发展自己  
②先进经验通过实践能够转化为现实的东西  
③具体问题具体分析是正确解决矛盾的关键  
④事物的表面联系与本质联系的区别。  
 
A．①②  B．①③  C．②④  D．③④
",D,"从漫画《学习先进经验 》可以看出一些人在学习先进经验时只是表面简
单动作的模仿，没有切合自身实际，因此选项③④符合题意，应选；  
选项①观点本身错误，不选；  
先进经验通过实践还要结合自身实际情况才能转化为现实的东西 ，因此选项②表
述不全面，不选；  
  故选： D。
",119,4
2016,（新课标ⅱ）,"1．（ 4分）西晋著名文学家左思的《三都赋》创作完成后，都城洛阳的人们都
认为写得好 ，争相传抄 ，一下子使纸帛的价格贵了好几倍 ，这就是成语 “洛阳
纸贵 ”的由来。若用 S、D分别表示供给和需求曲线 ，下列图示正确反映 “洛阳
纸贵 ”的是（　　） 
A．   B．  
C．   D．
",B,"A表示的是需求减少，价格下降，与题意不符，排除；  
“洛阳纸贵 ”是因为人们争相购买 ，需求增加 ，改变了供求关系 ，从而使其价格上
涨，故B符合题意；  
材料并没有涉及到洛阳纸张的供给问题， 故CD排除。  
故选： B。
",120,4
2016,（新课标ⅱ）,"2．（ 4分）特别提款权（ SDR）是国际货币基金组织（ IMF）创设的一种国际储
备资产。 2015年12月， IMF将人民币纳入 SDR货币篮子， 占比为 10.92%．
人民币纳入 SDR货币篮子表明（ 　　） 
①中国的经济地位上升  
②人民币国际化取得新进展  
③中国外汇储备安全性提高  
④人民币汇率稳定性增强。  
A．①②  B．①④  C．②③  D．③④
",A,"中国人民币加入货币篮子意味着更多国家接受人民币 ，中国的经济地位
上升，故①符合题意；  
人民币加入 SDR货币篮子，是人民币国际化的表现，故②符合题意；  
人民币国际化也会为一国外汇带来一定的风险 ，并不意味着加入货币篮子就可以
  提高安全性，加入货币篮子与外汇储备的安全性没有直接的关系，故③④和
题意不符。  
故选： A。
",121,4
2016,（新课标ⅱ）,"3．（ 4分） 2012年，某国司法部起诉甲公司和五家出版社，指控其涉嫌合谋操
纵电子书价格 ，违反了《反垄断法 》，令消费者遭受了数千万美元的损失 。2015
年，法院裁定罪名成立， 开出了 4.5亿美元的罚单。该案例说明（ 　　） 
①市场调节存在滞后性  
②企业和社会组织均以盈利为经营目标  
③法律是解决市场失灵问题的有效手段  
④维护公平公正的市场秩序需要发挥政府的作用。  
A．①②  B．①③  C．②④  D．③④
",D,"公司和出版社追求利润最大化从而进行了违法行为 ，是市场的自发性的
体现而不是滞后性，故①和题意不符；  
材料没有体现社会组织的经营目标，故②和题意不符。  
法院通过法律手段惩罚了甲公司和出版社的违法行为，维护了市场的公平正义 ，
是国家宏观调控的体现，故③④符合题意；  
故选： D。
",122,4
2016,（新课标ⅱ）,"4．（ 4分）近年来，服装企业越来越重视品牌建设。 2015年7月，我国某服装
企业现金收购意大利一家著名服装公司 51%的股权，利用其品牌、营销渠道
进入国际市场。该收购可以助力企业（ 　　） 
①创新利用外资的方式  
②改善股权结果和合理结构  
③加强国际合作，扩大产品市场  
④丰富品牌组合，满足差别化需求。  
A．①②  B．①④  C．②③  D．③④
",D,"某服装企业现金收购意大利一家著名服装公司 51%的股权，是我国企业
积极走出去的表现，利用外资是引进来，故①和题意不符；  
该公司的行为并不是为了改善结构，故②不符合题意。  
通过购买股权 ，目的利用其品牌 、营销渠道进入国际市场 ，扩大市场份额 ，故③
符合题意；  
服装企业越来越重视品牌建设 ，并收购意大利著名服装公司股权 ，目的就是丰富
品牌组合，故④符合题意。  
故选： D。
",123,4
2016,（新课标ⅱ）,"5．（ 4分）为缩短学生上学路程与保障学生安全，某村村民希望新修一条便道 。
村党支部、村委会为此建立基层协商民主理事会。理事会就工程要不要建、
由谁建、资金来源等问题广泛征求民意 ，经过民主协商 ，最终决定修建便道 。
村理事会的建立（ 　　） 
①改变了村民自治的主体         
②维护了村民的切身利益  
③丰富了村民自治的实践形式     
④规范了村民的行为方式。  
A．①②  B．①④  C．②③  D．③④
",C,"依据材料 ：村民希望新修一条便道。村党支部、村委会为此建立基层协
商民主理事会，经过民主协商，最终决定修建便道。  
村理事会是为村民服务的 ，村民自治的主体仍然是村民 ，没有改变 ，因此选项①
观点错误，不选；  
村理事会通过民主协商等方式解决了上学安全的问题 ，是为人民服务的体现 ，故
选项②符合题意；  
通过建立基层协商民主理事会，创新了村民自治的形式，故选项③符合题意；  
村民规范自己和村干部的行为是通过制定村民自治章程或村规民约等形式 ，故选
项④表述错误，不选；  
故选： C。
",124,4
2016,（新课标ⅱ）,"6．（ 4分） 2015年3月，国务院办公厅印发的《中国足球改革发展总体方案》
要求，按照政社分开的原则调整组建中国足球协会，改变中国足球协会与体
育总局足球运动管理中心两块牌子、一套人马的组织构架；中国足球协会与
体育总局脱钩，按照社团法人机制运行。这一改革是（ 　　） 
①强化足球协会职权，使其摆脱体育行政机关干预的体现  
②明确足球协会地位，推动足球事业发展的重要举措  
③促进足球协会提供专业化服务，提高足球运动水平的重大决策  
④政府把组织和发展体育事业的职能转让给社会组织的表现。  
A．①③  B．①④  C．②③  D．②④
",C,"①表述错误，足协需要接受政府的管理，不可能摆脱行政机关的干预 ，
只是行政机关需要摆正自身的角色，不能过多干预足协的行为；  
②符合题意 ，该方案明确了政府和足协各自的职能和地位 ，有利于激发足协的活
力，促进体育事业的发展；  
③符合题意 ，该方案明确了政府和足协各自的职能和地位 ，能够促进足球协会提
供专业化服务，提高足球运动水平；  
④表述错误 ，改革政府和足协的关系 ，是政府转变职能的体现 ，而不是转让职能
。 
故选： C。
",125,4
2016,（新课标ⅱ）,"7．（ 4分）在联合国成立 70周年峰会上，国家主席习近平宣布中国成立 “南南
合作援助基金 ”，增加对最不发达国家投资 ，免除对有关最不发达国家 、内陆
发展中国家 、小岛屿发展中国家截至 2015年底到期未还的政府间无息贷款债
  务。这些措施（ 　　） 
①体现了中国作为一个发展中大国的奉献与担当  
②坚持并弘扬了联合国宪章的宗旨和原则  
③维护了发展中国家优先发展的权利  
④奠定了南南合作的经济基础。  
A．①②  B．①③  C．②④  D．③④
",A,"中国的这些措施维护了发展中国家的利益 ，符合时代主题的要求 ，也符
合联合国的宗旨和原则，同时也是中国作为负责任大国的一种表现，故①②
符合题意；  
这些措施是维护发展中国家的利益，并不等于是维护发展中国家优先发展权利 ，
在国际社会中，国家具有平等权，各国都有权利发展，不存在谁先谁后的问
题，故③与题意不符；  
这些措施为南南合作提供了更好的条件，而不是奠定经济基础，故④说法错误 。 
故选： A。
",126,4
2016,（新课标ⅱ）,"8．（ 4分）我国杂技历史悠久，因表演技巧高超而深受观众喜爱。在现代，我
国杂技融入音乐、舞蹈等元素，利用声、光、电效果，配以情景故事，既惊
险刺激又妙趣横生，许多节目蜚声海内外。我国现在杂技艺术蜚声海内外，
主要得益于（ 　　） 
①现代传媒超越时空的传播功能  
②用现代流行艺术元素取代传统艺术元素  
③在继承传统基础上满足了现在观众的审美需求  
④以现代艺术手段展现我国杂技的民族特色。  
A．①②  B．①③  C．②④  D．③④
",D,"材料没有体现现代传媒的作用，故①和题意不符；  
现代流行艺术能够融入传统艺术之中，但是不能说取代，故②错误；  
我国杂技加入了音乐、舞蹈等元素，体现了继承和发展的关系，故③符合题意 ； 
这些时代元素和效果是我国运用现代技术展现民族文化的表现，故④符合题意 。 
故选： D。
",127,4
2016,（新课标ⅱ）,"9．（4分）1708年，清政府组织传教士绘制中国地图 ，历经 10年成功绘制的 《
皇舆全览图 》已达到很高的科学水平，却一直被作为密件珍藏于内府。反之 ，
参加测绘的传教士把资料带回西方后整理发表，使西方在相当长一个时期内
对中国地理的了解超过中国人。可见，《皇舆全览图》价值的实现（ 　　） 
①以对其价值的真理性认识为前提  
②取决于其科学内容适用范围的扩大  
③受到人的思维方式和价值观的制约  
④以其科学内涵的不断发展为条件。  
A．①②  B．①③  C．②④  D．③④
",B,"要实现其价值 ，首先需要对该事物的价值有一个准确的判断 ，故①符合
题意；  
事物价值的实现由事物自身和对事物正确认识等因素影响的 ，而不是取决于科学
内容范围的扩大，故②说法错误；  
中国和西方对待 《皇舆全览图 》的态度是不一样的 ，是因为两国不同的思维方式
和价值观影响的结果，故③符合题意；  
事物价值的实现会随着时间 、地点、条件、范围等因素的变化而发展变化 ，从而
也会不断丰富事物的内涵，因此不说以内涵发展为条件，故④说法错误；  
  故选： B。
",128,4
2016,（新课标ⅱ）,"10．（ 4分）某市打造北斗卫星导航功能型平台，初步建成智能公交应用、高精
度位置服务等六大应用系统和产业技术创新基地等， 部署完成了 78275台北
斗终端，产品商业性开发应用取得显著成效，北斗卫星导航系统也在应用中
得到进一步完善。这表明（ 　　） 
①转化为现实生产力是科技创新价值的重要体现  
  ②不断发展的社会需要是科技创新的重要动力  
③科技创新以思想观念的创新为先导  
④科技创新总是通过吸收、改造传统技术而实现。  
A．①②  B．①③  C．②④  D．③④
",A,"产品商业性开发应用取得显著成效 ，体现了科技转化为生产力的重要性
，故①符合题意；  
  “斗卫星导航系统也在应用中得到进一步完善 ”体现了随着实践的发展 ，认识也在
不断发展，故②符合题意；  
理论创新是社会发展的先导，故③说法错误；  
材料没有体现科技创新与传统的关系，故④和题意不符。  
故选： A。
",129,4
2016,（新课标ⅱ）,"11．（ 4分）在长征途中，毛泽东非常重视情报工作，及时攀握敌方的部署与动
向，根据敌我双方力量的变化，寻找敌方薄弱环节，灵活调动军队，四渡赤
水，终于摆脱了敌兵的围追堵截。毛泽东用兵如神的奥秘在于（ 　　） 
①把对战争规律的真理性认识作为军事行动的出发点  
②重视调查研究，依据不断变化的情况决定军事部署  
③认识到红军将士的主观能动性在战争中起决定性作用  
④善于在瞬息万变的战场形势中掌握和利用战争规律。  
A．①②  B．①③  C．②④  D．③④
",C,"①错误，实践是认识的基础 ，对战争规律的真理性认识来自于战争实践
，因此，军事活动的出发点应是战争的实际情况；  
②正确，毛泽东重视情报的收集 ，能够根据地方在不同时期的部署和动向 ，灵活
调用部队，决定军事部署，做到了具体问题具体分析，因此，用兵如神。这
是重视调查研究，依据不断变化的情况决定军事部署的体现；  
③错误，人民群众是社会历史的主体 ，是社会变革的决定力量 ，在战争中起决定
性作用，而非红军将士的主观能动性。并且主观能动性的发挥要以尊重客观
规律为前提，意识不起决定性作用；  
④正确，毛泽东及时把握敌方的部署与动向 ，根据敌我双方力量的变化 ，寻找敌
方薄弱环节，灵活调动军队，四渡赤水。说明其正确认识了战争的规律，并
根据战争规律发生作用的条件和形式利用了规律，因此做到了用兵如神；  
故选： C。
",130,4
2016,（新课标ⅱ）,"12．（ 4分）《韩非子 •说林上》记载：一年春天，管仲跟随齐桓公去打仗，冬天
返回时迷失了路。 管仲说：“老马之智可用也。 ”于是，他们让老马在前面走 ，
军队在后面跟着，果然顺利地找到了返回的路。下列观点正确的是（ 　　） 
①老马的识途功能的客观实在性取决于人的发现  
②正确认识老马识途的功能是解决迷路问题的关键  
③用老马找到返回的路体现了人的意识活动的能动性  
④老马之 “智”与人之 “智”归根到底都源于实践。  
A．①③  B．①④  C．②③  D．②④
",C,"①错误，客观实在性是不取决于人的 ，因为物质的唯一特性是客观实在
性；  
②正确，认识老马识途的功能是解决迷路问题的关键 ，也是就找到了解决问题的
关键，抓住了主要矛盾；  
③正确，人去利用老马找到返回的路，恰好体现了人的意识活动的能动性；  
④错误，因为实践是人改造客观世界的物质性活动，没有人就不会有实践活动 。 
故选： C。
",131,4
2016,（新课标ⅲ）,"2．（3分）时下出现了一个新的消费群体﹣﹣试客。这一群体在购物前先从网
络上索取相关商家的免费试用品，经过仔细试用并与其他使用者相互交流后
才决定是否购买。试客的购买行为（）
A．是从众心理引发的消费 B．是求异心理主导的消费
C．是攀比心理引发的消费 D．是求实心理主导的消费
",D,"从众心理引发的消费通常没有考虑自己的经济能力承受范围而盲目地从
众，特点是带有仿效性、盲目性，A不符合题意；
求异心理引发的消费表现为与众不同，标新立异，代价较大，往往社会不认可，B不符合题意；
攀比心理引发的消费表现为人无我有、向上看齐，特点是带有夸耀性、盲目性，
是一种不健康的心理，会增加经济负担，不值得提倡，C不符合题意；
试客的消费行为符合实际、讲究实惠，对个人和社会都有利，属于理智健康的消
费行为，是求是心理主导的消费，值得提倡，D符合题意且正确。
故选：D。
",132,4
2016,（新课标ⅲ）,"3．（3分）过去，国外品牌汽车在中国市场销售，必须通过品牌汽车厂商授权
的专卖店进行。2015年1月，中国实行“平行进口车”制度，允许贸易商直接
在国外购买汽车，进口到国内销售。中国推行“平行进口车”制度意在（）
A．拓宽国外品牌汽车销售渠道，打破价格垄断
B．引进国外先进技术，改善汽车产业结构C．降低进口汽车价格，扩大其市场占有率
D．增加国外品牌汽车进口数量，提高关税收入
",A,"市场具有开放性，中国实行“平行进口车”制度，允许贸易商直接在国外
购买汽车，进口到国内销售，这样可以拓宽国外品牌汽车销售渠道，打破价
格垄断，A入选。
材料中并未体现出引进先进技术，故B不选；
允许贸易商直接在国外购买汽车，是省去中间的厂商授权这一环节，并没有降低
汽车的价格，因此C的说法不正确，不选；
中国推行“平行进口车”制度，会增加国外品牌汽车进口数量，但目的是为了打破
价格垄断，提高居民消费水平，不是为了提高关税收入，D的说法不正确，
不选。
故选：A。
",133,4
2016,（新课标ⅲ）,"4．（3分）党的十八届三中、五中全会进一步要求以周边为基础加快实施自由
贸易区战略，形成面向全球的高标准自由贸易区网络。截至2015年，我国已
签署并实施14个自贸协定，涉及22个国家和地区，遍布欧洲、亚洲、非洲、
和大洋洲。回答4﹣5题。
自由贸易区的建立给参与国经济带来的益处是（）
①消费者可以购买到丰富且价格实惠的外国商品
②市场价格波动幅度变小，企业的经营风险下降
③生产要素流动变快。参与国的经贸往来更加密切
④企业对区内投资增加，投资收益率随之上升。
A．①③ B．①④ C．②③ D．②④
",A,"经济全球化促进了生产要素在全球范围内的流动，使得消费者可以购买
到国外的商品，①③入选；
经济全球化也意味着风险全球化，企业参与到经济全球化当中，经营风险上升，
②的说法不正确；
经济全球化有利有弊，国内企业要做到趋利避害，才能提高效益，④的说法太绝
对，排除；
故选：A。
",134,4
2016,（新课标ⅲ）,"5．（3分）党的十八届三中、五中全会进一步要求以周边为基础加快实施自由
贸易区战略，形成面向全球的高标准自由贸易区网络。截至2015年，我国已
签署并实施14个自贸协定，涉及22个国家和地区，遍布欧洲、亚洲、非洲、
和大洋洲。回答4﹣5题。
加快实施自由贸易区战略的意义主要在于（）
①改变我国对外交往方式，解决南北发展不平衡问题
②统筹国内国际两种资源，开创高水平对外开放新局面
③引领经济全球化发展方向，提高肩负国际责任的能力
④推动我国与相关国家和地区互利共赢、共同发展。
A．①③ B．①④ C．②③ D．②④
",D,"加快实施自由贸易区战略的意义主要在于统筹国内国际两种资源，开创
高水平对外开放新局面，推动我国与相关国家和地区互利共赢、共同发展，
②④入选；
①中“改变我国对外交往方式”错误，加快实施自由贸易区战略并没有解决这个问
题。它只能解决我国更加多的走出去的问题，故排除；
③中“引领经济全球化发展方向”错误，因为只有发达国家才能主导经济全球化的
发展，故排除。
故选：D。
",135,4
2016,（新课标ⅲ）,"6．（3分）某省全面开展政府职权清单清理，推行权力清单制度。该省各级政
府在组织相关职能部门开展职权审核的基础上，建立社会参与机制，拓宽公
众参与渠道，对于社会反映强烈的权力事项，通过座谈会、论证会等方式充
分征求意见。让公众参与权力清单的制定（）
①是对公民政治参与权利的尊重②是提高政府行政效能的重要举措
③是履行政府法定职责的必然要求④利于凝聚社会共识，形成改革合力。
A．①③ B．①④ C．②③ D．②④
",B,"材料中某省推行权力清单制度，建立社会参与机制，拓宽公众参与渠道，
对于社会反映强烈的权力事项，通过座谈会、论证会等方式充分征求意见。
这些强调了社会公众的作用，因此，本题的主体是社会公众，②③是政府行
政的要求和意义，排除。
故选：B。
",136,4
2016,（新课标ⅲ）,"7．（3分）为落实全面从严治党要求，某市纪委、市委统战部与各民主党派建
立合作调研机制，围绕惩治和预防腐败体系建设、党风廉政建设和反腐败的
具体措施等，共同开展调研，党外专家直接提出意见和建议。建立这一机制
（）
①是防治腐败，实现党风廉政建设目标的保证
②是坚持党的领导，落实多党合作基本方针的体现
③意在搭建合作平台，提高民主监督水平
④是强化对权力的约束，完善法律规范的重要举措。
A．①② B．①④ C．②③ D．③④
",C,"我国的政党制度，有利于发展社会主义民主政治；有利于发展社会主义
经济和文化；有利于构建社会主义和谐社会；有利于推进祖国和平统一大业。
结合材料，建立这一机制是落实多党合作基本方针的体现，意在搭建合作平
台，提高民主监督水平，②③符合题意，而①④与材料无关。
故选：C。
",137,4
2016,（新课标ⅲ）,"8．（3分）2015年，新版《辞海》编辑委员会宣布将在推出纸质版《辞海》的
同时，推出适用于各种阅读终端的电子版和网络版。这一做法体现的文化生
活道理是（）
①文化创新要着眼于人民群众不断增长的需求
②有价值的文化创造源于文化传播载体的变革
③文化创新是文化富有生机和凝聚力的保证
④信息技术推动文化生产和消费方式的变革。
A．①③ B．①④ C．②③ D．②④
",B,"依据材料中的核心语句“新版《辞海》编辑委员会宣布将在推出纸质版
《辞海》的同时，推出适用于各种阅读终端的电子版和网络版。”，可以做出
以下推断：
该委员会的做法缘于人民大众的多样化的文化需求，这体现了文化创新要着眼于
人民群众的需要。因而选项①符合题意，应选；
大众传媒只是文化传播的手段，文化多样性是文化创造力的源泉。因此，选项②观点错误，不选；
文化创新是文化富有生机和活力的保证，而不是凝聚力的保证。因此选项③表述
错误，不选；
科学技术的进步推动人类社会经济文化的发展，因此选项④正确；
故选：B。
",138,4
2016,（新课标ⅲ）,"9．（3分）在谈到中国选择了中国特色社会主义的发展道路时，习近平指出，“履
不必同，期于适足；治不必同，期于利民。”世界上没有放之四海而皆准的发
展道路。只有能够持续造福人民的发展道路，才是最有生命力的，这一论断
的哲学依据是（）
①矛盾的特殊性规定了一事物区别于他事物的特殊本质
②基于人民群众根本利益的发展道路才能得到人民群众的拥护
③认识矛盾的特殊性就能把握事物矛盾问题的精髓
④人民群众的意愿是衡量社会发展道路正确与否的根本标准。
A．①② B．①④ C．②③ D．③④
",A,"矛盾的特殊性的情形之一是不同事物有不同的矛盾，这些不同的矛盾构成了一事物区别于他事物的特殊本质，①正确，入选；
要树立正确的价值观，作出正确的价值判断和价值选择，必须自觉站在最广大人
民的立场上，把人民群众的利益作为最高的价值标准，②正确，入选；
矛盾的普遍性和特殊性的辩证关系原理是关于事物矛盾问题的精髓，③说法错
误，排除；
生产关系是否符合生产力发展水平是衡量社会发展道路正确与否的根本标准，④
说法错误，排除。
故选：A。
",139,4
2016,（新课标ⅲ）,"10．（3分）有人能在牛皮纸一样薄的钢板上焊接而不出现一丝漏点，有人能把
密封精度控制到头发丝的五十分之一……中央电视台推出特别节目《大国工
匠》，讲述实现中国梦征程中劳动者的故事，讴歌中国工人的精湛技艺和一丝不苟、精益求精、追求完美和极致的“工匠精神”。完成10﹣11题。
弘扬“工匠精神”时代价值之在于（）
①为社会主义核心价值观提供理论依据
②为社会主义核心价值观增添时代内涵
③为我国实现制造业转型升级提供现实路径
④为实现制造强国的中国梦提供重要的精神支持。
A．①② B．①③ C．②④ D．③④
",C,"一丝不苟、精益求精、追求完美和极致的“工匠精神”是社会主义核心价值观的个人层面在新时期的具体表现。
社会主义核心价值观的理论依据应是马克思主义指导思想，选项①错误，不选；
弘扬“工匠精神”的时代价值在于为社会主义核心价值观增添时代内涵，为实现中
国梦提供精神支持，而不能提供现实途径。因此选项③表述错误，不选；选
项②④符合题意；
故选：C。
",140,4
2016,（新课标ⅲ）,"11．（3分）有人能在牛皮纸一样薄的钢板上焊接而不出现一丝漏点，有人能把
密封精度控制到头发丝的五十分之一……中央电视台推出特别节目《大国工
匠》，讲述实现中国梦征程中劳动者的故事，讴歌中国工人的精湛技艺和一
丝不苟、精益求精、追求完美和极致的“工匠精神”。完成10﹣11题。
从唯物史观看，之所以讴歌劳动者，是因为（）
①劳动者是创造历史的社会主体和真正英雄
②脑力劳动与体力劳动者在劳动创造中的作用日益融合
③劳动者的知识结构随社会的发展而不断优化
④劳动者的生产活动是社会存在和发展的基础。
A．①② B．①④ C．②③ D．③④
",B,"本题强调从唯物史观的角度分析“讴歌劳动者”的原因，即从人民群众这
一角度入手，人民群众是历史的创造者，劳动者的生产活动是社会存在和发
展的基础。因此选项①④表述正确，符合题意，应选；选项②③均是从经济常识的角度谈的，并不符合题目要求，不选；
故选：B。
",141,4
2016,（新课标ⅲ）,"12．（3分）中国旧体诗多以中原及周边地区的生活为题材。进入近代，随着人
员交往、文化交流的增多，中国旧体诗出现了反映西方社会的内容，如“地冷
宜亲火，楼高可摘星”反映伦敦的阴冷气候和城市风貌：“开函喜动色，分明
是君容”反映照片给远方亲人带来的喜悦。从中国旧体诗内容的变化可以看出
（）
①意识内容的变化本质是人的反映方式的变化
②没有被反映者就不可能有任何意识的内容
③有什么样的意识内容就有什么样的反映对象
④意识内容的变化根源于社会生活实践的变化。
A．①② B．①③ C．②④ D．③④
",C,"中国旧体诗多以中原及周边地区的生活为题材。进入近代，随着人员交
往、文化交流的增多，中国旧体诗出现了反映西方社会的内容。据此推断出：
中国旧体诗内容的变化是因为社会生活发生了改变，因此选项①观点错误，不选；
选项④符合题意，应选；
中国旧体诗的内容来自于客观生活，没有被反映者自然不会有任何意识的内容。
所以选项②正确；
但是不同的主体由于立场、观点、思维方式等不同，对同一个对象会产生不同的
意识。因此选项③错误，不选；故选：C。
",142,4
2017,（新课标ⅰ）,"1．（ 4分）甲与乙是互补商品，假定甲的价格下降，其他条件不变，则乙的需
求变动图示是（ 　　） 
A．  B．   
C．  D．
",C,"在有互补关系的商品中 ，一种商品的价格下跌 ，在其他条件不变的情况
  下，不仅使该商品的需求量增加，也会使另一种商品的需求量增加。  
A不符合题意，图示表示随着价格的下降，需求增加。  
B不符合题意，图示表示随着价格的上涨，需求减少。  
C正确，图示表示在价格不变的情况下，需求增加。  
D不符合题意，图示表示在价格不变的情况下，需求减少。  
故选： C。
",143,4
2017,（新课标ⅰ）,"2．（ 4分）某地政府逐步将市政道路、地下管网、污水和垃圾处理、土壤和水
土修复等公益类项目和非运营类项目向社会开放 ，允许企业参股投资和经营 。
这一做法的目的在于（ 　　） 
①发挥不同所有制经济的优势  
②提高公益类项目的运营效率  
③让市场决定公共资源的配置  
④逐步建立国有资本退出机制。  
A．①②  B．①③  C．②④  D．③④
",A,"①符合题意，某地政府逐步将公益类项目和非运营类项目向社会开放 ，
允许企业参股投资和经营 ，这说明我国在坚持公有制经济的主体地位的同时 ，
积极地鼓励、支持、引导非公有制经济发展，激发非公有制经济的创造力和
活力；  
②符合题意 ，非公有制经济在支持经济增长 、促进创新等方面具有重要作用 ，公
益类项目和非运营类项目向社会开放，目的在于利用非公有制经济的优势，
进一步提高公益类项目的运营效率；  
③说法错误 ，市场在资源配置中起决定作用 ，而对于公共资源的配置 ，市场配置
存在失灵，市场解决不了国防、治安、消防等公共物品的供给问题，因此不
能让市场决定公共资源的配置，公益类项目和非运营类项目不能完全交给市
场，还需要政府的引导和监管；  
④说法错误 ，国有资本 、集体资本 、非公有资本等交叉持股 、相互融合的混合所
有制经济，是社会主义初级阶段基本经济制度的重要实现形式，有利于国有
资本增强控制力 、提高竞争力 ，有利于各种所有制资本取长补短 、相互促进 、
共同发展，但国有经济是我国国民经济的支柱，因此国有资本不可能退出。  
故选： A。
",144,4
2017,（新课标ⅰ）,"3．（ 4分）国内生产总值（ GDP）表示一个国家（或地区 ）在一定时期（通常为
一年）内所生产的最终产品和劳务的价格总和。 下列计入中国 GDP的产品或
劳务是（ 　　） 
A．北京厨师为家人做了一顿丰盛晚餐   
B．上海商人购买的一件精美的清代瓷器   
C．中国某企业在纽约工厂生产的汽车玻璃   
D．外国某企业在武汉工厂生产的空调和冰箱
",D,"A不合题意， GDP核算的生产范围不包括不支付报酬的自给性家庭服务
，因此厨师为家人做丰盛晚餐不计入中国 GDP的劳务；  
B不合题意 ，清代瓷器是古代生产并流传下来的文物 ，不属于当代中国在一定时
期内所生产的最终产品和劳务的价格总和，因此商人购买的清代瓷器不计入
中国 GDP的产品；  
C不合题意 ，GDP核算范围原则上包含了位于中国经济领土范围内具有经济利益
中心的所有常住单位的经济活动，而中国企业在纽约工厂生产汽车玻璃在范
围上不属于中国经济领土范围， 因此不计入中国 GDP的产品；  
D符合题意，国内生产总值（ GDP）表示一个国家（或地区 ）在一定时期（通常
为一年）内所生产的最终产品和劳务的价格总和，外国企业在武汉生产的空
调和冰箱属于在一定时期在中国生产的最终产品， 计入中国 GDP的产品。  
故选： D。
",145,4
2017,（新课标ⅰ）,"4．党的十八大以来，以习近平同志为核心的党中央，为全面建成小康社会，提
  出到 2020年确保我国现行标准下的农村贫困人口实现脱贫 ，贫困县全部摘帽，
解决区域性整体贫困的目标任务，对 “十三五 ”脱贫攻坚作出了全面部署。根据
材料回答 4～5题。  
实施脱贫攻坚战略，开展精准扶贫精准脱贫（ 　　） 
①是发展成果由人民共享的必然要求  
②发挥了我国的政治优势和制度优势  
③优先维护了贫困人口的政治经济权利  
④是完善农村基层群众性组织的重要举措。  
A．①②  B．①④  C．②③  D．③④
",A,"①符合题意 ，我国始终把实现好 、维护好、发展好做广大人民的根本利
益作为党和国家一切工作的出发点和落脚点，保障人民各项权益，不断在实
现发展成果由人民共享、促进人的全面发展上取得新成效。因此，实施脱贫
攻坚战略，开展精准扶贫精准脱贫是发展成果由人民共享的必然要求；  
②符合题意 ，我国是人民民主专政的社会主义国家 ，人民民主具有广泛性和真实
性，实施脱贫攻坚战略，开展精准扶贫精准脱贫，是发挥了我国的政治优势
和制度优势的体现；  
③说法错误 ，作为中国公民 ，我们平等地享有宪法和法律规定的政治权利 ，平等
地履行宪法和法律规定的义务，不存在优先维护贫困人口的政治经济权利的
现象；  
④不合题意 ，扶贫攻坚 、精准扶贫在全国范围内开展 ，包括不同层次的地区 ，不
限于农村，并且这不是基层群众自治的内容，因此不是完善农村基层群众性
组织的重要举措。  
故选： A。
",146,4
2017,（新课标ⅰ）,"5．党的十八大以来，以习近平同志为核心的党中央，为全面建成小康社会，提
出到 2020年确保我国现行标准下的农村贫困人口实现脱贫 ，贫困县全部摘帽
，解决区域性整体贫困的目标任务，对 “十三五 ”脱贫攻坚作出了全面部署。
根据材料回答 4～5题。  
2016年9月，某省探索发行易地扶贫搬迁债券，用于弥补国家级扶贫工作重点
县的资金缺口 。该债券首期额度 5亿元，社会资本认购高达 35亿元。以发行
债券方式支持扶贫，可以（ 　　） 
A．扩大扶贫资金的使用范围  B．减少政府扶贫资金的支出   
C．拓宽扶贫资金的筹措渠道  D．促进扶贫资金的精准运用
",C,"A不合题意，材料强调的是扶贫资金的筹集方式，没有提到扩大扶贫资
金的使用范围；  
B不合题意 ，材料只说某省通过发行政府债券来筹集扶贫资金 ，弥补国家级扶贫
工作重点县的资金缺口，并不是减少政府扶贫资金的支出；  
C符合题意 ，某省探索发行易地扶贫搬迁债券 ，用于弥补国家级扶贫工作重点县
的资金缺口，这样采用发行债券的方式筹集资金，用来支持扶贫，可以拓宽
扶贫资金的筹措渠道；  
D不合题意，材料没有强调资金的利用，因此与促进扶贫资金的精准运用无关 。 
故选： C。
",147,4
2017,（新课标ⅰ）,"6．（4分）2015年12月，国务院办公厅出台 《关于解决无户口人员登记户口问
题的意见》要求，进一步完善户口登记政策，禁止设立不符合户口登记规定
的任何前置条件：加强户口登记管理，切实保障每个公民依法登记一个常住
户口。此举的主要目的在于（ 　　） 
①推进法治建设，保障公民基本权利  
②转变政府职能，提高服务效率  
③完善户籍制度，提高社会管理水平  
④缩小城乡差别，提高人口素质。  
A．①②  B．①③  C．②④  D．③④
",B,"①③符合题意 ，国务院出台 《关于解决无户口人员登记户口问题的意见
》，进一步完善户口登记政策，禁止设立不符合户口登记规定的任何前置条
件，是政府在履行社会服务职能，这有利于推进法治建设，保障公民基本权
利；同时，可以完善户籍制度，有利于提高社会管理水平；  
②不合题意 ，材料中国务院强调进一步完善户口登记政策 ，没有体现政府转变职
能的内容；  
④不合题意 ，《关于解决无户口人员登记户口问题的意见 》，是针对无户口人员
登记问题的，并没有涉及城乡差别问题。  
  故选： B。
",148,4
2017,（新课标ⅰ）,"7．（4分）近些年来 ，中国同有关国家共同发起成立上海合作组织 ，建立中国 ﹣
东盟执法安全合作部长级对话机制，共同建设澜沧江 ﹣湄公河综合执法安全
  合作中心，积极支持 “亚洲相互协作与信任措施会议 ”加强能力和机制建设，
参与东盟主导的安全对话合作机制。中国的上述行动表明（ 　　） 
①中国积极推动形成适应本地区特点和需要的安全架构  
②中国坚持走和平发展道路，积极开展睦邻友好合作  
③双边合作是中国推动地区安全机制建设的主要方式  
④中国已逐步成为协调亚太地区各国间安全事务的中心。  
A．①②  B．①③  C．②④  D．③④
",A,"①符合题意 ，近年来，我国积极参加和有关国家成立上海合作组织等一
系列活动，积极与周边国家开展合作，努力构建安全合作机制，积极推动形
成适应本地区特点和需要的安全架构，是基于本国的国家利益的考虑；  
②符合题意 ，和平与发展是当今时代的主题 ，我国与周边国家成立上海合作组织
、参与东盟主导的安全对话合作机制反映了积极走和平发展道路，积极开展
睦邻友好合作；  
③不合题意 ，我国参加上海合作组织 ，建立上海 ﹣东盟执法安全合作部长对话机
制等，都是与周边多个国家共同开展的，可见多边合作是中国推进地区安全
机制建设的主要方式，而不是双边合作；  
④说法错误 ，题干强调我国同有关国家共同发起成立上海合作组织 、积极参加多
种安全合作机制的建设 ，“中国已逐步成为协调亚太地区各国间安全事务的中
心”夸大了中国的地位。   
故选： A。
",149,4
2017,（新课标ⅰ）,"8．（ 4分）党的十八大以来，我国大力推进科技创新，世界一流科技成果不断
涌现。世界第一颗量子通讯卫星 “墨子号 ”遨游太空， 50米口径球面射电望远
镜世界领先， “蛟龙号 ”创造了作业类载人潜水器下潜深度新的世界纪录，超
级计算机排名稳居世界第一 ……大力推进科技创新的文化意义在于（ 　　） 
①凸显了科学素养在文化素养中的核心地位  
②为文化发展提供强大的物质技术手段  
③强化文化的统一性、缩小文化的差异性  
④增强对中国特色社会主义的文化自信。  
A．①②  B．①③  C．②④  D．③④
",C,"①说法错误 ，人的文化素养是多方面的 ，其中具有方向性作用 、处于核
心地位的是世界观、人生观、价值观，而不是科学素养；  
②符合题意 ，科学技术的进步是促进经济发展的重要因素 ，也是推动文化发展的
重要因素，我国大力推进科技创新，取得了一系列的成果，大力推进科技文
化创新能够为文化发展提供强大的物质技术手段，促进文化的传播、继承与
发展。故正确。  
③说法错误 ，文化具有多样性 ，世界文化多姿多彩 ，并不具有统一性 ，选项表述
错误，且题干强调我国发展科技创新，取得了许多世界一流科技成果，并没
有体现文化的差异性；  
④符合题意 ，我国大力推进科技创新 ，取得一系列世界一流科技成果 ，有利于发
展科学的社会主义文化 ，有利于增强中国特色社会主义的文化自信 。故正确。 
故选： C。
",150,4
2017,（新课标ⅰ）,"9．（ 4分）2015年12月联合国巴黎气候变化大会通过《巴黎协定 》要求，各国
以“自主贡献 ”的方式参与全球应对气候变化行动，发达国家继续带头减排，
并对发展中国家减缓和适应气候变化提供资金、技术和能力建设的支持。协
定坚持了发达国家与发展中国家共同但有区分的责任原则，这一原则体现的
唯物辩证法道理是（ 　　） 
①矛盾的主要方面规定了事物的性质  
②主要矛盾在事物发展中起决定作用  
③任何事物都是共性与个性、一般与个别的统一  
④只有把握矛盾的普遍性与特殊性的联结，才能认识事物的本质。  
A．①②  B．①③  C．②④  D．③④
",D,"①说法错误，主要矛盾的主要方面规定事物的性质；  
②不合题意 ，材料表述的是各国应对气候变化过程中应当承担的责任 ，只有一个
矛盾，不存在多个矛盾，所以不存在主次矛盾；  
③符合题意，协定坚持  了发达国家与发展中国家共同但有区别的责任原则，表
明任何事物都是共性与个性，一般与特别的统一；  
④符合题意 ，各国需要在应对气候变化过程中承担共同责任 ，体现了矛盾的普遍
性；但是发达国家需要承担有区别的责任，体现了矛盾的特殊性，二者联结 ，
促成人们对应对气候变化的正确认识；  
故选： D。
",151,4
2017,（新课标ⅰ）,"10．（ 4分）某科技创业园区创建了集创业者、专家等多种资源于一体的创新平
台﹣﹣ “零工社区 ”。各类专家以 “打零工 ”的方式回答 、解决创业者提出的问题
，创业者通过与专家交流，获得信息资源，把创新思路转化为产品，提高了
  创业成功率。 “零工社区 ”推动创新创业发展得益于（ 　　） 
①专家及时回应和解答创业实践中的新问题  
②创业者用直接经验检验专家的间接经验  
③专家及时把创业者的实践经验上升为系统的理论  
④创业者善于把创新认识转化为创业实践成果。  
A．①②  B．①④  C．②③  D．③④
",B,"①符合题意 ，正确的认识 、科学的理论对实践有巨大的指导作用 ，因此
，专家及时回应和解答创业实践中的新问题能推动创新创业发展；  
②不合题意 ，材料表明 ，在创新创业的过程中 ，专家对创业者进行指导 ，而不是
创业者对专家经验的检验；  
③不合题意 ，材料只提到在创新创业的过程中 ，专家对创业者进行指导 ，但是并
没有提到专家将经验上升为理论的内容；  
④符合题意 ，实践具有直接现实性 ，可以把人们头脑中的观念的存在变为现实的
存在， “零工社区 ”推动创新创业发展得益于创业者善于把创新认识转化为创
业实践成果。  
故选： B。
",152,4
2017,（新课标ⅰ）,"11．（ 4分）传统石油钻井产生了大量的废弃泥浆，占用土地，污染环境。某油
气田采用 “泥浆不落地处理与循环利用技术 ”，将废弃泥浆制成免烧砖等，既
有效消除了钻井污染隐患，又节约了土地、水泥等资源。钻井废弃泥浆的资
源利用佐证了（ 　　） 
①通过实践活动可以建立事物的新联系  
②正确发挥主观能动性就能消除客观条件的制约  
③事物联系的多样性决定于人类实践活动的多样性  
④把握事物联系的多样性有利于价值的创造性实现。  
A．①②  B．①④  C．②③  D．③④
",B,"①符合题意 ，钻井废弃泥浆的资源利用佐证了人在在联系面前并不是无
能为力的，人们可以根据事物固有的联系，通过实践，改变事物的状态，调
整原有的联系，建立新的联系；  
②说法错误 ，正确发挥主观能动性 ，人能够正确利用规律 ，但是并不能消除客观
  条件的制约；  
③说法错误 ，事物联系的多样性是本来就存在的规律 ，并不是由人类实践活动的
多样性决定的；  
④符合题意 ，某油气田采用 “泥浆不落地处理与循环利用技术 ”，将废弃泥浆制成
免烧砖等，将无用的泥浆转化为有用的免烧砖，表明把握事物联系的多样性
有利于价值的创造性实现。  
故选： B。
",153,4
2017,（新课标ⅰ）,"12．（ 4分） 2016年12月，习近平在全国高校思想政治工作会议上发表讲话强
调，做好高校思想政治工作，要因事而化、因时而进、因势而新。要遵循思
想政治工作规律，遵循教书育人规律，遵循学生成长规律，不断提高工作能
力和水平。上述论断包含的哲学方法论是（ 　　） 
①一切以时间、地点、条件为转移  
②以创新意识作为实践的出发点  
③从一般到个别、再到一般的认识方法  
④把发挥主观能动性和遵循客观规律结合起来。  
A．①②  B．①④  C．②③  D．③④
",B,"①符合题意， “做好高校思想政治工作，要因事而化、因时而进、因势
而新 ”是因为联系具有多样性 ，因此，我们要一切以时间 、地点、条件为转移
； 
②说法错误，实践的出发点是实际情况，并不是创新意识；  
③不合题意，材料主旨没有强调要遵循从一般到个别、再到一般的认识方法；  
④符合题意 ，习近平要求我们要因事而化 、因时而进 、因势而新 ，充分发挥自身
的主观能动性，同时要遵循教书育人规律，遵循学生成长规律，要把发挥主
观能动性和遵循客观规律结合起来。  
故选： B。
",154,4
2017,（新课标ⅱ）,"1．（ 4分）全球智能手机市场品牌众多，竞争激烈。 2016年，多数国际厂商出
货量同比下滑。中国某厂商依托技术创新和流程创新，自主开发芯片、电池
等核心部件 ，生产出功能更强 、性价比更高的手机 ，出货量逆势增长 58.4%．
该厂商的成功得益于（ 　　） 
①依托自主开发提高社会劳动生产率，使商品价值增加  
②个别劳动生产率高于社会劳动生产率，获得竞争优势  
③依托自主创新提高商品的使用价值，扩大了商品需求  
④个别劳动时间大于社会必要劳动时间，商品价值增加。  
A．①②  B．①④  C．②③  D．③④
",C,"①错误，该厂商依托自主开发提高劳动生产率 ，是个别劳动生产率 ，而
不是社会劳动生产率，再者，商品价值量与社会劳动生产率成反比，社会劳
动生产率提高的话，商品价值量应该降低；  
②正确， “中国某厂商依托技术创新和流程创新，自主开发芯片、电池等核心部
件，生产出功能更强、性价比更高的手机， 出货量逆势增长 58.4%”说明该厂
商通过自主创新、科技进步提高了自身的生产效率，使个别劳动生产率高于
社会劳动生产率，获得了竞争优势；  
③正确， “依托技术创新和流程创新，自主开发芯片、电池等核心部件，生产出
功能更强、性价比更高的手机， 出货量逆势增长 58.4%”，说明依托自主创新
提高商品的使用价值，提供高质量的商品，扩大了商品需求；  
④错误， 一：如果该厂商的个别劳动时间大于社会必要劳动时间，该厂商不会成
功；二：商品价值量不是由个别劳动时间决定的，是由社会必要劳动时间决
定的；  
故选： C。
",155,4
2017,（新课标ⅱ）,"2．（4分）2016年4月至 2017年4月，人民币对美元的汇率中间价 （人民币元
/100美元）由645.79振荡走高至 689.06，这对我国对外经济造成重要影响，
若不考虑其他因素，下列推导正确的是（ 　　） 
A．美元升值 →中国商品在美国市场的价格下降 →不利于中国商品出口美国  
B．美元贬值 →美国商品在中国市场的价格上升 →有利于中国进口美国商品  
C．人民币升值 →中国企业在美国投资成本下降 →有利于中国企业在美国投资  
D．人民币贬值 →中国企业在美国投资成本上升 →不利于中国企业在美国投资
",D,"由题意中 “人民币对美元的汇率中间价（人民币元 /100美元）由645.79
振荡走高至 689.06”，可以得出 ：人民币贬值，美元升值，有利于出口，不利
于进口，因此：  
A错误，有利于中国商品出口美国；  
B错误，美元升值；  
C错误，人民币贬值；  
D正确，人民币贬值 ，使得中国企业在美国投资成本上升 ，这不利于中国企业在
美国投资；  
故选： D。
",156,4
2017,（新课标ⅱ）,"3．（ 4分）图a和图 b分别反映 1995年和 2014年亚太区主要国家的贸易依存
网络。箭头 “甲→乙”表示乙国为甲国最大的贸易伙伴。 图a到图 b的变化说
明（　　） 
 
①中国逐步成为亚太地区的贸易中心  
②亚洲区域内贸易在全球贸易中的作用日益突出  
  ③日本与亚太国家之间的相互依赖相互联系增强  
④国际贸易从多边贸易为主向双边贸易为主转变。  
A．①②  B．①④  C．②③  D．③④
",A,"①符合题意，由图 “1995年亚太地区主要国家贸易依存网络 ”可以看出 ，
美国是多数国家的最大贸易伙伴 ；而2014年，中国则成为亚太地区多数国家
的最大贸易伙伴，这说明中国正逐步成为亚太地区的贸易中心；  
②符合题意 ，图示体现了亚太地区贸易依存网络 ，多数国家的最大贸易伙伴由美
国向中国转变，同时中国也变成了澳大利亚的最大贸易伙伴国，表明亚洲区
域内贸易在全球贸易中的作用日益突出；  
③不合题意，由图中可以看出， 1995年日本是澳大利亚的最大贸易伙伴，而美
国又是日本的最大贸易伙伴； 2014年，中国则取代美国成为日本的最大贸易
伙伴，而日本已经不是其他国家的最大贸易伙伴，这反而体现了日本与亚太
国家之间的相互依赖相互联系减弱；  
④不合题意 ，多边贸易是指三个或三个以上的国家 ，为求相互间的收支在整体上
获得平衡，通过协议在多边结算的基础上所进行的贸易；双边贸易是指两个
国家或地区之间的贸易，图中没有体现出。  
故选： A。
",157,4
2017,（新课标ⅱ）,"4．（ 4分） 2016年7月国务院印发《关于推动中央企业结构调整与重组的指导
意见》，明确下一阶段央企改革的重点工作：巩固加强一批、创新发展一批 、
重组整合一批、清理退出一批。新一轮央企改革的目的在于（ 　　） 
①推动资源整合，实现国有资本的优化配置  
②增强央企活力，不断提高国有经济的控制力和影响力  
③促进央企强强联合，提高国有经济在国民经济中的比重  
④完善我国生产资料所有制，巩固公有制经济的主导地位。  
A．①②  B．①④  C．②③  D．③④
",A,"①符合题意，由材料可知， 2016年7月国务院明确下一阶段央企改革
的重点工作，中央企业结构调整与重组体现的是自愿的优化配置与整合，这
说明新一轮央企改革的目的在于推动资源整合，实现国有资本的优化配置；  
②符合题意，由材料 “明确下一阶段央企改革的重点工作：巩固加强一批、创新
发展一批 、重组整合一批 、清理退出一批 ”可知，这些措施能够搞活国有经济
，增强央企活力，从而不断发展壮大国有经济，不断提高国有经济的控制力
和影响力，这显然是央企改革的目的；  
③不合题意 ，央企改革能够在一定程度上促进一部分央企的强强联合 ，但是国有
经济在国民经济中的比重本来就很高，提高比重并不是改革的目的；  
④不合题意 ，我国的生产资料所有制已经很明确 ，不需要完善 ，且公有制经济的
主体地位不可动摇，央企改革的目的在于盘活国有资本，而不是完善我国生
产资料所有制、巩固公有制经济的主导地位。  
故选： A。
",158,4
2017,（新课标ⅱ）,"5．（ 4分）某地为治理村委会公章管理不严、随意乱盖章现象，将村委会公章
存到乡镇政府 “柜子 ”里，由乡镇政府 “代管 ”。这一做法受到社会质疑而被叫停
。叫停 “村章乡管 ”的主要理由在于（ 　　） 
①乡镇政府承担了过多的行政管理事务  
②乡镇政府没有管理农村公共事务的职能  
③乡镇政府不能代行村委会的自我管理权  
④应当维护基层群众性自治组织的民主权利。  
A．①②  B．①④  C．②③  D．③④
",D,"①说法错误 ，村委会公章应由村委会来管理 ，而不是由乡镇政府 ，管理
村委会公章并不是乡镇政府的行政管理内容；  
②说法错误 ，农村公共事务包括繁荣发展农村文化 、大力办好农村教育事业 、促
进农村医疗卫生事业发展、健全农村社会保障体系、加强农村基础设施和环
境建设、推进农村扶贫开发、加强农村防灾减灾能力建设、强化农村社会管
理等，乡镇政府有管理农村公共事务的职能，村委会的公章管理不属于农村
公共事务；  
③符合题意 ，在农村，村民委员会是村民自我管理 、自我教育 、自我服务的基层
群众性自治组织，广大农民群众在村民委员会的带领下，实行村民自治，在
实践中学习和掌握管理村务的本领，切实行使民主管理的权利，乡镇政府作
为我国的基层政府，不能代行村委会的自我管理权；  
④符合题意 ，发展基层民主 ，实行村民自治 ，以保证人民群众依法直接行使民主
权利，管理基层公共事务和公益事业 。某地将村委会公章存到乡镇政府 “柜子
”里，由乡镇政府 “代管 ”，不能保证人民群众依法直接行使民主权利 ，叫停 “村
  章乡管 ”，维护基层群众性自治组织的民主权利。  
故选： D。
",159,4
2017,（新课标ⅱ）,"6．（ 4分） 2017年4月，中共中央、国务院决定设立河北雄安新区。这是以习
近平同志为核心的党中央深入推进实施京津冀协同发展战略、积极稳妥有序
疏解北京非首都功能作出的一项重大决策部署。设立雄安新区是（ 　　） 
①党中央治国理政新理念新思想战略的重大实践  
②深化体制机制改革，促进全面发展的制度创新  
③党和政府全心全意为人民服务宗旨的重要体现  
④推进我国行政区划全面改革与调整的重要举措。  
A．①②  B．①③  C．②④  D．③④
",B,"①符合题意 ，设立雄安新区是党中央深入推进实施京津冀协同发展战略
、积极稳妥有序疏解北京非首都功能作出的一项重大决策部署，这是党中央
治国理政新理念新思想战略的重大实践。故正确。  
②不合题意，设立雄安新区是为了推进京津冀协同发展，没有涉及到制度创新 ； 
③符合题意 ，河北雄安新区的设立 ，有利于促进京津冀协同发展 ，缓解北京的非
首都功能，体现了党和政府全心全意为人民服务的宗旨；  
④不合题意 ，题干强调中共中央 、国务院决定设立河北雄安新区 ，只是局部行政
区划的调整，而不是推进我国行政区划全面改革与调整。  
  故选： B。
",160,4
2017,（新课标ⅱ）,"7．（ 4分）某社区有汉、回、白、彝、傣等二十多个民族居住。每逢民族节日 ，
各族群众都一起欢庆， “同过民族节，众筹百家宴 ”。在泼水节大家到民族团
  结广场相互泼水祈福，在火把节组织篝火晚会一起载歌载舞，在开斋节一起
吃馓子、油香 ……该社区各族群众同过民族节（ 　　） 
①是各民族实现共同繁荣的有效途径  
②体现了平等团结互助和谐的民族关系  
③实现了多民族地区社区组织的自我完善  
④是各民族相互尊重、文化交融的生动写照。  
A．①②  B．①③  C．②④  D．③④
",C,"①不合题意 ，该社区各族群众通过民族节日是巩固新型民族关系的有效
途径；  
②说法正确 ，该社区各族群众同过民族节日有利于巩固和发展平等团结互助和谐
的民族关系；  
③不合题意，该社区各族群众同过民族节日与社区组织的自我完善无关；  
④说法正确 ，庆祝民族节日 ，是民族文化的集中展示 ，也是民族情感的集中表达
，社区各族群众同过民族节日是各民族相互尊重、文化交融的生动写照；  
故选： C。
",161,4
2017,（新课标ⅱ）,"8．（ 4分）近年来，大批中国游客到俄罗斯参观 “阿芙乐尔 ”号巡洋舰、斯莫尔
尼宫、列宁墓等，感受俄罗斯红色文化的魅力。同时，毛泽东故居等中国红
色旅游项目越来越受到俄罗斯人的喜爱。中俄两国之间红色旅游发展得益于
两国的红色文化（ 　　） 
①是推动两国文化发展的主导性因素  
②是满足两国民众文化需求的重要资源  
③既具有共同的精神内涵又各具鲜明特色  
④规定着各自民族文化内容和形式的多样性。  
A．①②  B．①④  C．②③  D．③④
",C,"①错误， “主导因素 ”，说法错误；  
②正确，“中国游客到俄罗斯参观 “阿芙乐尔 ”号巡洋舰 、斯莫尔尼宫 、列宁墓等 ，
感受俄罗斯红色文化的魅力 ”，“毛泽东故居等中国红色旅游项目越来越受到
俄罗斯人的喜爱 ”，这说明中俄两国之间红色旅游发展得益于两国的红色文化
是满足两国民众文化需求的重要资源；  
③正确，中俄两国之间红色旅游发展得益于两国的红色文化是民族的 ，又是世界
的，既有共同的精神内涵又具有鲜明特色；  
④错误，不同民族和国家文化内容和形式各具特色，规定了文化的多样性；  
故选： C。
",162,4
2017,（新课标ⅱ）,"9．（ 4分） 2016年9月，中国歌剧舞剧院复排的民族歌剧《小二黑结婚》在北
京上演。该剧既保留了原汁原味的地域性音乐风格，又融入了时尚元素，洋
溢着青春气息，在表演样式，舞美设计、服装造型等方面进行了新的探索，
演出取得了极大成功，受到观众热烈欢迎。这表明（ 　　） 
①优秀传统文化具有超越时空的艺术价值  
②只有赢得市场，优秀传统文化才有价值  
③只要引入流行元素，优秀传统文化就能很好地传承  
④善于推陈出新，优秀传统文化才能满足人们的新需求。  
A．①②  B．①④  C．②③  D．③④
",B,"①④符合题意，材料中中国歌剧舞剧院复排的民族歌剧《小二黑结婚 》
，既保留了原汁原味的地域性音乐风格，又融入了时尚元素，得到现代观众
的欢迎，说明优秀传统文化具有超越时空的艺术价值 ，也说明善于推陈出新 ，
优秀传统文化才能满足人们的新需求；  
②表述错误，优秀传统文化不一定要通过市场才能表现出价值；  
③表述错误 ，说法不全面 ，优秀传统文化的传承不仅仅需要引入流行元素 ，还需
要其它条件。  
故选： B。
",163,4
2017,（新课标ⅱ）,"10．（4分）2016年9月，袁隆平领衔的超级杂交稻第五期攻关项目第二次测产
验收在湖南某地进行，攻关品种 “广湘 24S/R900” 的测产没有达到预期目标，
未能通过验收 。面对失败 ，袁隆平坦然接受 。这一事例反映的认识论道理是 （　　
） 
  ①实践是检验认识的真理性的唯一标准  
②认识主体对于获得真理性认识没有影响  
③不成功的实践对认识的发展没有价值  
④正确认识往往要经过实践和认识的多次反复才能完成。  
A．①②  B．①④  C．②③  D．③④
",B,"①正确， “攻关品种 “广湘 24S/R900” 的测产没有达到预期目标，未能通
过验收 ”，说明实践是检验认识的真理性的唯一标准；  
②错误，人们获得真理性认识受到认识主体的影响；  
③错误， “没有价值 ”说法错误；  
④正确， “攻关品种 “广湘 24S/R900” 的测产没有达到预期目标，未能通过验收。
面对失败 ，袁隆平坦然接受 ”，因为认识具有反复性 ，正确认识往往要经过实
践和认识的多次反复才能完成；  
故选： B。
",164,4
2017,（新课标ⅱ）,"11．（ 4分）党的十八届五中全会强调，实现 “十三五 ”时期发展目标，破解发展
难题，厚植发展优势，必须牢固树立并切实贯彻创新、协调、绿色、开放、
共享的发展理念。这是因为（ 　　） 
①发展理念反映了发展实践的曲折性  
②发展理念正确与否关乎发展实践的成败  
③发展理念往往是发展实践变革的先导  
④发展理念变革意味着消除以往发展理念的影响。  
A．①②  B．①④  C．②③  D．③④
",C,"①错误，发展理念反映了发展实践的正确性；  
②正确，正确的认识 （真理或科学理论 ）对实践有巨大的指导作用 。错误的认识
，不科学的理论则会把实践引入歧途，因此，发展理念正确与否关乎发展实
践的成败；  
③正确，实践基础上的理论创新是社会发展和变革的先导 ，因此，发展理念往往
  是发展实践变革的先导；  
④错误， “消除 ”一词说法不当；  
故选： C。
",165,4
2017,（新课标ⅱ）,"12．（ 4分）习近平在纪念红军长征胜利 80周年大会上发表讲话强调，理想信
念的坚定，来自思想理论的坚定。中国共产党人的理想信念，建立在马克思
主义科学真理的基础之上，建立在马克思主义揭示的人类社会发展规律的基
础之上，建立在为最广大人民谋利益的崇高价值的基础之上，上述论断蕴含
的价值观道理是（ 　　） 
①有什么样的价值观就有什么样的真理观  
②有正确的价值观引导，就能把握社会发展的规律  
③只有遵循社会发展的客观规律，才能树立正确的价值观  
④最广大人民的根本利益是衡量价值观正确与否的最高标准。  
A．①②  B．①④  C．②③  D．③④
",D,"①错误，并不是价值观决定真理观；  
  ②错误，夸大了价值观的作用；  
③④符合题意， “中国共产党人的理想信念，建立在马克思主义科学真理的基础
之上，建立在马克思主义展示的人类社会发展规律的基础之上，建立在为最
广大人民谋利益的崇高价值的基础之上 ”说明坚持正确的价值判断和价值选
择必须自觉遵循社会发展的客观规律，才能树立正确的价值观，要自觉站在
最广大人民的立场上，最广大人民的根本利益是衡量价值观正确与否的最高
标准；  
故选： D。
",166,4
2017,（新课标ⅲ）,"1．（4分）某人使用信用卡在北京透支购买了一台标价8000元的外国品牌笔记
本电脑，在免息期内通过银行偿还了该笔消费款。在这一过程中，货币执行
的职能是（）
A．价值尺度、支付手段和世界货币
B．流通手段、贮藏手段和支付手段
C．价值尺度、流通手段和支付手段
D．流通手段、价值尺度和世界货币
",C,"货币执行价值尺度的形式是只需要观念上的货币，并不需要现实的货币。
因此标价8000元，货币执行的职能是价值尺度。“购买”说明货币执行的职能
是流通手段。
“在免息期内通过银行偿还了该笔消费款”说明货币执行的职能是支付手段。故
ABD错误C正确。
故选：C。
",167,4
2017,（新课标ⅲ）,"2．（4分）因钢铁行业复苏，导致对铁矿石需求增加。在此情景下，占全球70%
以上市场份额的四大矿产企业不断增产，引发业界对铁矿石价格战的担忧。
对于这种担忧的产生，若用供求曲线来反映，正确的是（）
A．
 B．
C．
 D．
",A,"A符合题意，图中S1与D1的相交处属于供求平衡点，在矿产企业不
断增产后，供过于求，价格会下降，因此S2与D2的相交处对应的价格应该
下降，低于原平衡点对应的价格，故本图分析正确；
B不合题意，图中的D1向D2平移，代表需求不变，而材料强调“因钢铁行业
复苏，导致对铁矿石需求增加”即需求应该增加，故排除；
C不合题意，图中的S1向S2平移，代表供给不变，而材料中强调“四大矿产企
业不断增产”即供给量增加，故排除；
D不合题意，供求关系变动后，供求平衡点对应的价格应该低于原平衡点对应的
价格，而此处变动后平衡点对应的价格反而高于原价格，故排除。
故选：A。
",168,4
2017,（新课标ⅲ）,"3．（4分）为实施精准扶贫方略，2016年我国对120万个贫困家庭的新增劳动
力进行职业教育培训，实现一人长期就业，全家稳定脱贫。这一举措的依据
是（）
①劳动者就业是社会存在和发展的基础
②促进就业是我国分配制度的基本要求③职业培训促进就业，就业是民生之本
④共同富裕是中国特色社会主义的根本原则。
A．①② B．①③ C．②④ D．③④
",D,"①表述错误，物质资料的生产方式是社会存在和发展的基础；
②表述错误，我国分配制度的基本要求即基本原则是按劳分配，不是促进就业；
③符合题意，“我国对120万个贫困家庭的新增劳动力进行职业教育培训”是因为
通过职业培训可以促进就业，而就业是民生之本；
④符合题意，“实现一人长期就业，全家稳定脱贫”可缩小收入差距，促进社会公
平，因为共同富裕是中国特色社会主义的根本原则。
故选：D。
",169,4
2017,（新课标ⅲ）,"4．（4分）2016年，我国境内投资者对全球164个国家和地区进行了非金融类
直接投资，累计实现投资11299.2亿人民币元，居世界第二位，近10年平均
增幅超过25%．中国对外投资蓬勃发展的积极意义在于（）
①减少中国外汇储备规模，降低汇率风险
②促进投资对象国的就业增长和经济发展
③推进经济全球化和资本市场一体化发展
④实现中国企业“走出去”，提高国际化经营能力。
A．①② B．①③ C．②④ D．③④
",C,"①不合题意，“近10年平均增长幅度超过25%，中国对外投资蓬勃发
展”说明我国外汇储备规模是在增加的，“减少中国外汇储备规模，降低汇率
风险”说法错误；
②符合题意，“我国境内投资者对全球164个国家和地区进行了非金融类直接投
资”有利于增加投资对象国的就业岗位，促进就业增长，带动经济发展；
③不合题意，资本市场是政府、企业、个人筹措长期资金的市场，包括长期借贷市场和长期证券市场，在长期借贷中，一般是银行对个人提供的消费信贷；
在长期证券市场中，主要是股票市场和长期债券市场。题干中“非金融类直接
投资”不属于资本市场；
④符合题意，坚持对外开放的基本国策，把“引进来”和“走出去”更好地结合起来，
扩大开放领域，优化开放结构，提高开放质量，完善内外联动，互利共赢、
多元平衡，安全高效的开放型经济体系，形成经济全球化条件下参与国际经
济合作和竞争的新优势，中国对外投资蓬勃发展有利于实现中国企业“走出
去”，提高国际化经营能力。
故选：C。
",170,4
2017,（新课标ⅲ）,"5．（4分）某省在建设服务型政府过程中，对公共服务“做加法”，对增加办事门
槛和费用负担的中介服务“做减法”。截至2017年1月，“公共服务清单”新增
2505个服务项目，增幅135%；“中介服务清单”取消或规范147个项目。精
简比例达43%．两个清单的形成和公布，意义在于（）
①减少政府财政支出，降低公共管理成本
②拓展政府的基本职能，健全公共服务体系
③明确政府服务内容，提高公共管理水平
④方便社会监督，防止政府的缺位和权利滥用。
A．①② B．①④ C．②③ D．③④
",D,"①不合题意，两个清单的形成和公布的目的不是为了减少政府财政支出
和降低公共管理成本；
②表述错误，政府的职能是法定的，不能随便拓展；
③④符合题意，“对公共服务‘做加法’，对增加办事门槛和费用负担的中介服务‘做
减法’”，实行“公共服务清单”和“中介服务清单”，有利于明确政府服务内容，
提高公共管理水平，有利于方便社会监督，防止政府的缺位和权利滥用。
故选：D。
",171,4
2017,（新课标ⅲ）,"6．（4分）某人大代表履职13年。共提交42项建议和议案，与所在县每个乡定
点联系人保持定期联系；呼吁保护非物质文化遗产、建立藏东南博物馆，．还
就提高边民补贴和偏远地区的工程造价标准等提出建议。该代表通过上述行
为（）
①行使宪法和法律规定的职权②反映基层群众的意见和要求
③行使地分人大代表的表决权
④保障了我国公民能够当家作主。
A．①② B．①③ C．.②④ D．③④
",A,"①符合题意，材料中人大代表提交42项建议和议案，是在行使宪法和
法律规定的提案权；
②符合题意，“与所在县每个乡定点联系人保持定期联系，还就提高边民补贴和
偏远地区的工程造价标准等提出建议”体现人大代表在反映基层群众的意见
和要求；
③不合题意，材料不涉及人大代表的表决权；
④表述错误，在我国，由人民当家作主。
故选：A。
",172,4
2017,（新课标ⅲ）,"7．（4分）2017年1月，根据中共中央关于国家监察体制改革试点方案和全国
人大常委会的决定，北京市、山西省、浙江省的人民代表大会分别产生监察
委员会。新的监察委员会与党的纪律检查委员会合署办公，整合政府、检察
等部门的监察力量，将人大、政协、法院、检察院及其他公共部门纳入监察
范围。这一改革旨在（）
①实现对国家公职人员的监察全覆盖
②清除公共部门滋生腐败的社会土壤
③建立集中统一、权威高效的监察体系
④搭建群众直接监督公共权力的新平台。
A．①② B．①③ C．②④ D．③④
",B,"①符合题意，成立的新的监察委员会与党的纪律检查委员会合署办公，
整合政府、检察等部门的监察力量，将人大、政协、法院、检察院及其他公
共部门纳入监察范围，有利于实现对国家公职人员的监察全覆盖；②说法错误，改革的目的并不是仅仅清除公共部门滋生腐败的社会土壤；
③符合题意，由人民代表大会产生的新的监察委员会与党的纪律检查委员会合署
办公，整合政府、检察等部门的监察力量，将人大、政协、法院、检察院及
其他公共部门纳入监察范围，这样有利于建立集中统一、权威高效的监察体
系；
④不合题意，题干强调新的监察委员会与党的纪律检查委员会合署办公，将人大、
政协、法院、检察院及其他公共部门纳入监察范围，并没有搭建群众直接监
督公共权力的新平台；
故选：B。
",173,4
2017,（新课标ⅲ）,"8．（4分）80多年来，红军长征这一人类历史上最壮丽的远征吸引了国外许多
作家和记者，诞生了许多优秀作品。埃德加•斯诺著《红星照耀中国》，哈里
森•索尔兹伯里写《长征﹣﹣前所未闻的故事》，向全世界展现了长征这部壮
丽史诗，引起强烈反响。这表明（）
①革命文化既是民族的又是世界的
②革命文化具有历久弥新的精神价值
③革命文化的内涵是在交流过程中确定的
④革命文化通过大众传媒的传播而具有价值。
A．①② B．①③ C．②④ D．③④
",A,"①符合题意，国外许多作家和记着写出许多中国红军长征的优秀作品，
表明革命文化既是民族的又是世界的；
②符合题意，“80多年来，红军长征这一人类历史上最壮丽的远征吸引了国外许
多作家和记着，诞生了许多优秀作品，向全世界展现了长征这部壮丽史诗，
引起强烈反响”表明革命文化具有历久弥新的精神价值；
③表述错误，革命文化的内涵早已确定，而不是在交流过程中确定的；
④表述错误，说法片面，革命文化在革命年代就具有很大的价值，指引着革命前
进的方向，不只是通过大众传媒的传播才具有，且材料不体现大众传媒在文
化传播中的作用。
故选：A。
",174,4
2017,（新课标ⅲ）,"9．（4分）2016年10月，习近平在主持中共中央政治局第三十六次集体学习时
强调，当今世界，网络信息技术日新月异，全面融入社会生产生活。要强化
互联网思维，利用互联网扁平化、交互式、快捷性优势，推进政府决策科学
化、社会治理精准化、公共服务高效化。强化互联网思维的依据是（）①互联网思维决定了网络时代社会形态的性质和面貌
②互联网思维适应了网络时代社会生产和生活的需要
③网络信息技术的发展水平是衡量社会意识先进与否的主要尺度
④网络信息技术的发展推动生产方式、生活方式和思维方式的变革。
A．①② B．①③ C．②④ D．③④
",C,"①表述错误，“互联网思维”属于社会意识，不能对社会发展起决定作用；
②符合题意，社会存在决定社会意识，社会意识是对社会存在的反映。“当今世
界，网络信息技术日新月异，全面融入社会生产生活”，是因为互联网思维适
应了网络时代社会生产和生活的需要；
③表述错误，社会意识先进与否的主要尺度是看社会意识是否能促进社会存在的
发展；
④符合题意，社会意识对社会存在有能动的反作用，先进的社会意识促进社会存
在的发展。强化互联网思维可“利用互联网扁平化、交互式、快捷性优势，推
进政府决策科学化、社会治理精准化、公共服务高效化”，原因是网络信息技术的发展推动生产方式、生活方式和思维方式的变革。
故选：C。
",175,4
2017,（新课标ⅲ）,"10．（4分）“爆竹声中一岁除”是传承千百年的中国春节习俗，然而2017年春节
期间，许多人选择少放甚至不放烟花爆竹，北京、上海等许多城市的烟花爆
竹燃放量较往年大幅减少，空气质量明显改善。在从“放”到“少放”或“不放”
的变化中，人们的环保意识不断增强，绿色环保过春节正成为“新年俗”。年
俗的这种变化表明（）
①社会意识是随着时间的推移而自主变化的
②社会意识可以先于社会存在而变化
③社会意识的变化总是滞后于社会存在的变化
④社会意识的变化归根到底是社会存在变化的反映。
A．①② B．①③ C．②④ D．③④
",C,"①说法错误，社会存在决定社会意识，有什么样的社会存在，就有什么样的社会意识，社会存在的变化、发展决定社会意识的变化、发展。因此社
会意识并不是随着时间的推移而自主变化的；
②符合题意，随着人们的环保意识不断增强，绿色环保过春节正成为“新年俗”。
这说明环保意识作为一种社会意识，可以先于“绿色环保过春节”这种新的社
会存在而变化；
③说法错误，社会意识具有相对独立性，有时会落后于社会存在而变化，有时又
会先于社会存在而变化。因此不能说社会意识的变化总是滞后于社会存在的
变化；
④符合题意，2017年春节期间，北京、上海等许多城市的烟花爆竹燃放量较往
年大幅减少，空气质量明显改善。在从“放”到“少放”或“不放”的变化中，人们
的环保意识不断增强。从根本上说，社会意识随着社会存在的变化、发展而
变化、发展。因此，社会意识的变化归根到底是社会存在变化的反映；
故选：C。
",176,4
2017,（新课标ⅲ）,"11．（4分）习近平反复强调坚定理想信念的极端重要性。他把理想信念看作共
产党人的“政治灵魂”“精神支柱”“安身立命的根本”，比喻为人的思想和行为的
“总开关”、共产党人“精神上的‘钙’”。这些论述蕴含的价值观道理是（）
①理想信念是价值观的核心和灵魂
②理想信念是实现人生价值的精神动力
③理想信念是衡量价值观正确与否的标准
④理想信念是否坚定取决于文化水平的高低。
A．①② B．①④ C．②③ D．③④
",A,"①符合题意，培育和践行社会主义核心价值观，关键是要树立马克思主
义的信念、共产主义的理想。认真学习马克思主义基本原理，掌握社会发展
规律，牢牢树立社会主义、共产主义的理想，这是培育和践行社会主义核心
价值观的灵魂；
②符合题意，崇高理想是人生的精神支柱，理想作为思想观念和价值目标，它可
以构成人们自觉行动的动机，成为人们从事社会实践活动的精神动力和精神
支柱，成为实现人生价值的精神动力；
③说法错误，判断一种价值观是否正确的标准是要看它是否符合事物发展的规律
和人类的根本利益。理想信念不能作为衡量价值观正确与否的标准；
④说法错误，文化水平的高低影响理想信念坚定的程度，但不是决定性因素；
故选：A。
",177,4
2017,（新课标ⅲ）,"12．（4分）恩格斯指出，认识中“不仅每个已经解决的问题都引起无数的新问题，
而且每一个问题也多半都只能一点一点地、通过一系列常常需要花几百年时
间的研究才能得到解决”。对这种认识现象的合理解释是（）①主客观条件的限制决定了认识的反复性
②认识的局限性意味着达不到真理性认识
③真理与谬误的转化使认识呈现为封闭式循环运动
④认识对象、认识主体和实践的无限发展导致认识的无限性。
A．①② B．①④ C．②③ D．③④
",B,"①符合题意，恩格斯认为认识中“不仅每个解决的问题都引起无数的新
问题，而且每一个问题也多半只能一点一点地、通过一系列常常需要花几百
年时间的研究才能得到解决”，这说明认识受到主客观条件的限制，这决定了
人们对一个事物的正确认识往往要经过从实践到认识，再从认识到实践的多
次反复才能完成，即认识的反复性；
②说法错误，与客观对象相符合的就是真理，不符合的就是谬误。认识的局限性意味着人类认识是无限发展的，真理是具体的有条件的，我们可以达到真理
性认识，只不过真理与谬误往往相伴而行，追求真理是一个永无止境的过程；
③说法错误，真理与谬误往往是相伴而行。同时，认识具有反复性、无限性和上
升性，这并不表明认识是一种圆圈式的循环运动；
④符合题意，认识的对象是无限变化着的物质世界，作为认识主体的人类是世代
延续的，作为认识基础的社会实践是不断发展的。因此，认识对象、认识主
体和实践的无限发展导致认识的无限性；
故选：B。
",178,4
2018,（新课标ⅰ）,"1．（ 4分）根据马克思的劳动价值理论，如果生产某种商品的社会劳动生产率
提高，在其他条件不变的情况下，与生产该商品相关的判断如表所示。  
序号  社会必要劳动时间  单位商品价值量  商品数量  商品价值总量  
① 缩短  降低  增加  不变  
② 缩短  降低  增加  增加  
③ 不变  增加  降低  不变  
④ 不变  降低  增加  增加  
其中正确的是（ 　　） 
A．①  B．②  C．③  D．④
",A,"A正确，当生产某种商品的社会劳动生产率提高，在其他条件不变的情
况下，意味着社会必要劳动时间缩短，社会劳动生产率与单位商品价值量成
反比，那么此时，单位商品价值量降低，商品数量增加，商品价值总量与社
会劳动生产率无关，那么此时，商品价值总量不变；  
BCD不合题意，这三项与上述分析都不符，故都不选。  
故选： A。
",179,4
2018,（新课标ⅰ）,"2．（ 4分）企业聚焦品牌管理和供应链管理，控制产品企划和营销网络，将 “设
计、生产、运输配送 ”环节外包 ，与供应商 、加工商和物流企业建立联盟 ，通
过联合开发产品、数据共享，加快市场反应速度。该模式体现的企业经营理
念是（　　） 
①整合上下游资源，实现优势互补  
②通过专业化分工，提高效率  
③通过兼并收购，扩大企业规模  
④增加市场份额，提高利润率  
A．①②  B．①④  C．②③  D．③④
",A,"①②符合题意，企业将 “设计、生产、运输配送 ”环节外包，与供应商 、
加工商和物流企业建立联盟，通过联合开发产品、数据共享，加快市场反应
速度。该模式体现的企业经营理念是：整合上下游资源，实现优势互补，通
过专业化分工，提高效率；  
③不合题意，材料未体现通过兼并收购，扩大企业规模；  
④不合题意，材料不涉及增加市场份额，提高利润率。  
故选： A。
",180,4
2018,（新课标ⅰ）,"3．（ 4分）我国快递业竞争日趋激烈， 快递服务平均单价连续 6年下滑， 2017
年降至 12.37元。在此背景下 ，若其他条件不变 ，能引起快递市场供给曲线从
S移动到 S′（见图）的是（ 　　） 
①放宽市场准入，吸引外商投资  
②工资成本上涨，管理费用增加  
③运用人工智能，提高劳动效率  
④网民人数上升，网购数量增加  
   
A．①②  B．①③  C．②④  D．③④
",B,"根据题意， 对题中的图表作如下分析 ：该题表示，在快递服务价格不变
的情况下， 能引起快递市场供给曲线从 S移动到 S′变化即服务供给量增加的
因素有哪些。因此：  
①符合题意， “放宽市场准入，吸引外商投资 ”，在快递业方面投资增加，因而 ，
在快递服务价格不变的情况下， 能引起快递市场供给曲线从 S移动到 S′变化
即服务供给量增加；  
  ②不合题意 ，“工资成本上涨 ，管理费用增加 ”会导致服务供给量减少 ，与题意不
符，故排除；  
③符合题意 ，“运用人工智能 ，提高劳动效率 ”会带来快递服务价格不变的情况下
，能引起快递市场供给曲线从 S移动到 S′变化即服务供给量增加；  
④不合题意 ，“网民人数上升 ，网购数量增加 ”会带来消费需求量的增加 ，这与图
示要求的 “服务供给量增加 ”要求不符。  
故选： B。
",181,4
2018,（新课标ⅰ）,"4．（ 4分）我国 2013～2017年消费和投资对经济增长贡献率如图所示。  
 
从图可以推断出（ 　　） 
①经济结构在逐步转型升级  
②全社会资本形成总额逐年下降  
③消费在经济增长中的作用不断增强  
④经济增长逐渐由投资拉动转向消费拉动  
A．①②  B．①③  C．②④  D．③④
",B,"①③符合题意， 通过对我国 2013～2017年消费和投资对经济增长贡献
率的相关数据分析，可以看出：最终消费支出在经济增长中的贡献率不断上
升，投资对经济增长贡献率不断下降，因此，消费在经济增长中的作用不断
增强，表明我国经济增长的方式的改变，体现经济结构的转型升级；  
②不合题意，从上述图示中无法断定全社会资本形成总额逐年下降；  
④不合题意，图示数据及分析不能说明经济增长逐渐由投资拉动转向消费拉动 。 
故选： B。
",182,4
2018,（新课标ⅰ）,"5．（ 4分）某市司法局为贯彻落实中央关于公共法律服务体系建设的决策部署 ，
积极推进乡镇（街道）公共法律服务工作站（室）建设，整合乡镇（街道）
和村居（社区）法律顾问、基层法律服务工作者和专职人民调解员等力量参
与窗口接待，提供相关法律服务。上述做法（ 　　） 
①促进了基层社会治理体制机制的进一步完善  
②维护了城乡居民平等享有公共法律服务的权益  
③提高了城乡居民参与社会公共事务管理的能力  
④推进了司法体制改革，有利于提高司法行政效率  
A．①②  B．①③  C．②④  D．③④
",A,"①②符合题意，根据题意， “司法局推进乡镇（街道）公共法律服务工
  作站（室）建设，整合乡镇（街道）和村居（社区）法律顾问、基层法律服
务工作者和专职人民调解员等力量参与窗口接待 ，提供相关法律服务。 ”这一
系列做法促进了基层社会治理体制机制的进一步完善，维护了城乡居民平等
享有公共法律服务的权益；  
③不合题意，材料中司法局的做法与 “提高了城乡居民参与社会公共事务管理的
能力 ”无关；  
④不合题意，材料中司法局的做法不属于 “司法体制改革 ”，故不选。  
故选： A。
",183,4
2018,（新课标ⅰ）,"6．（ 4分） 2017年2月，中共中央办公厅、国务院办公厅印发《关于加强乡镇
政府服务能力建设的意见》，要求县级以上地方各级政府支持乡镇基础设施
  建设、公共服务项目和社会事业发展；属于县级以上政府事权范围的建设项
目，不得要求乡镇安排项目配套资金。上述规定旨在（ 　　） 
①减少乡镇公共服务供给主体  
②减轻乡镇政府公共服务责任  
③提高乡镇政府公共服务效能  
④改进乡镇公共服务投入机制  
A．①②  B．①③  C．②④  D．③④
",D,"①②不合题意，这两项不是材料所述规定的目的，故不选；  
③④符合题意， “县级以上地方各级政府支持乡镇基础设施建设、公共服务项目
  和社会事业发展；属于县级以上政府事权范围的建设项目，不得要求乡镇安
排项目配套资金。 ”上述规定旨在提高乡镇政府公共服务效能 ，改进乡镇公共
服务投入机制。  
故选： D。
",184,4
2018,（新课标ⅰ）,"7．（4分）2017年11月30日至 12月3日，120多个国家近 300个政党和政治
组织的领导人出席在北京举行的中国共产党与世界政党高层对话会，就如何
构建人类命运共同体、共同建设美好世界以及政党的责任和作用达成广泛共
识，发表了《北京倡议》。对话会的成功举办（ 　　） 
①开辟了政党交流合作消除国家间利益分歧的新路径  
②汇聚了携手构建人类命运共同体的强大力量  
③打造了各国政党互学互鉴共建国际新秩序的新平台  
④推动了政党间相互尊重、求同存异的国际新秩序的形成  
A．①③  B．①④  C．②③  D．②④
",C,"①说法错误， “消除国家间利益分歧 ”的说法过于绝对；  
②③符合题意 ，材料中在北京举行的中国共产党与世界政党高层对话会 ，就如何
构建人类命运共同体、共同建设美好世界以及政党的责任和作用达成广泛共
识，汇聚了携手构建人类命运共同体的强大力量，也打造了各国政党互学互
鉴共建国际新秩序的新平台；  
  ④说法错误，由于受到霸权主义和强权政治的阻碍，国际新秩序还没有形成。  
故选： C。
",185,4
2018,（新课标ⅰ）,"8．（ 4分） 2018年2月发布的《中国话语海外认知度调研报告》显示：近两年
中国话语在国外的认知度大幅提升，汉语拼音 “中为洋用 ”正在成为英语圈国
家的一种新现象。 “春节 ”“气功 ”等中国传统文化类词汇知名度排前， “高铁 ”“
支付宝 ”“网购 ”等新兴词汇、 “中国梦 ”“一带一路 ”等新时代政治词汇获得较高
关注。这说明（ 　　） 
①文化的价值取决于文化传播的广度和深度  
②中国传统文化是中国文化传播的主要内容  
③中外文化交流传播的形式和内容不断变化发展  
④科技发展和综合国力的提升有助于增强文化影响力  
A．①②  B．①③  C．②④  D．③④
",D,"①表述错误， “取决于 ”说法错误；  
②不合题意，该项与题意主旨不吻合；  
③④符合题意，根据题意，汉语拼音 “中为洋用 ”、“春节 ”“气功 ”等中国传统文化
类词汇知名度排前、 “高铁 ”“支付宝 ”“网购 ”、“中国梦 ”“一带一路 ”获得较高关
注。这说明中外文化交流传播的形式和内容不断变化发展，科技发展和综合
国力的提升有助于增强文化影响力；  
  故选： D。
",186,4
2018,（新课标ⅰ）,"9．（4分）近年来，某市发掘传统中医药文化资源 ，坚持 “以药立市 ”，大力推动
现代中医药产业发展，现已建有全国规模最大的中药材交易市场，形成了涵
盖中药材种植，中药研发、生产、流通，中医药文化传播的现代中医药产业
  体系。该市大力发展现代中医药产业的文化意义在于（ 　　） 
①创新传统中医药文化的基本理念  
②开创了中医药文化传承发展新局面  
③推动传统中医药文化创造性转化  
④促进中医药文化与经济的融合发展  
A．①②  B．①④  C．②③  D．③④
",D,"①不合题意，材料没有涉及创传统中医药文化的基本理念的创新；  
②不合题意，材料内容没有涉及对中医药文化传承发展新局面的开创；  
③符合题意 ，某市发掘传统中医药文化资源 ，坚持 “以药立市 ”，大力推动现代中
医药产业发展，形成了现代中医药产业体系，有利于推动传统中医药文化创
造性转化；  
④符合题意 ，文化与经济相互交融 ，文化产业迅速崛起 ，该市大力发展现代中医
  药产业有利于促进中医药文化与经济的融合发展。  
故选： D。
",187,4
2018,（新课标ⅰ）,"10．（ 4分）十八大以来，中国共产党紧密结合新的时代条件和实践要求，以全
新的视野深化对共产党执政规律、社会主义建设规律、人类社会发展规律的
认识，从理论和实践结合上系统回答了新时代坚持和发展什么样的中国特色
社会主义、怎样坚持和发展中国特色社会主义的重大时代课题，形成了习近
平新时代中国特色社会主义思想。这  
表明，习近平新时代中国特色社会主义思想（ 　　） 
①源于理论研究和理论斗争  
②是时代变化和社会发展的产物  
③是实践创新和理论创新的结晶  
④完成了对新时代社会主义建设规律的认识  
A．①③  B．①④  C．②③  D．②④
",C,"①说法错误 ，习近平新时代中国特色社会主义思想源于实践 ，而不是源
于理论研究和理论斗争；  
②③符合题意， “中国共产党紧密结合新的时代条件和实践要求，以全新的视野
深化对共产党执政规律、社会主义建设规律、人类社会发展规律的认识，从
理论和实践结合上系统回答了新时代坚持和发展什么样的中国特色社会主义
、怎样坚持和发展中国特色社会主义的重大时代课题，形成了习近平新时代
中国特色社会主义思想 ”，这表明，习近平新时代中国特色社会主义思想是时
代变化和社会发展的产物，是实践创新和理论创新的结晶；  
④说法错误 ，实践永无止境 ，认识永无止境 ，习近平新时代中国特色社会主义思
想并没有完成对新时代社会主义建设规律的认识。  
故选： C。
",188,4
2018,（新课标ⅰ）,"11．（4分）2018年4月，习近平在深入推动长江经济带发展座谈会上强调 ，新
形势下推动长江经济带发展，关键是要正确把握整体推进和重点突破、生态
环境保护和经济发展、总体谋划和久久为功、破除旧动能和培育新动能、自
我发展和协同发展的关系，坚持共抓大保护、不搞大开发，探索出一条生态
优先、绿色发展新路子。这一论断反  
映的辩证法道理有（ 　　） 
①“两点论 ”和“重点论 ”相结合  
②矛盾同一性和斗争性既相互联结又相互分离  
③矛盾的同一性是相对的，矛盾的斗争性是绝对的  
④主要矛盾和次要矛盾、矛盾的主要方面和次要方面是辩证统一的  
A．①②  B．①④  C．②③  D．③④
",B,"①④符合题意，材料中 “关键是要正确把握、 ”、“生态优先、绿色发展
新路子 ”体现了主要矛盾和次要矛盾是辩证统一的， “要正确把握整体推进和
重点突破、生态环境保护和经济发展、总体谋划和久久为功、破除旧动能和
培育新动能 、自我发展和协同发展的关系 ”体现了矛盾的主要方面和次要方面
是辩证统一的，总之体现了 “两点论 ”和“重点论 ”的统一；  
②不合题意，材料没有涉及矛盾同一性和斗争性的相互分离；  
③不合题意 ，材料主旨没有涉及矛盾的同一性是相对的 、矛盾的斗争性是绝对的
内容。  
故选： B。
",189,4
2018,（新课标ⅰ）,"12．（ 4分）在高铁时代， 我国仍不惜亏损运营 81对“慢火车 ”，2016年运送旅
  客约 3000万人次。运营近半个世纪的 5633、5634次列车仍然运行在大凉山 ，
送大山里的孩子去上学，为当地乡亲出行提供便利。这种做法反映的价值观
道理有（ 　　） 
①价值观的差异导致人们的利益的差异  
②发展必须坚持以人民为中心的价值导向  
③正确的价值选择以正确的价值判断为前提  
④价值判断的正确性依赖于价值选择的合理性  
A．①②  B．①④  C．②③  D．③④
",C,"①说法错误，应该是人们的利益的差异会导致价值观的差异；  
②③符合题意 ，在高铁时代 ，我国仍不惜亏损运营 81对“慢火车 ”，2016年运送
旅客约 3000万人次。 运营近半个世纪的 5633、5634次列车仍然运行在大凉
山，送大山里的孩子去上学，为当地乡亲出行提供便利。这种做法反映的价
  值观道理有：发展必须坚持以人民为中心的价值导向，正确的价值选择以正
确的价值判断为前提；  
④说法错误 ，人们的价值选择是在价值判断的基础上作出的 ，价值判断的正确性
并不依赖于价值选择的合理性。  
故选： C。
",190,4
2018,（新课标ⅱ）,"1．（ 4分）甲、乙、丙是三种相关商品，当甲的价格上升后，乙与丙的需求变
动如图所示。  
 
这表明（ 　　） 
①甲与乙是互补品  ②甲与乙是替代品  
③甲与丙是替代品  ④甲与丙是互补品  
⑤乙与丙是替代品  ⑥乙与丙是互补品  
A．①③  B．②④  C．②⑤  D．④⑥
",A,"①③符合题意 ，对于两种物品 ，如果一种物品价格的上升引起另一种物
品需求的增加，则这两种物品被称为替代品，而引起另一种物品需求减少则
为互补品。甲商品价格上涨，造成乙商品需求量降低，丙商品需求量增加，
则说明甲与乙为互补品，甲与丙是替代品。所以，②④⑤⑥错误；  
故选： A。
",191,4
2018,（新课标ⅱ）,"2．（ 4分）某国是全球最大的钢铁进口国。 2018年3月该国决定将进口锅铁关
税大幅度提高至 25%．不考虑其他因素，短期内上调关税对该国钢铁制成品
消费的影响路径是（ 　　） 
①钢铁进口成本上升  ②国家关税收入增加  
③锅铁制成品价格上涨  ④锅铁企业利润增加  
⑤消费者的利益受损  ⑥消费者的利益增加  
A．① →③→⑤ B．② →④→⑥ C．① →②→④ D．② →③→④
",A,"A符合题意，该国大幅上调关税，则导致钢铁进口时所需缴纳的关税增
加，进口成本上升，则进口量有所限制，国内的钢铁制品需求增加，则成品
价格上涨 ，消费者所需花费的成本更高 ，消费者利益受损 。路径为① →③→⑤
，所以 B、C、D不合题意；  
故选： A。
",192,4
2018,（新课标ⅱ）,"3．（ 4分）近三年来，某国财政赤字率和通货膨胀率的变化如表所示。  
年份  
指标  2015年 2016年 2017年 
财政赤字率  3% 4.2%  6.7%  
通货膨胀率  5% 7.5%  13%  
为了应对这种局面，该国可采取的政策措施是（ 　　） 
  ①降低企业所得税税率  ②央行在市场上出售债券  
③降低存款准备金率  ④压缩政府开支  
A．①③  B．①④  C．②③  D．②④
",D,"根据图示内容 ，该国近三年财政赤字率与通货膨胀率均在不断增加 ，为
了应对通货膨胀，该国应采取紧缩性财政政策与货币政策。通过减少财政支
出、增加税收、抑制总需求、缩减政府开支、压缩投资规模等手段，稳定物
价，给经济 “降温 ”。 
①错误，降低企业所得税税率，属于扩张性财政政策；  
②符合题意，出售债券，减少市场货币流通量，增加财政货币收入；  
③错误，降低存款准备金率，属于扩张性货币政策；  
④符合题意，压缩政府开支，控制财政赤字，增加财政收入；  
故选： D。
",193,4
2018,（新课标ⅱ）,"4．（ 4分） 2018年4月，在博鳌亚洲论坛年会上，中国人民银行宣布了中国金
融业对外开放 12大举措，包括取消银行和金融资产管理公司的外资持股比例
限制，大幅度扩大外资银行的业务范围等。扩大中国金融业对外开放，意味
着（　　） 
①金融市场结构将发生变化，系统性金融风险降低  
②金融产品将更加丰富，市场主体有更多选择  
③金融机构的成本将降低，金融资产的收益率提高  
④将形成新的竞争格局，促进中国金融业改革  
A．①③  B．①④  C．②③  D．②④
",D,"①错误，扩大金融业对外开放格局进入对我国是一把 “双刃剑 ”，在提高
金融机构效率、促进经济发展的同时，也会给金融安全带来隐患。中国金融
行业竞争加剧，金融市场的风险也会增加；  
②符合题意 ，金融业对外开放之后 ，增强与国外金融企业的合作形式 ，扩大业务
范围，金融产品也会更加丰富；  
③错误，金融机构扩大对外开放，所需要吸收的人才量更大，竞争也更加激烈 ，
金融机构所需投入的成本也会增加；  
④符合题意 ，扩大金融业对外开放格局将形成新的竞争格局 ，在竞争中促进我国
金融机构效率的提高，从而促进我国的金融业发展；  
故选： D。
",194,4
2018,（新课标ⅱ）,"5．（ 4分）十二届全国人大五次会议通过的《中华人民共和国民法总则 》规定：
“任何组织和个人需要获取他人个人信息的，应当依法取得并确保信息安全 ，
不得非法收集、使用、加工、传输他人个人信息，不得非法买卖、提供或者
公开他人个人信息。 ”这条款的确立旨在（ 　　） 
①保护公民合法权益  
②实现公民政治权利  
③维护社会秩序  
④促进司法公正  
A．①②  B．①③  C．②④  D．③④
",B,"①③符合题意，《中华人民共和国民法总则》规定维护公民个人信息 ，
有利于维护公民的隐私权，维护社会秩序；  
②④不合题意 ，题干中强调了 《中华人民共和国民法总则 》规定维护公民个人信
息，与实现公民政治权利、维护司法公正无关。此两项与题干不符；  
故选： B。
",195,4
2018,（新课标ⅱ）,"6．（ 4分）医疗人才 “组团式 ”援藏 2015年启动， 近三年时间有 519名内地医疗
专家接力进藏救死扶伤 、传道授业 ，430项区域内医疗技术领域空白得到填补
，285种大病不再出自治区治疗， 533名西藏本地医疗骨干获得培养 ……守护
高原生命与健康的接力棒正在世界屋脊传递 。医疗人才 “组团式 ”援藏是（　　） 
①改善西藏民生，促进平衡发展的有力举措  
②实现西藏经济社会与内地共同发展的基础  
③推动西藏医疗事业跨越式发展的有效路径  
④维护西藏各民族平等健康权利的根本保障  
  A．①②  B．①③  C．②④  D．③④
",B,"①符合题意 ，正如题干中所讲述的那样技术空白得到填补 ，很多大病不
需要再出西藏就可以治疗了，很多西藏本地人才得到培养。这些举措是改善
了西藏民生、促进西藏平衡发展的有力举措；  
②错误，民族区域自治制度是实现共同发展的基础；  
③符合题意 ，医疗人才 “组团式 ”援藏有效帮助西藏地区医疗的发展 ，是帮助实现
的跨越式路径；  
④错误，维护西藏各民族平等健康权利根本保障是经济的发展 ，医疗水平的提高
； 
故选： B。
",196,4
2018,（新课标ⅱ）,"7．（ 4分） 2017年5月， “一带一路 ”国际合作高峰论坛在北京举行。 来自 130
多个国家和 70多个国际组织的 1500多名代表参会，达成一系列合作共识，
形成涵盖政策沟通、设施联通、贸易畅通、资金融通、 民心相通 5大类 270
多项具体成果。中国成功举行高峰论坛（ 　　） 
①强化了以和平发展为特征的结盟伙伴关系  
②标志着以相互依存为核心的国际新秩序的建立  
③践行了共商共建共享的全球治理观  
④展示了多极化趋势下共同发展的新成就  
A．①②  B．①④  C．②③  D．③④
",D,"①说法错误，我国奉行独立自主的和平外交政策，不同任何国家结盟 ； 
②说法错误，由于受到霸权主义和强权政治的阻碍，国际新秩序还没有建立；  
③④符合题意， “一带一路 ”国际合作高峰论坛上， 来自 130多个国家和 70多个
国际组织的 1500多名代表达成一系列合作共识 ，形成涵盖 5大类 270多项具
  体成果，践行了共商共建共享的全球治理观，也展示了多极化趋势下共同发
展的新成就。  
故选： D。
",197,4
2018,（新课标ⅱ）,"8．（ 4分） 2017年3月，中国自主原创、主导制定的手机（移动终端）动漫标
准由国际电信联盟正式发布 。这是我国文化领域的首个国际技术标准 ，在“互
联网+文化 ”领域实现了我国手机动漫由跟跑 、并跑向领跑的跨越 。这一成就 （　　
） 
①表明文化的当代价值和生命力取决于同科技的融合  
②有利于扩大中国文化的影响力，增强文化自信  
③标志我国文化和科技的融合发展取得了重要突破  
④确立了我国在国际 “互联网+文化 ”领域的话语主导权  
A．①②  B．①④  C．②③  D．③④
",C,"①说法错误，错在 “取决于 ”，科技对对文化的当代价值和生命力起影响
作用，但不能起决定作用；  
②③符合题意 ，中国自主原创 、主导制定的手机 （移动终端 ）动漫标准由国际电
信联盟是我国文化领域的首个国际技术标准 ，有利于扩大中国文化的影响力 ，
增强文化自信，也标志我国文化和科技的融合发展取得了重要突破；  
④说法错误 ，话语主导权的说法夸大了我国在在国际 “互联网+文化 ”领域的地位 。 
故选： C。
",198,4
2018,（新课标ⅱ）,"9．中医药是中华民族的瑰宝，凝聚着深邃的哲学智慧和中华民族几千年的健康
养生理念及实践经验 。2016年，国务院印发 《中医药发展战略规划纲要 （2016
～2030年）》，把发展中医药上升为国家战略。 据此完成 9～10题。  
截至 2016年底，我国与相关国家和国际组织签订中医药合作协议达 86个，中医
药传播到世界上 183个国家和地区 。中医药走向世界的文化意义在于 （　　） 
①实现中医药文化的转型升级  
②扩大中医药文化的世界影响  
③创新中医药文化发展的价值导向  
④满足世界各国对中医药文化的需求  
A．①②  B．①③  C．②④  D．③④
",C,"①不合题意， “实现中医药文化的转型升级 ”是经济意义，题目强调的是
文化意义；  
②④符合题意， 我国与相关国家和国际组织签订中医药合作协议达 86个，中医
药传播到世界上 183个国家和地区。这有利于中医药文化走向世界，扩大中
医药文化的影响力，同时更好地满足世界各国对中医药文化的需求；  
③不合题意， “创新中医药文化发展的价值导向 ”属于哲学意义，不是文化意义 。 
故选： C。
",199,4
2018,（新课标ⅱ）,"10．中医药是中华民族的瑰宝 ，凝聚着深邃的哲学智慧和中华民族几千年的健康
养生理念及实践经验 。2016年，国务院印发 《中医药发展战略规划纲要 （2016～
2030年）》，把发展中医药上升为国家战略。 据此完成 9～10题。  
中医药理论重视整体诊疗 、强调个体化 、对症下药 、辨证施治等 ，其中体现的哲
学道理是（ 　　） 
①事物的矛盾不同，解决矛盾的方法也不相同  
②在矛盾普遍性原理指导下具体分析矛盾的特殊性  
③矛盾的主要方面和次要方面交替决定事物的性质  
④主要矛盾和次要矛盾的相互转化支配着事物的发展变化  
A．①②  B．①④  C．②③  D．③④
",A,"①符合题意， “强调个体化、对症下药 ”体现了矛盾具有特殊性，事物的
矛盾不同，解决矛盾的方法也不相同；  
②符合题意 ，“整体诊疗 、强调个体化 、对症下药 、辨证施治 ”也体现了要在矛盾
普遍性原理指导下具体分析矛盾的特殊性；  
③说法错误，主要矛盾的主要方面决定事物的性质；  
④不合题意 ，材料内容没有涉及主要矛盾和次要矛盾的相互转化对事物的发展变
化的支配作用。  
故选： A。
",200,4
2018,（新课标ⅱ）,"11．（ 4分）习近平在党的十九大报告中提出： “从全面建成小康社会到基本实
现现代化，再到全面建成社会主义现代化强国，是新时代中国特色社会主义
发展的战略安排。我们要坚忍不拔、锲而不舍，奋力谱写社会主义现代化新
征程的壮丽篇章！ ”新时代中国特色社会主义发展战略安排的哲学依据是（ 　　
） 
①社会的发展受人的意志和意愿的支配  
②社会的发展是渐进性和飞跃性的统一  
③社会的发展是新事物和旧事物交织融合的过程  
④社会的发展是客观规律性和主观能动性的统一  
A．①②  B．①③  C．②④  D．③④
",C,"①错误，社会的发展受社会发展规律的支配 ，规律是客观的 ，不以人的
意志为转移的，此项是唯心主义的观点；  
②符合题意 ，社会的发展是量变与质变的统一 ，量变是渐进的 、不显著的 ，质变
是显著的、飞跃的。新时代中国特色社会主义发展的战略安排体现了量变的
过程，最终是要全面建成社会主义现代化强国；  
③错误，社会的发展是新事物的发展和旧事物的灭亡的过程，新事物虽然弱小 ，
但它克服了旧事物的弊端，必然会取代旧事物；  
④符合题意 ，要实现社会的发展必须在遵循客观规律的基础上 ，充分发挥主观能
动性，实现主客观历史的统一；  
故选： C。
",201,4
2018,（新课标ⅱ）,"12．（4分）2018年5月2日，习近平在北京大学师生座谈会上发表重要讲话强
调，幸福都是奋斗出来的，奋斗本身就是一种幸福。为实现中华民族伟大复
兴的中国梦而奋斗，是我们人生难得的际遇。每个青年都应该珍惜这个伟大
时代，做新时代的奋斗者，这是因为（ 　　） 
①奋斗是实现人生价值的根本途径  
②奋斗能减少人生道路上的障碍与困难  
③奋斗能让理想摆脱条件制约而变为现实  
④奋斗有助于克服不利条件影响而获得成功  
A．①②  B．①④  C．②③  D．③④
",B,"①④符合题意，奋斗即积极投身社会实践，在劳动和奉献中创造价值 ，
是实现人生价值的根本途径，奋斗有助于克服不利条件影响而获得成功；  
②说法错误，奋斗能解决而不是减少人生道路上的障碍与困难；  
③说法错误，理想不能摆脱条件制约。  
故选： B。
",202,4
2018,（新课标ⅲ）,"1．（4分）随着智能手机的功能越来越强大，MP3（音乐播放器）、电子词典、
掌上游戏机等电子产品正慢慢淡出人们的视野。这说明（）
①市场竞争导致商品优胜劣汰
②商品使用价值会影响人的消费选择
③功能不同的商品会相互替代
④商品使用价值因替代品出现而减小
A．①② B．①③ C．②④ D．③④
",A,"①②符合题意，“随着智能手机的功能越来越强大，MP3、电子词典、
掌上游戏机等电子产品正慢慢淡出人们的视野。”这说明市场竞争导致商品优胜劣汰，商品使用价值会影响人的消费选择；
③表述错误，功能相同、相近的商品会相互替代；
④表述错误，商品使用价值不会因替代品出现而减小。
故选：A。
",203,4
2018,（新课标ⅲ）,"3．（4分）中央《关于完善农村土地所有权承包权经营权分置办法的意见》提出，
实行农村土地所有权、承包权、经营权分置并行，着力推进农业现代化。“三权分置”改革对推进农业现代化的影响路径是（）
①实现土地的适度规模经营
②促进土地经营权合理流转
③提高农业生产率
④明晰土地产权关系
A．①→②→④→③ B．③→④→②→①
C．④→②→①→③ D．④→①→②→
③
",C,"C符合题意，实行“三权分置”改革，进一步④明晰土地产权关系，能够
②促进土地经营权合理流转，①实现土地的适度规模经营，有利于③提高农
业生产率；
ABD均不符合题意，这三项与上述推导分析过程不符，故都不选。
故选：C。
",204,4
2018,（新课标ⅲ）,"5．（4分）国歌与国旗、国徽一样，是国家象征。2017年10月1日正式施行的
《中华人民共和国国歌法》，明确国歌使用的禁止行为，对违反规定情节恶劣
的予以处罚。国歌法的颁布实施，旨在（）①增强公民的国家观念
②提高国歌的政治地位
③维护公民的文化活动权
④规范国歌的奏唱、播放和使用
A．①② B．①④ C．②③ D．③④
",B,"①④符合题意，国歌法的颁布实施，旨在增强公民的国家观念，规范国
歌的奏唱、播放和使用；
②③不合题意，这两项不是国歌法的颁布实施的目的。
故选：B。
",205,4
2018,（新课标ⅲ）,"6．（4分）2016年以来，受中共中央委托，各民主党派中央分别赴8个贫困人
口多、贫困发生率高的中西部省区，深入了解脱贫攻坚工作实际，协助总结
各地经验和做法，就存在的困难和问题提出了一系列的监督性意见建议。民
主党派的上述做法（）
①创新了外部监督的形式，提升了人民政协的履职能力
②发挥了民主党派自身优势，推进了中央决策部署的落实
③贯彻了多党合作的基本方针，增强了民主监督的针对性
④彰显了民主党派的协商功能，开创了多党合作的新路径
A．①③ B．①④ C．②③ D．②④
",C,"①不合题意，材料强调的是民主党派，没有涉及人民政协的作用；
②③符合题意，受中共中央委托，各民主党派中央分别赴8个贫困人口多、贫困
发生率高的中西部省区，就存在的困难和问题提出了一系列的监督性意见建
议，发挥了民主党派自身优势，推进了中央决策部署的落实，贯彻了多党合
作的基本方针，增强了民主监督的针对性；
④不合题意，材料没有涉及民主党派的协商功能。
故选：C。
",206,4
2018,（新课标ⅲ）,"7．（4分）60多年来，中国在致力于消除本国贫困的同时，加强与发展中国家
和国际机构在减贫与人权领域的交流合作，共向160多个国家和国际组织提
供了4000多亿元人民币援助，为发展中国家培训各类人员1200多万人次，
派遣60多万援助人员。中国参与国际减贫扶贫（）
①积极履行了应尽的国际责任
②推动了世界多极化发展
③意在展示日益增强的综合国力
④体现了共同发展的外交宗旨
A．①② B．①④ C．②③ D．③④
",B,"①④符合题意，我国加强与发展中国家和国际机构在减贫与人权领域的
交流合作，提供国际援助，积极履行了应尽的国际责任，体现了共同发展的
外交宗旨；②不合题意，材料没有涉及世界多极化；
③说法错误，我国提供国际援助目的是要促进共同发展，不是要展示我国的综合
国力。
故选：B。
",207,4
2018,（新课标ⅲ）,"8．（4分）2018年春节，大型文化节目《经典咏留传》在中央电视台综合频道
首播。节目形式新颖，“和诗以歌”，增强了经典诗词的艺术感染力，深受观
众喜爱。山区孩子演唱《苔》的天籁之声感人至深，著名歌手演唱的《墨梅》获得网民广泛点赞……这反映传统文化的传承（）
①要以开发创新为目的和归宿
②既要不忘本来又要创新思路
③要以满足群众需求为价值导向
④以现代传播手段的运用为前提
A．①② B．①④ C．②③ D．③④
",C,"①说法错误，传统文化的传承要以推动社会实践为目的和归宿；
②③符合题意，大型文化节目《经典咏留传》形式新颖，反映传统文化的传承既要不忘本来又要创新思路，深受观众喜爱，要以满足群众需求为价值导向；
④说法错误，文化的传承不一定需要现代传播手段。
故选：C。
",208,4
2018,（新课标ⅲ）,"9．改革开放40年来，中国经济快速发展，国际影响力越来越大，目前是世界
第二大经济体、世界第一大贸易国，对世界经济增长年均贡献率超过30%，
对全球减贫贡献率逾70%．中国道路得到越来越多国际的理解，中国倡导的
“构建人类命运共同体”等理念逐渐成为国际社会的共识。据此完成9～10题。
随着中国特色社会主义进入新时代，中国日益走近世界舞台中央。这表明（）
①文化影响力是一个国家的国际影响力的基础和核心
②一个国家的文化影响力是与经济影响力同步增强的
③一个国家的国际影响力是经济、政治、文化等共同作用的结果
④一个国家的国际影响力归根到底以经济发展水平和影响力为基础
A．①② B．①③ C．②④ D．③④
",D,"①说法错误，经济和科技是一个国家的国际影响力的基础和核心；
②说法错误，文化具有相对独立性，因此一个国家的文化影响力不一定是与经济
影响力同步增强的；
③④符合题意，由材料内容可知，中国经济快速发展，国际影响力越来越大，中
国倡导的“构建人类命运共同体”等理念逐渐成为国际社会的共识，这表明一
个国家的国际影响力是经济、政治、文化等共同作用的结果，也反映出一个
国家的国际影响力归根到底以经济发展水平和影响力为基础。
故选：D。
",209,4
2018,（新课标ⅲ）,"10．改革开放40年来，中国经济快速发展，国际影响力越来越大，目前是世界
第二大经济体、世界第一大贸易国，对世界经济增长年均贡献率超过30%，
对全球减贫贡献率逾70%．中国道路得到越来越多国际的理解，中国倡导的
“构建人类命运共同体”等理念逐渐成为国际社会的共识。据此完成9～10题。
中国的发展与世界的发展依存度日益加深。中国的发展离不开世界，世界的发展
越来越得益于中国。其中蕴含的哲学道理是（）
①整体由部分构成，整体的功能存在于各个部分之中
②部分区别于整体，整体的状况不一定影响部分
③部分影响整体，部分的发展有利于整体的发展
④整体与部分相互依存，部分在整体中的地位是发展变化的A．①② B．①④ C．②③ D．③④
",D,"①说法错误，整体具有部分不具备的功能，因此认为整体的功能存在于
各个部分之中的说法是错误的；
②说法错误，整体的功能状态及其变化会影响部分；
③符合题意，“世界的发展越来越得益于中国”表明部分影响整体，部分的发展有
利于整体的发展；
④符合题意，材料强调“中国的发展与世界的发展依存度日益加深，世界的发展
越来越得益于中国”表明整体与部分相互依存，部分在整体中的地位是发展变
化的。
故选：D。
",210,4
2018,（新课标ⅲ）,"11．（4分）党的十九大报告提出：“经过长期努力，中国特色社会主义进入了新
时代，这是我国发展新的历史方位。”“中国特色社会主义进入新时代，我国
社会主要矛盾已经转化为人民日益增长的美好生活需要和不平衡不充分的发
展之间的矛盾。”从认识论看，提出上述创新性重大论断表明（）
①对社会主义建设规律的认识越来越深化
②改革发展的实践的自觉性、创造性不断增强
③认识对实践的指导作用可以超越具体条件的限制
④认识的发展是一个不断用新认识否定、代替已有认识的过程
A．①② B．①③ C．②④ D．③④
",A,"①②符合题意，党的十九大报告指出，我国社会主要矛盾已经发生变化，
这是基于中国特色社会主义伟大实践的不断发展、变化而提出的符合我国当
前实际国情的正确论断，这表明我们对社会主义建设规律的认识已越来越深
化，我们正在不断主动寻找新方法，新思路来建设中国特色社会主义，改革
发展实践的自觉性、创造性正在不断增强；③错误，认识对实践的指导。需要符合当前实际，应在遵循客观规律的基础上充
分发挥主观能动性，不能突破规律和条件的限制；
④错误，认识的发展，首先是由实践到认识，即从实践中产生感性认识，然后能
动地发展到理性认识。这是认识过程中的第一次飞跃，是一个实践与意识共
同参与、相互促进的过程，不仅仅是意识的自我否定；
故选：A。
",211,4
2018,（新课标ⅲ）,"12．（4分）习近平在纪念马克思诞辰200周年大会上发表重要讲话指出，在人
类思想史上，没有一种思想理论像马克思主义那样对人类产生了如此广泛而
深刻的影响。马克思主义极大推进了人类文明进程，至今依然具有重大国际
影响的思想体系和话语体系。马克思主义对人类文明发展的深远影响，来自
于它（）
①代表了最广大人民的根本利益
②对未来理想社会的构想与设计
③提供了解决社会问题的现成答案
④是揭示人类社会发展一般规律的客观真理
A．①② B．①④ C．②③ D．③④
",B,"①④正确②③错误，马克思主义之所以伟大，正是因为它站在了广大人
民的立场上，充分代表了广大人民的根本利益，充分揭示了人类社会发展的
一般规律，但它没有对未来进行具体的构想设计，没有为未来社会提供现成
的、具体的答案，只提供了一般规律和指导；
故选：B。
",212,4
2019,（新课标ⅰ）,"1．（4分）近年来，提高供给质量是供给侧结构性改革的主攻方向，全面提高产品和服务质
量是提升供给体系的中心任务。为此，国家开展质量提升行动。从劳动价值论看，开展
质量提升行动，是因为（）
①商品的质量是衡量价值的天然尺度
②商品的质量决定了商品的交换价值
③商品的使用价值是价值的物质承担者
④商品的质量与商品的使用价值密切相关
A．①② B．①③ C．②④ D．③④
",D,"①错误，衡量价值的天然尺度是社会必要劳动时间；
②错误，商品的质量影响商品的使用价值；
③④符合题意，依据题意，从劳动价值论看，开展质量提升行动，是因为商品的使用价
值是价值的物质承担者；商品的质量与商品的使用价值密切相关；
故选：D。
",213,4
2019,（新课标ⅰ）,"3．（4分）存款准备金是商业银行为保证客户提取存款和资金结算需要而按规定向中央银行
缴存的部分存款。存款准备金占商业银行吸纳存款总额的比率就是存款准备金率。2018
年以来，中国人民银行先后6次降低存款准备金率。降低存款准备金率是为了（）
①加快货币流通速度，稳定物价水平
②扩大投资及社会支出，刺激经济增长③满足客户资金结算需求，防范挤兑风险
④增加信贷资金供应，提高商业银行信贷能力
A．①② B．①③ C．②④ D．③④
",C,"①不合题意，降低存款准备金率不是为了加快货币流通速度，稳定物价水平，
再者，降低存款准备金率会增加市场中货币流通数量，会带来物价的上涨；
②④符合题意，依据题意，降低存款准备金率是采取积极的货币政策，为了扩大投资及
社会支出，刺激经济增长；增加信贷资金供应，提高商业银行信贷能力；
③错误，该项不是降低存款准备金率的目的，再者，降低存款准备金率会增加挤兑风险；
故选：C。
",214,4
2019,（新课标ⅰ）,"4．（4分）某民营上市企业的资产负债率高达80%．因面临市场占有率持续下降、融资困难
等经营困境，2019年该企业主动引入战略投资者并出让35%的股权。该企业此举的目的
是（）
①通过股权让渡，逐步退出市场
②引入外部股东，激发企业活力
③调整资本结构，获得股权融资
④利用兼并重组，扩大企业规模
A．①② B．①④ C．②③ D．③④
",C,"①错误，企业主动引入战略投资者并出让35%的股权的目的不是逐步退出市场；
②③符合题意，依据题意，该企业主动引入战略投资者并出让35%的股权。该企业此举
的目的是引入外部股东，激发企业活力；调整资本结构，获得股权融资；
④不合题意，依据题意，该企业出让35%的股权融资，不是兼并重组，其目的不是扩大
企业规模，而是调整资本结构，获得股权融资；
故选：C。
",215,4
2019,（新课标ⅰ）,"5．（4分）某县针对群众普遍关注事项，在全县各村推行“亮开政策、亮开受理、亮开办理、
亮开结果”工作法，及时公开工作安排部署、重点任务推进和惠民政策落实等情况，并
依托“民情一点通”信息化平台，让群众随时随地查询。上述做法能够（）
①提升基层群众自治组织的公信力
②加强基层行政系统内部监督
③方便村民行使民主监督权
④保证村民行使民主决策权
A．①② B．①③ C．②④ D．③④
",B,"①③符合题意，“针对群众普遍关注事项，在全县各村推行‘亮开政策、亮开受
理、亮开办理、亮开结果’工作法”，并利用信息化平台，让群众随时随地查询，有利于
提升基层群众自治组织的公信力，方便村民行使民主监督权；
②不合题意，材料中的监督属于公民监督，没有涉及行政系统内部监督；
④说法错误，公民没有决策权，只能参与民主决策。
故选：B。
",216,4
2019,（新课标ⅰ）,"6．（4分）某市在民族团结进步创建活动中，把民族团结教育纳入国民教育、社会教育和职
业教育的全过程，在颁金节、古尔邦节等民族节日期间举行多民族的联谊活动，把少数
民族风俗、民情等融入舞蹈、声乐剧目之中，创建活动取得显著成效。上述做法（）
①促进了各民族的和睦共处
②有利于增强中华民族的共同体意识
③开创了经济文化融合发展的新局面
④是民族自治地方自主管理教育文化事业的体现
A．①② B．①③ C．②④ D．③④
",A,"①②符合题意，某市在民族团结进步创建活动中，把民族团结教育纳入国民教
育、社会教育和职业教育的全过程，这一做法促进了各民族的和睦共处，有利于增强中
华民族的共同体意识；
③不合题意，材料强调民族团结，不涉及经济与文化融合，也没有体现民族自治地方自
主管理教育文化事业。
故选：A。
",217,4
2019,（新课标ⅰ）,"7．（4分）2018年1月发表的《中国的北极政策》白皮书指出，中国支持有关各方依据国际
条约和一般国际法，通过和平方式解决涉北极领土和海洋权益争议，支持有关各方维护北极安全稳定的努力；中国致力于加强与北极国家在海空搜救、海上预警、情报交流等
方面的国际合作，妥善应对海上事故等安全挑战。中国的上述立场表明（）
①北极的和平与稳定符合中国的国家利益
②中国是北极事务的利益相关者和主导力量
③中国积极参与北极国际治理维护各国共同利益
④维护国际法的权威是中国对外活动的基本目标
A．①② B．①③ C．②④ D．③④
",B,"①③符合题意，国家利益是国际关系的决定因素，国家间的共同利益是国家合
作的基础。材料中《中国的北极政策》白皮书指出通过和平方式解决涉北极领土和海洋
权益争议，支持有关各方维护北极安全稳定的努力；中国致力于加强与北极国家在很多
方面的国际合作，表明中国积极参与北极国际治理维护各国共同利益，也说明北极的和
平与稳定符合中国的国家利益；
②说法错误，“主导力量”的说法夸大了中国在国际社会中的地位和作用，中国在国际社
会中起着建设性作用；
④说法错误，维护我国的主权、安全和发展利益，促进世界的和平与发展，是我国外交
政策的基本目标。
故选：B。
",218,4
2019,（新课标ⅰ）,"8．（4分）2019年上映的国产电影《流浪地球》，立足于中华优秀传统文化，融入天下大同、
和谐共生的价值理念，借鉴国外科幻电影元素，讲述了全球联合起来拯救地球的故事，
获得海内外观众广泛好评，被称为“开启了中国科幻电影元年”。从中获得的启示是（）
①中华优秀传统文化是支撑文化创新的强大基因
②植根于民族历史的文化就能引领世界文化的发展
③不同国家和民族的文化在交流、借鉴中融为一体
④中华文化在交流、借鉴和融合中能够更好地创新发展
A．①② B．①④ C．②③ D．③④
",B,"①正确，2019年上映的国产电影《流浪地球》，立足于中华优秀传统文化，获
得海内外观众广泛好评，这表明中华优秀传统文化是支撑文化创新的强大基因；
②错误，植根于民族历史的文化就能引领世界文化的发展，此说法过于绝对；
③错误，不同国家和民族的文化在交流、借鉴中融为一体，这一说法抹杀了文化的多样
性，不同国家和民族的文化可以交流、借鉴，但不会融为一体；
④正确，《流浪地球》借鉴国外科幻电影元素，讲述了全球联合起来拯救地球自事，获得
海内外观众广泛好评，这启示我们中华文化要在交流、借鉴和融合中能够更好地创新发
展，故故选：B。
",219,4
2019,（新课标ⅰ）,"9．（4分）在中国传统文化中，丹顶鹤象征着圣洁、高贵，无数文人雅士以鹤自喻，折射出
人们对它的喜爱。现在，“人与自然是生命共同体”的理念成为社会共识，人们从人与自
然环境和谐相处的高度来欣赏鹤、喜爱鹤、保护鹤。鹤的寓意的变化表明（）
①人们的审美观念深受价值观念的影响
②文化决定人们的思维方式和价值观念
③社会实践是文化变化发展的动力和源泉
④每个时代人们的审美观念会趋于一致
A．①② B．①③ C．②④ D．③④
",B,"①③符合题意，题目中强调“如今‘人与自然是生命共同体’的理念成为社会
共识，人们从人与自然环境和谐相处的高度来欣赏鹤、喜爱鹤、保护鹤”表明人们的审
美观念深受价值观念的影响，也说明社会实践是文化变化发展的动力和源泉；
②说法错误，文化会影响人们的思维方式和价值观念，但不能起决定作用；
④说法错误，“趋于一致”的说法过于绝对。
故选：B。
",220,4
2019,（新课标ⅰ）,"11．（4分）在科技创新中，时常存在“管理孤岛”“资源孤岛”“信息孤岛”“技术孤岛”等
现象，各子系统之间的资源、信息、人才等流动不畅，导致科技创新效率低下。消除科
技创新中的“孤岛现象”，就要（）
①立足关键部分，充分发挥其对整体功能的决定作用
②克服封闭观念，实现系统中各个要素功能的最大化
③用综合的思维方式来认识和处理问题，促进系统优化
④破除体制机制障碍，达到整体功能大于部分功能之和的效果
A．①② B．①④ C．②③ D．③④
",D,"①说法错误，要立足的是整体，不是关键部分；
②不合题意，题目主旨强调要有整体意识，而不是要实现系统中各个要素功能的最大化；
③④符合题意，题目中强调由于“管理孤岛”“资源孤岛”“信息孤岛”“技术孤岛”等现
象使各子系统之间的资源、信息、人才等流动不畅，导致科技创新效率低下，即不能着
眼于整体，因此必须用综合的思维方式来认识和处理问题，促进系统优化，破除体制机
制障碍，达到整体功能大于部分功能之和的效果。故选：D。
",221,4
2019,（新课标ⅰ）,"12．（4分）习近平在谈到领导工作的方法时强调，对于党的路线方针政策和重大战略部署，
要一以贯之地贯彻。我们要有钉钉子的精神，钉钉子往往不是一锤子就能钉好的，而是
要一锤一锤接着敲，直到把钉子钉实钉牢，钉牢一颗再钉下一颗，不断钉下去，必然大
有成效。这一论述体现的唯物辩证法道理是（）
①量变比质变更能推动事物的发展
②只有事物数量的不断增加才能引起质变
③量的变化的不断积累必然导致质的飞跃
④事物的发展是从量变到质变再到新的量变的循环往复的上升过程
A．①② B．①③ C．②④ D．③④
",D,"①错误，事物的发展，最终是通过质变实现的；
②错误，说法过于绝对，因为事物数量的不断减少也会引起质变；
③④符合题意，依据题意，“我们要有钉钉子的精神，钉钉子往往不是一锤子就能钉好的，
而是要一锤一锤接着敲，直到把钉子钉实钉牢，钉牢一颗再钉下一颗，不断钉下去，必
然大有成效”这一论述体现的唯物辩证法道理是量的变化的不断积累必然导致质的飞跃；
事物的发展是从量变到质变再到新的量变的循环往复的上升过程；故选：D。
",222,4
2019,（新课标ⅱ）,"2．（4分）为进一步加大对小微企业支持力度，财政部、国家税务总局发布通知，自2018
年9月1日至2020年12月31日，对金融机构向小型企业、微利企业和个体工商户发放
小额贷款取得的利息收入，免征增值税。该税收政策发挥作用的路径是（）
①激发小微企业的经营活力
②缓解小微企业的融资困难
③引导金融机构对小微企业放贷
④改变金融机构税收负担预期
⑤降低金融机构的贷款利率
A．①→②→④→③B．④→③→②→①C．②→③→①→⑤D．⑤→③→②→①
",B,"①②③④正确，对金融机构向小型企业、微利企业和个体工商户发放小额贷款
取得的利息收入，免征增值税。该税收改变金融机构税收负担预期，可以引导金融机构
对小微企业放贷，缓解小微企业的融资困难，从而激发小微企业的经营活力，正确的推
导顺序是④→③→②→①。
⑤不合题意，该税收政策属于财政政策，而降低金融机构的贷款利率属于货币政策。
故选：B。
",223,4
2019,（新课标ⅱ）,"3．（4分）2018年，全国居民人均消费支出19853元，同比增长6.2%；全国社会消费品零
售总额同比增长9.0%；最终消费支出对国内生产总值增长的贡献率为76.2%，比上年提
高17.4个百分点；基本必需品消费支出占比下降，通讯器材类和化妆品类的消费支出分别同比增长11.7%和13.5%．上述信息表明（）
①消费成为拉动经济增长的首要因素
②居民消费结构改善，恩格尔系数下降
③消费品供给丰富，产业结构日趋优化
④高档品消费增加，居民消费趋于理性
A．①② B．①④ C．②③ D．③④
",A,"①符合题意，“最终消费支出对国内生产总值增长的贡献率为76.2%，比上年提
高17.4个百分点”这表明消费反作用于经济，消费成为拉动经济增长的首要因素。
②符合题意，“2018年，全国居民人均消费支出19853元，同比增长6.2%，基本必需品
消费支出占比下降，通讯器材列和化妆品类的消费支出分别同比增长11.7%和13.5%”，
这表明居民消费改善，恩格尔系数下降。
③④不合题意，材料强调的是消费结构、消费水平的提高，以及消费对经济发展的作用，
未体现消费品供给丰富，产业结构日益完善，也未体现高档品消费增加，不能看出居民消费趋于理性。
故选：A。
",224,4
2019,（新课标ⅱ）,"4．（4分）2019年1月，证监会发布《关于在上海证券交易所设立科创板并试点注册制的实
施意见》。科创板是专门服务有良好发展前景和市场认可度的科技型与创新型企业的股票
板块。与现行股票市场中的主板不同，科创板试行注册制，并允许尚未盈利的公司上市。
设立科创板旨在（）
①放宽市场准入，支持科创企业发展
②完善资本市场，提高资本配置效率
③增加投资选择，控制资本市场风险
④加速资金流动，提高股市投资回报率
A．①② B．①③ C．②④ D．③④
",A,"①②符合题意，科创板是专门服务有良好发展前景和市场认可度的科技型与创
新型企业的股票板块，与现行股票市场中的主板不同，科创板试行注册制，并允许尚未
盈利的公司上市，这说明科创板的设立旨在放宽市场准入，支持科创企业发展，完善资
本市场，提高资本配置效率；
③表述错误，设立科创板可以增加投资选择，但不能说控制资本市场风险；
④表述错误，设立科创板可以加速资金流动，但未必能提高股市投资回报率；
故选：A。
",225,4
2019,（新课标ⅱ）,"5．（4分）2018年10月，十三届全国人大常委会围绕人民法院解决“执行难”工作、人民
检察院加强对民事诉讼和执行活动法律监督工作首次开展专题询问。最高人民法院院长、
最高人民检察院检察长等相关人员到会应询作答。人大常委会对“两高”工作进行专题
询问是（）
①行使最高立法权的积极探索
②加强对司法工作监督的重要形式
③推进落实司法责任，促进司法公正的必要举措
④裁决民事纠纷、提高执行效率的工作方式创新
A．①② B．①④ C．②③ D．③④
",C,"①说法错误，人大常委会对“两高”工作进行专题询问是在行使监督权，而不
是立法权，同时行使最高立法权的是全国人大，而不是全国人大常委会。
②③符合题意，题中人大常委会对“两高”工作进行专题询问，体现了人大常委会行使
监督权，加强对司法工作的监督，是推进落实司法责任，促进司法公正的必要举措。
④不合题意，人大常委会对“两高”工作进行专题询问，并不会创新裁决民事纠纷、提
高执行效率的工作方式。
故选：C。
",226,4
2019,（新课标ⅱ）,"6．（4分）某省探索在全省乡镇（街道）设立监察办公室，对基层所有行使公权力的公职人
员进行监察。截至2018年7月底，全省1389个乡镇（街道）全部完成监察办公室设置
和人员任职工作。在乡镇（街道）设立监察办公室的作用在于（）
①提高司法工作的独立性
②实现乡镇监察全覆盖③完善基层政府组织结构
④防止基层公权力滥用
A．①② B．①③ C．②④ D．③④
",C,"①不合题意，材料强调监察工作，而没有谁司法工作；
②④符合题意，材料中，某省探索在全省乡镇（街道）设立监察办公室，对基层所有行
使公权力的公职人员进行监察，有利于实现乡镇监察全覆盖，从而防止基层公权力滥用；
③不合题意，材料强调对行使公权力的公职人员的监察，而没有涉及完善基层政府组织
结构；
故选：C。
",227,4
2019,（新课标ⅱ）,"7．（4分）2018年11月，国家主席习近平在亚太经合组织工商领导人峰会上发表主旨演讲
指出，无论是冷战、热战还是贸易战，都不会有真正赢家。这一论断反映我国主张（）
①处理国际事务必须符合世界多极化发展趋势
②国际组织在解决国际争端中必须维护国家主权
③国家间交往必须顺应世界和平与发展的历史潮流
④在相互依存的当今世界应该摒弃弱肉强食的思维
A．①② B．①③ C．②④ D．③④
",D,"①不符合题意，材料所述没有涉及“世界多极化发展趋势”。
②错误，主权国家在解决国际争端中必须维护国家主权。
③④符合题意，无论是冷战、热战还是贸易战，都不会有真正赢家。这一论断反映我国
主张国家间交往必须顺应世界和平与发展的历史潮流；在相互依存的当今世界应该摒弃
弱肉强食的思维。
故选：D。
",228,4
2019,（新课标ⅱ）,"8．（4分）2019年3月23日，在两国领导人共同见证下，中国和意大利双方代表交换关于
中国流失文物艺术品返还的证书。返还的796件（套）文物，有马家窑文化红陶罐、汉
代茧形壶、唐代武士立俑、宋代黑釉瓷……是承载民族记忆的宝贵遗产。流失文物返还
中国的启示是（）
①保护文化遗产需要世界各国共同努力
②尊重文化多样性就要尊重各民族文化
③保护文化遗产是文化传承发展的根本动力
④保持文化多样性是促进不同文化相互融合的重要途径
A．①② B．①③ C．②④ D．③④
",A,"①②符合题意，材料中，在两国领导人共同见证下，中国和意大利双方代表交
换关于中国流失文物艺术品返还的证书，这启示保护文化遗产需要世界各国共同努力，
尊重文化多样性就要尊重各民族文化；
③表述错误，社会基本矛盾运动是文化传承发展的根本动力；
④表述错误，商业贸易、人口迁徙、教育是促进不同文化相互融合的重要途径；
故选：A。
",229,4
2019,（新课标ⅱ）,"9．2018年9月，中共中央，国务院印发《乡村振兴战略规划（2018﹣2022年）》，据此完成
9﹣10题。
乡村振兴，乡风文明是保障。规划指出，要培育文明乡风、良好家风、淳朴民风，推动
乡村文化振兴，建设邻里守望、诚信重礼、勤俭节约的文明乡村。建设乡风文明的意义
在于（）
①维护传统农耕文化的稳定性
②促进传统文化与现代文化的相互转化
③培育崇信尚俭、向上向善的乡村文化
④丰富人们的精神世界，增强人们的精神力量
A．①② B．①④ C．②③ D．③④
",D,"①不合题意，建设乡风文明与维护传统农耕文化的稳定性无关。
②说法错误，要促进传统文化与现代文化相结合，而不是相互转化。
③④符合题意，建设乡风文明有利于培育文明乡风、良好家风、淳朴民风，推动乡村文
化振兴，建设邻里守望、诚信重礼、勤俭节约的文明乡村，这有利于培育崇信尚俭、向
上向善的乡村文化，丰富村民的精神世界，增强村民的精神力量。
故选：D。
",230,4
2019,（新课标ⅱ）,"10．2018年9月，中共中央，国务院印发《乡村振兴战略规划（2018﹣2022年）》，据此完
成9﹣10题。
规划要求，准确把握乡村振兴的科学内涵，挖掘乡村多种功能和价值，统筹谋划农村经
济建设、政治建设、文化建设、社会建设、生态文明建设和党的建设，注重协同性、关
联性，整体部署，协调推进。其中蕴含的哲学道理是（）
①矛盾的主要方面规定了事物的性质
②把握矛盾的特殊性是解决矛盾的前提
③系统优化方法是着眼于事物整体性的重要方法论
④关键部分的功能在一定条件下对整体的功能起决定作用
A．①② B．①④ C．②③ D．③④
",C,"①不合题意，材料强调矛盾的特殊性，而没有涉及矛盾的主要方面规定了事物
的性质；
②符合题意，“准确把握乡村振兴的科学内涵，挖掘乡村多种功能和价值”说明把握矛盾
的特殊性是解决矛盾的前提；
③符合题意，“统筹谋划农村经济建设、政治建设、文化建设、社会建设、生态文明建设
和党的建设，注重协同性、关联性，整体部署，协调推进”体现了系统优化方法是着眼
于事物整体性的要要方法论；
④不合题意，材料强调着眼于事物整体性，而没有涉及关键部分的功能在一定条件下对
整体的功能起决定作用；
故选：C。
",231,4
2019,（新课标ⅱ）,"11．（4分）最近，科学家设计和制造出一种小蛋白，这种小蛋白自我组装成螺旋状的蛋白
长丝。该研究有助于更好地了解天然蛋白丝，进而研制出自然界没有的全新材料，如超
过蜘蛛丝强度的人造纤维等。这表明（）
①人类能够基于事物固有的联系建立新的联系
②实践可以把自在事物的联系转化为人为事物的联系
③人为事物的联系比自在事物的联系更高级、更复杂
④人为事物的联系以人的意志为转移，具有“人化”的特点
A．①② B．①④ C．②③ D．③④
",A,"①②符合题意，材料中“科学家设计和制造出一种小蛋白，这种小蛋白自我组
装成螺旋状的蛋白长丝”说明人类能够基于事物固有的联系建立新的联系，“该研究有助
于更好地了解天然蛋白丝，进而研制出自然界没有的全新材料”说明实践可以把自在事
物的联系转化为人为事物的联系；
③表述错误，人为事物的联系与自在事物的联系都是多样的，不能说哪个更高级、更复
杂；
④表述错误，人为事物的联系虽然具有“人化”的特点，但仍然是客观的，是不以人的
意志为转移的；
故选：A。
",232,4
2019,（新课标ⅱ）,"12．（4分）习近平在纪念五四运动100周年大会上发表重要讲话指出，当今时代，知识更
新不断加快，社会分工日益细化，新技术新模式新业态层出不穷。青年要珍惜韶华、不
负青春，努力学习掌握科学知识，提高内在素质，锤炼过硬本领，使自己的思维视野、
思想观念、认识水平跟上越来越快的时代发展。这一论述蕴含的认识论道理是（）
①源于直接经验的认识是真理性认识
②以实践为基础的认识具有直接现实性
③时代和实践为认识的发展提供了条件和需要
④实现认识与实践的统一需要不断提升主体素质
A．①② B．①③ C．②④ D．③④
",D,"①说法错误，认识源于实践（直接经验），但源于实践的认识既有正确的，也有
错误的，并不都是真理。
②说法错误，实践具有直接现实性，认识不具有直接现实性。
③④符合题意，当今时代，知识更新不断加快，社会分工日益细化，新技术新模式新业
态层出不穷，需要青年努力学习掌握科学知识，提高内在素质，锤炼过硬本领，使自己
的思维视野、思想观念、认识水平跟上越来越快的时代发展，这体现了时代和实践为认
识的发展提供了条件和需要，实现认识与实践的统一需要不断提升主体素质。
故选：D。
",233,4
2019,（新课标ⅲ）,"1．（4分）某家国有企业集团进行混合所有制改革，向上下游知名民营企业出让29.8%的股
权和部分董事席位，吸纳资金
33.6亿元。这有利于该企业（）
①改善治理结构，提高企业管理水平
②控制上下游企业，实现一体化经营
③调整资本结构，降低企业经营风险
④激发企业活力，促进资本保值增值
A．①② B．①④ C．②③ D．③④
",B,"①④符合题意，某家国有企业集团进行混合所有制改革，向上下游知名民营企
业出让29.8%的股权和部分董事席位，吸纳资金33.6亿元。这有利于该企业改善治理结
构，提高企业管理水平，激发企业活力，促进资本保值增值；
②说法错误，国有企业集团进行混合所有制改革并不是为了控制上下游企业，实现一体
化经营；
③不合题意，国有企业混合所有制改革并不能降低企业经营风险。
故选：B。
",234,4
2019,（新课标ⅲ）,"3．（4分）2019年2月，中共中央、国务院印发《粤港澳大湾区发展规划纲要》。对推动粤
港澳大湾区发展，建设世界级城市群做出重大战略部署。粤港澳大湾区位于“一带一路”
的交汇点，具有“一个国家、两种制度、三个关区”的特点。从产业结构看，港澳地区
以金融、信息技术等现代服务业为主，广东九个城市以生产制造为主。关于打造粤港澳大湾区的重大意义，下列判断中不恰当．．．的是（）
A．促进产业转型升级，实现中国东中西区域协调发展
B．丰富“一国两制”实践内涵，进一步密切内地与港澳交流合作
C．推进供给侧结构性改革，加快培育发展新动能、实现创新驱动发展
D．建立与国际接轨的开放型经济新体制，建设高水平参与国际经济合作新平台
",A,"本题为逆向选择题，要求选择判断不恰当的选项：
A符合题意，港澳地区以金融、信息技术等现代服务业为主，打造粤港澳大湾区有利于
促进产业转型升级，密切内地与港澳交流，但不能实现中国东中西区域协调发展，判断
不恰当，但符合设问要求；
BCD不合题意，打造粤港澳大湾区，可以丰富“一国两制”实践内涵，进一步密切内地与港澳交流合作，有利于推进供给侧结构性改革，加快培育发展新动能、实现创新驱动
发展，有利于建立与国际接轨的开放型经济新体制，建设高水平参与国际经济合作新平
台，说法均正确，但不符合设问要求；
故选：A。
",235,4
2019,（新课标ⅲ）,"4．（4分）某国是铁矿石、石油等大宗商品（以美元计价）的进口国。当美元指数持续上涨
时，该国面临通货膨胀的压力。不考虑其他因素的影响，这一传导过程是（）
①进口原材料成本上升
②居民消费价格上涨
③生产者出厂价格上涨
④生产者购进价格上涨
A．①→④→③→②B．①→④→②→③C．④→①→③→②D．④→①→②→③
",A,"A正确BCD错误，某国是铁矿石、石油等大宗商品（以美元计价）的进口国，
当美元指数持续上涨时，美元升值，进口原材料成本上升，使得生产者购进价格上涨，
成本增加，使得生产者出厂价格上涨，导致居民消费价格上涨，使得该国面临通货膨胀
的压力，因此，不考虑其他因素的影响，这一传导过程是①→④→③→②；故选：A。
",236,4
2019,（新课标ⅲ）,"5．（4分）2018年，西藏自治区开始实施以“神圣国土守护者、幸福家园建设者”为主题的
乡村振兴工程，将边民脱贫致富和守边固边相结合，补齐基础设施和公共服务的短板，
加快边境地区发展。边疆民族地区实施乡村振兴工程
（）
①是充分发挥民族地区资源优势的要求
②保障了自治区少数民族人民的自治权
③是保证边防安全、维护国家统一的重要举措
④有利于实现共同富裕，激发各族人民的爱国热情
A．①② B．①③ C．②④ D．③④
",D,"①不合题意，材料强调补齐基础设施和公共服务的短板，而没有涉及发挥民族
地区资源优势；
②不合题意，材料涉及的是边疆民族地区实施乡村振兴工程，而没有涉及保障自治区少
数民族人民的自治权；
③④符合题意，材料中“西藏自治区开始实施以‘神圣国土守护者、幸福家园建设者’
为主题的乡村振兴工程，将边民脱贫致富和守边固边相结合”，是保证边防安全、维护国
家统一的重要举措，而“补齐基础设施和公共服务的短板，加快边境地区发展”有利于
实现共同富裕，激发各族人民的爱国热情；
故选：D。
",237,4
2019,（新课标ⅲ）,"6．（4分）目前，上海合作组织共有8个成员国、4个观察员国、6个对话伙伴，同联合国
等国际和地区组织建立了广泛的合作关系；其成员国的经济和人口总量分别约占全球的
20%和40%．在2018年青岛峰会上，上海合作组织共通过23份安全、经济、人文等领
域合作文件。上海合作组织是（）
①横跨欧亚大陆的地区性国家联盟
②推动经济全球化深入发展的主导力量
③维护地区及全球安全稳定的重要因素
④坚持开放包容、促进互利合作的多边机制A．①② B．①④ C．②③ D．③④
",D,"①表述错误，上海合作组织不是国家联盟；
②表述错误，上海合作组织是推动经济全球化深入发展的重要力量，而不是主导力量；
③④符合题意，材料中，上海合作组织共有8个成员国、4个观察员国、6个对话伙伴，
同联合国等国际和地区组织建立了广泛的合作关系；其成员国的经济和人口总量分别约
占全球的20%和40%，在2018年青岛峰会上，上海合作组织共通过23份安全、经济、人文等领域合作文件，这表明上海合作组织是维护地区及全球安全稳定的重要因素，坚
持开放包容、促进互利合作的多边机制；
故选：D。
",238,4
2019,（新课标ⅲ）,"7．我国已成为全球生态文明建设的重要参与者、贡献者、引领者。据此完成7～8题。
2018年5月，习近平在全国生态环境保护大会上发表重要讲话强调，新时代推进生态文
明建设，必须坚持共谋全球生态文明建设，深度参与全球环境治理，形成世界环境保护
和可持续发展的解决方案，引导应对气候变化国际合作。这一论述（）
①表明全球环境治理的价值共识已经形成
②反映中国拥有全球环境治理的话语主导权
③彰显中国在全球环境治理中的文化自觉和文化自信
④表达中国为全球环境治理贡献智慧和力量的责任担当
A．①② B．①④ C．②③ D．③④
",D,"①说法错误，“全球环境治理的价值共识已经形成”的说法不符合事实；
②说法错误，“主导权”的说法夸大了中国在全球环境治理中的作用；
③④符合题意，习近平提出“新时代推进生态文明建设，必须坚持共谋全球生态文明建
设，深度参与全球环境治理，形成世界环境保护和可持续发展的解决方案，引导应对气
候变化国际合作”，彰显中国在全球环境治理中的文化自觉和文化自信，也表达了中国为
全球环境治理贡献智慧和力量的责任担当。
故选：D。
",239,4
2019,（新课标ⅲ）,"8．我国已成为全球生态文明建设的重要参与者、贡献者、引领者。据此完成7～8题。
2018年，某省人大环境与资源保护委员会建立环境资源保护监督系统。通过该系统，人
大代表能够在线查阅政府部门对所反映问题的受理、处置和反馈情况，还可查阅国家法
律和本省地方性法规。建立环境资源保护监督系统，能够（）
①强化人大环境监督机构的职能
②畅通人大代表监督环境问题的渠道
③提高人大代表处置环境问题的能力
④增强人大代表监督环境问题的时效性
A．①② B．①③ C．②④ D．③④
",C,"①说法错误，人大是我国的权力机关，有监督权，但不是环境监督机构；②④符合题意，“通过该系统，人大代表能够在线查阅政府部门对所反映问题的受理、处
置和反馈情况，还可查阅国家法律和本省地方性法规”表明该系统能畅通人大代表监督
环境问题的渠道，增强人大代表监督环境问题的时效性；
③说法错误，处置环境问题的主体是行政机关，不是人大代表。
故选：C。
",240,4
2019,（新课标ⅲ）,"9．《中共中央国务院关于开展质量提升行动的指导意见》提出，实施中国精品培育工程，
加强对中华老字号、地理标志等品牌培育和保护，培育更多百年老店和民族品牌。据此
完成9～10题。
商务部先后认定两批中华老字号共1128家，平均有160多年的历史。北京全聚德、上海
老凤祥、天津狗不理……这些品牌耳熟能详，在老百姓中间有良好口碑和广泛影响力。
这表明（）
①中华老字号具有明显的地域文化特征
②中华老字号的文化传承取决于品牌的认定
③中华老字号的文化价值不受社会历史变迁影响
④中华老字号的影响力得益于其包含的民族文化基因A．①② B．①④ C．②③ D．③④
",B,"①符合题意，“北京全聚德、上海老凤祥、天津狗不理”表明中华老字号具有明
显的地域文化特征；
②说法错误，品牌的认定有利于中华老字号的文化传承，但不能起决定作用；
③说法错误，文化由一定的社会的经济和政治决定，因此认为中华老字号的文化价值不
受社会历史变迁影响的说法是错误的；
④符合题意，“这些品牌耳熟能详，在老百姓中间有良好口碑和广泛影响力”其实是因为
其品牌主要得益于中华优秀传统文化“诚信”，表明中华老字号的影响力得益于其包含的
民族文化基因。
故选：B。
",241,4
2019,（新课标ⅲ）,"10．《中共中央国务院关于开展质量提升行动的指导意见》提出，实施中国精品培育工程，
加强对中华老字号、地理标志等品牌培育和保护，培育更多百年老店和民族品牌。据此
完成9～10题。
中华老字号要成为“常青树”，需要不断创新。从哲学上看，这是因为（）
①只有不断吐故纳新，事物才能保持旺盛的生命力
②事物的优势和劣势相互转化依赖于人的主观能动性
③只要不断批判和否定，新事物就能保持质的稳定性
④事物只有通过自我否定、自我超越才能得到不断发展
A．①② B．①④ C．②③ D．③④
",B,"①④符合题意，要成为“常青树”，需要不断创新，是因为辩证的否定是事物自
身的否定，即自己否定自己，自己发展自己，即事物只有通过自我否定、自我超越才能
得到不断发展，只有不断吐故纳新，事物才能保持旺盛的生命力；
②说法错误，“依赖于人的主观能动性”的说法夸大了人的意识的作用，属于主观唯心主
义；
③说法错误，“只要不断批判和否定，新事物就能保持质的稳定性”的说法过于绝对，且
题目中强调的是辩证的否定，强调的是事物的发展创新，而不是保持质的稳定性。
故选：B。
",242,4
2019,（新课标ⅲ）,"11．（4分）毛泽东说：“战争历史中有在连战皆捷之后吃了一个败仗以至全功尽弃的，有在
吃了许多败仗之后打了一个胜仗因而开展了新局面的。”其中蕴含的哲学道理是（）
A．处于非支配地位的部分及其变化不影响整体的功能
B．在一些事物的存在和发展中，整体服从和服务于部分
C．关键部分的功能及其变化甚至对整体功能起决定作用
D．只要充分发挥部分的作用，就能实现整体的最优目标
",C,"A表述错误，处于非支配地位的部分及其变化对整体功能的发挥也有影响；
B表述错误，部分要服从和服务于整体，而不能说在一些事物的存在和发展中，整体服
从和服务于部分；
C符合题意，材料中“吃了一个败仗以至全功尽弃的”和“打了一个胜仗因而开展了新
局面的”都说明关键部分的功能及其变化甚至对整体功能起决定作用；
D表述错误，“只要充分发挥部分的作用，就能实现整体的最优目标”说法太绝对，要尊
重客观规律；
故选：C。
",243,4
2019,（新课标ⅲ）,"12．（4分）废旧塑料的回收利用一直受到污水排放问题的困扰。一位“草根发明家”转变
思路，经过反复试验，研制成无水清洗的废旧塑料自动化生产线，脏兮兮的废旧塑料进
入生产线，变成了“新鲜、干净”的塑料颗粒。这表明
（）
①实践的需要推动人的创新能力不断发展
②批判性思维能够促进认识发展和实践创新
③观念创新决定着创新思维活动的内容和性质
④能否应用于实践是衡量创新成功与否的唯一标准
A．①② B．①④ C．②③ D．③④
",A,"①②符合题意，“废旧塑料的回收利用一直受到污水排放问题的困扰”说明实践
是认识发展的动力，实践的需要推动人的创新能力不断发展，“转变思路，经过反复试验，
研制成无水清洗的废旧塑料自动化生产线，脏兮兮的废旧塑料进入生产线，变成了‘新
鲜、干净’的塑料颗粒”，表明批判性思维能够促进认识发展和实践创新；
③表述错误，观念创新影响着创新思维活动的内容和性质，但不起决定作用；
④不合题意，实践是认识真理性的唯一标准，但材料强调的是实践是认识发展的动力，
而没有涉及能否应用于实践是衡量创新成功与否的唯一标准；
故选：A。
",244,4
2020,（新课标ⅰ）,"1．（4分）新冠肺炎疫情发生以后，医用口罩、防护服、消毒液等防疫物资一度紧缺，不少
大型制造企业开启了“跨界”生产之路，如某电器集团紧急成立医疗子公司，迅速调整
生产计划，很快向市场提供医疗物资生产设备和医用口罩。企业短时间内紧急转产、快
速投产，说明（）
①我国相关制造业有完整灵活的供应链
②市场需求对企业生产有重要导向作用
③企业具有转产防疫产品的前瞻性战略
④企业可以通过转产快速化解市场风险
A．①② B．①④ C．②③ D．③④
",A,"①②正确，防疫物资一度紧缺，不少大型制造企业开启了“跨界”生产之路。
企业短时间内紧急转产、快速投产，说明我国相关制造业有完整灵活的供应链；市场需
求对企业生产有重要导向作用；
③错误，材料是企业“跨界”生产，而不是转产；
④不合题意，材料是企业“跨界”生产防疫物资，而不是通过转产快速化解市场风险；
故选：A。
",245,4
2020,（新课标ⅰ）,"2．（4分）为发挥农业保险对支农惠农、促进农业发展的作用，中央财政于2007年开始实
施农业保险保费补贴政策。截至2019年底，农业保险累计支付赔款2400多亿元，服务
农户数从0.5亿户次增至1.8亿户次，提供的风险保障从0.1万亿元增加到3.6万亿元。
农业保险保费补贴政策发挥作用的路径是（）
①获得财政补贴，降低成本支出
②增加生产投入，促进产业发展
③购买农业保险，支付保险费用
④转移灾害风险，稳定收入预期
A．①→③→④→②B．①→③→②→④C．③→①→④→②D．③→①→②→④
",C,"③排在第一位，购买农业保险，支付保险费用；
①排在第二位，中央财政于2007年开始实施农业保险保费补贴政策，获得财政补贴，降
低成本支出；
④排在第三位，灾害发生时农业保险支付赔款，转移灾害风险，稳定收入预期；
②排在第四位，农民增加生产投入，促进产业发展；
所以，农业保险保费补贴政策发挥作用的路径是③→①→④→②。
故选：C。
",246,4
2020,（新课标ⅰ）,"3．（4分）2015年10月，人民币跨境支付系统（CIPS）正式启动。CIPS是由中国人民银行
组织开发，为境内外金融机构人民币跨境和离岸业务提供资金清算与结算服务的系统。
截至2020年5月末，有96个国家和地区的969家银行接入该系统。CIPS的推广使用表
明（）
①人民币实现跨境自由流动
②人民币国际化进程加速
③人民币在全球可自由兑换
④中国对外贸易结算风险降低A．①③ B．①④ C．②③ D．②④
",D,"①不合题意，CIPS的推广使用可以为境内外金融机构人民币跨境和离岸业务提
供资金清算与结算服务，但还未能实现人民币跨境自由流动；
②④符合题意，依据题意，人民币跨境支付系统（CIPS）正式启动。CIPS是由中国人民
银行组织开发，为境内外金融机构人民币跨境和离岸业务提供资金清算与结算服务的系
统。由此可见，CIPS的推广使用表明人民币国际化进程加速；中国对外贸易结算风险降
低；
③错误，人民币还未能在全球可自由兑换；
故选：D。
",247,4
2020,（新课标ⅰ）,"4．信息时代，数据在经济社会生活中的作用越来越重要。据此完成4～5题。
2019年10月，《中共中央关于坚持和完善中国特色社会主义制度、推进国家治理体系和
治理能力现代化若干重大问题的决定》首次将数据与劳动、资本、土地等并列，将其列
为生产要素。数据被列为生产要素是因为（）
①数据广泛融入生产过程，具有独特创造力
②数据是最具流动性的基础性资源
③数据的所有权和使用权可以分离
④数据对提高生产效率的作用日益凸显
A．①② B．①④ C．②③ D．③④
",B,"①④符合题意，依据题意，首次将数据与劳动、资本、土地等并列，将其列为
生产要素。这是因为数据被列为生产要素可以广泛融入生产过程，具有独特创造力；数
据对提高生产效率的作用日益凸显；
②错误，资金、资本是最具流动性的基础性资源；
③不合题意，该项不是数据被列为生产要素的原因；
故选：B。
",248,4
2020,（新课标ⅰ）,"5．信息时代，数据在经济社会生活中的作用越来越重要。据此完成4～5题。
在新一轮政府机构改革中，浙江、福建等省成立大数据管理局，负责统筹数据资源建设
管理，协调全省政务信息化、电子政务建设，推进信息化发展和大数据融合应用、大数
据相关产业发展和行业管理。创新设立大数据管理局旨在（）
①推动经济转型升级发展
②保障地方政府依法行政
③改革完善基层行政体制
④优化地方政府职能配置
A．①② B．①④ C．②③ D．③④
",B,"①④符合题意，通过大数据协调全省政务信息化、电子政务建设，推进信息化
发展和大数据融合应用、大数据相关产业发展和行业管理，可见创新设立大数据管理局
目的是推动经济转型升级发展；优化地方政府职能配置；
②不合题意，材料强调管理大数据，与保障地方政府依法行政无关；
③不合题意，材料强调管理大数据，与改革完善基层行政体制无关；
故选：B。
",249,4
2020,（新课标ⅰ）,"6．（4分）2019年10月26日，十三届全国人大常委会第十四次会议通过《关于国家监察委
员会制定监察法规的决定》。根据这一决定，国家监察委员会为执行法律的规定、履行领
导地方各级监察委员会职责，可根据宪法和法律，制定监察法规。该决定表明（）
①全国人大常委会在监察立法工作中发挥主导作用
②全国人大常委会可以授权国家监察委员会制定法规
③国家监察委员会是全国人大行使监督权的职能机构
④国家监察委员会拥有自主制定本部门法律的权力
A．①② B．①④ C．②③ D．③④
",A,"①符合题意，十三届全国人大常委会第十四次会议通过《关于国家监察委员会
制定监察法规的决定》。可知全国人大常委会在监察立法工作中发挥主导作用；
②符合题意，材料中根据《关于国家监察委员会制定监察法规的决定》，国家监察委员会
为执行法律的规定、履行领导地方各级监察委员会职责，可根据宪法和法律，制定监察
法规。该决定表明全国人大常委会可以授权国家监察委员会制定法规；
③说法错误，国家监察委员会是国家监察机关，不是全国人大行使监督权的职能机构；
④说法错误，我国的立法机关是全国人大及其常委会，行使国家立法权，全国人大常委
会可以授权国家监察委员会制定法规，但是国家监察委员会没有自主制定本部门法律的
权力。
故选：A。
",250,4
2020,（新课标ⅰ）,"7．（4分）国家主席习近平在2019年4月第二届“一带一路”国际合作高峰论坛开幕式上
的主旨演讲中，用“万物得其本者生，百事得其道者成”来形容共建“一带一路”。下列选项与“本”和“道”含义不相符的是（）
A．经济全球化的历史潮流
B．全球治理体系变革的时代要求
C．各国人民过上更好日子的强烈愿望
D．发展中国家实现区域经济一体化的迫切需要
",D,"本题目是反向选择题，要求选出与“本”和“道”含义不相符的选项。
ABC不符合题意；“万物得其本者生，百事得其道者成”意思指世间万物如果依据根本
就能发生，一切事情只要符合道义便可圆满，强调的是事物发展有其内在规律，要按规
律办事，这体现了“一带一路”建设符合经济全球化的历史潮流，符合全球治理体系变
革的时代要求，体现了各国人民过上更好日子的强烈愿望，ABC选项都是对材料的正确
解读，但是题干要求选项与“本”和“道“含义不相符的选项；
D符合题意，材料体现的是经济全球化的历史潮流，而不是发展中国家实现区域经济一
体化，但是题干要求选项与“本”和“道“含义不相符的选项。故选：D。
",251,4
2020,（新课标ⅰ）,"8．（4分）家庭联产承包责任制拉开了中国改革开放的序幕，农村改革带来的希望在心底里
流淌、在劳动中萌发，文艺工作者的创作激情和灵感在希望的田野上点燃，歌曲《在希
望的田野上》由此诞生。如今，这首唱响大江南北的歌已凝结成标示时代巨变的音乐符
号，激励着亿万中华儿女奋发进取。这表明（）
①群众喜闻乐见是评价艺术价值的客观标准
②社会主义文艺要坚持讴歌人民、讴歌劳动
③激情与灵感是艺术创作的源泉与动力
④优秀的文艺作品既要回应时代要求又能引领时代方向
A．①② B．①③ C．②④ D．③④
",C,"①错误，群众喜闻乐见是表现形式，而不是评价艺术价值的客观标准；
②④符合题意，歌曲《在希望的田野上》立足于家庭联产承包责任制的实施创作，激励
着亿万中华儿女奋发进取。这表明社会主义文艺要坚持讴歌人民、讴歌劳动；优秀的文艺作品既要回应时代要求又能引领时代方向；
③错误，社会实践是艺术创作的源泉与动力；
故选：C。
",252,4
2020,（新课标ⅰ）,"10．（4分）工业遗产的开发利用是城市转型发展亟待解决的问题。许多城市巧妙利用闲置
的厂房和设备，精心打造文创产业园、时尚设计园、爱国主义教育基地等，厂房变成博
物馆，仓库改成音乐厅，厂区转为影视基地……工业遗产的“华丽转身”表明（）
①事物间的联系是客观的，与人的意识无关
②把握联系的多样性是正确认识和有效利用事物的前提③事物发展的关键在于把事物的内部联系转变为外部联系
④人们可以通过实践调整事物之间原有的联系，建立新的联系
A．①② B．①③ C．②④ D．③④
",C,"①说法错误，人为事物的联系是人类实践活动范围内由人们按照一定目的、计划或方案而形成或建立的联系，渗透着人的目的性、能动性；
②④符合题意，材料中许多城市巧妙利用闲置的厂房和设备，精心打造文创产业园、时
尚设计园、爱国主义教育基地等，厂房变成博物馆，仓库改成音乐厅，厂区转为影视基
地……工业遗产的“华丽转身”表明把握联系的多样性是正确认识和有效利用事物的前
提，人们可以通过实践调整事物之间原有的联系，建立新的联系；
③说法错误，事物发展的关键在于抓住主要矛盾，而不是把事物的内部联系转变为外部
联系。
故选：C。
",253,4
2020,（新课标ⅰ）,"11．（4分）2019年3月18日，习近平在学校思想政治理论课教师座谈会上强调，青少年阶
段是人生的“拔节孕穗期”。最需要精心引导和裁培：要给学生心灵埋下真善美的种子，
引导学生扣好人生第一粒扣子。因为（）
①青年学生的价值观决定于其行为选择
②青年学生的价值观一旦形成就会稳定不变
③价值观教育是青年学生健康成长的必修课
④正确价值观是青年学生走好人生道路的重要向导
A．①② B．①④ C．②③ D．③④
",D,"①说法错误，青年学生的价值观影响于其行为选择，但不起决定作用；②说法错误，一个人的世界观、人生观和价值观一旦形成，就具有确定的方向性，而不
是青年学生的价值观一旦形成就会稳定不变；
③④符合题意，青少年阶段是人生的“拔节孕德期”。最需要精心引导和栽培；要给学生
心灵埋下真善美的种子，引导学生扣好人生第一粒扣子。因为价值观教育是青年学生健
康成长的必修课，正确价值观是青年学生走好人生道路的重要向导。
故选：D。
",254,4
2020,（新课标ⅰ）,"12．（4分）广西某山村有许多珍稀鸟类，但一直存在打鸟、捕鸟等现象。近年来，该村引
导村民树立“绿水青山就是金山银山”的理念，建设观鸟基地，吸引天南海北的“鸟友”
前来参观，以护鸟观鸟、旅游观光、休闲度假为特色的产业蓬勃发展，以前打鸟、捕鸟
的村民成为爱鸟、护鸟的“土专家”和良好生态环境的自觉守护者。这表明（）
①社会意识的发展变化根源于生产生活的发展变化
②不与社会存在同步变化的社会意识是落后的社会意识
③社会意识能够转化为改变社会存在的物质力量
④社会意识能否推动社会发展取决于其是否反映社会存在
A．①② B．①③ C．②④ D．③④
",B,"①符合题意，依据题意，以前打鸟、捕鸟的村民成为爱鸟、护鸟的“土专家”和良好生态环境的自觉守护者。这表明社会意识的发展变化根源于生产生活的发展变化；
②错误，社会意识具有相对独立性，不与社会存在同步变化的社会意识可能是落后的社
会意识、也可能是先进的社会意识；
③符合题意，引导村民树立“绿水青山就是金山银山”的理念，建设观鸟基地，吸引天
南海北的“鸟友”前来参观，以护鸟观鸟、旅游观光、休闲度假为特色的产业蓬勃发展，
这说明社会意识能够转化为改变社会存在的物质力量；
④错误，社会意识能否推动社会发展取决于其是否正确反映社会存在；
故选：B。
",255,4
2020,（新课标ⅱ）,"1．（4分）一双限量版运动鞋，官网标价千余元，线上倒手几次价格就能翻到几万；有人甚
至声称自己靠炒鞋月入十几万……一段时间以来，炒鞋不断升温，引发媒体关注，并纷
纷提示风险。炒鞋行为存在风险的原因在于（）
①鞋已不具有使用价值，其交易不是商品交换
②鞋的价格远远高于鞋的价值，背离了价值规律
③借助网络交易平台炒鞋，货币难以充当流通媒介
④资本追逐不断推高价格，鞋的价值越来越难以实现
A．①② B．①③ C．②④ D．③④
",C,"①错误，炒鞋过程中，鞋仍然具有使用价值，其交易是商品交换；
②④符合题意，依据题意，一双限量版运动鞋，官网标价千余元，线上倒手几次价格就
能翻到几万，炒鞋不断升温，引发媒体关注，并纷纷提示风险。因为炒鞋行为存在的风险在于鞋的价格远远高于鞋的价值，背离了价值规律；资本追逐不断推高价格，鞋的价
值越来越难以实现；
③错误，炒鞋过程中，货币仍然是流通媒介；
故选：C。
",256,4
2020,（新课标ⅱ）,"2．（4分）近年来，中国铁路上海局集团、南昌局集团、成都局集团等发布消息，对所属高
铁列车执行票价调整：以公布票价为最高限价，分季节、分时段、分席别、分区段在限
价内实行多档次票价，最大折扣幅度5.5折。对高铁车票实行差异化定价，意在（）
①增加高铁供给，提高市场占有率
②发挥价值规律作用，让市场供求决定价格
③运用价格机制，提高高铁运营效率
④形成合理比价，正确反映市场供求关系
A．①② B．①③ C．②④ D．③④
",D,"①错误，该项不是题干主旨的目的，再者，对高铁车票实行差异化定价后，高
铁供给并没有增加；
②错误，“供求决定价格”说法错误，因为，价值决定价格，供求影响价格；
③④符合题意，依据题意，对高铁车票实行差异化定价，意在运用价格机制，提高高铁
运营效率；形成合理比价，正确反映市场供求关系；
故选：D。
",257,4
2020,（新课标ⅱ）,"4．（4分）自2013年以来，我国已累计设立18个自由贸易试验区（简称自贸区），区内试
行贸易和投资便利化制度，进一步放宽金融和制造业领域的市场准入，完善知识产权保
护制度，自贸区成为制度创新的“高地”。设立自贸区的意义在于（）
①发挥自贸区在国民经济中的主导作用
②优化营商环境，发展更高层次的开放型经济
③探索完善新时代社会主义市场经济体制的新途径
④全面开放市场，强化竞争机制，培育中国经济新优势
A．①② B．①④ C．②③ D．③④
",C,"①错误，国有经济在国民经济中发挥主导作用。
②正确，设立自贸区，试行贸易和投资便利化制度，进一步放宽金融和制造业领域的市
场准入，完善知识产权保护制度，有利于营造良好的营商环境，促进贸易自由化和便利
化，发展更高层次的开放型经济。
③正确，相关经济制度的推出有利于完善社会主义市场经济体制，探索完善新时代社会
主义市场经济体制的新途径。
④错误，我国是放宽市场准入，并不是全面开放市场。
故选：C。
",258,4
2020,（新课标ⅱ）,"5．（4分）某市根据中央有关文件精神，推进行政执法权限和力量向基层延伸和下沉，强化
乡镇和街道的统一指挥和统筹协调职责，整合原有站所、分局执法力量和资源，组建统
一的综合行政执法机构，依法相对集中行使行政处罚权，以乡镇和街道名义开展执法工
作。这一改革旨在（）
①转变基层政府职能
②强化基层司法机关权威
③完善行政执法体制机制
④提高基层政府执法效能
A．①② B．①③ C．②④ D．③④
",D,"①不符合题意，材料涉及的是强化基层政府的职责，并不涉及转变基层政府职
能。
②不符合题意，本题涉及的主体是政府，而不是司法机关。
③④正确，行政执法权限和力量向基层延伸和下沉，强化乡镇和街道职责，整合分散资
源，组建统一机构，依法行使职权等等，有利于完善行政执法体制机制，提高乡镇和街
道基层政府的执法效能。
故选：D。
",259,4
2020,（新课标ⅱ）,"6．（4分）为打通精准扶贫“最后一公里”，数百万驻村干部、第一书记日夜奋战在脱贫攻
坚主战场，他们和贫困群众想在一起、干在一起，拧成一股绳、攒足一股劲，以行动兑
现对人民的承诺。党员干部奋战脱贫攻坚主战场（）
①体现了中国共产党人为人民谋幸福的初心
②完善了打赢脱贫攻坚战实现共同富裕的行政体制
③旨在推进乡村治理体系的完善和治理能力现代化
④是坚持党的执政理念贯彻群众路线的内在要求A．①② B．①④ C．②③ D．③④
",B,"①④符合题意，依据题意，数百万驻村干部、第一书记日夜奋战在脱贫攻坚主
战场，他们和贫困群众想在一起、干在一起，拧成一股绳、攒足一股劲，以行动兑现对
人民的承诺。由此可见，党员干部奋战脱贫攻坚主战场体现了中国共产党人为人民谋幸
福的初心；是坚持党的执政理念贯彻群众路线的内在要求；
②错误，“行政体制”说法错误，因为题干的主体是党员干部，而不是政府；
③不合题意，党员干部奋战脱贫攻坚主战场的目的不是为了推进乡村治理体系的完善和
治理能力现代化，实施乡村振兴战略有利于推进乡村治理体系的完善和治理能力现代化，
党员干部奋战脱贫攻坚主战场的目的是为了打赢脱贫攻坚战，实现共同富裕，实现全面
建成小康社会的目标；
故选：B。
",260,4
2020,（新课标ⅱ）,"7．（4分）2019年8月7日，包括中国在内的46个国家和地区作为首批签约方签署了《联
合国关于调解所产生的国际和解协议公约》。该公约旨在解决国际商事调解达成的和解协
议的跨境执行问题，允许在国际商业纠纷中执行和解协议的一方直接诉诸缔约一方的法
院，以获得司法救济。该公约的签订（）
①是健全国际商事争端解决机制的重要举措
②是对缔约方司法主权的进一步限制和约束
③体现了联合国协调国际经济关系的重要作用
④表明多边主义成为各国处理利益冲突的公认原则
A．①② B．①③ C．②④ D．③④
",B,"①③正确，该公约旨在解决国际商事调解达成的和解协议的跨境执行问题，允
许在国际商业纠纷中执行和解协议的一方直接诉诸缔约一方的法院，以获得司法救济，
这说明该公约的签订是健全国际商事争端解决机制的重要举措，体现了联合国协调国际
经济关系的重要作用；
②错误，允许在国际商业纠纷中执行和解协议的一方直接诉诸缔约一方的法院，以获得
司法救济，是对执行和解协议一方的保护，也是对缔约方司法主权的尊重，并不是对缔
约方司法主权的进一步限制和约束；
④错误，“多边主义成为各国处理利益冲突的公认原则”不符合国际社会事实。
故选：B。
",261,4
2020,（新课标ⅱ）,"8．（4分）某居民委员会把家风家训教育作为道德建设的切入点，组织居民讲家训、晒家风、
评家教，把尊老爱幼、守望相助、勤俭持家等传统家庭美德融入居民生活、院落文化、
社区治理、主题活动，深受居民喜爱，取得良好的社会效果。这启示我们，新时代公民
道德建设应该（）
①全面传承和弘扬传统道德规范
②善于监管人们日益多样的文化生活
③广泛开展群众性道德实践活动
④既坚守中华文化立场又立足现实生活
A．①② B．①③ C．②④ D．③④
",D,"①错误，“全面传承和弘扬”说法错误，因为传统道德规范中有精华，也有糟粕，
应该传承和弘扬优秀的传统道德规范；
②错误，“监管”一词说法错误；
③④符合题意，某居民委员会把家风家训教育作为道德建设的切入点，将传统家庭美德
融入居民生活、院落文化、社区治理、主题活动，深受居民喜爱，取得良好的社会效果。
这启示我们，新时代公民道德建设应该广泛开展群众性道德实践活动；既坚守中华文化
立场又立足现实生活；
故选：D。
",262,4
2020,（新课标ⅱ）,"9．（4分）《中共中央国务院关于促进中医药传承创新发展的意见》指出：“中医药学是中
华民族的伟大创造，是中国古代科学的瑰宝，也是打开中华文明宝库的钥匙，为中华民
族繁衍生息作出了巨大贡献，对世界文明进步产生了积极影响。”其中蕴含的文化道理是
（）
①中华优秀传统文化既是民族的又是世界的
②中华优秀传统文化在发挥积极作用中传承发展
③中华文化发展的实质在于继承中华优秀传统文化
④中华优秀传统文化只有通过交流传播才具有价值
A．①② B．①④ C．②③ D．③④
",A,"①正确，中医药学是中华民族的伟大创造，是中国古代代科学的瑰宝，对世界
文明进步产生了积极影响，这表明文化既是民族的又是世界的；
②正确，中医药学是中国古代代科学的瑰宝，为中华民族繁行生息作出了巨大贡献，说
明中华优秀传统文化在发挥积极作用中传承发展；
③错误，中华文化发展的实质在于文化创新；
④错误，中华优秀传统文化的价值不是只有通过交流传播才能体现。
故选：A。
",263,4
2020,（新课标ⅱ）,"10．（4分）习近平指出：黄河流域生态保护和高质量发展，要尊重规律，摒弃征服水、征服自然的冲动思想。“禹之决渎也，因水以为师。”大禹之所以能成功治理水患，原因在
于尊重规律。这说明（）
①认识规律就能达到改造世界的目的
②掌握和尊重规律才能避免主观盲动
③根据规律特点利用规律才能造福人类
④按规律办事就不能改变其发生作用的条件和形式
A．①② B．①④ C．②③ D．③④
",C,"①错误，“就能”说法过于绝对；
②③符合题意，依据题意，要尊重规律，摒弃征服水、征服自然的冲动思想，大禹之所
以能成功治理水患，原因在于尊重规律。这说明掌握和尊重规律才能避免主观盲动；根
据规律特点利用规律才能造福人类；
④错误，按规律办事不是说不能改变其发生作用的条件和形式，规律的存在和发生作用
是有条件的，人类可以通过改变规律发生作用的条件和形式，利用规律为人类造福；
故选：C。
",264,4
2020,（新课标ⅱ）,"12．（4分）2020年是恩格斯诞辰200周年。作为马克思主义的创始人之一，恩格斯在谈到
马克思主义产生时说：“同任何新的学说一样，它必须首先从已有的思想材料出发，虽然
它的根子深深扎在经济的事实中。”上述论断蕴含的哲学道理是（）
①理论发展具有相对独立性
②理论只能反映当前经济事实
③理论总是受到客观现实的制约
④来源于现实的理论就具有真理性A．①② B．①③ C．②④ D．③④
",B,"①③符合题意，题中“同任何新的学说一样，它必须首先从已有的思想材料出
发，虽然它的根子深深扎在经济的事实中”的论断蕴含的哲学道理是理论发展具有相对
独立性；理论总是受到客观现实的制约；
②错误，“只能”说法错误，因为理论发展具有相对独立性，它可以反映当前经济事实，
也可以超前遇见未来的经济事实；
④错误，来源于现实的理论并不就一定具有真理性，因为真理是标志主观同客观相符合
的哲学范畴，是人们对客观事物及其规律的正确反映，而来源于现实的理论有可能是对
客观事物及其规律的错误反映；
故选：B。
",265,4
2020,（新课标ⅲ）,"1．（4分）某果园尝试新的运营模式：认养人在年初按1000元/年认养5株桃树，由果园代
管，果园将收获的桃子寄给认养人。合同约定，寄送的桃子数量由桃树的实际收成确定；
果园承诺有机种植，并定期通过视频或文字向认养人汇报桃子的生长情况；认养人可以
去果园参观游览、参加养护采摘等活动。果园的桃树很快被认养一空。该模式的吸引力
在于（）
①果园可提前获得销售收入，降低经营风险
②果园可扩大种植规模，提高生产效率
③认养人可获得丰富的消费体验，满足个性化需求
④认养人可全程参与果园的生产经营，维护自身权益
A．①② B．①③ C．②④ D．③④
",B,"①符合题意，认养人在年初按1000元/年认养5株桃树，由果园代管果园，因
此果园可提前获得收入，降低经营风险，增加了该模式的吸引力。
②不合题意，题中认养模式并不一定能使果园扩大种植规模，同时这不是该模式具有吸
引力的原因。
③符合题意，果园承诺有机种植，并定期通过视频或文字向认养人汇报桃子的生长情况；
认养人可以去果园参观游览、参加养护采摘等活动，可见该模式的吸引力在于认养人可
获得丰富的消费体验，满足个性化需求。
④说法错误，认养人可以去果园参观游览、参加养护采摘等活动，而不是全程参与果园
的生产经营。
故选：B。
",266,4
2020,（新课标ⅲ）,"2．（4分）“银税互动”是指税务、银保监部门和金融机构合作，帮助中小企业将纳税信用
转化为融资信用，为其贷款提供便利，实现“以税促信、以信申贷”的目标。银行根据
企业纳税信用等级确定免抵押、免担保的信用融资额度。到2020年4月末，“银税互动”
贷款余额5732亿元，同比增长74%；贷款户数75万户，同比增长114%．“银税互动”
的积极作用是（）
①放宽融资条件，纾解企业资金困难
②提高存贷利差，增加银行利润
③鼓励诚信纳税，降低企业融资成本
④有效控制信贷风险，改善银企关系
A．①② B．①③ C．②④ D．③④
",B,"①③符合题意，依据题意，“银税互动”是指税务、银保监部门和金融机构合作，
帮助中小企业将纳税信用转化为融资信用。为其贷款提供便利，实现“以税促信、以信
申贷”的目标。由此可见，“银税互动”的积极作用是放宽融资条件，纾解企业资金困难；
鼓励诚信纳税，降低企业融资成本；
②不合题意，“银税互动”与提高存贷利差问题无关；
④不合题意，“银税互动”会带来一定的信贷风险，而不是有效控制信贷风险；
故选：B。
",267,4
2020,（新课标ⅲ）,"3．（4分）近年来“电商+直播”模式迅速兴起，电商平台提供渠道和技术支持，电视台主
播、影视明星、企业家等通过视频直播以折价让利、实时交流、实物展示等方式推销产
品，带动了销售增长。与传统电商相比，“电商+直播”的优势在于（）
①借助网络平台，节约营销费用
②缩短交易环节，加速商品流通
③通过演示与互动，激发购买欲望④利用名人效应，将“粉丝”转化为顾客
A．①② B．①④ C．②③ D．③④
",D,"①②不合题意，传统电商本身就具有借助网络平台，节约营销费用，缩短交易
环节，加速商品流通的优势，因此，与传统电商相比，这两项不是“电商+直播”的优势；
③④符合题意，依据题意，电视台主播、影视明星、企业家等通过视频直播以折价让利、
实时交流、实物展示等方式推销产品，带动了销售增长。由此可见，与传统电商相比，“电
商+直播”的优势在于通过演示与互动，激发购买欲望；利用名人效应，将“粉丝”转化
为顾客；
故选：D。
",268,4
2020,（新课标ⅲ）,"5．（4分）近年来，某县各乡镇因地制宜在村委会办公楼、社区商店、医疗卫生室等地方设
立近百个村民服务代办点，提供社保卡信息采集、申领老年人优待证等10多项政务服务。
设立村民服务代办点（）
①优化了农村社区的组织结构
②能够更好实现村民民主权利
③是农村公共服务机制创新的体现
④提升了基层政府公共服务水平
A．①② B．①③ C．②④ D．③④
",D,"①不合题意，题中所述的设立村民服务代办点与优化农村社区的组织结构无关；
②不合题意，题中所述的设立村民服务代办点与更好实现村民民主权利之间无必然的联
系；
③④符合题意，依据题意，某县各乡镇在村委会办公楼、社区商店、医疗卫生室等地方
设立近百个村民服务代办点，提供社保卡信息采集、申领老年人优待证等10多项政务服
务。由此可见，设立村民服务代办点是农村公共服务机制创新的体现；提升了基层政府
公共服务水平；
故选：D。
",269,4
2020,（新课标ⅲ）,"6．（4分）2019年5月，某市人民检察院向市住房和城乡建设局送达有关规范公共租赁住房
管理的检察建议书，指出本市存在违规领取公共租赁住房租赁补贴等情况，建议该局尽
快出台公共租赁住房租赁标准实施细则，依法履行职责，并要求在收到建议书两个月内
书面回复。这一事例表明（）①政府职能部门应当接受司法机关的监督
②向行政机关提出检察建议书是检察机关的法定职责
③行政机关必须按照检察机关的建议安排自己的工作
④行政机关与检察机关的相互制约有利于提高社会治理水平
A．①② B．①③ C．②④ D．③④
",A,"①符合题意，市人民检察院向住房和城乡建设局送达建议书并要求回复，体现
政府应接受司法机关的监督。
②符合题意，监督权是检察机关的法定职责之一，向行政机关提出检察建议书是检察机
关在行使监督权。
③错误，政府的权力是由法律授予的，必须按照法律法规行使其权力。
④错误，行政机关、检察机关各自独立行使自己的职权，并不相互制约。
故选：A。
",270,4
2020,（新课标ⅲ）,"7．（4分）2019年，中央财政通过国家文物保护专项资金、非物质文化遗产保护专项资金以
及中央补助地方公共文化服务体系建设专项资金等相关财政转移支付，支持加强民族语
言文字出版能力建设，推动少数民族地区新闻出版广播电视事业发展。中央财政支持
（）
①旨在推动民族地区文化事业的发展
②凸显了民族区域自治制度的优越性
③是民族地区经济社会发展的基本保障
④体现了各民族共同发展共同富裕共同繁荣原则
A．①② B．①④ C．②③ D．③④
",B,"①④符合题意，依据题意，中央财政通过财政转移支付，支持加强民族语言文
字出版能力建设，推动少数民族地区新闻出版广播电视事业发展，由此可见，中央财政
支持旨在推动民族地区文化事业的发展；体现了各民族共同发展共同富裕共同繁荣原则；
②不合题意，材料信息并不凸显民族区域自治制度的优越性；
③不合题意，题意强调的是中央财政支持民族地区文化事业的发展，而不是民族地区经
济社会发展；
故选：B。
",271,4
2020,（新课标ⅲ）,"8．（4分）习近平指出，中华民族历来注重敦亲睦邻，讲信修睦、协和万邦是中国一以贯之
的外交理念。我们提出了亲、诚、惠、容的周边外交理念，就是要诚心诚意同邻居相处，
一心一意共谋发展，携手把合作的蛋糕做大，共享发展成果。提出亲、诚、惠、容的周
边外交理念（）
①彰显了民族文化的深厚底蕴和强大生命力
②表明传统文化焕发生机取决于时代的变迁
③增强了坚守中华传统文化内容和形式的信心
④是优秀传统文化创造性转化、创新性发展的范例
A．①② B．①④ C．②③ D．③④
",B,"①符合题意，从“中华民族历来注重敦亲睦邻”，到“我们提出了亲、诚、惠、
容的周边外交理念”，这彰显了中华民族文化的深厚底蕴和强大生命力。
②错误，传统文化焕发生机取决于社会实践的变迁。
③错误，传统文化中有优有劣，坚守的应该是中华优秀传统文化。
④符合题意，在我国“历来注重敦亲睦邻”的基础上进一步提出“亲、诚、惠、容的周
边外交理念”，是优秀传统文化创造性转化、创新性发展的范例。
故选：B。
",272,4
2020,（新课标ⅲ）,"9．（4分）2019年4月，世界著名文化遗产巴黎圣母院因火灾受损。11月，中法双方签署
文件，决定就巴黎圣母院修复等开展合作。双方商定在2020年确定巴黎圣母院保护修复
合作的主题、模式及中方专家人选，同时明确双方将就陕西秦始皇陵兵马俑保护开展技
术与科学交流及培训项目。中法开展文化遗产修复和保护合作旨在（）
①丰富世界文化的多样性
②促进中法文化交流互鉴③赋予中法传统文化新的时代内涵
④推动中法文化在取长补短中共同发展
A．①② B．①③ C．②④ D．③④
",C,"①不符合题意，中法开展文化遗产修复和保护合作并不能“丰富”世界文化多
样性。
②符合题意，“就陕西秦始皇陵兵马俑保护开展技术与科学交流及培训项目”体现促进中
法文化交流互鉴。
③不符合题意，材料并未体现赋予新的时代内涵。
④符合题意，“中法就巴黎圣母院修复开展合作、就陕西秦始皇陵兵马俑保护开展技术与
科学交流及培训项目”这有利于推动中法文化在取长补短中共同发展。
故选：C。
",273,4
2020,（新课标ⅲ）,"10．（4分）“岁月不居，时节如流”。这一客观规律谁也无法改变，可以改变的是人们对待
时间的态度。毛泽东讲，“一万年太久，只争朝夕”。邓小平说，“我就担心丧失机会。不
抓呀，看到的机会就丢掉了，时间一晃就过去了”。人们在时间规律面前要“争”，要“抓”，
其哲学依据是（）
①时间的价值因人而异，没有客观性
②承认时间规律的客观性是科学利用时间的前提
③时间规律的普遍性决定了人们对待时间态度的统一性
④时间的流逝是客观的，对时机的把握需要发挥主观能动性
A．①② B．①③ C．②④ D．③④
",C,"①错误，时间的价值不会因人而异，具有客观性；
②④符合题意，依据题意，“岁月不居，时节如流”。这一客观规律谁也无法改变，可以
改变的是人们对待时间的态度。因此，人们在时间规律面前要“争”，要“抓”，其哲学
依据是承认时间规律的客观性是科学利用时间的前提；时间的流逝是客观的，对时机的
把握需要发挥主观能动性；
③错误，“人们对待时间态度的统一性”的表述错误，因为人们对待时间的态度是有差异
的，各不相同的；
故选：C。
",274,4
2020,（新课标ⅲ）,"11．（4分）1869年，门捷列夫公布了自己制作的元素周期表，将已发现的化学元素纳入一
个统一的体系中。依据元素周期律，门捷列夫推断当时的一些原子量测定结果存在误差，
预言“类铝”（镓）、“类硼”（钪）等当时尚未发现元素的存在，他的推断和预言后来在
实验中被逐一证实。这表明（）
①科学发现来源于认识的不断深化与积累
②科学原理对探索和发现客观真理具有指导作用
③任何科学理论都必须在实践中验证自己的真理性
④科学原理﹣﹣科学预测﹣﹣实践检验是认识发展的一般规律
A．①② B．①④ C．②③ D．③④
",C,"①错误，科学发现来源于实践；
②符合题意，依据题意，依据元素周期律，门捷列夫推断当时的一些原子量测定结果存
在误差，预言“类铝”（镓）、“类硼”（钪）等当时尚未发现元素的存在，这说明科学原
理对探索和发现客观真理具有指导作用；
③符合题意，依据题意，他的推断和预言后来在实验中被逐一证实。这表明任何科学理
论都必须在实践中验证自己的真理性；
④错误，认识发展的一般规律是从实践﹣﹣认识﹣﹣再实践﹣﹣再认识多次反复；
故选：C。
",275,4
2020,（新课标ⅲ）,"12．（4分）十三届全国人大三次会议通过的《中华人民共和国民法典》，是一部体现对生命
健康、财产安全、交易便利、生活幸福、人格尊严等民众各方面权利平等保护的基础性
法律，对加快建设社会主义法治国家，发展社会主义市场经济，依法维护人民权益，推
进国家治理体系和治理能力现代化，都具有重大意义。制定民法典体现的唯物史观原理
是（）
①经济基础的变革总是先于上层建筑的变革
②上层建筑为经济基础服务，就能推动生产力发展
③上层建筑的变化发展离不开社会意识的能动作用④上层建筑一定要适合生产力和经济基础发展的要求
A．①② B．①③ C．②④ D．③④
",D,"①错误，“总是先于”说法错误。
②错误④正确，上层建筑只有适应经济基础的发展，才能推动生产力的发展，即上层建
筑一定要适合生产力和经济基础发展的要求。
③符合题意，社会意识具有能动作用，先进的社会意识会促进社会存在的发展，进而推
动上层建筑的发展变化。《中华人民共和国民法典》是一部体现对生命健康、财产安全、
交易便利、生活幸福、人格尊严等民众各个方面全力平等保护的基础性法律，它的制定
离不开正确的社会意识的指导作用。
故选：D。
",276,4
2021,（新课标ⅰ）,"1．答卷前，考生务必将自己的姓名、准考证号填写在答题卡上。
2．回答选择题时，选出每小题答案后，用铅笔把答题卡上对应题目的答案标号涂
黑。如需改动，用橡皮擦干净后，再选涂其他答案标号。回答非选择题时，将答
案写在答题卡上，写在本试卷上无效。
3．考试结束后，将本试卷和答题卡一并交回。
一、选择题
1.甲国经济对外贸的依存度高，其进出口贸易以美元结算。在开放市场条件下，当甲国发生
通货膨胀时，若不考虑其他因素，甲国货币对美元的汇率会下降。关于这一作用过程的描述，
正确的是（）
甲国通货膨胀→①进口商品增加→美元需求增加
②进口商品减少→美元需求减少
③出口商品增加→美元供给增加
④出口商品减少→美元供给减少→甲国货币汇率下降
A.①③ B.①④ C.②③ D.②④
",B,"①②：甲国发生通货膨胀，物价上涨，进口增加，美元需求增加，①正确，②错误。
③④：甲国发生通货膨胀，物价上涨，出口商品减少，美元供给减少，④正确，③错误。
故本题选B。
",277,4
2021,（新课标ⅰ）,"2.2021年1月，中国人民银行会同有关部门发布通知明确：2020年6月出台的普惠小微企业
贷款延期还本付息政策延期至2021年3月31日，免收罚息；对于2021年1月1日至3月31
日期间到期的普惠小微企业贷款，按市场化原则“应延尽延”，继续实施阶段性延期还本付
息。此举（）①意在减少小微企业偿债本金 ②有利于维持小微企业正常经营
③能够加速小微企业资金周转 ④有助于稳定小微企业就业岗位
A.①③ B.①④ C.②③ D.②④
",D,"①：“延期还本付息、免收罚息”只是延长企业还本付息时限，以及超期后不进行
惩罚式收息，并不能减少小微企业偿债本金。①错误。
②④：延长企业还本付息时限能够缓解小微企业资金压力，有利于维持小微企业的正常运转，
小微企业在吸收就业方面具有独特的优势，故有助于稳定小微企业就业岗位。②④正确。
③：此举与小微企业的资金周转速度没有直接关系，③不符合题意。
故本题选C。
",278,4
2021,（新课标ⅰ）,"4.经济合作与发展组织数据显示：2020年全球外国直接投资（FDI）总规模为8460亿美元，
比上年下降38%，但中国FDI逆势增至2120亿美元，增幅为14%，成为全球最大外资流入国。
2020年中国FDI逆势增长，得益于（）
①中国有效控制新冠肺炎疫情，经济增长率先恢复
②中国进一步扩大开放，货物进出口总额大幅增长
③中国营商环境不断优化，对外资更具吸引力
④中国对外直接投资不断增大，投资结构改善
A.①③ B.①④ C.②③ D.②④
",A,"①③：由题意可知，2020年全球FDI在下降，而我国FDI却在增长，这得益于我国
有效控制新冠肺炎疫情，为经济增长提供条件；不断优化营商环境，有力地吸引了外资。①③
正确。
②：材料中强调的是我国FDI即外国直接投资逆势增长，与货物进出口总额无直接关系。②
不符合题意。
④：材料中强调的是我国FDI即外国直接投资逆势增长，属于引进来，而不是对外直接投资。
④不符合题意。故本题选A。
",279,4
2021,（新课标ⅰ）,"5.某中学7名高一学生，上学时感受到交通拥堵，同时发现专门设置的公交车道利用率并不
高。他们用3个月的时间详细调查了本市公交专用道的整体使用情况，撰写出上万字的研究
报告，提出了合理使用公交专用道的建议，该报告得到有关专家认可和支持，受到市政府有
关部门重视。这一事例表明（）
①关注并解决交通拥堵问题是中学生的责任
②开展社会调研有助于提高中学生的公共参与素养
③就解决交通拥堵问题提出建议是中学生的权利
④反映公共管理问题时需要提出相应的对策建议
A.①② B.①④ C.②③ D.③④
",C,"①：中学生应积极参与和关注公共交通问题，但解决交通拥堵问题是政府的责任，
而不是中学生的责任。①错误。
②③：题意中7名高一学生针对交通问题进行详解调查，并撰写了研究报告，提出合理建议，
这行使了公民的监督权，是中学生享有的权利，也有利于提高中学生的公共参与素养和社会
责任感。②③正确。
④：公民可以积极反映公共管理问题，对不足之处提出意见建议，但不一定必须有相应的对
策建议。④错误。
故本题选C。
",280,4
2021,（新课标ⅰ）,"6.2021年中央一号文件提出，要继续把公共基础设施建设的重点放在农村，实施农村道路畅
通、农村供水保障、乡村清洁能源建设、数字乡村建设发展、村级综合服务设施提升等工程，
加快农业农村现代化。加强农村公共基础设施建设是（）
①巩固脱贫成果、促进共同富裕的内在要求
②推动城市乡村融合发展的有力举措
③优化乡村治理体制机制的具体体现
④提高基层政府工作效率的必要途径
A.①② B.①③ C.②④ D.③④
",A,"①②：加强农村公共基础设施建设促进乡村基础设施的完善，缩小城乡差距，推动
城乡协调融合发展，实现共同富裕，故①②正确。
③：材料强调的是乡村基础设施的建设，未涉及优化乡村治理体制机制，故③不选。
④：材料未体现基层政府的工作，故④不选。
故本题选A。
",281,4
2021,（新课标ⅰ）,"7.现行的《宗教事务条例》第58条规定，宗教团体、宗教院校、宗教活动场所应当执行国家
统一的财务、资产、会计制度，向所在地的县级以上人民政府宗教事务部门报告财务状况、
收支情况和接受、使用捐赠情况，接受其监督管理，并以适当方式向信教公民公布。据此，
正确的解读是（）
①乡级人民政府没有管理宗教事务的职责
②宗教团体需要加强财务活动的规范管理
③宗教事务条例不适用于不信教公民
④宗教团体应当接受国家的监督管理
A.①② B.①③ C.②④ D.③④
",C,"①：材料说明的是宗教事务中关于财务方面的事务向所在地县级以上人民政府报告，
这不意味着乡级人民政府没有管理宗教事务的职责。①错误。
②：《宗教事务条例》第58条对宗教团体的财务活动进行了明确的规范，这说明宗教团体需
要加强财务活动的规范管理。②正确。
③：材料反映的是《宗教事务条例》第58条对宗教团体的财务活动进行的明确规范，并不能
说明宗教事务条例不适用于不信教公民。③错误。
④：宗教团体、院校、活动场所执行国家的相关财务制度，并向所在地县级以上人民政府宗
教事务部门报告相关财务情况，这说明宗教团体应当接受国家的监督管理。④正确。
故本题选C。
",282,4
2021,（新课标ⅰ）,"8.著名书画家黄宾虹观察自然深有领悟，以自然之理来诠释笔法，如“平”似风吹水动、一
波三折；“圆”如行云流水、宛转自如；“变”像山有起伏显晦、水有缓急动静。在艺术实
践中感情自然，令黄宾虹艺术精进。这表明（）
①艺术之理与自然之理相契合
②悟出自然之理就能提升人的艺术造诣
③艺术造诣水平取决于主体的感知能力
④效法自然是提升艺术造诣的重要方法
A.①② B.①④ C.②③ D.③④
",B,"①：在艺术实践中感悟自然，体现了艺术之理与自然之理相契合，①正确。
④：材料中指出，黄宾虹观察自然深有领悟，以自然之理来诠释笔法，在艺术实践中感悟自
然，令黄宾虹艺术精进，这表明效法自然是提升艺术造诣的重要方法，故④正确。
②：选项中“就能”说法过于绝对，故②不选。
③：艺术造诣水平取决于实践水平，而不是主体的感知能力，主体的感知能力对艺术造诣水
平有重要的影响，故③不选。
故本题选B。
",283,4
2021,（新课标ⅰ）,"9.2020年，电影《夺冠》以1981年到2019年期间中国女排十夺世界冠军为主线，通过艺术
形式展现了中国女排祖国至上、团结协作、顽强拼搏、永不言败的精神面貌，给观众带来心
灵的震撼和鼓舞，受到普遍好评．从中可获得的启示是（）
①人民群众满意与否是衡量文艺作品价值的根本尺度
②优秀的文艺作品都是对现实生活的真实再现
③塑造典型艺术形象是艺术创作的根本价值追求
④反映时代精神的文艺作品能够增强人的精神力量
A.①② B.①④ C.②③ D.③④
",B,"①④：材料中指出《夺冠》以1981年到2019年期间中国女排十夺世界冠军为主线，
给观众带来心灵的震撼和鼓舞，受到普遍好评，启示我们文艺创造要满足人们群众的文化需
求，优秀文艺作品能够增强人的精神力量，故①④正确。
②：文艺作品是对现实生活的反映，但并不是真实的再现，是一种能动性的反映，故②不选。
③：艺术创作的根本价值追求是满足人民群众的文化需求，故③不选。
故本题选B。
",284,4
2021,（新课标ⅰ）,"10.王安石在推敲“春风又绿江南岸”这一诗句过程中，初云“又到江南岸”，圈去“到”字，
注曰“不好”，改为“过”，复圈去而改为“入”，旋改为“满”……凡如是十字许，始定
为“绿”，这从一个侧面表明（）
①真理和谬误往往是相伴而行的
②认识主体的知识和素质影响认识结果
③认识是一个包含曲折性的前进上升过程
④对同一个确定对象不能产生不同的认识
A.①② B.①④ C.②③ D.③④
",C,"①：真理是标志着主观与客观相符合的哲学范畴，是对客观事物及其规律的正确反
映。诗句中的用字均能反映客观实际，不存在谬误，只是涉及什么样的字能表达江南春景的
美。因此，材料不涉及真理和谬误往往是相伴而行的。①不符合题意。
②：王安石是北宋著名的文学家，对于诗句中用字的反复推敲是为了更加诗意的描述江南的
春景，这离不开他的文学素养。这显然说明了认识主体的知识和素质影响认识的结果。②正
确。
③：这句诗用字的推敲，经历了一个反复修改的过程，最终“绿”字将江南春景表露无遗，
引人入胜，这说明认识是一个包含曲折的前进上升过程。③正确。
④：受主客观条件的制约，对同一确定的对象会产生不同的认识。④错误。
故本题选C。
",285,4
2021,（新课标ⅰ）,"11.恩格斯说，没有哪一次巨大的历史灾难，不是以历史的进步为补偿的。习近平在谈到新冠
肺炎疫情和国际环境不稳定性不确定性明显上升对我国经济发展的影响时强调，要坚持用全面、辩证、长远的眼光分析当前经济形势，努力在危机中育新机、于变局中开新局。以上论
述蕴含的辩证法道理是（）
①新事物代替旧事物需要具备一定的条件
②新事物总是在不断克服困难与挫折中发展进步的
③困难越多、挫折越大，越有利于新事物的成长
④新事物与旧事物的界限是由矛盾的同一性确定的
A.①② B.①④ C.②③ D.③④
",A,"①：材料强调要努力在危机中育新机、于变局中开新局，这说明新机和新局的开启
离不开我们基于客观规律、充分发挥主观能动性所努力创造的条件，也就说明新事物代替旧
事物需要一定的条件。①正确。
②：材料中强调没有哪一次巨大的历史灾难，不是以历史的进步为补偿的，同时新机和新局
要直面危机和变局，在解决和克服困难中向前迈进，这说明新事物总是在不断克服困难与挫
折中发展进步的。②正确。
③：适度的困难和挫折有利于新事物的成长，但新事物产生之初往往力量微弱，过量的困难、
过大的挫折会阻碍新事物的成长。③错误。
④：矛盾的同一性是矛盾双方相互依赖，并在一定条件下相互转化，强调的是矛盾双方的联
系。新事物与旧事物的界限强调的是新事物与旧事物的差别，应是由矛盾的斗争性确定的。
④错误。
故本题选A。
",286,4
2021,（甲卷）,"2.对于传统百货商场来说，超市和家电连锁大卖场的出现使其经营陷入困境，而互联网电商的出现，又使
超市和家电连锁大卖场的经营受到冲击。上述现象背后的经济逻辑是（）
A.商业模式创新提升成本优势 B.科技进步减少商品流通环节
C.数字营销增加商品的附加值 D.居民收入增长改变消费习惯
",A,"A：对于传统百货商场来说，超市和家电连锁大卖场的经营方式可大大降低其经营成本，所以具有
较强的竞争优势。而相对于线下实体店的营销模式而言，互联网电商的线上营销模式使其经营成本进一步
下降，使其更具有竞争优势。这表明商业模式创新可以提升成本优势，增强商场竞争力，A项符合题意。
B：材料中未涉及商品流通环节减少的相关信息，B项不符合题意，排除。
C：数字营销方式有利于降低经营者的经营成本，但不会增加商品的附加值，C项错误，排除。
D：随着居民收入水平的不断提高，人们的消费习惯可能会发生相应的变化，但材料未涉及这一内容，D项
排除。
故本题选A。
",287,4
2021,（甲卷）,"3.2021年，某地改变养老补贴模式，将每人每月300元—600元不等的补贴资金储值在专门账户，失能，
失智、孤寡、独居老人可自主选择养老机构和专业人员提供陪护、助浴、修剪指甲等上门服务；服务费用
按规定服务次数和时长从专门账户中抵扣，超额部分按照市场价格收费。相对于现金直补，该模式可（）
①引导资金使用方向，更好发挥补贴资金作用②加快资金周转速度，充实养老保障资金
③促进养老服务质量提升，更好满足老人需求④利用价格调节机制，合理配置养老资源
A.①③ B.①④ C.②③ D.②④
",A,"①③：养老补贴资金储值在专门账户，专款专用。失能、失智、孤寡、独居老人可自主选择养老
机构和专业人员提供陪护、助浴、修剪指甲等上门服务。这表明相对于现金直补方式而言，该养老补贴模
式有利于引导资金使用方向，更好发挥补贴资金作用，促进养老服务质量提升，更好满足老人需求，①③
符合题意。②：材料中的养老补贴模式只是提高了养老金的使用效率，与加快资金周转速度、充实养老保障资金无关，
②与材料不符，排除。
④：材料中反映的是政府通过宏观调控引导养老金的使用，只是对超额部分按照市场价格收费。不是单方
面发挥价格调节机制的作用，④与材料不符，排除。
故本题选A。
",288,4
2021,（甲卷）,"4.近些年来，中国经济总量和发展水平不断提高同时，中国经济外部环境日益错综复杂。2020年7月21
日，习近平在企业家座谈会上强调，要逐步形成以国内大循环为主体、国内国际双循环相互促进的新发展
格局。构建双循环新发展格局应当（）
①发挥内需潜力，更好联通和利用国内国际两个市场
②建立独立的产业链供应链，有效应对外部经济波动
③立足自给自足，逐步降低经济的对外依存度
④强化开放合作，提升国内循环的效率和水平
A.①③ B.①④ C.②③ D.②④
",B,"①④：要逐步形成以国内大循环为主体、国内国际双循环相互促进的新发展格局。构建双循环新
发展格局应当。这表明构建双循环新发展格局需要发挥内需潜力，不断提升国内循环的效率和水平。同时
还要强化开放合作，更好联通和利用国内国际两个市场，①④符合题意。
②③：在经济全球化深入发展的大背景下，各国经济与世界经济有着紧密联系。一味地建立独立的产业链
供应链，降低经济的对外依存度，既不符合经济全球化发展，也不符合构建双循环新发展格局要求，②③
排除。
故本题选B。
",289,4
2021,（甲卷）,"5.自2019年国务院开通“互联网+督查”平台以来，平台访问量上亿次，企业和群众提供线索、反映问题、
提出建议的留言达千万级。国务院根据受理范围督促有关地方、部门处理解决问题10万余个，一些久拖不
决的老大难问题获得解决，受到企业和社会的好评。国务院的这一举措（）
①促进监督体制改革，实现了政府职能转变②改进了督查方式，保证了政府决策的科学性
③助力改进工作作风，增强了政府公信力和执行力
④积极回应群众关切，提升了社会与公民监督的有效性
A.①② B.①③ C.②④ D.③④
",D,"①：材料反映的是企业和群众参与监督，并不是监督体制改革，政府职能也并未转变，①排除。
②：“互联网+督查”改进了督查方式，但与政府决策的科学性没有直接关系，②排除。
③④：企业和群众参与监督，国务院根据受理范围督促有关地方、部门处理解决问题，一些久拖不决的老
大难问题获得解决，这说明“互联网+督查”平台的开通有利于助力改进工作作风，增强了政府公信力和执
行力，积极回应群众关切，提升了社会与公民监督的有效性，③④符合题意。
故本题选D。
",290,4
2021,（甲卷）,"6.2021年修改的《中华人民共和国全国人民代表大会组织法》规定，各专门委员会组织起草有关法律或议
案草案，听取和审议专项工作报告，承担常委会执法检查具体组织实施等工作，听取“一府一委两院”专
题汇报，研究办理代表建议、批评和意见及有关督办工作，以及全国人民代表大会及其常务委员会交办的
其他工作等。根据规定，各专门委员会（）
A.部分行使全国人大立法权 B.是全国人大常委会的工作机构
C.受全国人大及其常委会的领导 D.是全国人民代表大会的执行机关
",C,"A：全国人大常委会作为全国人大常设机关，全国人大闭会期间行使全国人大部分职权，各专门委
员会的主要职责是在全国人大及其常委会的领导下，研究、审议和拟定有关议案，A说法错误。
B：全国人大专门委员会是全国人大的专门工作机构，B说法错误。
C：全国人大专门委员会是全国人大的常设工作机构，由全国人民代表大会产生，受全国人民代表大会领导，
对全国人民代表大会负责，在全国人民代表大会闭会期间，全国人大各专门委员会受全国人大常委会领导，
C符合题意。
D：国务院是全国人民代表大会的执行机关，D说法错误。故本题选C。
",291,4
2021,（甲卷）,"7.习近平在联合国成立75周年纪念峰会上发表重要讲话强调，中国积极参与全球治理体系改革和建设，坚
定维护以联合国为核心的国际体系，坚定维护以国际法为基础的国际秩序，坚定维护联合国在国际事务中
的核心作用。强调联合国的地位和作用，是因为（）
①联合国是唯一的世界性、政府间的国际组织
②联合国是践行多边主义、维护国际秩序的重要平台
③联合国的宗旨和原则得到世界人民广泛认可
④联合国是维护世界各国核心利益的制度保障
A.①③ B.①④ C.②③ D.②④
",C,"①：联合国是当今世界最具普遍性、代表性和权威性的政府间的国际组织，但不是唯一的世界性、
政府间的国际组织，①说法错误。
②③：中国积极参与全球治理体系改革和建设，坚定维护以联合国为核心的国际体系，坚定维护以国际法
为基础的国际秩序，坚定维护联合国在国际事务中的核心作用，表明联合国是践行多边主义、维护国际秩
序的重要平台，其宗旨和原则得到世界人民广泛认可，②③符合题意。
④：联合国是践行多边主义、维护国际秩序的重要平台，主要维护世界各国的共同利益，不是制度保障，
也不可能维护各国的核心利益，④说法错误。
故本题选C。
",292,4
2021,（甲卷）,"8.近年来，中俄文化交流频繁。2019年12月，中民族舞剧《孔子》首度在莫斯科上演。舞剧以刻有孔子
经典语录的竹简为舞台背景，通过演员的翩跹舞姿，形象演绎了孔子周游列国的传奇故事，生动阐释了孔
子想的大同世界。精彩绝伦的艺术盛宴带来了真正的中国风，深受俄罗斯观众喜爱。这表明（）
①厚重的历史积淀是文化创新与传播的前提
②不同艺术形式赋予传统文化不同的本质内涵
③多样化的艺术形式能够更好地彰显文化的价值
④不同文化的交流能够促进文化的发展和进步A.①② B.①③ C.②④ D.③④
",D,"①：文化的多样性是实现文化创新与发展的前提和基础，而且材料的主旨并不是历史文化与文化
创新与传播的关系，①排除。
②：应该是内容决定形式，而不是形式决定内容，况且传统文化历史形成的，“不同艺术形式赋予传统文
化不同的本质内涵”说法欠妥，②排除。
③：“精彩绝伦的艺术盛宴带来了真正的中国风，深受俄罗斯观众喜爱”说明多样化的艺术形式能够更好
地彰显文化的价值，③符合题意。
④：中俄文化交流频繁，中民族舞剧《孔子》首度在莫斯科上演，传播中华文化，深受俄罗斯观众喜爱，
这表明不同文化的交流能够促进文化的发展和进步，④符合题意。
故本题选D。
“素质是立身之本，技能是立业之本”技术工人队伍是支撑中国制造、中国创造的重要力量。据此完
成下列小题。
",293,4
2021,（甲卷）,"9.2020年12月，中华人民共和国第一届职业技能大赛在广州举办，这是新中国成立以来规格最高、项目最
全、选手最多、影响最广的综合性、全国性技能竞赛盛会2557名选手在86个比赛项目中切磋技艺、展示
风采，97名技能“高手”脱颖而出，荣获金牌。举办职业技能大赛的文化意义在于（）
①彰显社会价值观念的多样性
②促进不同地域文化交流融合
③增强技能人才职业荣誉感、自豪感
④弘扬劳模精神、劳动精神、工匠精神
A.①② B.①③ C.②④ D.③④
",D,"①：举办职业技能大赛有鲜明的主题，试题材料不涉及社会价值观念多样性的问题，①排除。
②：材料不涉及中华文化的区域性，也就不存在举办职业技能大赛是否能促进不同地域文化交流融合，②
排除。
③④：举办职业技能大赛，选手切磋技艺、展示风采，技能“高手”脱颖而出，荣获金牌，这表明举办职业
技能大赛有利于增强技能人才职业荣誉感、自豪感，有利于弘扬劳模精神、劳动精神、工匠精神，③④符
合题意。
故本题选D。
",294,4
2021,（甲卷）,"10.“90后”钳工小曾在全国职业院校技能大赛中荣获二等奖。走出校门后，他扎车间，刻苦钻研，以精湛
的技术为企业发展作出了重大贡献，荣获“全国五一劳动奖章”和“全国技术能手”称号。“做闪光的金
子、品奋斗的甘甜”，小曹的奋斗青春给我们的启示是（）
①获得的荣誉越多，人生的价值就越大
②劳动是幸福的源泉，努力奋斗才能梦想成真
③有意义的人生总是与推动社会发展进步相关联
④只要发挥主观能动性，就能收获成功的幸福
A.①② B.①④ C.②③ D.③④
",C,"①：人的价值就在于创造价值，在于个人对社会的责任和贡献，并不是“获得的荣誉越多，人生的价值就越
大”，①错误。
②③：扎车间，刻苦钻研，以精湛的技术为企业发展作出了重大贡献，荣获“全国五一劳动奖章”和“全国技
术能手”称号，这说明劳动是幸福的源泉，努力奋斗才能梦想成真，也说明有意义的人生总是与推动社会发
展进步相关联，②③正确切题。
④：“只要发挥主观能动性，就能收获成功的幸福”说法过于绝对化，况且“发挥主观能动性”有正确发挥有
错误发挥，④排除。
故本题选C。
",295,4
2021,（甲卷）,"11.坚持精准扶贫是我国脱贫攻坚战取得全面胜利的重要经验。我国打出了一套精准扶贫组合拳：精细化管
理扶贫对象、精确化配置扶贫资源、精准化扶持扶贫对象，因村因户因人施策，因贫困原因施策，因贫困
类型施策，对症下药、精准滴灌、靶向治疗。这套组合拳体现的辩证法道理有（）
①矛盾的普遍性和特殊性相互联结②事物的性质主要由矛盾的同一性决定
③正确处理整体与部分关系实现整体最优
④新事物代替旧事物是一种渐进的、连续的过程
A.①② B.①③ C.②④ D.③④
",B,"①：打出精准扶贫组合拳，实现脱贫攻坚战的全面胜利，获得重要经验，这说明矛盾的普遍性和
特殊性相互联结，①正确切题。
②：事物的性质主要由主要矛盾的主要方面决定，②错误。
③：我国打出一套精准扶贫组合拳，实现脱贫攻坚战的全面胜利，这说明正确处理整体与部分关系实现整
体最优，③正确切题。
④：材料不涉及新事物与旧事物的问题，也就不体现新事物代替旧事物是否是一种渐进的、连续的过程，
④排除。
故本题选B。
",296,4
2021,（甲卷）,"12.习近平指出，要准确把握新发展阶段，深入贯彻新发展理念，加快构建新发展格局推动“十四五”时期
高质量发展。把握新发展阶段是贯彻新发展理念、构建新发展格局的现实依据，贯彻新发展理念为把握新
发展阶段、构建新发展格局提供了行动指南，构建新发展格局则是应对新发展阶段机遇和战、贯彻新发展
理念的战略选择。上述论断蕴含的哲学道理是（）
①一切从实际出发是把握规律、做好工作的前提
②只有把握事物之间的本质联系才能推动实践发展
③发挥主观能动性，就能把握事物的本质和规律
④社会历史中的事物的联系是人有意识地建构的
A.①② B.①④ C.②③ D.③④
",A,"①：把握新发展阶段是贯彻新发展理念、构建新发展格局的现实依据，表明一切从实际出发是把
握规律、做好工作的前提，①符合题意。
②：贯彻新发展理念为把握新发展阶段、构建新发展格局提供了行动指南，构建新发展格局则是应对新发展阶段机遇和战、贯彻新发展理念的战略选择，推动“十四五”时期高质量发展，表明只有把握事物之间的
本质联系才能推动实践发展，②符合题意。
③：只有在尊重客观规律的基础上正确发挥主观能动性，才能把握事物的本质和规律，③说法错误。
④：联系具有客观性，社会历史中的事物的联系是客观的，不以人的意志为转移，④说法错误。
故本题选A。
",297,4
2022,（全国乙卷）,"13．2022年，我国在企业所得税征收中加大研发费用加计扣除政策实施力度，将科技型中
小企业加计扣除比例从75%提高到100%[实际扣除费用=研发费用(1+加计扣除比例)]，用税
收优惠机制激励企业加大研发投入，培育壮大新动能。该机制的作用路径是（）
A．加大研发投入→减少扣除费用→少交所得税→增加净利润→扩大生产规模
B．多计扣除费用→增大应税所得→多交所得税→增加国家税收→获得研发激励7C．多计扣除费用→减少应税所得→少交所得税→增加净利润→加大研发投入
D．加大研发投入→增强企业创新→降低生产费用→赢得竞争优势→扩大产品市场
",C,"推导类选择题作答口诀：抓首尾，促中间。即根据题干意思，一般是先找到推导的
切入点（首），或推导的落脚点（尾），然后再看看中间各个环节能否顺畅推导下去，上下环
节之间一定要是必然关系，偶然关系、或然关系一般都排除。该题由题干中“我国在企业所
得税征收中加大研发费用加计扣除政策实施力度”可知，多计扣除费用可能应该放在首位；
而由题干中“用税收优惠机制激励企业加大研发投入，培育壮大新动能”可知加大研发投入，
培育壮大新动能可能放在末尾。
A：应该是由增加扣除费用推导出加大研发投入，而且减少扣除费用意味着会多交所得税。
故A错误。
B：多计扣除费用意味着会减少应税所得。故B错误。
C：由题干中“我国在企业所得税征收中加大研发费用加计扣除政策实施力度”可知，多计扣
除费用应该放在首位，多计扣除费用会减少应税所得，意味着少交所得税，从而可以增加净
利润，有更多资金加大研发投入。故C符合题意。
D：企业创新能力增强，不一定会降低生产费用。故D排除。
故本题选C。
",298,4
2022,（全国乙卷）,"14．在美丽乡村建设行动中，某县深入实施城乡环卫一体化工程，配备环卫基础设施，招标
引进专业环卫公司负责全县范围的污染水体治理。该县招标引进专业环卫公司的目的是
（）
①发挥社会资本作用，增加公共产品供给
②节约公共服务支出，缓解财政资金压力
③引入市场竞争机制，提高公共服务效率
④改善公共产品结构，增强地方经济实力
A．①② B．①③ C．②④ D．③④
",B,"①③：该县深入实施城乡环卫一体化工程，配备环卫基础设施，招标引进专业环卫
公司负责全县范围的污染水体治理，由此可见：该县引入了市场竞争机制，希望通过发挥社8会资本作用，增加公共产品供给，提高公共服务效率。故①③符合题意。
②：该县招标引进专业环卫公司是为了发挥社会资本作用，增加公共产品供给，以建设美丽
乡村，而不是为了节约公共服务支出，缓解财政资金压力。故②排除。
④：该县招标引进专业环卫公司是为了建设美丽乡村，而不是为了改善公共产品结构，增强
地方经济实力。故④排除。
故本题选B。
",299,4
2022,（全国乙卷）,"15．2022年，我国财政赤字率(财政赤字/GDP)拟按2．8%左右安排，比2021年有所下调，
但财政支出规模将比2021年扩大2万亿元以上。财政支出安排中，中央本级支出增长3．9%，
中央对地方转移支付增长18%，更多资金纳入直达范围，以更好落实惠企利民政策。这表明
我国（）
①坚持积极财政政策，支撑经济平稳运行
②财政资金使用效率提高，财政收支缺口缩小
③财政支出重结构调整，政策支持下沉基层
④开始实行紧缩性财政政策，防范债务风险上升
A．①③ B．①④ C．②③ D．②④
",A,"①：我国扩大财政支出，将更多的资金纳入直达范围，以便更好落实惠企利民政策。
这表明我国实施积极的财政政策，以促进经济的平稳运行，故①正确。
②：材料强调的是我国财政支出的情况，不涉及财政资金的使用及财政收入的情况，故②不
符合题意。
③：“财政支出安排中，中央对地方转移支付增长，更多资金纳入直达范围”说明财政支出
重结构调整，政策支持下沉基层，故③正确。
④：材料强调的是扩大财政支出规模，实施积极的财政政策，而不是实行紧缩性财政政策，
故④错误。
故本题选A。
",300,4
2022,（全国乙卷）,"16．某市构建社区党组织领导下的“网格一楼栋-单元”分级负责的社区治理组织架构网格
长由社区专职工作人员担任，楼栋长和单元长从居民中选出。网格长牵头，定期组织楼栋长、
单元长共同商议小区事务，梳理居民需求信息，化解居民矛盾，提出工作建议。“三长”联
动机制（）9①通过共建共治共享激发基层治理活力
②是完善基层行政管理体制的积极探索
③有利于维护公民参与基层治理的民主权利
④丰富了基层群众性自治组织的类型和职能
A．①② B．①③ C．②④ D．③④
",B,"①③：某市积极探索“三长”联动机制，网格长牵头，定期组织楼栋长、单元长共同
商议小区事务，梳理居民需求信息，化解居民矛盾，提出工作建议，有利于维护公民参与基
层治理的民主权利，通过共建共治共享激发基层治理活力，①③符合题意。
②：题中是社区基层自治，是群众自治，没有涉及行政管理体制探索，②排除。
④：基层群众自治组织是村委会和居委会，该机制没有丰富其类型和职能，④不符合题意。
故本题选B。
",301,4
2022,（全国乙卷）,"17．2021年施行的《长江保护法》规定：国务院有关部门和长江流域省级人民政府负责落
实国家长江流域协调机制的决策，按照职责分工负责长江保护相关工作。长江流域地方各级
人民政府应当落实本行政区域的生态环境保护和修复、促进资源合理高效利用、优化产业结
构和布局、维护长江流域生态安全的责任。上述规定（）
①表明各级政府在长江保护中具有同等的职责
②赋予了地方各级政府在长江保护中更大的权限
③强调了各级政府在长江保护中加强统筹协调的重要性
④明晰了各级政府责任，有利于完善长江保护体制机制
A．①② B．①③ C．②④ D．③④
",D,"①：政府级别不同，职责也就不同，“具有同等的职责”说法错误，①排除。
②：政府履行推进生态文明建设的职能，保护长江流域生态安全本就是长江流域地方各级政
府的职责，材料中的举措并未赋予地方各级政府在长江保护中更大的权限，②错误。
③④：《长江保护法》关于国务院和长江流域各级人民政府在落实国家长江流域协调机制决
策、维护长江流域生态安全等方面的规定，有利于完善长江保护体制机制，明晰各级政府责
任，加强各级政府在长江保护中的统筹协调，③④符合题意。10故本题选D。
",302,4
2022,（全国乙卷）,"18．近年，新疆伽师县饮水安全问题被列入国家重点民生工程。2020年5月，在党和政府
的领导下，当地干部群众克服气候恶劣、地质条件差等困难，建成全长1827公里的通水管
网，实现城乡饮水安全工程全面通水，40多万各族群众喝上甘甜的“安全水”“幸福水”。
该县各族群众饮水安全问题的解决（）
①彰显了立党为公执政为民的执政理念
②开辟了民族地区生态环境保护的新途径
③更好地满足了人民群众的美好生活需要
④实现了各民族共同发展、共同富裕、共同繁荣
A．①② B．①③ C．②④ D．③④
",B,"①③：在党和政府的领导下，克服重重困难，建成通水管网，实现城乡饮水安全工
程全面通水，解决了该县各族群众饮水安全问题，更好地满足了人民群众的美好生活需要，
彰显了我们党立党为公执政为民的执政理念，故①③正确。
②：材料强调的是党和政府关注民生，满足了人民群众的美好生活需要，不涉及生态环境保
护，故②不符合题意。
④：共同富裕仍没有实现，故④错误。
故本题选B。
",303,4
2022,（全国乙卷）,"19．2022年4月23~25日，首届全民阅读大会在北京举行，期间举办了新时代主题阅读推
广、青少年阅读、乡村阅读推进、“阅读+”等分论坛，以及“阅读新时代”主题征文启动、
全民阅读诵读等活动，推动全社会形成爱读书、读好书、善读书的浓厚氛围。之所以重视阅
读，是因为（）
①阅读是思想文化传承的重要方式
②阅读是培育时代新人的重要途径
③阅读是文化保持生机和活力的源泉
④阅读能力和水平直接决定了人的精神境界
A．①② B．①③ C．②④ D．③④
",A,"①：教育是文化传播的重要途径，开展阅读活动有利于促进思想文化的传播，故①
正确。
②：培育时代新人，关键就是用科学理论涵养时代新人的理想信念和道德修养,使其成为有
“德行”的人。爱读书，特别是读好书，有利于提高人的科学文化修养，而良好的科学文化修
养,能够促进思想道德修养，故②正确。
③：文化创新是文化发展的动力之源，使文化保持生机和活力，故③错误。
④：阅读能力和水平可以影响了人的精神境界，但不起决定作用，故④错误。
故本题选A。
",304,4
2022,（全国乙卷）,"20．从社会主义革命和建设时期的“高炉卫士”孟泰、“两弹元勋”邓稼先，改革开放新时
期的“知识工人”邓建军、“白衣圣人”吴登云，再到新时代的“走钢丝的高空医生”陈国
信、“金牌焊工”高凤林……一大批建设者发扬“爱岗敬业、争创一流，艰苦奋斗、勇于创
新，淡泊名利、甘于奉献”的劳模精神，续写着中华民族从站起来到富起来、强起来的伟大
篇章。劳模精神是（）
①衡量优秀传统文化的价值尺度
②不同劳模独特个性的集中体现
③推动创新创造的强大精神力量
④社会主义核心价值观的生动诠释
A．①② B．①④ C．②③ D．③④
",D,"①：衡量优秀传统文化的价值尺度是看它是否适应时代需求，推动社会发展，是否
能经受实践检验，是否有助于文化认同，促进民族团结，助力民族复兴，是否能提供精神支
撑，是否有益世界文明。该选项夸大了劳模精神的作用。故①错误。
②：说法错误，应该是不同劳模共性的体现，故排除②。
③：在革命、建设、改革开放新时期以及新时代，一大批建设者发扬“爱岗敬业、争创一流，
艰苦奋斗、勇于创新，淡泊名利、甘于奉献”的劳模精神，续写中华民族从站起来到富起来、
强起来的伟大篇章。劳模精神是推动创新创造的强大精神力量，故②③正确。
④：材料强调的是在革命、建设、改革开放新时期以及新时代，一大批建设者发扬劳模精神，
都是社会主义核心价值观的生动诠释，也是弘扬劳模精神时代价值的体现，故④正确。
故本题选D。12
",305,4
2022,（全国乙卷）,"21．某市滨江5．5公里的江岸线是中国近代工业文明的重要发源地，曾经工厂林立，机器
轰鸣。随着城市功能的调整。传统工业被逐步淘汰，昔日的工业辉煌变成了斑斑遗迹。如今，
经过对工业遗存的创新改造，原先的工业带转变为生活带、生态带和景观带。从“工业锈带”
到“生活秀带”蕴含的辩证法道理是（）
①在事物发展中，肯定比否定更重要
②否定不是徒然的，而是联系和发展的环节
③事物经过“扬弃”，才能推陈出新、吐故纳新
④发展本质上是后来事物对以前事物的辩证否定
A．①② B．①④ C．②③ D．③④
",C,"①：任何事物都要经历肯定、否定，再到否定之否定的辩证发展过程。该选项中“肯
定比否定更重要”的观点错误，①排除。
②③：随着城市功能的调整，传统工业被逐步淘汰，经过对工业遗存的创新改造，原先的工
业带转变为生活带、生态带和景观带，表明否定不是徒然的，是联系和发展的环节；只有通
过辩证否定，即经过“扬弃”，才能推陈出新、吐故纳新，②③符合题意。
④：发展的实质是事物的前进和上升，是新事物的产生和旧事物的灭亡。后来的事物不一定
是新事物，故④错误。
故本题选C。
",306,4
2022,（全国乙卷）,"22．穿山甲原来被作为重要的药用野生动物，近年来受人类活动影响我国穿山甲数量急剧下
降，在2020年版《中国药典》中，穿山甲未被继续收载。2020年6月5日，国家林草局发
布公告，将穿山甲调整为国家一级保护野生动物。随着生态文明建设的发展，人们对野生动
物的认识发生了深刻变化，这表明（）
①认识只有不断变化才能正确指导实践人
②符合客观规律的认识促进社会文明进步
③认识发展的目的在于不断创新原有观点
④社会实践的需要是认识发展变化的动因
A．①② B．①③ C．②④ D．③④
",C,"①：正确的认识才能正确指导人们的实践活动，而不断变化的认识可能正确也可能
错误，①错误。
②④：随着生态文明建设的发展，国家将穿山甲调整为国家一级保护野生动物，人们对野生
动物的认识发生了深刻变化，表明符合客观规律的认识促进社会文明进步，社会实践的需要
是认识发展变化的动力，②④符合题意。
③：实践是认识的目的，认识发展的目的在于指导人们实践，③错误。
故本题选C。
",307,4
2022,（全国乙卷）,"23．2022年是中国共产主义青年团成立100周年。一百年来，共青团团结带领一代又一代
中国青年，听党话、跟党走，满怀对祖国和人民的赤子之心，积极投身党领导的革命、建设、
改革和新时代伟大事业，用青春之我创造青春之中国、青春之民族，谱写了中华民族伟大复
兴进程中激昂的青春乐章。由此可见（）
①树立正确的价值观是青年成长发展的前提
②青年只有不断更新价值观念才能获得实践的成功
③发展个性、完善自我是青年的最高价值追求
④坚守人民立场是青年进行正确价值选择的根本立足点
A．①② B．①④ C．②③ D．③④
",B,"①：共青团团结带领一代又一代中国青年，听党话、跟党走，用青春之我创造青春
之中国、青春之民族，表明青年要有坚定的理想信念，树立正确的价值观，这是青年成长发
展的前提，①符合题意。
②：价值观有正确和错误之分，青年要在实践中取得成功，就要树立正确的价值观念，而不
是“只有不断更新价值观念才能获得实践的成功”，②错误。
③：我们应该自觉站在最广大人民的立场上，牢固树立为人民服务的思想，把献身人民的事
业、维护人民的利益作为自己最高的价值追求，③错误。
④：“满怀对祖国和人民的赤子之心，积极投身党领导的革命、建设、改革和新时代伟大事
业”，表明坚守人民立场是青年进行正确价值选择的根本立足点，④符合题意。
故本题选B。
",308,4
2022,（全国甲卷）,"12．2021年4月，中共中央办公厅、国务院办公厅印发《关于建立健全生态产品价值实现
机制的意见》强调，要以保障自然生态系统休养生息为基础，增值自然资本，厚植生态产品
价值;充分发挥市场在资源配置中的决定性作用，推动生态产品价值有效转化。这表明（）
①生态产品有使用价值，其利用要合理有效
②生态产品有商品属性，其价值必然会实现
③生态产品有价值，价值实现要通过市场途径
④生态产品有稀缺性，休养生息是其价值源泉
A．①③ B．①④ C．②③ D．②④
",A,"①：建立健全生态产品价值实现机制，以保障自然生态系统休养生息为基础，增值
自然资本，厚植生态产品价值，这说明生态产品有使用价值，其利用要合理有效，①正确。
②：生态产品有商品属性，其价值能否实现受多种因素制约，“其价值必然会实现”说法过
于绝对化，②排除。
③：“充分发挥市场在资源配置中的决定性作用，推动生态产品价值有效转化”意味着生态7产品有价值，价值实现要通过市场途径，③正确。
④：生态产品的价值来源于人类劳动，④错误。
故本题选A。
",309,4
2022,（全国甲卷）,"14．为统筹利用东部地区日益增长的数据算力需求和西部地区丰富的空间资源、自然资源和
电力资源优势，我国于2022年2月正式全面启动“东数西算”工程，通过构建一体化新型
算力网络体系，把东部地区大量生产生活数据输送到西部地区进行存储、计算、反馈，推动
算力资源有序向西转移，促进解决东西部算力供需失衡问题，推动数字经济均衡发展。“东
数西算”工程正在吸引企业和资本的积极参与，其经济动因是（）
①西部算力具有资源比较优势，成本相对较低
②西部算力供应链完整，数字字经济的优势显著
③西部对算力需求大，资本投入有良好收益预期
④算力市场的供需缺口大，具有广阔的发展空间
A．①③ B．①④ C．②③ D．②④
",B,"①④：材料表明，“东数西算”工程是为了统筹利用东部地区日益增长的数据算力需
求和西部地区丰富的空间资源、自然资源和电力资源优势，这说明吸引企业和资本的积极参
与的经济动因是西部算力具有资源比较优势，成本相对较低；算力市场的供需缺口大，具有
广阔的发展空间，①④正确切题。
②：东部算力供应链完整，数字字经济的优势显著，②不选；
③：东部对算力需求大，③不选。
故本题选B。
",310,4
2022,（全国甲卷）,"15．据研究预测，2022年欧洲某国国经济增长将大幅放缓，经济增速将从上年的7．5%降
至3．9%；2022年二季度该国通货膨胀率将升至8%，比前月的预测高出1个百分点。5月
5日，该国中央银行将利率从0．75%提高到1%，这是该国自去年12月以来连续第四次加
息。该国加息政策的目标及作用过程是（）
A．提高利率——流通中的货币量增加——促进消费——刺激经济增长
B．提高利率——流通中的货币量减少——物价下降——抑制通货膨胀
C．提高利率——储蓄增加——投资规模扩大——商品供给增加——抑制通货膨胀
D．提高利率——境外资金流入——本币贬值——促进商品出口——刺激经济增长
",B,"A：提高利率将会减少流通中的货币量，A排除。9B：提高利率将会减少流通中的货币量，从而平衡供求关系，促使物价下降，进而抑制通货
膨胀，B正确。
C：提高利率有利于推动储蓄意愿增加，增加储蓄存款，但投资规模将会缩小，C排除。
D：境外资金流入，会导致本币升值，D排除。
故本题选B。
",311,4
2022,（全国甲卷）,"16．某市建立惠企平台，接入税务、社保、市场监管等部门数据，进行数据协同、数据比对、
数据审核，实现了企业诉求在线直达、政府服务在线落地、政策绩效在线评价、审批许可在
线完成等功能。用“数据跑”代替“企业跑”（）
①下放了行政事权，有助于理顺政企关系
②引入了科技手段，有助于提高行政效率
③扩大了监管职能，有助于维护市场秩序
④优化了政务服务，有助于改善营商环境
A．①③ B．①④ C．②③ D．②④
",D,"①：材料强调的是优化政府的管理和服务职能，不涉及行政事权的下放，①排除。
②：用“数据跑”代替“企业跑”通过引入科技手段，有助于提高行政效率，②正确。
③：监管职能不能随意扩大，夸大了其作用，③排除。
④：该市建立惠企平台，实现了企业诉求在线直达、政府服务在线落地、政策绩效在线评价、
审批许可在线完成等功能，有利于优化政务服务，进而改善营商环境，④正确。
故本题选D。
",312,4
2022,（全国甲卷）,"17．2021年开始施行的《云南省民族团结进步示范区建设条例实施细则》规定，省、州(市)、
县(市、区)、乡镇(街道)、村(社区)民族团结进步五级联创，推进民族团结进步创建进机关、
进企业、进社区(村)、进乡镇(街道)、进学校、进铁路、进医院、进部队、进宗教活动场所、
进出入境边防检查机构等。上述规定（）
①有利于统筹推进民族团结进步工作机制的建设
②构成了边疆民族地区强边固防工作的法规基础
③进一步强调全民参与民族团结进步事业的义务和责任
④是民族自治机关根据本地情况贯彻执行国家政策的表现
A．①② B．①③ C．②④ D．③④10
",B,"①③：根据材料中开始施行的《云南省民族团结进步示范区建设条例实施细则》规
定的内容，可知，上述规定有利于统筹推进民族团结进步工作机制的建设，进一步强调全民
参与民族团结进步事业的义务和责任，①③正确。
②：《实施细则》侧重于操作层面，而且仅仅是一个《实施细则》，不能成为“法规基础”，“构
成了边疆民族地区强边固防的法规基础”夸大了《实施细则》的作用，②排除。
④：该选项强调的是民族自治地方的自治机关的变通执行权，材料不涉及，④排除。
故本题选B。
",313,4
2022,（全国甲卷）,"18．澜湄合作机制成立6年多来，中国和湄公河五国围绕水资源合作召开部长级会议，成立
水资源合作中心，举办合作论坛，开展近60场次技术交流活动，招收培养100多名湄公河
青年水利人才，实施包括大坝安全、农村安全饮水、水文监测及预报预警等在内的一系列项
目。澜湄水资源合作（）
①形成了区域经济一体化的新模式
②能够推进流域各国务实合作、巩固政治互信
③反映流域各国坚持相同的对外交流合作政策
④有利于增进流域各国民生福祉、推动可持续发展
A．①② B．①③ C．②④ D．③④
",C,"①：材料不涉及区域经济一体化，而且该选项夸大了澜湄水资源合作的作用，①排
除。
③：流域各国的对外交流合作政策并不相同，该选项的说法不符合事实，排除③。
②④：澜湄水资源合作能够推进流域各国务实合作、巩固政治互信，有利于增进流域各国民
生福祉、推动可持续发展，②④正确。
故本题选C。
",314,4
2022,（全国甲卷）,"19．2022年2月举办的北京第二十四届冬季奥林匹克运动会被誉为一届“无与伦比”的冬
奥会，近3000名中外运动健儿闪耀赛场，18000多名赛会志愿者默默奉献，2项世界纪录和
17项冬奥会纪录被刷新，带动中国3亿多人参与冰雪运动，是迄今收视率最高的一届冬奥
会，完美演绎了“更快、更高、更强更团结”的奥林匹克格言。这表明（）11①体育运动以彰显文化自信为根本价值追求
②人民是体育运动的价值创造者和价值享受者
③体育运动具有塑造人生、促进全面发展的育人功能
④体育运动是消弭文化差异、促进文化融合的重要手段
A．①② B．①④ C．②③ D．③④
",C,"①：体育运动能彰显文化自信，但不是以彰显文化自信为根本价值追求，①错误。
②③：从北京第二十四届冬季奥林匹克运动会的参与者，以及带动中国3亿多人参与冰雪运
动来讲，本届冬季奥运有是迄今收视率最高的一届冬奥会，完美演绎了“更快、更高、更强
更团结”的奥林匹克格言。这表明人民是体育运动的价值创造者和价值享受者，体育运动具
有塑造人生、促进全面发展的育人功能，②③正确。
④：文化具有多样性。体育运动消弭文化差异的说法错误，④排除。
故本题选C。
",315,4
2022,（全国甲卷）,"20．在抗击新冠肺炎疫情的人民战争中，千百万志愿者投入疫情阻击战。他们忙碌在社区，
买菜送药、排查隐患;奔走在街头，维持秩序、义务接送;活跃于网络，辅导学业、疏导情绪，
展现了勇于担当、甘于奉献的精神风貌。志愿者的感人事迹（）
①赋予集体主义精神新的实践内涵一
②是社会主义核心价值观的生动写照
③表明时代精神根源于中华传统文化
④彰显了根植于多样化实践的文化多样性
A．①② B．①④ C．②③ D．③④
",A,"①②：在抗击新冠肺炎疫情的人民战争中，志愿者友善、爱国，他们的感人事迹诠
释了新时代集体主义精神，赋予集体主义精神新的实践内涵，是社会主义核心价值观的生动
写照，①②正确切题；
③：时代精神根源于实践，而不是中华传统文化，③不选；
④：材料不涉及文化多样性，④不选。
故本题选A。12
",316,4
2022,（全国甲卷）,"21．2022年2月27日，以某高校学生为主研制的遥感卫星“启明星”发射升空，学生可以
根据需要给卫星发指令获得地球观测数据，用来验证自己的创意是否合理可行。通过研制卫
星，学生巩固了专业知识，极大地提升了专业能力。由此获得的启示是（）
①认识的目的全在于从实践中获得真理
②亲身参与实践获得的知识才是可靠的知识
③间接经验同直接经验相结合能够深化认识
④只有通过实践才能验证认识的客观真理性
A．①② B．①④ C．②③ D．③④
",D,"①：实践是认识的目的，①错误。
②：亲身参与实践获得的知识不一定是正确的，不一定是可靠的知识，②排除。
③：学生可以根据需要给卫星发指令获得地球观测数据，用来验证自己的创意是否合理可行，
这说明“只有通过实践才能验证认识的客观真理性”，③正确切题。
④：通过研制卫星，学生巩固了专业知识，极大地提升了专业能力，这明是间接经验同直接
经验相结合能够深化认识，④正确切题。
故本题选D。
",317,4
2022,（全国甲卷）,"22．《中共中央关于党的百年奋斗重大成就和历史经验的决议》指出，勇于自我革命是中国
共产党区别于其他政党的显著标志。自我革命精神是党永葆青春活力的强大支撑。先进的马
克思主义政党不是天生的，而是在不断自我革命中淬炼而成的。上述论断的哲学依据是（）
①辩证法本质上是批判的和革命的
②辩证否定是事物联系和发展的环节
③具体问题具体分析是马克思主义的活的灵魂
④新事物代替旧事物是事物发展变化的基本状态
A．①② B．①③ C．②④ D．③④
",A,"①③：自我革命精神是党永葆青春活力的强大支撑。先进的马克思主义政党不是天
生的，而是在不断自我革命中淬炼而成的，这体现了辩证法本质上是批判的和革命的，辩证
否定是事物联系和发展的环节，①③正确。13③：该选项说法正确，但与材料强调的“自我革命”无关，③排除。
④：量变与质变是事物发展变化的基本状态，④说法错误，排除。
故本题选A。
",318,4
2022,（全国甲卷）,"23．某市是以铜业为主的资源型城市。近年来，该市抓住国家支持资源型城市转型发展的机
遇，持续开展解放思想大讨论，按照“抓住铜、延伸铜，不唯铜、超越铜”的思路，狠抓传
统产业升级和新动能培育。如今，不仅铜冶炼技术达到世界领先水平，半导体、新能源汽车、
工业互联网等战略性新兴产业也蓬勃发展，千年铜都正迈向“智造新铜都”。该市的转型发
展表明（）
①实践创新的高度取决于观念更新的程度
②善于抓住机遇是实践创新成功的重要条件
③只有不断创新，才能发挥意识的能动作用
④只有解放思想，才能实事求是、开拓创新
A．①③ B．①④ C．②③ D．②④
",D,"①：该选项的说法夸大了意识的作用，①说发错误，排除。
②④：该市抓住国家支持资源型城市专型发展的机遇，持续开展解放思想大讨论，，按照“抓
住铜、延伸铜，不唯铜、超越铜”的思路，狠抓传统产业升级和新动能培育，使千年铜都正
迈向“智造新铜都”。这表明善于抓住机遇是实践创新成功的重要条件，只有解放思想，才能
实事求是、开拓创新，②④正确。
③：创新能够更好的发挥意识的能动作用，但并不是只有不断创新，才能发挥意识的能动作
用，该选项的说法错误，③排除。
故本题选D。
",319,4
