rank	no	word	ph	pos	def	freq	years	yearList	topForms
1		the	ðə	art.	这（那）个,这（那）些（用于特定人或物，序数词，最高级，专有名词，世上独一 无二事物前）；theatre (美theater	9483	15	2008/2009/2010/2011/2012/2013/2014/2015/2016/2017/2018/2019/2020/2021/2022	the:9483
2		to	tʊ	prep.	（动词不定式符号，无词义）；（表示接受动作的人或物）给；对，向，到；在…之前	5514	15	2008/2009/2010/2011/2012/2013/2014/2015/2016/2017/2018/2019/2020/2021/2022	to:5514
3		of	ɔv	prep.	(表所属,数量,) ….的	4021	15	2008/2009/2010/2011/2012/2013/2014/2015/2016/2017/2018/2019/2020/2021/2022	of:4021
4		and	ənd	conj.	和；又；而	3784	15	2008/2009/2010/2011/2012/2013/2014/2015/2016/2017/2018/2019/2020/2021/2022	and:3782 andes:2
5		in	ɪn	prep. adv.	在…里(内)；在…；以… ad. 在家，在内，向内	3335	15	2008/2009/2010/2011/2012/2013/2014/2015/2016/2017/2018/2019/2020/2021/2022	in:3335
6		be	biː	v.	是（原形）,其人称和时态形式有(am, is, are, was, were, being, been)；成为	2679	15	2008/2009/2010/2011/2012/2013/2014/2015/2016/2017/2018/2019/2020/2021/2022	was:1020 be:950 were:454 been:255
7		it	ɪt	pron.	它	1917	15	2008/2009/2010/2011/2012/2013/2014/2015/2016/2017/2018/2019/2020/2021/2022	it:1917
8		is		v.	(be) 是	1845	15	2008/2009/2010/2011/2012/2013/2014/2015/2016/2017/2018/2019/2020/2021/2022	is:1845
9		have		v.	有; 吃; 喝; 进行; 经受	1768	15	2008/2009/2010/2011/2012/2013/2014/2015/2016/2017/2018/2019/2020/2021/2022	have:803 had:504 has:392 having:69
10		for	fə(r)	prep. conj.	为了…；向…，往…；与…交换；防备…；适合…；因为…；在…期 间；对于…；对…来说 conj. 因为，由于	1746	15	2008/2009/2010/2011/2012/2013/2014/2015/2016/2017/2018/2019/2020/2021/2022	for:1742 fores:2 ford:2
11		that	ðæt	adj. pron. conj. adv.	那，那个 conj. 那，那个（引导宾语从句等）ad. 那么，那样	1618	15	2008/2009/2010/2011/2012/2013/2014/2015/2016/2017/2018/2019/2020/2021/2022	that:1618
12		you	juː	pron.	你；你们	1374	15	2008/2009/2010/2011/2012/2013/2014/2015/2016/2017/2018/2019/2020/2021/2022	you:1374
13		they	ðeɪ	pron.	他（她）们；它们	1252	15	2008/2009/2010/2011/2012/2013/2014/2015/2016/2017/2018/2019/2020/2021/2022	they:1252
14		on	ɔn	prep. adv.	在…上（时），关于 ad. （穿，放…）上；接通；进行下 去；（电灯）开	1210	15	2008/2009/2010/2011/2012/2013/2014/2015/2016/2017/2018/2019/2020/2021/2022	on:1210
15		with	wɪʃ	prep.	关于,带有,以,和,用,有	1205	15	2008/2009/2010/2011/2012/2013/2014/2015/2016/2017/2018/2019/2020/2021/2022	with:1205
16		are	ɑː(r)	v.	(be) 是	1166	15	2008/2009/2010/2011/2012/2013/2014/2015/2016/2017/2018/2019/2020/2021/2022	are:1166
17		do	dʊ, duː	v. aux.	&；做，干（用以构成疑问句及否定句。第三人称单数现在时用does） 不做，不干	1010	15	2008/2009/2010/2011/2012/2013/2014/2015/2016/2017/2018/2019/2020/2021/2022	do:470 does:232 did:194 doing:66
18		at	æt	prep.	在（几点钟）;在（某处	919	15	2008/2009/2010/2011/2012/2013/2014/2015/2016/2017/2018/2019/2020/2021/2022	at:919
19		what	wɔt; (US) hwɑt	pron. adj.	什么,怎么样 a. 多么，何等；什么	915	15	2008/2009/2010/2011/2012/2013/2014/2015/2016/2017/2018/2019/2020/2021/2022	what:915
20		as	əz	adv. conj. prep.	像……一样；如同；因为 prep. 作为，当做	862	15	2008/2009/2010/2011/2012/2013/2014/2015/2016/2017/2018/2019/2020/2021/2022	as:862
21		can	ken, kæn	v.	可能；能够；可以 不能 n.（美）罐头；罐子	825	15	2008/2009/2010/2011/2012/2013/2014/2015/2016/2017/2018/2019/2020/2021/2022	can:823 cans:2
22		from	frəm	prep.	从；从…起.距.来自	794	15	2008/2009/2010/2011/2012/2013/2014/2015/2016/2017/2018/2019/2020/2021/2022	from:794
23		we	wiː	pron.	我们	790	15	2008/2009/2010/2011/2012/2013/2014/2015/2016/2017/2018/2019/2020/2021/2022	we:790
24		he	heɪ	pron.	他	781	15	2008/2009/2010/2011/2012/2013/2014/2015/2016/2017/2018/2019/2020/2021/2022	he:781
25		people	ˈpiːp(ə)l	n.	人，人们；人民	728	15	2008/2009/2010/2011/2012/2013/2014/2015/2016/2017/2018/2019/2020/2021/2022	people:725 peoples:3
26		about	əˈbaʊt	adv. prep.	大约；到处；四处 prep. 关于；在各处；四处	714	15	2008/2009/2010/2011/2012/2013/2014/2015/2016/2017/2018/2019/2020/2021/2022	about:714
27		their	ðeə(r)	pron.	他(她,它)们的	695	15	2008/2009/2010/2011/2012/2013/2014/2015/2016/2017/2018/2019/2020/2021/2022	their:695
28		by	baɪ	prep.	靠近，在…旁；在…时间；不迟于；被；用；由；乘（车	682	15	2008/2009/2010/2011/2012/2013/2014/2015/2016/2017/2018/2019/2020/2021/2022	by:682
29		make	meɪk	vt.	制作，制造；使得；做	682	15	2008/2009/2010/2011/2012/2013/2014/2015/2016/2017/2018/2019/2020/2021/2022	make:310 made:197 making:109 makes:66
30		more	mɔː(r)	a. n.	/ ad.另外的；附加的；较多的再；另外；而且；更；更多的量；另外的一些（much或many 的比较级）	668	15	2008/2009/2010/2011/2012/2013/2014/2015/2016/2017/2018/2019/2020/2021/2022	more:668
31		but	bət	conj. prep.	但是，可是 prep. 除了, 除……外	662	15	2008/2009/2010/2011/2012/2013/2014/2015/2016/2017/2018/2019/2020/2021/2022	but:662
32		good		adj.	优良的, 上等的, 好心的, 有益的	652	15	2008/2009/2010/2011/2012/2013/2014/2015/2016/2017/2018/2019/2020/2021/2022	good:275 best:210 better:167
33		when	wen	conj. adv.	当…的时候 ad. 什么时候，何时	639	15	2008/2009/2010/2011/2012/2013/2014/2015/2016/2017/2018/2019/2020/2021/2022	when:639
34		one	wʌn	pron. num.	一（个，只…）(pl. ones) num. 一	564	15	2008/2009/2010/2011/2012/2013/2014/2015/2016/2017/2018/2019/2020/2021/2022	one:532 ones:32
35		your	jʌŋ	pron.	你的；你们的	547	15	2008/2009/2010/2011/2012/2013/2014/2015/2016/2017/2018/2019/2020/2021/2022	your:547
36		her	hɜː(r)	pron.	她(宾格),她的	538	14	2009/2010/2011/2012/2013/2014/2015/2016/2017/2018/2019/2020/2021/2022	her:535 herd:3
37		time	taɪm	n. vt.	时间;时期;钟点,次,回 vt.测定…的时间,记录…的时间	538	15	2008/2009/2010/2011/2012/2013/2014/2015/2016/2017/2018/2019/2020/2021/2022	time:447 times:84 timing:6 timed:1
38		or	ə(r)	conj.	或；就是；否则	532	15	2008/2009/2010/2011/2012/2013/2014/2015/2016/2017/2018/2019/2020/2021/2022	or:532
39		she	ʃiː	pron.	她；sheep (复sheep	532	15	2008/2009/2010/2011/2012/2013/2014/2015/2016/2017/2018/2019/2020/2021/2022	she:530 shed:2
40		not	nɔt	adv.	不，没	524	15	2008/2009/2010/2011/2012/2013/2014/2015/2016/2017/2018/2019/2020/2021/2022	not:507 notes:12 noted:4 noting:1
41		my	maɪ	pron.	我的	502	15	2008/2009/2010/2011/2012/2013/2014/2015/2016/2017/2018/2019/2020/2021/2022	my:502
42		this	ðɪs	adj. pron.	这，这个	497	15	2008/2009/2010/2011/2012/2013/2014/2015/2016/2017/2018/2019/2020/2021/2022	this:497
43		his	hɪz	pron.	他的	483	15	2008/2009/2010/2011/2012/2013/2014/2015/2016/2017/2018/2019/2020/2021/2022	his:483
44		get		v.	成为; 得到; 具有; 到达	465	15	2008/2009/2010/2011/2012/2013/2014/2015/2016/2017/2018/2019/2020/2021/2022	get:263 got:94 getting:65 gets:37
45		will	wɪl	n.	意志, 遗嘱；will (would	457	15	2008/2009/2010/2011/2012/2013/2014/2015/2016/2017/2018/2019/2020/2021/2022	will:457
46		them	ð(ə)m	pron.	他/她/它们（宾格	453	15	2008/2009/2010/2011/2012/2013/2014/2015/2016/2017/2018/2019/2020/2021/2022	them:452 themes:1
47		go		v.	离去, 走, 进行, 变成, 求助于	449	15	2008/2009/2010/2011/2012/2013/2014/2015/2016/2017/2018/2019/2020/2021/2022	go:228 going:87 went:71 goes:32
48		up	ʌp	adv. adj. n. v. prep.	向上；在上方；起来；在…以上 a. 上面的，向上的，上行的 n. 上升；上坡；上行；繁荣 v. 举起；拿起；提高 prep. 向(高处)；向(在)……上(面)游	448	15	2008/2009/2010/2011/2012/2013/2014/2015/2016/2017/2018/2019/2020/2021/2022	up:448
49		all	ɔːl	adv. adj. pron.	全部地 a. 全（部）;所有的;总;整 pron.全部;全体人员	421	15	2008/2009/2010/2011/2012/2013/2014/2015/2016/2017/2018/2019/2020/2021/2022	all:421
50		out	aʊt	adv.	出外;在外,向外;熄	421	15	2008/2009/2010/2011/2012/2013/2014/2015/2016/2017/2018/2019/2020/2021/2022	out:421
51		if	ɪf	conj.	如果,假使,是否,是不是	418	15	2008/2009/2010/2011/2012/2013/2014/2015/2016/2017/2018/2019/2020/2021/2022	if:418
52		take		v.	拿, 拿走, 取, 抓, 占领; 服用; 乘坐; 花费	413	15	2008/2009/2010/2011/2012/2013/2014/2015/2016/2017/2018/2019/2020/2021/2022	take:212 taking:66 took:59 taken:41
53		who	huː	pron.	谁	406	15	2008/2009/2010/2011/2012/2013/2014/2015/2016/2017/2018/2019/2020/2021/2022	who:406
54		which	wɪtʃ; (US) hwɪtʃ	pron. adj.	那(哪)一个；那(哪)一些 a.这(哪)个；这(哪)些；无论哪个(些	404	15	2008/2009/2010/2011/2012/2013/2014/2015/2016/2017/2018/2019/2020/2021/2022	which:404
55		there	ðeə(r)	int. n. adv.	那！你瞧（表示引起注意） n. 那里，那儿 ad. 在那里，往那里；（作引导词）表”存在"	401	15	2008/2009/2010/2011/2012/2013/2014/2015/2016/2017/2018/2019/2020/2021/2022	there:401
56		year	jɪə(r)	n.	年	401	15	2008/2009/2010/2011/2012/2013/2014/2015/2016/2017/2018/2019/2020/2021/2022	years:214 year:187
57		other	ˈʌðə(r)	pron. adj.	别人，别的东西 a. 别的,另外的	396	15	2008/2009/2010/2011/2012/2013/2014/2015/2016/2017/2018/2019/2020/2021/2022	other:286 others:110
58		how	haʊ	adv.	怎样,如何；多少；多么	391	15	2008/2009/2010/2011/2012/2013/2014/2015/2016/2017/2018/2019/2020/2021/2022	how:391
59		work	wɜːk	n. vi.	工作,劳动,事情 vi. 工作;(机器、器官等)运转,活动	388	15	2008/2009/2010/2011/2012/2013/2014/2015/2016/2017/2018/2019/2020/2021/2022	work:256 working:92 worked:40
60		so	səʊ	adv. conj.	如此，这么；非常；同样 conj. 因此，所以	381	15	2008/2009/2010/2011/2012/2013/2014/2015/2016/2017/2018/2019/2020/2021/2022	so:381
61		some	sʌm	adj. pron.	一些，若干；有些；某一 pron. 若干，一些	374	15	2008/2009/2010/2011/2012/2013/2014/2015/2016/2017/2018/2019/2020/2021/2022	some:374
62		would	wəd	v.	（will的过去时）将会，打算，想要，过去常常	369	15	2008/2009/2010/2011/2012/2013/2014/2015/2016/2017/2018/2019/2020/2021/2022	would:369
63		new	njuː; (US) nuː	adj.	新的；新鲜的	365	15	2008/2009/2010/2011/2012/2013/2014/2015/2016/2017/2018/2019/2020/2021/2022	new:363 newer:2
64		day	deɪ	n.	（一）天，（一）日；白天	351	15	2008/2009/2010/2011/2012/2013/2014/2015/2016/2017/2018/2019/2020/2021/2022	day:248 days:103
65		than	ðen	conj.	比	350	15	2008/2009/2010/2011/2012/2013/2014/2015/2016/2017/2018/2019/2020/2021/2022	than:350
66		child	tʃaɪld	n.	孩子，儿童	344	15	2008/2009/2010/2011/2012/2013/2014/2015/2016/2017/2018/2019/2020/2021/2022	children:267 child:77
67		our	ˈaʊə(r)	pron.	我们的	341	14	2008/2010/2011/2012/2013/2014/2015/2016/2017/2018/2019/2020/2021/2022	our:341
68		help	help	n. vt.	帮助，帮忙	326	15	2008/2009/2010/2011/2012/2013/2014/2015/2016/2017/2018/2019/2020/2021/2022	help:232 helped:37 helping:26 helps:24
69		know			知道, 了解; 认识; 懂得	316	15	2008/2009/2010/2011/2012/2013/2014/2015/2016/2017/2018/2019/2020/2021/2022	know:199 known:43 knew:42 knows:18
70		like	laɪk	prep. vt.	像，跟…一样 vt. 喜欢，喜爱	314	15	2008/2009/2010/2011/2012/2013/2014/2015/2016/2017/2018/2019/2020/2021/2022	like:282 liked:26 likes:6
71		say		v.	说, 讲	305	15	2008/2009/2010/2011/2012/2013/2014/2015/2016/2017/2018/2019/2020/2021/2022	says:171 say:134
72		most	məʊst	adj. adv. pron.	最多的；大部分的；最	284	15	2008/2009/2010/2011/2012/2013/2014/2015/2016/2017/2018/2019/2020/2021/2022	most:284
73		see		v.	看见, 看到; 领会; 拜会	281	15	2008/2009/2010/2011/2012/2013/2014/2015/2016/2017/2018/2019/2020/2021/2022	see:161 saw:47 seen:35 seeing:23
74		come		v.	来, 来到	280	15	2008/2009/2010/2011/2012/2013/2014/2015/2016/2017/2018/2019/2020/2021/2022	come:125 came:79 comes:42 coming:34
75		just	dʒʌst	adv. adj.	刚才；恰好；不过；仅 a. 公正的	279	14	2009/2010/2011/2012/2013/2014/2015/2016/2017/2018/2019/2020/2021/2022	just:279
76		many		pron.	许多人（或物） 许多的	276	15	2008/2009/2010/2011/2012/2013/2014/2015/2016/2017/2018/2019/2020/2021/2022	many:276
77		me	miː	pron.	我（宾格	276	15	2008/2009/2010/2011/2012/2013/2014/2015/2016/2017/2018/2019/2020/2021/2022	me:276
78		want	wɔnt; (US) wɔːnt	vt.	想,想要,需要,必要	271	15	2008/2009/2010/2011/2012/2013/2014/2015/2016/2017/2018/2019/2020/2021/2022	want:176 wanted:57 wants:33 wanting:5
79		way	weɪ	n.	路，路线；方式，手段	270	15	2008/2009/2010/2011/2012/2013/2014/2015/2016/2017/2018/2019/2020/2021/2022	way:210 ways:60
80		into	ˈɪntʊ	prep.	到…里;向内；变成	267	15	2008/2009/2010/2011/2012/2013/2014/2015/2016/2017/2018/2019/2020/2021/2022	into:267
81		use	juːz	n. vt.	利用,使用,应用	264	15	2008/2009/2010/2011/2012/2013/2014/2015/2016/2017/2018/2019/2020/2021/2022	use:183 using:64 uses:17
82		world	wɜːld	n.	世界	264	14	2008/2010/2011/2012/2013/2014/2015/2016/2017/2018/2019/2020/2021/2022	world:256 worlds:8
83		learn	lɜːn	vt.	学，学习，学会	252	15	2008/2009/2010/2011/2012/2013/2014/2015/2016/2017/2018/2019/2020/2021/2022	learn:161 learning:87 learns:4
84		look	lʊk	n. v.	看，瞧 v. 看，观看 v. link 看起来	252	15	2008/2009/2010/2011/2012/2013/2014/2015/2016/2017/2018/2019/2020/2021/2022	looking:100 look:85 looked:47 looks:20
85		first	fɜːst	num. adj. adv. n.	第一 a.& ad. 第一；首次；最初 n. 开始；开端	247	15	2008/2009/2010/2011/2012/2013/2014/2015/2016/2017/2018/2019/2020/2021/2022	first:247
86		give		v.	给; 递给; 付出	246	14	2008/2010/2011/2012/2013/2014/2015/2016/2017/2018/2019/2020/2021/2022	give:85 gave:54 giving:39 given:35
87		may	meɪ	n.	5月	242	15	2008/2009/2010/2011/2012/2013/2014/2015/2016/2017/2018/2019/2020/2021/2022	may:242
88		show	ʃəʊ	n.	展示,展览（会）;演出	241	15	2008/2009/2010/2011/2012/2013/2014/2015/2016/2017/2018/2019/2020/2021/2022	show:117 shows:69 showed:33 showing:22
89		life		n.	生命; 生活	236	15	2008/2009/2010/2011/2012/2013/2014/2015/2016/2017/2018/2019/2020/2021/2022	life:180 lives:56
90		little		adj.	小的, 少的	236	15	2008/2009/2010/2011/2012/2013/2014/2015/2016/2017/2018/2019/2020/2021/2022	little:127 less:109
91		family	ˈfæmɪlɪ	n.	家庭；家族；子女	235	15	2008/2009/2010/2011/2012/2013/2014/2015/2016/2017/2018/2019/2020/2021/2022	family:203 families:32
92		need	niːd	n. aux. v.	需要,需求aux.& v.需要,必须	232	15	2008/2009/2010/2011/2012/2013/2014/2015/2016/2017/2018/2019/2020/2021/2022	need:165 needs:38 needed:29
93		could		modal v.	（can的过去式）可以, 可能；行	231	15	2008/2009/2010/2011/2012/2013/2014/2015/2016/2017/2018/2019/2020/2021/2022	could:231
94		no	nəʊ	adv. adj.	不,不是 a.没有,无,不；No.(缩) = number	231	15	2008/2009/2010/2011/2012/2013/2014/2015/2016/2017/2018/2019/2020/2021/2022	no:231
95		only	ˈəʊnlɪ	adj. adv.	惟一的，仅有的 ad. 仅仅，只，才	231	15	2008/2009/2010/2011/2012/2013/2014/2015/2016/2017/2018/2019/2020/2021/2022	only:231
96		us	ʌs; əs	pron.	我们（宾格）	229	15	2008/2009/2010/2011/2012/2013/2014/2015/2016/2017/2018/2019/2020/2021/2022	us:229
97		then	ðen	adv.	当时,那时,然后,那么	228	15	2008/2009/2010/2011/2012/2013/2014/2015/2016/2017/2018/2019/2020/2021/2022	then:228
98		thing	θɪŋ	n.	东西；(复)物品，用品；事情，事件；think(thought, thought	228	15	2008/2009/2010/2011/2012/2013/2014/2015/2016/2017/2018/2019/2020/2021/2022	things:164 thing:64
99		book	bʊk	n. v.	书；本子 v. 预定，定（房间、车票等	225	14	2008/2010/2011/2012/2013/2014/2015/2016/2017/2018/2019/2020/2021/2022	book:133 books:86 booked:4 booking:2
100		student	ˈstjuːdənt	n.	学生	223	14	2008/2010/2011/2012/2013/2014/2015/2016/2017/2018/2019/2020/2021/2022	students:160 student:63
101		its	ɪts	pron.	它的	219	15	2008/2009/2010/2011/2012/2013/2014/2015/2016/2017/2018/2019/2020/2021/2022	its:219
102		home	həʊm	n. adv.	家 ad. 到家；回家	216	15	2008/2009/2010/2011/2012/2013/2014/2015/2016/2017/2018/2019/2020/2021/2022	home:192 homes:22 homed:2
103		after	ˈɑːftə(r)	adv. prep. conj.	在后；后来prep. 在…之后；在 后面 conj. 在…以后	214	15	2008/2009/2010/2011/2012/2013/2014/2015/2016/2017/2018/2019/2020/2021/2022	after:214
104		city	ˈsɪtɪ	n.	市，城市，都市	209	15	2008/2009/2010/2011/2012/2013/2014/2015/2016/2017/2018/2019/2020/2021/2022	city:139 cities:70
105		why	waɪ; (US) hwaɪ	adv. int.	/ int. 为什么, 你难道不知道（表示反驳、不耐烦等	203	15	2008/2009/2010/2011/2012/2013/2014/2015/2016/2017/2018/2019/2020/2021/2022	why:203
106		before	bɪˈfɔː(r)	prep. adv. conj.	在…以前；在…前面 ad. 以前 conj. 在…之前	200	15	2008/2009/2010/2011/2012/2013/2014/2015/2016/2017/2018/2019/2020/2021/2022	before:200
107		keep		v.	保持; 继续不断 培育, 饲养	199	15	2008/2009/2010/2011/2012/2013/2014/2015/2016/2017/2018/2019/2020/2021/2022	keep:133 kept:27 keeping:26 keeps:13
108		old	əʊld	adj.	老的，旧的；Olympic(s	197	14	2008/2010/2011/2012/2013/2014/2015/2016/2017/2018/2019/2020/2021/2022	old:117 older:62 oldest:18
109		change	tʃeɪndʒ	n. v.	零钱；找头v. 改变，变化；更换；兑换	195	15	2008/2009/2010/2011/2012/2013/2014/2015/2016/2017/2018/2019/2020/2021/2022	change:93 changed:43 changing:38 changes:21
110		now	naʊ	adv.	现在	195	15	2008/2009/2010/2011/2012/2013/2014/2015/2016/2017/2018/2019/2020/2021/2022	now:195
111		where	weə(r); (US) hweər	adv.	在哪里；往哪里	195	15	2008/2009/2010/2011/2012/2013/2014/2015/2016/2017/2018/2019/2020/2021/2022	where:195
112		find	faɪnd	vt.	(found, found) vt. 找到，发现，感到	194	15	2008/2009/2010/2011/2012/2013/2014/2015/2016/2017/2018/2019/2020/2021/2022	find:174 finds:15 finding:5
113		also	ˈɔːlsəʊ	adv.	也	193	15	2008/2009/2010/2011/2012/2013/2014/2015/2016/2017/2018/2019/2020/2021/2022	also:193
114		last	lɑːst; (US) læst	adj. adv. n. v.	最近刚过去;最后的ad.最近刚过去;最后地 n.最后v.持续	193	15	2008/2009/2010/2011/2012/2013/2014/2015/2016/2017/2018/2019/2020/2021/2022	last:175 lasts:8 lasting:5 lasted:3
115		over	ˈəʊvə(r)	prep. adv.	在…上方,越过,遍及 ad. 翻倒,遍布,越过,结束	192	14	2008/2010/2011/2012/2013/2014/2015/2016/2017/2018/2019/2020/2021/2022	over:192
116		these	ðiːz	adj. pron.	这些	191	15	2008/2009/2010/2011/2012/2013/2014/2015/2016/2017/2018/2019/2020/2021/2022	these:191
117		paragraph	ˈpærəɡrɑːf; (US) ˈpærəgræf	n.	（文章的）段落	184	15	2008/2009/2010/2011/2012/2013/2014/2015/2016/2017/2018/2019/2020/2021/2022	paragraph:180 paragraphs:4
118		start	stɑːt	v.	开始，着手；出发	183	13	2010/2011/2012/2013/2014/2015/2016/2017/2018/2019/2020/2021/2022	start:89 started:53 starting:27 starts:14
119		long	lɔŋ; (US) lɔːŋ	adj. adv.	长的，远 ad. 长久	182	15	2008/2009/2010/2011/2012/2013/2014/2015/2016/2017/2018/2019/2020/2021/2022	long:135 longer:40 longest:3 longing:2
120		should	ʃʊd	v. aux.	mod. 应当，应该，会 v. aux.会,应该（shall的过去时态	182	13	2008/2010/2011/2013/2014/2015/2016/2017/2018/2019/2020/2021/2022	should:182
121		word	wɜːd	n.	词，单词；话	182	14	2008/2009/2010/2011/2012/2013/2014/2015/2016/2017/2018/2019/2020/2021	words:109 word:73
122		two	tuː	num.	二	181	15	2008/2009/2010/2011/2012/2013/2014/2015/2016/2017/2018/2019/2020/2021/2022	two:181
123		put	pʊt	vt.	放，摆	180	15	2008/2009/2010/2011/2012/2013/2014/2015/2016/2017/2018/2019/2020/2021/2022	put:161 putting:15 puts:4
124		talk	tɔːk	n. v.	谈话,讲话,演讲,交谈	180	15	2008/2009/2010/2011/2012/2013/2014/2015/2016/2017/2018/2019/2020/2021/2022	talk:120 talking:42 talked:11 talks:7
125		author	ˈɔːθə(r)	n.	作者，作家	179	15	2008/2009/2010/2011/2012/2013/2014/2015/2016/2017/2018/2019/2020/2021/2022	author:172 authors:7
126		because	bɪˈkɔz; (US) bɪˈkɔːz	conj.	因为；become (became, be come	178	15	2008/2009/2010/2011/2012/2013/2014/2015/2016/2017/2018/2019/2020/2021/2022	because:178
127		food	fuːd	n.	食物，食品	178	13	2008/2010/2011/2012/2014/2015/2016/2017/2018/2019/2020/2021/2022	food:171 foods:7
128		try	truːθ	v.	试，试图，努力	177	15	2008/2009/2010/2011/2012/2013/2014/2015/2016/2017/2018/2019/2020/2021/2022	try:88 trying:49 tried:34 tries:6
129		text	tekst	n.	文本，课文	176	14	2009/2010/2011/2012/2013/2014/2015/2016/2017/2018/2019/2020/2021/2022	text:173 texts:3
130		very	ˈverɪ	adv.	很，非常	175	15	2008/2009/2010/2011/2012/2013/2014/2015/2016/2017/2018/2019/2020/2021/2022	very:175
131		tell		v.	告诉; 讲述; 吩咐; 断定, 知道	174	15	2008/2009/2010/2011/2012/2013/2014/2015/2016/2017/2018/2019/2020/2021/2022	tell:80 told:46 telling:37 tells:10
132		become	bɪˈkʌm	v.	变得；成为	173	14	2008/2010/2011/2012/2013/2014/2015/2016/2017/2018/2019/2020/2021/2022	become:76 became:47 becoming:39 becomes:11
133		him	hɪm	pron.	他（宾格	173	15	2008/2009/2010/2011/2012/2013/2014/2015/2016/2017/2018/2019/2020/2021/2022	him:173
134		back	bæk	adv. adj. n.	回（原处）；向后 a. 后面的 n. 背后，后部；背	172	14	2008/2010/2011/2012/2013/2014/2015/2016/2017/2018/2019/2020/2021/2022	back:166 backed:4 backing:2
135		place	pleɪs	n. v.	地方，处所 v. 放置，安置，安排	171	15	2008/2009/2010/2011/2012/2013/2014/2015/2016/2017/2018/2019/2020/2021/2022	place:114 places:45 placed:11 placing:1
136		feel		v.	& link 感觉, 觉得; 摸, 触	170	15	2008/2009/2010/2011/2012/2013/2014/2015/2016/2017/2018/2019/2020/2021/2022	feel:122 felt:33 feels:15
137		small	smɔːl	adj.	小的，少的	168	15	2008/2009/2010/2011/2012/2013/2014/2015/2016/2017/2018/2019/2020/2021/2022	small:148 smaller:18 smallest:2
138		even	ˈiːv(ə)n	adv.	甚至，连（…都）；更	167	14	2008/2010/2011/2012/2013/2014/2015/2016/2017/2018/2019/2020/2021/2022	even:167
139		language	ˈlæŋɡwɪdʒ	n.	语言	167	13	2008/2009/2010/2011/2012/2014/2015/2016/2017/2018/2019/2020/2021	language:114 languages:53
140		play	pleɪ	v. n.	玩；打（球）；游戏；播放 n. 玩耍，戏剧	167	13	2010/2011/2012/2013/2014/2015/2016/2017/2018/2019/2020/2021/2022	play:89 playing:39 played:21 plays:18
141		friend	frend	n.	朋友	166	13	2009/2010/2011/2012/2013/2014/2015/2016/2017/2019/2020/2021/2022	friends:112 friend:54
142		down	daʊn	prep. adv.	沿着，沿…而下 ad. 向下	165	14	2009/2010/2011/2012/2013/2014/2015/2016/2017/2018/2019/2020/2021/2022	down:161 downer:4
143		each	iːtʃ	adj. pron.	每人.每个.每件	165	15	2008/2009/2010/2011/2012/2013/2014/2015/2016/2017/2018/2019/2020/2021/2022	each:165
144		through	θruː	prep. adv.	穿（通）过;从始至终 ad.穿(通)过;自始至终,全部	165	15	2008/2009/2010/2011/2012/2013/2014/2015/2016/2017/2018/2019/2020/2021/2022	through:165
145		school	skuːl	n.	学校	164	14	2008/2009/2010/2011/2012/2013/2014/2015/2016/2017/2018/2019/2020/2022	school:143 schools:20 schooling:1
146		much	mʌtʃ	adj. adv. pron.	许多的；大量的；非常	163	14	2008/2010/2011/2012/2013/2014/2015/2016/2017/2018/2019/2020/2021/2022	much:163
147		ask	ɑːsk	v.	问；请求，要求；邀请	160	15	2008/2009/2010/2011/2012/2013/2014/2015/2016/2017/2018/2019/2020/2021/2022	asked:78 ask:67 asking:10 asks:5
148		study	ˈstʌdɪ	v. n.	学习；研究 n. 书房	159	14	2008/2010/2011/2012/2013/2014/2015/2016/2017/2018/2019/2020/2021/2022	study:95 studies:36 studying:17 studied:11
149		found	faʊnd	vt.	成立，建立	158	15	2008/2009/2010/2011/2012/2013/2014/2015/2016/2017/2018/2019/2020/2021/2022	found:145 founded:10 founder:3
150		while	waɪl; (US) hwaɪl	conj. n.	在…的时候,和…同时 n. 一会儿，一段时间	154	15	2008/2009/2010/2011/2012/2013/2014/2015/2016/2017/2018/2019/2020/2021/2022	while:154
151		call	kɔːl	n. v.	喊，叫；电话，通话 v. 称呼；呼唤；喊，叫	153	14	2008/2010/2011/2012/2013/2014/2015/2016/2017/2018/2019/2020/2021/2022	called:67 call:58 calling:13 calls:13
152		number	ˈnʌmbə(r)	n.	数,数字,号码,数量	152	15	2008/2009/2010/2011/2012/2013/2014/2015/2016/2017/2018/2019/2020/2021/2022	number:118 numbers:33 numbered:1
153		set		n.	装备, 设备 设置（布景, 背景）	152	13	2010/2011/2012/2013/2014/2015/2016/2017/2018/2019/2020/2021/2022	set:116 setting:30 sets:6
154		parent	ˈpeərənt	n.	父(母)，双亲	149	14	2008/2009/2010/2012/2013/2014/2015/2016/2017/2018/2019/2020/2021/2022	parents:123 parent:26
155		still	stɪl	adj. adv.	不动的,平静的ad.仍然,还	147	15	2008/2009/2010/2011/2012/2013/2014/2015/2016/2017/2018/2019/2020/2021/2022	still:147
156		those	ðəʊz	adj. pron.	那些	147	13	2009/2010/2011/2013/2014/2015/2016/2017/2018/2019/2020/2021/2022	those:147
157		own	əʊn	adj. v.	自己的 v. 拥有,所有	146	15	2008/2009/2010/2011/2012/2013/2014/2015/2016/2017/2018/2019/2020/2021/2022	own:134 owned:9 owns:3
158		move	muːv	v.	移动，搬动，搬家	143	15	2008/2009/2010/2011/2012/2013/2014/2015/2016/2017/2018/2019/2020/2021/2022	move:59 moved:42 moving:35 moves:7
159		car	kɑː(r)	n.	汽车，小卧车	142	13	2008/2010/2011/2012/2013/2014/2015/2016/2017/2018/2019/2020/2022	car:77 cars:46 caring:12 cares:5
160		kid	kɪd	n.	小孩	142	12	2008/2010/2012/2014/2015/2016/2017/2018/2019/2020/2021/2022	kids:128 kid:14
161		think		v.	想; 认为; 考虑	142	15	2008/2009/2010/2011/2012/2013/2014/2015/2016/2017/2018/2019/2020/2021/2022	think:136 thinks:6
162		group	ɡruːp	n.	组，群；grow (grew, grown	141	13	2009/2010/2011/2013/2014/2015/2016/2017/2018/2019/2020/2021/2022	group:78 groups:59 grouped:2 grouping:2
163		person	ˈpɜːs(ə)n	n.	人	141	14	2008/2009/2010/2011/2012/2013/2015/2016/2017/2018/2019/2020/2021/2022	person:127 persons:14
164		young	jʌŋ	adj.	年轻的	140	14	2008/2010/2011/2012/2013/2014/2015/2016/2017/2018/2019/2020/2021/2022	young:124 younger:14 youngest:2
165		around	əˈraʊnd	adv. prep.	在周围；在附近prep. 在……周围；大约	139	14	2008/2010/2011/2012/2013/2014/2015/2016/2017/2018/2019/2020/2021/2022	around:139
166		water	ˈwɔːtə(r)	n. v.	水v. 浇水	138	14	2008/2009/2010/2011/2012/2014/2015/2016/2017/2018/2019/2020/2021/2022	water:133 waters:5
167		well	wel	adv. adj. int. n.	(better, best) ad. 好,令人满意地,完全地 a.好的,,健康的int. 表示惊讶同意或犹豫等,亦用于接话语;好吧,那么,哎呀 n. 井	137	15	2008/2009/2010/2011/2012/2013/2014/2015/2016/2017/2018/2019/2020/2021/2022	well:135 wells:2
168		different	ˈdɪfrənt	adj.	不同的，有差异的	136	14	2008/2010/2011/2012/2013/2014/2015/2016/2017/2018/2019/2020/2021/2022	different:136
169		every	ˈevrɪ	adj.	每一，每个的	135	15	2008/2009/2010/2011/2012/2013/2014/2015/2016/2017/2018/2019/2020/2021/2022	every:135
170		read	riːd	v.	读；朗读	135	13	2008/2009/2010/2011/2012/2013/2014/2015/2016/2017/2018/2019/2020	read:115 reader:16 reads:4
171		tour	tʊə(r)	n.	参观, 观光, 旅行	135	7	2010/2015/2016/2017/2018/2020/2022	tour:115 tours:12 touring:4 toured:4
172		great	ɡreɪt	adj. adv.	伟大的,重要的,好极了 ad. （口语）好极了，很好	133	15	2008/2009/2010/2011/2012/2013/2014/2015/2016/2017/2018/2019/2020/2021/2022	great:113 greater:11 greatest:9
173		hour	ˈaʊə(r)	n.	小时	132	15	2008/2009/2010/2011/2012/2013/2014/2015/2016/2017/2018/2019/2020/2021/2022	hours:83 hour:49
174		something	ˈsʌmθɪŋ	pron.	某事；某物	132	14	2008/2009/2010/2011/2012/2013/2014/2015/2016/2017/2018/2020/2021/2022	something:132
175		another	əˈnʌðə(r)	adj. pron.	再一；另一；别的；不同的 pron. 另一个	131	15	2008/2009/2010/2011/2012/2013/2014/2015/2016/2017/2018/2019/2020/2021/2022	another:131
176		few	fjuː	pron.	不多；少数 不多的；少数的	130	15	2008/2009/2010/2011/2012/2013/2014/2015/2016/2017/2018/2019/2020/2021/2022	few:93 fewer:37
177		house	haʊs	n.	房子；住宅	130	14	2008/2010/2011/2012/2013/2014/2015/2016/2017/2018/2019/2020/2021/2022	house:99 houses:24 housing:7
178		high	haɪ	adj. adv.	高的;高度的 ad. 高地	129	13	2008/2010/2011/2012/2014/2015/2016/2017/2018/2019/2020/2021/2022	high:85 higher:28 highest:16
179		bring		v.	拿来, 带来, 取来	128	15	2008/2009/2010/2011/2012/2013/2014/2015/2016/2017/2018/2019/2020/2021/2022	bring:60 brought:38 brings:16 bringing:14
180		too	təˈnaɪt	adv.	也,还,又,太,过分,很,非常	128	15	2008/2009/2010/2011/2012/2013/2014/2015/2016/2017/2018/2019/2020/2021/2022	too:128
181		buy	baɪ	vt.	买	125	13	2008/2010/2011/2012/2013/2014/2015/2016/2017/2018/2019/2020/2021	buy:57 buying:32 bought:29 buys:7
182		experience	ɪkˈspɪərɪəns	n.	经验；经历	124	15	2008/2009/2010/2011/2012/2013/2014/2015/2016/2017/2018/2019/2020/2021/2022	experience:88 experiences:17 experienced:13 experiencing:6
183		turn	tɜːn	v. n.	旋转，翻转，转变，转弯 n. 轮流，（轮流的）顺序	124	13	2009/2010/2011/2012/2013/2015/2016/2017/2018/2019/2020/2021/2022	turn:62 turned:51 turns:9 turner:2
184		woman		n.	妇女, 女人, 女性	124	12	2008/2009/2010/2011/2012/2014/2015/2016/2017/2019/2020/2021	woman:74 women:50
185		open	ˈəʊpən	adj. vt.	开着的,开的 vt.开,打开	123	12	2008/2010/2011/2013/2014/2015/2016/2017/2018/2019/2020/2021	open:83 opened:29 opens:11
186		plant	plɑːnt; (US) ˈplænt	vt. n.	种植，播种 n. 植物	123	9	2008/2010/2011/2014/2016/2017/2018/2019/2020	plants:72 plant:38 planted:12 planting:1
187		grow		v.	生长; 发育; 种植; 变成	122	13	2008/2010/2011/2012/2013/2014/2015/2016/2017/2018/2019/2020/2021	growing:46 grew:29 grow:28 grown:14
188		since	sɪns	adv. conj. prep.	从那时以来 conj. 从…以来，…以后，由于 prep. 从…以来	122	14	2008/2009/2010/2011/2012/2013/2014/2016/2017/2018/2019/2020/2021/2022	since:122
189		problem	ˈprɔbləm	n.	问题，难题	121	14	2008/2010/2011/2012/2013/2014/2015/2016/2017/2018/2019/2020/2021/2022	problem:69 problems:52
190		visit	ˈviːzə	n. vt.	参观，访问，拜访	121	14	2008/2010/2011/2012/2013/2014/2015/2016/2017/2018/2019/2020/2021/2022	visit:94 visiting:10 visits:9 visited:8
191		important	ɪmˈpɔːtənt	adj.	重要的	119	15	2008/2009/2010/2011/2012/2013/2014/2015/2016/2017/2018/2019/2020/2021/2022	important:119
192		part	pɑːt	n. adj. v.	部分；成分；角色；部件；零件 a. 局部的；部分的 v. 分离；分开；分割	117	14	2008/2010/2011/2012/2013/2014/2015/2016/2017/2018/2019/2020/2021/2022	part:87 parts:28 parted:2
193		lose		v.	失去, 丢失	116	14	2008/2009/2010/2011/2012/2013/2014/2015/2016/2017/2019/2020/2021/2022	lost:69 lose:33 losing:13 loses:1
194		being	ˈbiːɪŋ	n.	物；生物；人	115	15	2008/2009/2010/2011/2012/2013/2014/2015/2016/2017/2018/2019/2020/2021/2022	being:109 beings:6
195		eat		v.	吃	115	11	2010/2011/2012/2014/2015/2016/2017/2018/2019/2020/2022	eat:60 eating:35 eaten:10 eats:6
196		often	ˈɔf(ə)n; (US) ˈɔːfn	adv.	经常，常常	115	15	2008/2009/2010/2011/2012/2013/2014/2015/2016/2017/2018/2019/2020/2021/2022	often:115
197		room	rʊm	n.	房间,室;空间;地方	115	12	2010/2011/2012/2013/2014/2015/2016/2017/2018/2020/2021/2022	room:93 rooms:22
198		special	ˈspeʃ(ə)l	adj.	特别的，专门的	115	14	2008/2009/2010/2011/2012/2013/2014/2015/2016/2017/2018/2019/2020/2022	special:113 specials:2
199		according to	əˈkɔːdɪŋ tʊ	adv.	按照，根据	114	0		according to:114
200		information	ɪnfəˈmeɪʃ(ə)n	n.	信息	114	14	2008/2009/2010/2011/2012/2013/2014/2015/2016/2017/2018/2019/2020/2021	information:113 informations:1
201		art	ɑːt	n.	艺术，美术；技艺	112	13	2008/2010/2011/2012/2013/2014/2015/2016/2018/2019/2020/2021/2022	art:82 arts:30
202		live	lɪv	vi. adj.	生活;居住;活着 a. 活的,活着的;实况,现场（直播）的	112	14	2008/2010/2011/2012/2013/2014/2015/2016/2017/2018/2019/2020/2021/2022	live:81 lived:31
203		same	seɪm	n.	同样的事a同样的,同一	112	13	2009/2010/2011/2012/2013/2014/2015/2017/2018/2019/2020/2021/2022	same:112
204		garden	ˈɡɑːd(ə)n	n.	花园，果园，菜园	111	10	2010/2011/2012/2014/2015/2016/2017/2018/2019/2020	garden:72 gardens:39
205		include	ɪnˈkluːd	vt.	包含，包括	111	12	2008/2009/2011/2012/2013/2014/2015/2016/2017/2018/2020/2022	including:43 include:30 includes:23 included:15
206		lot	lɔt	n.	许多，好些	110	15	2008/2009/2010/2011/2012/2013/2014/2015/2016/2017/2018/2019/2020/2021/2022	lot:93 lots:17
207		seem	siːm	v.	似乎，好像	110	14	2008/2010/2011/2012/2013/2014/2015/2016/2017/2018/2019/2020/2021/2022	seem:49 seems:35 seemed:26
208		story	ˈstɔːrɪ	n.	故事，小说	110	13	2008/2010/2011/2012/2013/2014/2015/2016/2017/2018/2019/2020/2022	story:55 stories:55
209		such	sʌtʃ	adv. pron. adj.	那么 pron. （泛指）人，事物 a.这样的，那样的	110	14	2008/2009/2010/2011/2012/2013/2014/2015/2016/2017/2018/2019/2020/2022	such:110
210		business	ˈbɪznɪs	n.	（本分）工作，职业；职责；生意，交易；事业；businessman (pl. businessmen	109	12	2008/2010/2011/2012/2013/2014/2015/2016/2018/2019/2020/2021	business:91 businesses:18
211		science	ˈsaɪəns	n.	科学，自然科学	109	12	2008/2010/2011/2012/2013/2014/2016/2017/2018/2019/2020/2021	science:105 sciences:4
212		any	ˈenɪ	pron.	（无论）哪一个；哪些 任何的；（用于疑问句、否定句）一些；什么	108	14	2008/2010/2011/2012/2013/2014/2015/2016/2017/2018/2019/2020/2021/2022	any:108
213		away	əˈweɪ	adv.	离开；远离	108	13	2008/2010/2011/2012/2013/2014/2015/2016/2017/2018/2019/2020/2021	away:108
214		travel	ˈtræv(ə)l	n. vi.	旅行	108	12	2008/2010/2011/2012/2014/2015/2016/2017/2018/2020/2021/2022	travel:71 traveling:15 traveled:11 travelled:5
215		Chinese	tʃaɪˈniːz	adj. n.	中国的；中国人的；中国话的，汉语的 n.中国人；中国话，汉语，中文	107	12	2009/2010/2012/2013/2014/2015/2016/2017/2018/2019/2020/2022	chinese:107
216		early	ɜːlɪ	adj. adv.	早的 ad. 早地	107	13	2009/2010/2011/2012/2013/2014/2015/2016/2017/2018/2019/2021/2022	early:88 earlier:15 earliest:4
217		following	ˈfɔləʊwɪŋ	adj.	接着的；以下的	107	15	2008/2009/2010/2011/2012/2013/2014/2015/2016/2017/2018/2019/2020/2021/2022	following:107
218		remember	rɪˈmembə(r)	v.	记得，想起	107	15	2008/2009/2010/2011/2012/2013/2014/2015/2016/2017/2018/2019/2020/2021/2022	remember:84 remembered:17 remembering:5 remembers:1
219		however	haʊˈevə(r)	adv. conj.	可是 conj. 然而，可是，尽管如此	106	15	2008/2009/2010/2011/2012/2013/2014/2015/2016/2017/2018/2019/2020/2021/2022	however:106
220		begin		v.	开始, 着手	105	14	2008/2010/2011/2012/2013/2014/2015/2016/2017/2018/2019/2020/2021/2022	began:56 begin:30 begun:11 begins:8
221		between	bɪˈtwiːn	prep.	在（两者）之间；在…中间	105	15	2008/2009/2010/2011/2012/2013/2014/2015/2016/2017/2018/2019/2020/2021/2022	between:105
222		name	neɪm	n. vt.	名字,姓名,名称 vt. 命名,名叫	105	13	2009/2010/2011/2012/2013/2014/2015/2016/2017/2018/2019/2020/2022	name:52 names:29 named:23 naming:1
223		off	ˈɔf; (US) ɔːf	prep.	离开,脱离,（走）开	105	14	2008/2009/2010/2011/2013/2014/2015/2016/2017/2018/2019/2020/2021/2022	off:105
224		plan	plæn	n. v.	计划，打算	105	12	2010/2011/2013/2014/2015/2016/2017/2018/2019/2020/2021/2022	plan:43 planning:25 plans:15 planned:15
225		public	ˈpʌblɪk	adj. n.	公共,公众的 n. 公众	105	11	2011/2013/2014/2015/2016/2017/2018/2019/2020/2021/2022	public:105
226		American	əˈmerɪkən	adj. n.	美国的；美国人的n. 美国人	104	11	2008/2010/2011/2012/2014/2015/2016/2017/2019/2021/2022	american:74 americans:30
227		enjoy	ɪnˈdʒɔɪ	vt.	欣赏；享受乐趣；喜欢	104	13	2008/2009/2010/2011/2012/2013/2016/2017/2018/2019/2020/2021/2022	enjoy:71 enjoyed:24 enjoying:6 enjoys:3
228		might	maɪt	v. aux.	(may的过去式，助动词) 可能，也许，或许	104	12	2010/2011/2012/2013/2014/2015/2016/2017/2018/2019/2020/2022	might:104
229		man		n.	男人; 人类	103	15	2008/2009/2010/2011/2012/2013/2014/2015/2016/2017/2018/2019/2020/2021/2022	man:70 men:33
230		three	θriː	num.	三	103	13	2009/2010/2011/2012/2013/2014/2015/2016/2017/2018/2019/2020/2022	three:103
231		used	juːzd	adj.	用过的;旧的;二手的	103	14	2008/2009/2010/2011/2012/2013/2015/2016/2017/2018/2019/2020/2021/2022	used:103
232		age	eɪdʒ	n.	年龄；时代	102	11	2010/2011/2012/2014/2016/2017/2018/2019/2020/2021/2022	age:64 ages:22 aged:14 aging:2
233		country	ˈkʌntrɪ	n.	国家；农村，乡下	102	13	2008/2010/2011/2012/2013/2014/2015/2016/2017/2018/2019/2020/2022	country:59 countries:43
234		train	treɪn	n. v.	火车 v. 培训,训练	102	13	2009/2010/2011/2012/2013/2014/2015/2016/2017/2018/2019/2020/2022	train:67 trains:22 trained:13
235		walk	wɔːk	n. v.	步行；散步	102	14	2008/2010/2011/2012/2013/2014/2015/2016/2017/2018/2019/2020/2021/2022	walk:43 walking:42 walked:12 walks:3
236		always	ˈɔːlweɪz	adv.	总是；一直；永远	101	14	2008/2010/2011/2012/2013/2014/2015/2016/2017/2018/2019/2020/2021/2022	always:101
237		test	test	vt. n.	测试, 考查，试验	101	13	2010/2011/2012/2013/2014/2015/2016/2017/2018/2019/2020/2021/2022	test:55 tests:23 tested:18 testing:5
238		thought	θɔːt	n.	思考,思想;念头	101	14	2008/2009/2010/2011/2012/2013/2014/2015/2016/2017/2019/2020/2021/2022	thought:85 thoughts:16
239		idea	aɪˈdɪə	n.	主意,意见,打算,想法	100	14	2009/2010/2011/2012/2013/2014/2015/2016/2017/2018/2019/2020/2021/2022	idea:71 ideas:29
240		love	lʌv	n. vt.	爱；热爱;很喜欢	100	13	2008/2009/2010/2011/2013/2015/2016/2017/2018/2019/2020/2021/2022	love:67 loved:26 loves:7
241		next	nekst	adj. adv. n.	最近的，紧挨着的，隔壁的；下一次 ad. 随后，然后，下一步 n. 下一个人（东西	100	14	2008/2010/2011/2012/2013/2014/2015/2016/2017/2018/2019/2020/2021/2022	next:100
242		provide	prəˈvaɪd	vt.	提供	100	13	2008/2010/2011/2013/2014/2015/2016/2017/2018/2019/2020/2021/2022	provides:28 provide:28 provided:28 providing:16
243		hold		v.	拿; 抱; 握住; 举行; 进行	99	15	2008/2009/2010/2011/2012/2013/2014/2015/2016/2017/2018/2019/2020/2021/2022	held:46 hold:33 holding:14 holds:6
244		job	dʒɔb	n.	（一份）工作	98	13	2008/2010/2011/2013/2014/2015/2016/2017/2018/2019/2020/2021/2022	job:63 jobs:35
245		mother	ˈmʌðə(r)	n.	母亲	98	14	2008/2009/2010/2011/2012/2013/2014/2015/2016/2017/2018/2019/2020/2021	mother:86 mothers:12
246		reading	ʃɜːt	n.	阅读；朗读	98	10	2008/2010/2011/2012/2013/2014/2016/2018/2019/2020	reading:98
247		report	rɪˈpɔːt	n. v.	报道，报告	98	13	2010/2011/2012/2013/2014/2015/2016/2017/2018/2019/2020/2021/2022	report:52 reported:25 reports:21
248		animal	ˈænɪm(ə)l	n.	动物	97	14	2008/2009/2010/2011/2012/2014/2015/2016/2017/2018/2019/2020/2021/2022	animals:63 animal:34
249		mean			意思是; 打算	97	13	2010/2011/2012/2013/2014/2015/2016/2017/2018/2019/2020/2021/2022	mean:72 meant:25
250		music	ˈmjuːzɪk	n.	音乐，乐曲	97	11	2010/2011/2012/2013/2014/2015/2016/2017/2018/2021/2022	music:97
251		write	raɪt	v.	(wrote, written) v. 写，书写；写作，著述	97	13	2008/2009/2010/2011/2013/2014/2016/2017/2018/2019/2020/2021/2022	write:56 written:24 wrote:17
252		never	ˈnevə(r)	adv.	决不，从来没有	96	14	2008/2010/2011/2012/2013/2014/2015/2016/2017/2018/2019/2020/2021/2022	never:96
253		really	ˈrɪəlɪ	adv.	真正地；到底；确实	96	12	2010/2011/2012/2013/2014/2015/2016/2017/2018/2019/2020/2021	really:96
254		company	ˈkʌmpənɪ	n.	公司	95	12	2008/2010/2011/2013/2014/2015/2016/2017/2019/2020/2021/2022	company:56 companies:39
255		far	fɑː(r)	adj. adv.	(farther, farthest 或further , furthest) a.& ad. 远的；远地	95	12	2010/2011/2012/2013/2014/2015/2016/2017/2019/2020/2021/2022	far:63 further:24 farther:6 fares:2
256		probably	ˈprɔbəb(ə)lɪ	adv.	很可能，大概	95	13	2008/2010/2011/2012/2013/2014/2016/2017/2018/2019/2020/2021/2022	probably:95
257		drive			驾驶, 开（车）; 驱赶	94	11	2008/2010/2011/2012/2013/2014/2017/2018/2019/2020/2022	driving:37 drive:27 drove:16 driven:12
258		money	ˈmʌnɪ	n.	钱；货币	94	14	2008/2010/2011/2012/2013/2014/2015/2016/2017/2018/2019/2020/2021/2022	money:94
259		pay	peɪ	v. n.	(paid, paid) v. 付钱，给…报酬 n. 工资；P.E.(缩) =physical education	94	13	2008/2010/2011/2013/2014/2015/2016/2017/2018/2019/2020/2021/2022	pay:54 paid:19 paying:18 pays:3
260		during	ˈdjʊərɪŋ; (US) ˈdʊərɪŋ	prep.	在…期间；在…过程中	93	15	2008/2009/2010/2011/2012/2013/2014/2015/2016/2017/2018/2019/2020/2021/2022	during:93
261		share	ʃeə(r)	vt.	分享，共同使用	93	11	2012/2013/2014/2015/2016/2017/2018/2019/2020/2021/2022	share:42 sharing:24 shared:20 shares:7
262		enough	ɪˈnʌf	n. adj. adv.	足够；充足 a. 足够；充分的 ad. 足够地；充分地	92	14	2008/2010/2011/2012/2013/2014/2015/2016/2017/2018/2019/2020/2021/2022	enough:92
263		fall	fɔːl	n.	（美）秋季	91	14	2008/2010/2011/2012/2013/2014/2015/2016/2017/2018/2019/2020/2021/2022	fall:46 fell:17 falling:14 falls:8
264		university	juːnɪˈvɜːsɪtɪ	n.	大学	91	10	2010/2011/2013/2014/2015/2016/2017/2018/2020/2022	university:77 universities:14
265		fly	ˈfluːənt	n.	飞行；苍蝇；fly (flew, flown	90	10	2010/2011/2012/2013/2014/2015/2016/2017/2020/2022	flying:46 fly:26 flew:10 flies:8
266		right	raɪt	n. adj. adv.	权利 a.对,正确的 ad. 正确地,恰恰,完全地 a. 右,右边的	89	14	2008/2009/2010/2011/2013/2014/2015/2016/2017/2018/2019/2020/2021/2022	right:89
267		stay	steɪ	n. vi.	停留，逗留，呆	89	14	2008/2010/2011/2012/2013/2014/2015/2016/2017/2018/2019/2020/2021/2022	stay:57 staying:20 stayed:12
268		end	end	n. v.	末尾；终点；结束 v. 结束，终止	88	14	2009/2010/2011/2012/2013/2014/2015/2016/2017/2018/2019/2020/2021/2022	end:60 ended:15 ends:13
269		minute	ˈmɪnɪt	n.	分钟;一会儿，瞬间	88	12	2008/2010/2011/2012/2013/2014/2015/2016/2017/2018/2019/2021	minutes:78 minute:10
270		speak		v.	说, 讲; 谈话; 发言	88	13	2010/2011/2012/2013/2014/2015/2016/2017/2018/2019/2020/2021/2022	speaking:40 speak:37 spoke:7 speaks:4
271		easy	ˈiːzɪ	adj.	容易的，不费力的	87	13	2008/2010/2011/2012/2013/2015/2016/2017/2018/2019/2020/2021/2022	easy:75 easier:8 easiest:4
272		research	rɪˈsɜːtʃ	n.	研究，调查	87	12	2010/2011/2012/2013/2014/2015/2016/2017/2018/2019/2020/2022	research:72 researcher:13 researched:2
273		spend	spend	v.	花费（钱、时间）；度过	87	14	2008/2009/2010/2011/2013/2014/2015/2016/2017/2018/2019/2020/2021/2022	spend:46 spent:22 spending:15 spends:4
274		building	ˈbɪldɪŋ	n.	建筑物；房屋；大楼	86	14	2008/2009/2010/2011/2012/2014/2015/2016/2017/2018/2019/2020/2021/2022	building:58 buildings:28
275		drink	drɪŋk	n.	饮料；喝酒 ；drink(drank,drunk	86	14	2008/2010/2011/2012/2013/2014/2015/2016/2017/2018/2019/2020/2021/2022	drinks:49 drink:24 drinking:12 drank:1
276		left	left	adj. adv. n.	左边的 ad.向左 n.左,左边	86	13	2008/2010/2012/2013/2014/2015/2016/2017/2018/2019/2020/2021/2022	left:86
277		big	bɪɡ	adj.	大的	84	12	2008/2010/2011/2012/2013/2014/2015/2016/2018/2019/2020/2021	big:84
278		service	ˈsɜːvɪs	n.	服务	84	12	2008/2010/2011/2013/2014/2015/2016/2017/2018/2019/2020/2022	services:47 service:37
279		someone	ˈsʌmwʌn	pron.	某一个人	84	14	2008/2009/2010/2011/2012/2013/2014/2015/2017/2018/2019/2020/2021/2022	someone:84
280		stop	stɔp	n. v.	停；（停车）站 v. 停，停止，阻止	84	12	2008/2010/2011/2013/2014/2015/2016/2017/2018/2019/2020/2021	stop:56 stopped:20 stops:7 stopping:1
281		today	təʊst	adv. n.	今天;现在,当前	84	14	2008/2009/2010/2011/2012/2013/2014/2016/2017/2018/2019/2020/2021/2022	today:84
282		China	ˈtʃaɪnə	n.	* n. 中国	83	13	2009/2010/2012/2013/2014/2015/2016/2017/2018/2019/2020/2021/2022	china:83
283		develop	dɪˈveləp	v. vt.	（使）发展；（使）发达；（使）发育；开发 vt. 冲洗（照片	83	13	2008/2009/2010/2011/2013/2014/2015/2016/2017/2018/2019/2020/2021	develop:44 developed:19 developing:17 develops:3
284		living	ˈlɪvɪŋ	adj. n.	活着的 n. 生计	83	13	2008/2010/2011/2013/2014/2015/2016/2017/2018/2019/2020/2021/2022	living:83
285		meet		v.	遇见, 见到 会; 集会	83	13	2009/2010/2011/2012/2013/2015/2016/2017/2018/2019/2020/2021/2022	meet:46 met:33 meets:4
286		night	naɪt	n.	夜；夜间	83	12	2008/2010/2011/2013/2014/2015/2016/2017/2018/2019/2020/2022	night:77 nights:6
287		hand	hænd	n. v.	手；指针 v. 递；给；交付 交上；交进	82	14	2008/2009/2010/2012/2013/2014/2015/2016/2017/2018/2019/2020/2021/2022	hand:38 hands:32 handed:9 handing:3
288		hard	hɑːd	adv. adj.	努力地；使劲；猛烈地 a.硬的；困难的；艰难的	82	15	2008/2009/2010/2011/2012/2013/2014/2015/2016/2017/2018/2019/2020/2021/2022	hard:74 harder:6 harding:2
289		run		v.	跑, 奔跑;（颜色）褪色	82	12	2009/2010/2013/2014/2015/2016/2017/2018/2019/2020/2021/2022	run:48 runs:19 ran:15
290		sit		v.	坐	82	14	2008/2009/2010/2011/2013/2014/2015/2016/2017/2018/2019/2020/2021/2022	sat:30 sitting:21 sit:16 sites:10
291		skill	skiː	n.	技能，技巧	82	13	2008/2009/2010/2012/2013/2014/2015/2016/2017/2018/2019/2020/2022	skills:65 skill:17
292		soon	sʌn	adv.	不久,很快,一会儿	82	13	2008/2009/2010/2012/2013/2014/2015/2017/2018/2019/2020/2021/2022	soon:79 sooner:3
293		design	dɪˈzaɪn	n. vt.	设计，策划 图案，图样，样式	81	12	2010/2011/2012/2014/2015/2016/2017/2018/2019/2020/2021/2022	design:35 designed:19 designs:15 designing:6
294		program	ˈprəʊɡræm	n. v.	节目；计划；程序；编程（英式 programme）	81	12	2008/2010/2011/2012/2013/2014/2015/2017/2018/2019/2020/2022	program:56 programs:21 programmed:4
295		here	hɪə(r)	adv.	这里，在这里；向这里	80	15	2008/2009/2010/2011/2012/2013/2014/2015/2016/2017/2018/2019/2020/2021/2022	here:80
296		teacher	ˈtiːtʃə(r)	n.	教师，教员	80	14	2009/2010/2011/2012/2013/2014/2015/2016/2017/2018/2019/2020/2021/2022	teacher:47 teachers:33
297		wait	weɪt	vi.	等，等候	80	14	2008/2010/2011/2012/2013/2014/2015/2016/2017/2018/2019/2020/2021/2022	wait:32 waiting:32 waited:10 waits:6
298		yourself	jɔːˈself; (US) jʊərˈself	pron.	你自己	80	12	2008/2009/2011/2012/2014/2015/2016/2017/2018/2019/2020/2021	yourself:80
299		interest	ˈɪntrəst	n.	兴趣，趣味;利息	79	14	2008/2009/2010/2011/2012/2013/2014/2015/2016/2017/2018/2019/2021/2022	interest:42 interested:33 interests:4
300		museum	mjuːˈzɪəm	n.	博物馆，博物院	79	9	2010/2012/2013/2014/2015/2017/2018/2020/2022	museum:54 museums:25
301		culture	ˈkʌltʃə(r)	n.	文化	78	13	2008/2009/2010/2011/2012/2014/2015/2016/2017/2018/2019/2020/2022	culture:44 cultures:34
302		kind	kaɪnd	n. adj.	种;类 a. 善良,友好的	78	14	2008/2010/2011/2012/2013/2014/2015/2016/2017/2018/2019/2020/2021/2022	kind:61 kinds:17
303		offer	ˈɔfə(r); (US) ɔːfər	n. vt.	提供；建议	78	12	2010/2011/2012/2013/2014/2015/2016/2017/2018/2019/2020/2022	offer:36 offers:24 offering:10 offered:8
304		present	ˈprez(ə)nt	adj. n. vt.	出现的，出席的 n. 礼物，赠品 vt. 呈奉，奉送	78	13	2008/2010/2011/2012/2013/2014/2015/2016/2017/2018/2019/2020/2022	present:41 presents:17 presented:9 presenting:6
305		discover	dɪˈskʌvə(r)	vt.	发现	77	13	2008/2010/2011/2012/2014/2015/2016/2017/2018/2019/2020/2021/2022	discover:39 discovered:34 discovering:2 discovers:2
306		dog	dɔɡ; (US) dɔːɡ	n.	狗	77	6	2010/2016/2018/2019/2020/2022	dog:38 dogs:38 dogged:1
307		example	ɪɡˈzɑːmp(ə)l; (US) ɪɡˈzæmpl	n.	例子；榜样	77	13	2008/2009/2010/2011/2012/2013/2014/2015/2016/2017/2018/2019/2020	example:59 examples:18
308		guide	ɡaɪd	n.	向导，导游者	77	11	2010/2011/2012/2013/2014/2015/2017/2018/2019/2020/2022	guide:41 guided:19 guides:15 guiding:2
309		local	ˈləʊk(ə)l	adj.	当地的；地方的	77	10	2010/2014/2015/2016/2017/2018/2019/2020/2021/2022	local:68 locals:9
310		month	mʌnθ	n.	月，月份	77	13	2008/2009/2010/2011/2013/2014/2015/2016/2017/2018/2019/2020/2022	months:46 month:31
311		phone	fəʊn	n. v.	电话，电话机；打电话	77	11	2008/2009/2010/2011/2014/2016/2018/2019/2020/2021/2022	phone:63 phones:14
312		return	rɪˈtɜːn	v.	归还	77	15	2008/2009/2010/2011/2012/2013/2014/2015/2016/2017/2018/2019/2020/2021/2022	return:29 returned:26 returning:13 returns:9
313		together	təʊst	adv.	一起，共同	77	13	2008/2009/2010/2011/2012/2013/2015/2017/2018/2019/2020/2021/2022	together:77
314		area	ˈeərɪə	n.	面积；地域，地方，区域；范围，领域	76	13	2008/2009/2010/2011/2012/2014/2015/2016/2017/2019/2020/2021/2022	area:40 areas:36
315		girl	ɡɜːl	n.	女孩；give (gave, given	76	12	2009/2010/2011/2012/2014/2015/2016/2018/2019/2020/2021/2022	girls:43 girl:33
316		social	ˈsəʊʃ(ə)l	adj.	社会的；社交的	76	12	2008/2009/2012/2014/2015/2016/2017/2018/2019/2020/2021/2022	social:76
317		choose	tʃuːz	vt.	选择	75	12	2008/2010/2013/2014/2015/2016/2017/2018/2019/2020/2021/2022	choose:40 chose:14 chosen:8 choosing:8
318		form	fɔːm	n.	表格；形式；结构	75	15	2008/2009/2010/2011/2012/2013/2014/2015/2016/2017/2018/2019/2020/2021/2022	form:40 forms:19 formed:12 forming:4
319		sure	ʃʊə(r)	adj. adv.	确信，肯定 ad. (口语)的确，一定，当然	75	12	2008/2010/2011/2012/2013/2016/2017/2018/2019/2020/2021/2022	sure:75
320		team	tiːm	n.	队，组	75	10	2010/2014/2015/2016/2017/2018/2019/2020/2021/2022	team:69 teams:6
321		week	wiːk	n.	星期，周	75	11	2009/2011/2014/2015/2016/2017/2018/2019/2020/2021/2022	week:52 weeks:23
322		large	lɑːdʒ	adj.	大的；巨大的	74	13	2008/2009/2010/2011/2012/2013/2014/2015/2016/2017/2018/2019/2022	large:74
323		let	let	vt.	让	74	14	2008/2009/2010/2011/2013/2014/2015/2016/2017/2018/2019/2020/2021/2022	let:66 lets:5 letting:3
324		morning	ˈmɔːnɪŋ	n.	早晨，上午	74	10	2010/2012/2014/2015/2016/2017/2018/2020/2021/2022	morning:62 mornings:12
325		watch	wɔtʃ	vt. n.	观看，注视；当心，注意 n. 手表，表	74	15	2008/2009/2010/2011/2012/2013/2014/2015/2016/2017/2018/2019/2020/2021/2022	watch:45 watching:16 watched:10 watches:3
326		works	wɜːks	n.	著作，作品	74	14	2008/2010/2011/2012/2013/2014/2015/2016/2017/2018/2019/2020/2021/2022	works:74
327		baby	ˈbeɪbɪ	n.	婴儿	73	10	2008/2009/2010/2013/2015/2016/2017/2018/2021/2022	baby:42 babies:31
328		class	klɑːs; (US) klæs	n.	（学校的）班；年级；课	73	11	2009/2010/2012/2013/2015/2016/2017/2018/2019/2020/2021	class:58 classes:15
329		decide	dɪˈsaɪd	v.	决定；下决心	73	12	2010/2011/2012/2013/2014/2016/2017/2018/2019/2020/2021/2022	decided:43 decide:23 deciding:7
330		increase	ɪnˈkriːs	v. n.	增加，繁殖	73	11	2008/2010/2011/2012/2013/2014/2015/2017/2018/2019/2021	increase:32 increasing:15 increases:13 increased:13
331		later	ˈleɪtə(r)	adj.	晚些的，迟些的	73	14	2009/2010/2011/2012/2013/2014/2015/2016/2017/2018/2019/2020/2021/2022	later:73
332		likely	ˈlaɪklɪ	adj.	很可能的	73	13	2008/2010/2012/2013/2014/2015/2016/2017/2018/2019/2020/2021/2022	likely:73
333		title	ˈtɪʃuː	n.	标题，题目	73	15	2008/2009/2010/2011/2012/2013/2014/2015/2016/2017/2018/2019/2020/2021/2022	title:69 titled:4
334		wolf		n.	狼	73	2	2010/2017	wolves:56 wolf:17
335		must		modal v.	必须, 应当; 必定是	72	13	2008/2010/2011/2012/2013/2014/2015/2016/2017/2019/2020/2021/2022	must:72
336		result	rɪˈzʌlt	n.	结果，效果	72	14	2009/2010/2011/2012/2013/2014/2015/2016/2017/2018/2019/2020/2021/2022	result:37 results:33 resulted:2
337		save	seɪv	vt.	救，挽救，节省；say (said, said	72	13	2008/2010/2011/2013/2014/2015/2016/2017/2018/2019/2020/2021/2022	save:51 saved:12 saving:9
338		sell	sel	v.	卖，售	72	13	2008/2010/2011/2013/2014/2015/2016/2017/2018/2019/2020/2021/2022	sold:28 sell:19 selling:17 sells:8
339		able	ˈeɪb(ə)l	adj.	能够；有能力的	71	14	2008/2009/2010/2012/2013/2014/2015/2016/2017/2018/2019/2020/2021/2022	able:71
340		both	bəʊθ	adj. pron.	两；双 pron. 两者；双方	71	12	2008/2009/2010/2012/2013/2014/2016/2017/2018/2020/2021/2022	both:71
341		four	fɔː(r)	num.	四	71	14	2009/2010/2011/2012/2013/2014/2015/2016/2017/2018/2019/2020/2021/2022	four:71
342		history	ˈhɪstərɪ	n.	历史，历史学；hit (hit, hit	71	12	2008/2010/2011/2012/2015/2016/2017/2018/2019/2020/2021/2022	history:71
343		course	kɔːs	n.	过程；经过；课程	70	11	2008/2010/2011/2012/2013/2015/2016/2017/2018/2019/2022	course:51 courses:19
344		theatre	ˈθiətə	n.	剧场，戏院 【英】	70	5	2013/2016/2017/2019/2022	theatre:66 theatres:4
345		without	wɪˈðaʊt	prep.	没有	70	13	2008/2009/2010/2011/2013/2014/2015/2016/2017/2018/2019/2020/2021	without:70
346		close	kləʊz	adj. adv. vt.	亲密的；近，靠近 ad. 近，靠近 vt. 关，关闭	69	12	2008/2009/2010/2011/2014/2015/2016/2017/2018/2019/2020/2022	close:49 closed:10 closing:8 closes:2
347		difficult	ˈdɪfɪkəlt	adj.	难；艰难；不易相处	69	12	2008/2010/2011/2012/2013/2014/2016/2017/2018/2019/2020/2021	difficult:69
348		leave	liːv	v.	离开；把……留下；遗忘	69	13	2008/2010/2011/2012/2013/2014/2015/2016/2017/2018/2020/2021/2022	leave:53 leaving:16
349		silence	ˈsaɪləns	n.	安静，沉默	69	8	2009/2011/2012/2013/2016/2017/2018/2021	silence:67 silences:2
350		sleep	sliːp	n.	睡觉；sleep (slept, slept	69	8	2010/2011/2013/2016/2017/2018/2019/2020	sleep:50 sleeping:15 slept:2 sleeper:2
351		air	eə(r)	n.	空气；大气	68	9	2008/2010/2015/2016/2017/2019/2020/2021/2022	air:67 airs:1
352		arrive	əˈraɪv	vi.	到达；达到	68	13	2009/2010/2011/2012/2013/2014/2015/2016/2017/2018/2020/2021/2022	arrived:38 arrive:24 arriving:6
353		fun	fʌn	n.	有趣的事，娱乐，玩笑	68	11	2008/2011/2012/2013/2015/2016/2017/2018/2020/2021/2022	fun:60 fund:8
354		hope	həʊp	n. v.	希望	68	14	2008/2009/2010/2011/2012/2013/2014/2015/2016/2017/2019/2020/2021/2022	hope:32 hopes:16 hoped:13 hoping:7
355		real	riːl	adj.	真实的，确实的	68	13	2010/2011/2012/2013/2014/2015/2016/2017/2018/2019/2020/2021/2022	real:68
356		shop	ʃɔp	vi. n.	买东西 n. 商店,车间	68	12	2008/2010/2011/2012/2013/2015/2016/2018/2019/2020/2021/2022	shop:53 shops:15
357		body		n.	身体	67	11	2008/2009/2010/2011/2012/2015/2016/2017/2019/2020/2022	body:54 bodies:13
358		dream	driːm	n. v.	梦，梦想；做梦	67	11	2008/2010/2013/2014/2015/2016/2017/2018/2019/2020/2022	dream:33 dreams:30 dreaming:3 dreamed:1
359		event	ɪˈvent	n.	事件，大事	67	11	2010/2011/2012/2013/2016/2017/2018/2019/2020/2021/2022	events:42 event:25
360		expect	ɪkˈspekt	vt.	预料；盼望；认为	67	12	2008/2009/2010/2013/2014/2015/2016/2017/2018/2019/2020/2022	expected:34 expect:26 expecting:6 expects:1
361		gift	ɡɪft	n.	赠品；礼物	67	6	2013/2015/2017/2018/2019/2020	gift:46 gifts:21
362		half	hɑːf; (US) hæf	adj. n.	半，一半，半个	67	12	2010/2011/2012/2013/2014/2015/2017/2018/2019/2020/2021/2022	half:67
363		teach			教书, 教	67	12	2008/2010/2011/2012/2014/2015/2016/2017/2018/2019/2020/2022	teaching:26 teach:19 taught:18 teaches:4
364		technology	tekˈnɔlədʒɪ	n.	技术	67	11	2010/2012/2013/2014/2015/2016/2017/2018/2019/2020/2022	technology:57 technologies:10
365		until	ʌnˈtɪl	prep. conj.	直到…为止	67	13	2008/2009/2010/2011/2012/2013/2014/2015/2016/2017/2018/2020/2021	until:67
366		ago	əˈɡəʊ	adv.	以前	66	13	2008/2009/2010/2011/2013/2014/2015/2016/2017/2018/2019/2020/2021	ago:66
367		bird	bɜːd	n.	鸟	66	6	2010/2011/2012/2014/2021/2022	birds:44 bird:22
368		build		v.	建筑; 造	66	13	2008/2009/2010/2011/2013/2014/2015/2016/2017/2019/2020/2021/2022	built:31 build:29 builds:6
369		chance	tʃɑːns; (US) tʃæns	n.	机会，可能性	66	11	2008/2010/2012/2013/2014/2015/2016/2018/2019/2020/2022	chance:58 chances:8
370		dance	dɑːns; (US) dæns	n. vi.	跳舞	66	6	2010/2011/2013/2017/2018/2022	dance:50 dancing:12 danced:2 dances:2
371		encourage	ɪnˈkʌrɪdʒ	vt.	鼓励	66	14	2008/2010/2011/2012/2013/2014/2015/2016/2017/2018/2019/2020/2021/2022	encourage:43 encouraged:10 encouraging:8 encourages:5
372		everyone	ˈevrɪwʌn	pron.	每人，人人	66	13	2008/2010/2011/2012/2013/2014/2015/2016/2017/2018/2019/2020/2021	everyone:66
373		experiment	ɪkˈsperɪmənt	n.	实验	66	12	2009/2010/2012/2013/2014/2015/2016/2017/2018/2019/2020/2022	experiment:49 experiments:10 experimenting:6 experimented:1
374		explain	ɪksˈpleɪn	vt.	解释，说明	66	13	2009/2010/2011/2012/2013/2015/2016/2017/2018/2019/2020/2021/2022	explains:27 explain:26 explained:11 explaining:2
375		face	feɪs	n. vt.	脸 vt. 面向；面对	66	12	2010/2011/2012/2013/2014/2016/2017/2018/2019/2020/2021/2022	face:44 faced:9 facing:7 faces:6
376		head	hed	n. adj. v.	头；头脑(像)；才智；首脑；源头；标题 a. 头部的；主要的；首席的 v. 率领；加标题；用头顶；出发；(船等)驶向	66	12	2010/2011/2012/2013/2014/2015/2016/2017/2018/2019/2021/2022	head:43 heading:10 headed:8 heads:5
377		office	ˈɔfɪs; (US) ˈɔːfɪs	n.	办公室	66	10	2008/2010/2011/2013/2016/2017/2018/2019/2020/2021	office:56 offices:10
378		party	ˈpɑːtɪ	n.	聚会，晚会；党派	66	9	2009/2011/2012/2014/2016/2017/2018/2020/2021	party:47 parties:19
379		pet	pet	n.	宠物，爱畜	66	6	2010/2012/2014/2016/2017/2019	pets:26 pet:25 peter:15
380		purpose	ˈpɜːpəs	n.	目的，意图	66	12	2008/2009/2010/2011/2012/2013/2016/2017/2018/2019/2020/2022	purpose:61 purposes:5
381		require	rɪˈkwaɪə(r)	vt.	需求；要求	66	11	2010/2013/2014/2015/2016/2017/2018/2019/2020/2021/2022	requires:26 required:22 require:16 requiring:2
382		street	striːt	n.	街，街道	66	12	2008/2009/2010/2011/2013/2014/2015/2016/2018/2019/2020/2021	street:46 streets:20
383		again	əˈɡeɪn	adv.	再一次；再，又	65	11	2009/2010/2011/2013/2014/2015/2016/2018/2019/2020/2021	again:65
384		happen	ˈhæpən	vi.	（偶然）发生	65	12	2009/2010/2011/2012/2013/2015/2016/2017/2018/2019/2020/2022	happened:30 happen:23 happens:7 happening:5
385		pass	pɑːs; (US) pæs	vt.	传，递；经过；通过	65	11	2008/2010/2011/2012/2013/2014/2015/2016/2017/2018/2020	passed:32 passing:12 pass:12 passes:9
386		stand	stænd	n.	站；立；停止；立场；地位；台；坛；摊；stand (stood, stood	65	13	2008/2010/2011/2012/2014/2015/2016/2017/2018/2019/2020/2021/2022	stand:34 standing:14 stood:11 stands:6
387		artist	ˈɑːtɪst	n.	艺术家	64	11	2010/2011/2012/2013/2014/2015/2017/2019/2020/2021/2022	artists:32 artist:32
388		believe	bɪˈliːv	v.	相信，认为	64	11	2008/2010/2011/2012/2013/2014/2016/2018/2019/2020/2022	believe:43 believed:21
389		create	kriːˈeɪt	vt.	创造； 造成	64	10	2010/2011/2012/2014/2015/2016/2017/2018/2019/2020	create:32 creating:13 created:13 creates:6
390		hear		v.	听见; 听说, 得知	64	14	2008/2009/2010/2011/2013/2014/2015/2016/2017/2018/2019/2020/2021/2022	heard:41 hear:21 hears:2
391		question	ˈkwestʃ(ə)n	vt. n.	询问 n. 问题	64	11	2010/2011/2013/2014/2015/2017/2018/2019/2020/2021/2022	question:31 questions:31 questioned:2
392		sometimes	ˈsʌmtaɪmz	adv.	有时	64	12	2008/2009/2010/2011/2012/2013/2015/2016/2017/2018/2019/2020	sometimes:64
393		sound	saʊnd	vi. n.	听起来,发出声音n.声音	64	12	2009/2010/2011/2012/2013/2014/2015/2016/2017/2019/2020/2022	sound:32 sounds:30 sounded:2
394		improve	ɪmˈpruːv	vt.	改进，更新	63	13	2008/2010/2011/2013/2014/2015/2016/2017/2018/2019/2020/2021/2022	improve:32 improved:15 improves:9 improving:7
395		lie				63	11	2009/2010/2011/2012/2013/2014/2015/2017/2018/2019/2020	lying:18 lie:18 lies:15 lied:10
396		care	keə(r)	n. v.	照料，保护；小心v. 介意……，在乎；关心	62	14	2008/2009/2010/2011/2012/2013/2014/2015/2016/2017/2019/2020/2021/2022	care:55 career:7
397		fast	fɑːst; (US) fæst	adj. adv.	快的，迅速的；紧密的 ad. 快地，迅速地；紧密地	62	11	2010/2011/2012/2013/2015/2016/2017/2018/2019/2020/2022	fast:31 faster:24 fastest:5 fasting:1
398		rule	ruːl	n. vt.	规则,规定 vt.统治,支配	62	11	2012/2013/2014/2015/2016/2017/2018/2019/2020/2021/2022	rules:38 rule:22 ruled:2
399		safe	seɪf	adj. n.	安全的 n. 保险柜	62	10	2008/2011/2013/2014/2016/2017/2019/2020/2021/2022	safe:57 saves:5
400		sense	sens	n.	感觉，意识	62	11	2010/2011/2013/2014/2016/2017/2018/2019/2020/2021/2022	sense:44 senses:15 sensed:3
401		table	ˈteɪb(ə)l	n.	桌子，表格	62	11	2010/2011/2012/2015/2016/2017/2018/2019/2020/2021/2022	table:38 tables:24
402		climb	klaɪm	v.	爬，攀登	61	8	2008/2010/2011/2014/2016/2018/2019/2022	climb:33 climbing:21 climbed:6 climber:1
403		education	edjʊˈkeɪʃ(ə)n	n.	教育，培养	61	12	2008/2010/2011/2013/2014/2015/2016/2017/2018/2019/2020/2022	education:61
404		effort	ˈefət	n.	努力，艰难的尝试	61	10	2009/2010/2012/2014/2016/2017/2018/2019/2020/2022	effort:33 efforts:28
405		human	ˈhjuːmən	adj.	人的，人类的	61	13	2008/2009/2010/2011/2012/2014/2015/2016/2017/2018/2019/2020/2022	human:39 humans:22
406		Mr				61	8	2008/2010/2011/2013/2014/2016/2017/2018	mr:61
407		realize	ˈriːəlaɪz	v.	认识到；了解；实现（英式 realise）	61	12	2008/2009/2010/2011/2012/2013/2015/2016/2017/2018/2020/2022	realize:33 realized:25 realizing:3
408		warm	wɔːm	adj.	暖和的,温暖的;热情的	61	12	2008/2009/2010/2011/2014/2015/2016/2017/2018/2019/2020/2021	warm:42 warming:13 warms:3 warmed:2
409		win		v.	获胜, 赢 赢得	61	13	2010/2011/2012/2013/2014/2015/2016/2017/2018/2019/2020/2021/2022	won:41 win:14 winning:6
410		continue	kənˈtɪnjuː	vi.	继续	60	12	2008/2009/2010/2011/2012/2013/2014/2016/2017/2018/2021/2022	continue:39 continues:9 continued:7 continuing:5
411		cost	kɒst	v. n.	值（多少钱）；花费 n. 费用；代价	60	12	2008/2010/2011/2013/2014/2015/2016/2017/2018/2019/2020/2022	cost:44 costs:16
412		million	ˈmɪlɪən	num. n.	百万 n. 百万个（人或物	60	11	2010/2011/2013/2014/2015/2016/2017/2018/2020/2021/2022	million:39 millions:21
413		national	ˈnæʃən(ə)l	adj.	国家的,全国性的，民族的	60	12	2008/2011/2013/2014/2015/2016/2017/2018/2019/2020/2021/2022	national:60
414		once	wʌns	n. adv. conj.	一次,一度,从前 conj. 一旦	60	14	2009/2010/2011/2012/2013/2014/2015/2016/2017/2018/2019/2020/2021/2022	once:60
415		plastic	ˈplæstɪk	adj.	塑料的	60	6	2016/2017/2018/2019/2021/2022	plastic:56 plastics:4
416		reason	ˈriːz(ə)n	vi. n.	评理,劝说n.理由,原因	60	12	2009/2010/2011/2012/2013/2014/2015/2016/2017/2018/2019/2020	reason:42 reasons:18
417		record	ˈrekɔːd; (US) ˈrekərd	n.	记录；唱片	60	9	2010/2011/2013/2014/2015/2016/2017/2019/2020	record:27 records:13 recorded:12 recording:8
418		state	steɪt	n.	状态； 情形；国家，（美国的）州	60	11	2010/2011/2012/2013/2014/2015/2016/2017/2018/2020/2021	state:33 states:22 stated:5
419		visitor	ˈvɪzɪtə(r)	n.	访问者，参观者	60	11	2008/2010/2011/2012/2014/2015/2016/2018/2019/2020/2021	visitors:45 visitor:15
420		box	bɔks	n.	盒子，箱子	59	7	2008/2010/2011/2016/2018/2020/2022	box:41 boxes:18
421		catch	kætʃ	vt.	接住；抓住；赶上；染上（疾病）	59	13	2008/2010/2011/2012/2013/2014/2015/2016/2017/2019/2020/2021/2022	caught:29 catch:22 catcher:4 catching:3
422		color	ˈkʌlə(r)	n. v.	颜色；给……着色（英式 colour）	59	7	2010/2012/2015/2016/2017/2018/2021	color:46 colors:11 colored:2
423		instead	ɪnˈsted	adv.	代替，顶替	59	11	2008/2010/2013/2014/2015/2016/2017/2018/2019/2020/2022	instead:59
424		low	ləʊ	adj. adv.	低；矮	59	13	2008/2010/2011/2012/2013/2014/2015/2017/2018/2019/2020/2021/2022	low:30 lower:24 lowest:5
425		popular	ˈpɔpjʊlə(r)	adj.	流行,大众,受欢迎的	59	12	2010/2011/2012/2013/2014/2015/2016/2017/2018/2019/2020/2021	popular:59
426		underline	ʌndəˈlaɪn	v.	在…下划线；understand (understood, understood	59	13	2008/2009/2010/2013/2014/2015/2016/2017/2018/2019/2020/2021/2022	underlined:59
427		allow	əˈlaʊ	vt.	允许，准许	58	11	2008/2011/2013/2014/2015/2016/2017/2018/2019/2020/2021	allowed:25 allow:20 allows:9 allowing:4
428		communication	kəmjuːnɪˈkeɪʃ(ə)n	n.	交际,交往;通讯	58	12	2009/2010/2012/2013/2015/2016/2017/2018/2019/2020/2021/2022	communication:51 communications:7
429		fact	fækt	n.	事实，现实	58	15	2008/2009/2010/2011/2012/2013/2014/2015/2016/2017/2018/2019/2020/2021/2022	fact:46 facts:12
430		five	faɪv	num.	五	58	11	2010/2011/2013/2014/2015/2016/2017/2018/2019/2020/2022	five:58
431		mind	maɪnd	n. v.	思想,想法 v.介意,关心	58	13	2008/2009/2010/2011/2012/2013/2014/2015/2016/2017/2019/2020/2022	mind:44 minds:14
432		news	njuːz; (US) nuːz	n.	新闻，消息	58	9	2008/2012/2015/2016/2017/2018/2020/2021/2022	news:58
433		percent	pəˈsent	n.	百分之……	58	8	2013/2014/2015/2016/2018/2019/2020/2021	percent:58
434		scientist	ˈsaɪəntɪst	n.	科学家	58	7	2011/2012/2014/2016/2017/2019/2020	scientists:46 scientist:12
435		am	æm	v.	be的人称形式之一 ；ａ.m./A.M.	57	10	2008/2010/2011/2013/2014/2015/2016/2018/2019/2020	am:57
436		collect	kəˈlekt	vt.	收集，搜集	57	11	2008/2009/2010/2014/2016/2017/2018/2019/2020/2021/2022	collected:25 collect:18 collecting:9 collects:5
437		data	ˈdeɪtə	n.	资料，数据	57	9	2012/2013/2016/2017/2018/2019/2020/2021/2022	data:57
438		deal	diːl	n.	量，数额；交易	57	13	2008/2010/2011/2012/2013/2014/2015/2016/2017/2018/2020/2021/2022	deal:35 dealing:11 deals:7 dealt:4
439		film	fɪlm	n. vt.	电影；影片；胶卷vt. 拍摄，把……拍成电影	57	9	2011/2012/2013/2014/2016/2017/2018/2020/2022	film:39 films:10 filmed:8
440		hall	hɔːl	n.	大厅,会堂,礼堂;过道	57	9	2010/2011/2013/2016/2018/2019/2020/2021/2022	hall:54 halls:3
441		hotel	həʊˈtel	n.	旅馆，饭店，宾馆	57	6	2010/2011/2014/2015/2016/2021	hotel:42 hotels:15
442		letter	ˈletə(r)	n.	信；字母	57	10	2008/2010/2011/2013/2014/2016/2019/2020/2021/2022	letter:36 letters:21
443		light	laɪt	n. vt. adj.	光，光亮；灯，灯光 vt. 点（火），点燃 a. 明亮的；轻的；浅色的	57	12	2008/2011/2012/2013/2014/2015/2016/2017/2018/2019/2020/2021	lights:27 light:26 lighting:4
444		natural	ˈnætʃər(ə)l	adj.	自然的	57	12	2009/2010/2012/2014/2015/2016/2017/2018/2019/2020/2021/2022	natural:57
445		population	pɔpjʊˈleɪʃ(ə)n	n.	人口，人数	57	10	2010/2011/2014/2016/2017/2018/2019/2020/2021/2022	population:48 populations:9
446		power	ˈpaʊdə(r)	n.	力，动力，电力	57	11	2010/2011/2013/2014/2015/2016/2017/2018/2019/2020/2022	power:51 powers:4 powered:2
447		reach	riːtʃ	v.	到达，伸手(脚)够到	57	13	2008/2010/2011/2012/2013/2014/2016/2017/2018/2019/2020/2021/2022	reached:24 reach:21 reaches:9 reaching:3
448		step	step	n. vi.	脚步,台阶,梯级 vi.走,跨步	57	12	2008/2010/2012/2013/2015/2016/2017/2018/2019/2020/2021/2022	step:30 steps:17 stepping:7 stepped:3
449		winter	ˈwɪntə(r)	n.	冬天，冬季	57	10	2008/2009/2010/2013/2015/2018/2019/2020/2021/2022	winter:56 winters:1
450		appear	əˈpɪə(r)	vi.	出现	56	10	2008/2011/2013/2015/2016/2017/2018/2019/2020/2021	appear:25 appeared:16 appears:14 appearing:1
451		boy	bɔɪ	n.	男孩	56	10	2009/2010/2011/2012/2013/2014/2016/2018/2020/2021	boy:38 boys:18
452		exercise	ˈeksəsaɪz	n. vi.	锻炼，做操；练习，习题 vi. 锻炼	56	9	2008/2010/2011/2016/2017/2018/2019/2020/2022	exercise:45 exercises:5 exercising:3 exercised:3
453		goal	ɡəʊl	n.	（足球）球门，目标	56	7	2013/2015/2016/2017/2019/2020/2021	goal:38 goals:18
454		join	dʒɔɪn	v.	参加,加入;连接;会合	56	10	2010/2011/2013/2014/2015/2016/2017/2018/2020/2021	join:35 joined:16 joining:4 joins:1
455		order	ˈɔːdə(r)	n.	顺序	56	10	2009/2010/2011/2013/2015/2016/2017/2018/2020/2022	order:43 ordered:6 ordering:4 orders:3
456		summer	ˈsʌmə(r)	n.	夏天，夏季	56	7	2009/2013/2016/2017/2018/2019/2020	summer:56
457		though	ðəʊ	conj.	虽然，可是	56	13	2008/2009/2010/2011/2012/2013/2015/2016/2017/2019/2020/2021/2022	though:56
458		already	ɔːlˈredɪ	adv.	已经	55	14	2009/2010/2011/2012/2013/2014/2015/2016/2017/2018/2019/2020/2021/2022	already:55
459		attention	əˈtenʃ(ə)n	n.	注意，关心	55	12	2008/2010/2011/2012/2013/2014/2015/2018/2019/2020/2021/2022	attention:55
460		bad		adj.	坏的; 有害的, 不利的; 严重的	55	10	2010/2011/2013/2015/2016/2017/2018/2019/2020/2022	bad:55
461		famous	ˈfeɪməs	adj.	著名的	55	11	2008/2010/2011/2012/2013/2015/2016/2017/2018/2019/2020	famous:55
462		feeling	ˈfiːlɪŋ	n.	感情；感觉	55	13	2008/2009/2010/2011/2012/2014/2015/2016/2017/2018/2019/2020/2021	feeling:37 feelings:18
463		free	friː	adj.	自由，空闲的；免费的	55	11	2008/2009/2011/2013/2014/2015/2016/2017/2018/2019/2022	free:51 freed:2 frees:1 freeing:1
464		introduce	ɪntrəˈdjuːs; (US) -duːs	vt.	介绍	55	13	2008/2009/2010/2011/2013/2015/2016/2017/2018/2019/2020/2021/2022	introduced:24 introduce:23 introducing:5 introduces:3
465		park	ˈpærɪs	n.	公园	55	10	2010/2011/2013/2016/2017/2018/2019/2020/2021/2022	park:34 parks:19 parker:2
466		door	dɔː(r)	n.	门	54	10	2008/2011/2013/2014/2016/2017/2019/2020/2021/2022	door:43 doors:11
467		health	helθ	n.	健康，卫生	54	14	2008/2010/2011/2012/2013/2014/2015/2016/2017/2018/2019/2020/2021/2022	health:54
468		level	ˈlev(ə)l	n.	水平线，水平	54	9	2010/2011/2013/2014/2015/2018/2020/2021/2022	level:32 levels:22
469		London	ˈlʌnd(ə)n	n.	伦敦	54	10	2010/2011/2012/2015/2016/2017/2018/2020/2021/2022	london:54
470		rest	rest	n. vi.	休息；剩余的部分，其余的人（物） vi. 休息，歇息	54	14	2008/2010/2011/2012/2013/2014/2015/2016/2017/2018/2019/2020/2021/2022	rest:47 resting:3 rests:2 rested:2
471		surprise	səˈpraɪz	vt. n.	使惊奇,使诧异 n. 惊奇,诧异	54	11	2008/2010/2012/2013/2014/2015/2018/2019/2020/2021/2022	surprised:28 surprise:18 surprising:8
472		trip	trɪp	n.	旅行，旅程	54	10	2010/2013/2015/2016/2017/2018/2019/2020/2021/2022	trip:47 trips:7
473		under	ˈʌndə(r)	adv. prep.	在…下面，向…下面	54	12	2008/2009/2010/2014/2015/2016/2017/2018/2019/2020/2021/2022	under:54
474		among	əˈmʌŋ	prep.	在…中间；在（三个以上）之间	53	11	2010/2011/2013/2014/2015/2016/2017/2018/2019/2020/2021	among:53
475		century	ˈsentʃərɪ	n.	世纪，百年	53	9	2010/2011/2013/2014/2015/2017/2019/2020/2021	century:36 centuries:17
476		cold	kəʊld	adj. n.	冷的，寒的 n. 寒冷；感冒，伤风	53	12	2008/2010/2011/2012/2013/2014/2015/2016/2019/2020/2021/2022	cold:53
477		describe	dɪˈskraɪb	vt.	描写，叙述	53	13	2008/2009/2010/2011/2012/2013/2014/2015/2016/2018/2019/2020/2021	describes:19 described:19 describe:10 describing:5
478		means	miːnz	n.	方法，手段；财产	53	13	2008/2009/2010/2011/2012/2013/2014/2016/2018/2019/2020/2021/2022	means:53
479		message	ˈmesɪdʒ	n.	消息，音信	53	11	2008/2011/2012/2013/2015/2016/2017/2018/2020/2021/2022	message:35 messages:16 messaging:2
480		model	ˈmɔd(ə)l	n.	模型,原形,范例,模范	53	9	2011/2012/2014/2015/2016/2017/2018/2019/2020	model:28 models:24 modeling:1
481		paper	ˈpeɪpə(r)	n.	纸；报纸	53	8	2010/2013/2014/2015/2016/2018/2019/2021	paper:27 papers:26
482		produce	prəˈdjuːs; (US) -ˈduːs	vt.	生产；制造	53	11	2008/2010/2011/2013/2014/2015/2016/2017/2019/2020/2022	produce:25 producing:13 produced:12 produces:3
483		professor	prəˈfesə(r)	n.	教授	53	8	2010/2011/2014/2015/2017/2018/2019/2020	professor:43 professors:10
484		theater	ˈθɪətə(r)	n.	剧院；戏院；戏剧（英式 theatre）	53	3	2008/2016/2017	theater:51 theaters:2
485		type	ˈtaɪp	vt.	打字	53	11	2008/2010/2012/2013/2014/2015/2016/2017/2018/2019/2021	type:20 types:20 typing:10 typed:3
486		carry	ˈkærɪ	vt.	拿，搬，带，提，抬，背，抱，运等	52	15	2008/2009/2010/2011/2012/2013/2014/2015/2016/2017/2018/2019/2020/2021/2022	carry:28 carried:16 carries:4 carrying:4
487		common	ˈkɔmən	adj.	普通，一般；共有的	52	10	2010/2013/2014/2015/2016/2017/2018/2019/2020/2021	common:51 commons:1
488		exhibition	eksɪˈbɪʃ(ə)n	n.	展览；展览会	52	8	2008/2010/2013/2014/2015/2019/2020/2022	exhibition:44 exhibitions:8
489		patient	ˈpeɪʃ(ə)nt	n.	病人	52	8	2010/2012/2013/2016/2018/2019/2020/2021	patient:27 patients:25
490		prepare	prɪˈpeə(r)	vt.	准备,预备,调制,配制	52	11	2010/2011/2012/2014/2015/2016/2017/2018/2019/2020/2021	prepared:20 prepare:18 preparing:12 prepares:2
491		suggest	səˈdʒest; (US) səɡˈdʒest	vt.	建议，提议	52	12	2008/2010/2011/2012/2013/2015/2016/2017/2018/2020/2021/2022	suggest:26 suggested:14 suggests:8 suggesting:4
492		support	səˈpɔːt	vt. n.	支持，赞助	52	13	2008/2010/2011/2012/2013/2014/2015/2016/2017/2018/2019/2020/2022	support:42 supported:7 supports:2 supporter:1
493		act	ækt	n. v.	法令，条例 v. （戏）表演，扮演（角色），演出（戏）；行动，做事	51	12	2008/2009/2011/2012/2013/2014/2016/2017/2018/2019/2020/2021	act:31 acting:12 acted:5 acts:3
494		activity	ækˈtɪvɪtɪ	n.	活动	51	9	2012/2013/2014/2016/2017/2018/2020/2021/2022	activities:30 activity:21
495		adult	ˈædʌlt	n.	成年人	51	9	2009/2010/2012/2014/2016/2017/2018/2020/2022	adult:27 adults:24
496		cook	kʊk	n. v.	炊事员,厨师 v.烹调,做饭	51	7	2009/2013/2014/2016/2017/2018/2020	cooking:26 cook:21 cooked:4
497		effect	ɪˈfekt	n.	效果；作用	51	10	2010/2012/2013/2015/2016/2017/2018/2019/2020/2021	effect:33 effects:18
498		future	ˈfjuːtʃə(r)	n.	将来	51	13	2008/2009/2010/2012/2014/2015/2016/2017/2018/2019/2020/2021/2022	future:51
499		game	ɡeɪm	n.	游戏；运动；比赛	51	10	2010/2012/2013/2014/2015/2016/2018/2020/2021/2022	games:28 game:23
500		market	ˈmɑːkɪt	n.	市场，集市	51	10	2010/2011/2013/2014/2015/2017/2018/2019/2020/2022	market:39 markets:8 marketing:4
501		miss	mɪs	vt.	失去，错过，缺；Miss.	51	14	2008/2009/2010/2011/2013/2014/2015/2016/2017/2018/2019/2020/2021/2022	miss:25 missed:15 missing:9 misses:2
502		near	nɪə(r)	adj. adv. prep.	近的 ad. 附近，邻近 prep. 在……附近，靠近	51	13	2008/2009/2010/2011/2012/2013/2014/2016/2017/2018/2019/2020/2021	near:40 nearest:11
503		picture	ˈpɪktʃə(r)	n.	图片，画片，照片	51	13	2008/2011/2012/2013/2014/2015/2016/2017/2018/2019/2020/2021/2022	pictures:27 picture:23 pictured:1
504		relationship	rɪˈleɪʃənʃɪp	n.	关系	51	11	2009/2010/2011/2014/2015/2016/2017/2018/2019/2020/2021	relationship:35 relationships:16
505		road	rəʊd	n.	路，道路	51	8	2009/2010/2011/2015/2016/2017/2019/2022	road:46 roads:5
506		tree	triː	n.	树	51	9	2010/2012/2014/2015/2016/2017/2018/2019/2020	trees:39 tree:12
507		along	əˈlɔŋ; (US) əˈlɔŋ	adv. prep.	向前；和…一起；一同 prep. 沿着；顺着	50	11	2010/2011/2012/2013/2014/2015/2016/2017/2019/2020/2022	along:50
508		break	breɪk	n.	间隙；break (broke, bro ken	50	13	2009/2010/2011/2012/2013/2014/2015/2016/2017/2019/2020/2021/2022	break:28 broke:9 breaking:7 breaks:6
509		clothes	klɔðz; (US) kləʊz	n.	衣服；各种衣物	50	12	2009/2010/2011/2012/2013/2015/2016/2017/2019/2020/2021/2022	clothes:50
510		conversation	kɔnvəˈseɪʃ(ə)n	n.	谈话，交谈	50	10	2009/2010/2012/2013/2014/2016/2017/2018/2020/2021	conversation:33 conversations:17
511		excite	ɪkˈsaɪt	vt.	使兴奋，使激动	50	14	2009/2010/2011/2012/2013/2014/2015/2016/2017/2018/2019/2020/2021/2022	exciting:26 excited:20 excite:3 excites:1
512		lead		v.	领导, 带领 铅	50	12	2010/2011/2012/2013/2014/2015/2016/2017/2018/2019/2020/2022	led:21 lead:18 leads:11
513		meal	miːl	n.	一餐（饭） ；mean(meant,meant	50	13	2008/2010/2011/2013/2014/2015/2016/2017/2018/2019/2020/2021/2022	meal:27 meals:23
514		mountain	ˈmaʊntɪn(z)	n.	山，山脉	50	9	2008/2010/2014/2015/2016/2018/2019/2020/2022	mountain:25 mountains:25
515		piece	paɪ	n.	一块（片，张，件…	50	13	2008/2010/2011/2012/2013/2014/2015/2016/2017/2018/2019/2020/2021	pieces:28 piece:22
516		point	pɔɪnt	v. n.	指，指向 n. 点；分数	50	13	2008/2009/2011/2013/2014/2015/2016/2017/2018/2019/2020/2021/2022	point:33 points:13 pointed:4
517		send	send	vt.	送，寄；派遣	50	14	2008/2009/2010/2011/2012/2013/2014/2015/2016/2017/2019/2020/2021/2022	sent:18 send:16 sending:10 sends:6
518		ski	skiː	n. vi.	滑雪板；滑雪	50	4	2010/2012/2015/2019	ski:38 skiing:6 skies:4 skied:2
519		touch	tʌtʃ	vt.	触摸，接触	50	11	2008/2010/2011/2012/2013/2015/2017/2018/2019/2020/2022	touch:35 touched:8 touching:7
520		true	truː	adj.	真的，真实的；忠诚的	50	14	2008/2009/2010/2011/2012/2014/2015/2016/2017/2018/2019/2020/2021/2022	true:50
521		whether	ˈweðə(r); (US) ˈhweðər	conj.	是否	50	11	2010/2011/2013/2014/2015/2016/2017/2018/2019/2020/2022	whether:50
522		across	əˈkrɔs	prep.	横过，穿过	49	12	2008/2010/2011/2012/2013/2014/2016/2017/2018/2019/2021/2022	across:49
523		cent	sent	n.	美分（100 cents = 1 dollar	49	7	2011/2014/2015/2017/2018/2019/2021	center:45 cents:4
524		control	kənˈtrol	vt. n.	控制	49	10	2008/2012/2013/2014/2016/2017/2018/2019/2020/2021	control:38 controlling:4 controlled:4 controls:3
525		doctor	ˈdɔktə(r)	n.	医生，大夫；博士	49	9	2010/2011/2013/2016/2017/2018/2019/2021/2022	doctor:37 doctors:12
526		energy	ˈenədʒɪ	n.	y；精力，能量	49	6	2008/2009/2011/2014/2018/2020	energy:49
527		explore	ɪkˈsplɔː(r)	v.	探险	49	8	2014/2015/2017/2018/2019/2020/2021/2022	explore:29 exploring:13 explored:6 explores:1
528		fish	fɪʃ	n. vi.	鱼；鱼肉 vi. 钓鱼；捕鱼	49	6	2010/2014/2016/2017/2018/2020	fish:43 fishing:5 fishes:1
529		foot		n.	脚; 底部; 英尺	49	14	2008/2009/2010/2011/2012/2013/2014/2015/2017/2018/2019/2020/2021/2022	feet:39 foot:9 footing:1
530		land	lænd	n. v.	陆地,土地v.登岸(陆)降落	49	11	2009/2010/2011/2013/2015/2016/2017/2019/2020/2021/2022	land:28 landing:13 landed:6 lands:2
531		learned	ˈlɜːnɪd	adj.	有才华的；博学的	49	10	2010/2011/2012/2013/2014/2015/2017/2018/2020/2022	learned:49
532		library	ˈlaɪbrərɪ; (US) ˈlaɪbrerɪ	n.	图书馆，图书室	49	6	2010/2012/2014/2018/2019/2020	library:34 libraries:15
533		list	lɪst	n.	一览表，清单	49	8	2008/2011/2013/2016/2018/2019/2020/2021	list:33 listed:9 lists:4 listing:3
534		milk	mɪlk	n. vt.	牛奶 vt. 挤奶	49	5	2010/2011/2012/2020/2021	milk:47 milked:2
535		painting	ˈpeɪntɪŋ	n.	油画，水彩画	49	5	2012/2013/2015/2018/2020	paintings:29 painting:20
536		possible	ˈpɔsɪb(ə)l	adj.	可能的	49	13	2008/2009/2010/2011/2012/2013/2016/2017/2018/2019/2020/2021/2022	possible:49
537		raise	reɪz	vt.	使升高； 饲养	49	9	2010/2014/2015/2016/2017/2018/2019/2020/2022	raise:17 raising:17 raised:8 raises:7
538		refer	rɪˈfɜː(r)	vi.	谈到,提到,涉及,有关	49	13	2009/2010/2011/2012/2013/2014/2015/2016/2017/2018/2019/2020/2022	refer:33 refers:11 referred:3 referring:2
539		second	ˈsekənd	n. num. adj.	秒 num.第二a.第二的	49	14	2008/2009/2010/2011/2013/2014/2015/2016/2017/2018/2019/2020/2021/2022	second:39 seconds:10
540		space	speɪs	n.	空间	49	10	2008/2010/2011/2013/2017/2018/2019/2020/2021/2022	space:42 spaces:5 spaced:2
541		store	stɔː(r)	n. vt.	商店 vt. 储藏，存储	49	11	2009/2010/2011/2012/2013/2014/2015/2016/2017/2019/2020	store:31 stores:8 stored:7 storing:3
542		thinking	ˈθɪŋkɪŋ	n.	思索;见解;想法	49	11	2008/2010/2011/2013/2014/2015/2016/2017/2018/2020/2021	thinking:49
543		almost	ˈɔːlməʊst	adv.	几乎，差不多	48	10	2008/2010/2011/2012/2013/2016/2018/2019/2020/2021	almost:48
544		challenge	ˈtʃælɪndʒ	n.	挑战(性	48	11	2010/2011/2013/2014/2016/2017/2018/2019/2020/2021/2022	challenge:39 challenges:7 challenged:2
545		customer	ˈkʌstəmə(r)	n.	（商店）顾客，主顾	48	9	2010/2011/2013/2014/2015/2016/2019/2020/2022	customers:37 customer:11
546		ever	ˈevə(r)	adv.	曾经；无论何时	48	13	2008/2010/2012/2013/2014/2015/2016/2017/2018/2019/2020/2021/2022	ever:48
547		everything	ˈevrɪθɪŋ	pron.	每件事，事事	48	9	2008/2010/2011/2012/2015/2016/2018/2020/2021	everything:48
548		ice	aɪs	n.	冰	48	10	2009/2010/2011/2014/2015/2016/2017/2018/2020/2022	ice:48
549		nothing	ˈnʌθɪŋ	n. adv.	没有东西,没有什么 adv.一点也不；并不	48	11	2008/2011/2012/2013/2014/2015/2016/2017/2018/2020/2022	nothing:48
550		quality	ˈkwɔlɪtɪ	n.	质量，性质	48	9	2010/2013/2015/2016/2017/2018/2019/2020/2022	quality:34 qualities:14
551		reduce	rɪˈdjuːs; (US) -ˈduːs	vt.	减少，缩减	48	12	2010/2012/2013/2014/2015/2016/2017/2018/2019/2020/2021/2022	reduce:31 reduced:13 reducing:4
552		smile	smaɪl	n. v.	微笑	48	8	2008/2010/2011/2016/2017/2018/2020/2022	smile:22 smiling:14 smiled:10 smiles:2
553		son	sʌn	n.	儿子	48	13	2008/2009/2010/2011/2012/2013/2014/2016/2017/2018/2019/2020/2022	son:43 sons:5
554		tradition	trəˈdɪʃ(ə)n	n.	传统，风俗	48	8	2014/2015/2016/2017/2018/2019/2020/2022	traditions:30 tradition:18
555		training	ˈtreɪnɪŋ	n.	培训	48	7	2010/2011/2013/2015/2016/2019/2020	training:48
556		trust	trʌst	vt.	相信，信任，信赖	48	11	2010/2011/2012/2013/2014/2015/2016/2018/2019/2021/2022	trust:44 trusted:4
557		add	æd	vt.	添加，增加	47	9	2010/2011/2014/2016/2017/2018/2019/2020/2022	add:20 added:17 adding:8 adds:2
558		focus	ˈfəʊkəs	v. n.	/ n.集中（注意力，精力）于，焦点，中心点	47	10	2011/2013/2014/2015/2016/2017/2018/2019/2020/2021	focus:31 focused:11 focusing:4 focuses:1
559		march	mɑːtʃ	n.	游行，行进	47	9	2010/2011/2014/2015/2016/2017/2018/2020/2022	march:45 marched:2
560		price	praɪs	n.	价格，价钱	47	10	2008/2010/2011/2013/2015/2016/2017/2019/2020/2022	price:27 prices:18 priced:2
561		side	ˈsɪknɪs	n.	边，旁边，面，侧面；sideroad (AmE sidewalk) n.人行道	47	12	2008/2009/2010/2011/2012/2013/2015/2016/2017/2019/2020/2022	side:38 sides:9
562		star	stɑː(r)	n.	星，恒星	47	11	2009/2010/2012/2013/2016/2017/2018/2019/2020/2021/2022	stars:17 star:17 stared:8 stares:2
563		success	səkˈses	n.	成功	47	11	2010/2011/2012/2013/2014/2015/2016/2017/2018/2019/2022	success:47
564		wall	wɔːl	n.	墙	47	9	2008/2010/2011/2013/2015/2017/2018/2020/2021	wall:26 walls:15 waller:4 walled:2
565		clear	klɪə(r)	adj.	清晰；明亮的；清楚的	46	14	2008/2009/2010/2011/2012/2014/2015/2016/2017/2018/2019/2020/2021/2022	clear:41 cleared:3 clears:2
566		college	ˈkɔlɪdʒ	n.	学院；专科学校	46	11	2008/2012/2013/2014/2015/2016/2017/2018/2019/2021/2022	college:41 colleges:5
567		computer	kəmˈpjuːtə(r)	n.	电子计算机	46	9	2008/2010/2011/2013/2015/2016/2018/2019/2020	computer:34 computers:12
568		difference	ˈdɪfrəns	n.	不同	46	10	2010/2011/2012/2013/2015/2016/2017/2019/2020/2021	differences:23 difference:23
569		eye	aɪ	n.	眼睛	46	12	2008/2009/2010/2011/2012/2013/2015/2016/2017/2018/2019/2022	eyes:34 eye:12
570		government	ˈɡʌvənmənt	n.	政府	46	9	2008/2010/2011/2014/2016/2017/2018/2019/2022	government:39 governments:7
571		late	leɪt	adj. adv.	晚的,迟的ad.晚地,迟地	46	11	2010/2011/2013/2014/2015/2017/2018/2019/2020/2021/2022	late:46
572		least	liːst	n.	最少，最少量	46	12	2008/2009/2010/2012/2013/2014/2015/2016/2018/2019/2020/2021	least:46
573		matter	ˈmætə(r)	n. vi.	要紧事，要紧, 事情；问题 vi. 要紧，有重大关系	46	11	2011/2013/2014/2015/2016/2017/2018/2019/2020/2021/2022	matter:33 matters:9 mattered:4
574		newspaper	njuːz; (US) nuːz	n.	报纸	46	6	2008/2011/2014/2015/2019/2020	newspapers:28 newspaper:18
575		past	pɑːst; (US) pæst	adv. n. prep.	过 n.过去，昔日，往事 prep. 过…，走过某处	46	15	2008/2009/2010/2011/2012/2013/2014/2015/2016/2017/2018/2019/2020/2021/2022	past:46
576		station	ˈsteɪʃ(ə)n	n.	站，所，车站；电台	46	9	2011/2013/2014/2015/2016/2018/2019/2020/2021	station:34 stations:12
577		town	taʊn	n.	城镇，城	46	8	2010/2011/2013/2015/2017/2018/2019/2020	town:36 towns:10
578		writing	raɪt	n.	书写，写	46	10	2010/2011/2013/2014/2016/2017/2018/2019/2020/2022	writing:46
579		green	ɡriːn	adj. n.	绿色的；青的 n. 绿色	45	8	2008/2010/2012/2013/2014/2015/2019/2020	green:40 greener:4 greens:1
580		outside	aʊtˈsaɪd	n. adv. prep.	外面 ad. 在外面；向外面 prep. 在…外面	45	11	2008/2009/2010/2011/2015/2016/2017/2018/2019/2020/2021	outside:45
581		project	ˈprɔdʒekt	n.	工程	45	7	2010/2013/2014/2015/2017/2019/2020	project:35 projects:10
582		restaurant	ˈrestərɔnt; (US) ˈrestərənt	n.	饭馆, 饭店	45	10	2010/2011/2012/2013/2014/2015/2016/2018/2019/2022	restaurant:28 restaurants:17
583		short	ʃɔːt	adj.	短的；矮的	45	12	2008/2009/2010/2011/2012/2014/2015/2016/2017/2018/2019/2020	short:43 shorter:2
584		themselves	ðəmˈselvz	pron.	他/她/它们自己	45	10	2010/2011/2012/2013/2014/2015/2016/2017/2019/2021	themselves:45
585		available	əˈveɪləbl	adj.	可获得的，有空的	44	10	2008/2010/2011/2012/2014/2016/2017/2018/2019/2022	available:44
586		father	ˈfɑːðə(r)	n.	父亲	44	10	2008/2010/2011/2012/2013/2014/2017/2018/2020/2022	father:43 fathers:1
587		full	fʊl	adj.	满的，充满的；完全的	44	14	2009/2010/2011/2012/2013/2014/2015/2016/2017/2018/2019/2020/2021/2022	full:44
588		jazz	dʒæz	n.	爵士音乐，爵士舞曲	44	3	2016/2017/2022	jazz:44
589		memory	ˈmemərɪ	n.	回忆，记忆	44	8	2008/2011/2012/2013/2015/2016/2017/2022	memory:26 memories:18
590		perform	pəˈfɔːm	v.	表演，履行；行动	44	11	2009/2010/2012/2013/2014/2016/2017/2018/2019/2020/2022	perform:19 performed:12 performing:11 performs:2
591		product	ˈprɔdʌkt	n.	产品，制品	44	9	2010/2011/2013/2014/2018/2019/2020/2021/2022	products:24 product:20
592		race	reɪs	n. v.	种族，民族 v. （速度）竞赛，比赛 n. 赛跑，竞赛	44	6	2008/2013/2014/2015/2020/2021	race:41 races:2 racing:1
593		understand		v.	懂得; 明白; 理解	44	12	2009/2011/2013/2014/2015/2016/2017/2018/2019/2020/2021/2022	understand:37 understood:5 understands:2
594		bed	bed	n.	床	43	9	2010/2011/2012/2014/2015/2016/2017/2020/2021	bed:22 beds:19 bedding:2
595		condition	kənˈdɪʃ(ə)n	n.	条件，状况	43	9	2009/2013/2014/2015/2016/2017/2020/2021/2022	conditions:27 condition:8 conditioned:4 conditioner:2
596		enter	ˈentə(r)	vt.	进入	43	10	2008/2010/2011/2012/2013/2014/2015/2017/2018/2021	enter:26 entered:10 enters:4 entering:3
597		environment	ɪnˈvaɪərənmənt	n.	环境	43	10	2012/2013/2014/2015/2016/2018/2019/2020/2021/2022	environment:41 environments:2
598		fill	fɪl	vt.	填空，装满	43	10	2008/2010/2011/2015/2016/2017/2018/2019/2020/2021	filled:22 fill:13 filling:6 fills:2
599		follow	ˈfɔləʊ	vt.	跟随；仿效；跟得上	43	12	2008/2009/2010/2011/2012/2014/2015/2016/2018/2019/2020/2021	follow:18 follows:11 followed:10 follower:4
600		happy	ˈhæpɪ	adj.	幸福；快乐的，高兴的；harbour (美harbor	43	10	2009/2010/2011/2012/2013/2014/2015/2017/2019/2020	happy:31 happier:9 happiest:3
601		holiday	ˈhɔlɪdɪ	n.	假日；假期	43	8	2010/2013/2014/2015/2016/2017/2018/2020	holiday:37 holidays:6
602		island	ˈaɪlənd	n.	岛	43	8	2010/2011/2012/2015/2016/2017/2020/2022	island:32 islands:11
603		kill	kɪl	v.	杀死，弄死	43	9	2008/2010/2011/2014/2016/2017/2018/2019/2021	kill:16 killed:12 killing:12 killer:3
604		mile	maɪl	n.	英里	43	9	2010/2013/2014/2015/2016/2017/2018/2019/2020	miles:34 mile:9
605		poor	pʊə(r)	adj.	贫穷；可怜；不好的,差的	43	9	2010/2011/2012/2013/2014/2015/2016/2018/2019	poor:38 poorest:3 poorer:2
606		ready	ˈredɪ	adj.	准备好的	43	10	2011/2013/2014/2015/2016/2017/2018/2019/2020/2021	ready:41 readying:2
607		remain	rɪˈmeɪn	vt. vi.	余下,留下vi.保持,仍是	43	14	2008/2009/2010/2011/2012/2014/2015/2016/2017/2018/2019/2020/2021/2022	remained:13 remains:12 remain:10 remaining:8
608		running	ˈrʌnɪŋ	n.	跑步	43	8	2008/2010/2014/2015/2017/2018/2019/2020	running:43
609		situation	sɪtjʊˈeɪʃ(ə)n	n.	形势，情况	43	9	2008/2011/2012/2013/2014/2015/2018/2019/2021	situation:38 situations:5
610		smart	smɑːt	adj.	灵巧的，伶俐的；（人、服装等）时髦的，帅的；smell (smelt, smelt 或-ed,-ed	43	7	2012/2013/2017/2018/2019/2021/2022	smart:38 smarter:5
611		stress	stres	n. v.	精神压力，心理负担 v. 强调，重读	43	7	2009/2010/2012/2016/2017/2019/2020	stress:32 stressed:7 stresses:4
612		top	tɔp	n.	顶部,（物体的）上面	43	11	2008/2010/2013/2014/2015/2016/2017/2018/2019/2020/2022	top:40 tops:3
613		usually	ˈjuːʒʊəlɪ	adv.	通常，经常	43	13	2008/2009/2010/2011/2012/2013/2014/2016/2017/2018/2019/2020/2022	usually:43
614		answer	ˈɑːnsə(r); (US) ˈænsər	n. v.	回答,答复;回信;答案 v.回答,答复;回信;（作出）答案	42	11	2008/2010/2011/2012/2013/2014/2016/2017/2019/2020/2021	answer:30 answers:7 answering:4 answered:1
615		benefit	ˈbenɪfɪt	n. v.	/ v.优势,益处,使…受益	42	8	2010/2011/2017/2018/2019/2020/2021/2022	benefits:29 benefit:12 benefited:1
616		cover	ˈkʌvə(r)	n. v.	盖子；罩 v. 覆盖，遮盖；掩盖	42	12	2008/2010/2011/2012/2013/2016/2017/2018/2019/2020/2021/2022	covered:19 cover:16 covering:4 covers:3
617		invite	ɪnˈvaɪt	vt.	邀请，招待	42	10	2010/2011/2012/2014/2016/2017/2018/2019/2021/2022	invited:18 invite:14 invites:8 inviting:2
618		key	kiː	n.	钥匙;答案;键;关键	42	9	2008/2010/2011/2013/2016/2017/2018/2019/2022	key:36 keys:6
619		machine	məˈʃiːn	n.	机器	42	5	2010/2014/2016/2018/2020	machines:26 machine:16
620		member	ˈmembə(r)	n.	成员，会员	42	9	2010/2011/2013/2015/2016/2017/2018/2019/2021	members:24 member:18
621		positive		adj.	肯定的, 积极的, 相信, 确实的	42	11	2010/2012/2013/2014/2015/2016/2017/2018/2019/2020/2022	positive:40 positives:2
622		promote	prəˈməʊt	v.	促进,推动,促销,晋升	42	8	2011/2014/2015/2016/2019/2020/2021/2022	promote:29 promoted:7 promoting:4 promotes:2
623		rich	rɪtʃ	adj.	富裕的，有钱的；rid (rid, rid / ridded, ridded	42	10	2010/2011/2012/2013/2015/2016/2017/2018/2019/2020	rich:37 riches:2 richer:2 richest:1
624		several	ˈsevr(ə)l	pron. adj.	几个,数个 a.若干	42	12	2009/2011/2012/2013/2014/2015/2016/2017/2018/2019/2020/2021	several:42
625		toward	təˈwɔːd	prep.	向，朝，对于	42	12	2010/2011/2012/2013/2014/2015/2016/2017/2018/2019/2020/2022	towards:24 toward:18
626		view	vjuː	n.	看法,见解;风景,景色	42	8	2010/2013/2014/2016/2018/2019/2020/2021	view:26 viewing:7 views:6 viewed:3
627		white	waɪt; (US) hwaɪt	adj. n.	白色的 n. 白色	42	10	2009/2010/2011/2012/2013/2016/2017/2020/2021/2022	white:42
628		although	ɔːlˈðəʊ	conj.	虽然，尽管	41	12	2008/2010/2011/2012/2013/2014/2015/2016/2017/2018/2020/2022	although:41
629		complete	kəmˈpliːt	adj. vt.	完成vt. 完成，结束	41	11	2008/2010/2012/2013/2014/2015/2016/2017/2018/2021/2022	complete:30 completed:8 completing:3
630		development	dɪˈveləpmənt	n.	发展，发达，发育，开发	41	12	2008/2010/2011/2012/2014/2015/2016/2017/2018/2019/2020/2022	development:41
631		forget	fəˈrevə(r)	v.	(forgot, forgotten) v. 忘记；忘掉	41	14	2008/2009/2010/2011/2012/2013/2014/2015/2017/2018/2019/2020/2021/2022	forget:27 forgot:7 forgotten:7
632		fresh	freʃ	adj.	新鲜的	41	6	2012/2015/2016/2018/2019/2022	fresh:41
633		heart	hɑːt	n.	心.心脏, 纸牌中的红桃	41	10	2008/2010/2014/2016/2017/2018/2019/2020/2021/2022	heart:40 hearts:1
634		passage	ˈpæsɪdʒ	n.	（文章等的）一节，一段；通道；走廊	41	9	2008/2009/2010/2011/2013/2014/2015/2016/2020	passage:41
635		personal	ˈpɜːsən(ə)l	adj.	个人的，私人的	41	10	2008/2010/2012/2013/2014/2015/2016/2018/2019/2021	personal:41
636		practice	ˈpræktɪs	n.	练习	41	10	2009/2010/2012/2013/2014/2016/2018/2020/2021/2022	practice:27 practices:7 practicing:5 practiced:2
637		railway	ˈreɪlweɪ	n.	铁路；铁道	41	3	2010/2017/2022	railway:32 railways:9
638		serve	sɜːv	vt.	招待（顾客等）,服务	41	10	2008/2010/2011/2013/2014/2015/2016/2017/2018/2020	served:13 serves:11 serve:11 serving:6
639		sign	saɪn	n.	符号，标记	41	8	2010/2011/2015/2016/2017/2018/2020/2022	sign:21 signed:9 signs:9 signing:2
640		similar	ˈsɪmɪlə(r)	adj.	相似的，像	41	9	2010/2012/2013/2014/2017/2018/2020/2021/2022	similar:41
641		simply	ˈsɪmplɪ	adv.	简单地,(加强语气)的确	41	11	2011/2013/2014/2015/2016/2017/2018/2019/2020/2021/2022	simply:41
642		sun	sʌn	n.	太阳，阳光	41	8	2008/2009/2010/2014/2015/2019/2020/2022	sun:41
643		value	ˈvæljuː	n.	价值，益处	41	11	2008/2009/2010/2011/2012/2013/2016/2017/2018/2019/2020	value:26 values:12 valued:3
644		variety	vəˈraɪətɪ	n.	种种，种类	41	11	2008/2009/2011/2012/2013/2015/2016/2017/2018/2019/2020	variety:31 varieties:10
645		accept	əkˈsept	vt.	接受	40	11	2008/2010/2011/2014/2015/2016/2017/2018/2020/2021/2022	accept:24 accepted:14 accepting:2
646		against	əˈɡeɪnst	prep.	对着，反对	40	9	2010/2011/2012/2013/2015/2016/2017/2019/2021	against:40
647		anyone	ˈenɪwʌn	pron.	任何人，无论谁	40	9	2008/2010/2011/2014/2016/2017/2020/2021/2022	anyone:40
648		check	tʃek	n. vt.	检查；批改 vt. 校对，核对； 检查；批改	40	10	2008/2010/2013/2014/2015/2016/2017/2019/2020/2022	check:21 checking:9 checked:8 checks:2
649		consider	kənˈsɪdə(r)	vt.	考虑	40	13	2009/2010/2011/2013/2014/2015/2016/2017/2018/2019/2020/2021/2022	consider:19 considered:17 considering:3 considers:1
650		driver	ˈdraɪvə(r)	n.	司机，驾驶员	40	6	2010/2011/2013/2014/2016/2017	drivers:22 driver:18
651		engineer	endʒɪˈnɪə(r)	n.	工程师；技师	40	7	2009/2010/2015/2017/2019/2020/2022	engineers:23 engineering:9 engineer:8
652		especially	ɪˈspeʃəlɪ	adv.	特别，尤其	40	10	2008/2010/2012/2013/2014/2015/2016/2018/2019/2021	especially:40
653		fruit	fruːt	n.	水果；果实	40	8	2011/2014/2016/2018/2019/2020/2021/2022	fruit:24 fruits:16
654		gallery	ˈɡælərɪ	n.	画廊；美术品陈列室	40	6	2008/2011/2013/2014/2020/2022	gallery:36 galleries:4
655		ground	ɡraʊnd	n.	地面	40	7	2009/2010/2012/2013/2017/2020/2021	ground:40
656		interesting	ˈɪntrətɪŋ	adj.	有趣的	40	11	2009/2010/2011/2012/2013/2016/2017/2018/2019/2020/2021	interesting:40
657		lesson	ˈles(ə)n	n.	课；功课；教训；let (let, let	40	10	2010/2011/2012/2013/2014/2015/2016/2017/2018/2020	lesson:22 lessons:18
658		main	meɪn	adj.	主要的	40	12	2008/2010/2011/2012/2013/2014/2015/2016/2018/2020/2021/2022	main:40
659		method	ˈmeθəd	n.	方法，办法；metre (美meter	40	10	2010/2011/2013/2015/2016/2017/2018/2019/2020/2022	methods:20 method:20
660		online	ˌɒnˈlaɪn	adj. adv.	在线的；联网的；在线地	40	6	2013/2015/2016/2017/2018/2019	online:40
661		Paris	ˈpærɪs	n.	巴黎	40	4	2015/2017/2018/2020	paris:40
662		per	pə(r)	prep.	每，每一	40	8	2010/2013/2015/2016/2017/2018/2020/2022	per:40
663		season	ˈsiːz(ə)n	n.	季；季节	40	7	2010/2013/2015/2016/2019/2020/2022	season:30 seasons:6 seasoned:2 seasoning:2
664		six	sɪks	num.	六	40	11	2010/2011/2012/2014/2015/2016/2017/2019/2020/2021/2022	six:40
665		sport	spɔːt	n.	体育运动，锻炼；(复，英)运动会	40	11	2008/2010/2013/2014/2016/2017/2018/2019/2020/2021/2022	sport:20 sports:18 sporting:2
666		sugar	ˈʃʊɡə(r)	n.	糖	40	6	2010/2012/2013/2018/2020/2022	sugar:40
667		cause	kɔːz	n. vt.	原因，起因 vt. 促使，引起，使发生	39	13	2008/2011/2012/2013/2014/2015/2016/2017/2018/2019/2020/2021/2022	cause:20 caused:12 causes:7
668		chair	tʃeə(r)	n.	椅子	39	6	2011/2013/2014/2016/2017/2020	chair:33 chairs:6
669		choice	tʃɔɪs	n.	选择；抉择	39	7	2008/2010/2012/2014/2015/2016/2018	choices:23 choice:16
670		English	ˈɪŋɡlɪʃ	adj. n.	英国的，英国人的，英语的 n. 英语	39	6	2010/2011/2014/2018/2019/2022	english:39
671		festival	ˈfestɪvəl	adj.	节日的，喜庆的	39	8	2011/2013/2014/2016/2017/2018/2020/2022	festival:37 festivals:2
672		healthy	ˈhelθɪ	adj.	健康的，健壮的	39	10	2010/2014/2015/2016/2017/2018/2019/2020/2021/2022	healthy:30 healthier:9
673		please	pliːz	v.	请,使人高兴,使人满意	39	6	2008/2011/2014/2016/2017/2020	please:37 pleases:2
674		receive	rɪˈsiːv	v.	收到，得到	39	12	2009/2010/2011/2012/2013/2015/2016/2017/2018/2019/2020/2021	received:19 receive:13 receiving:4 receives:3
675		rise		v.	上升, 上涨; 升起, 起身	39	8	2011/2012/2013/2014/2016/2017/2018/2020	rise:25 rising:7 risen:5 rises:2
676		wear		v.	穿着, 戴; 留蓄; 带着，表现出; 磨损	39	11	2008/2009/2010/2011/2012/2013/2014/2016/2017/2020/2022	wear:16 wearing:9 wore:9 wears:5
677		yet	jet	adv.	尚，还，仍然	39	10	2010/2011/2013/2014/2015/2016/2017/2020/2021/2022	yet:39
678		ability	əˈbɪlɪtɪ	n.	能力；才能	38	9	2009/2010/2012/2014/2016/2019/2020/2021/2022	ability:34 abilities:4
679		alone	əˈləʊn	adj.	单独的，孤独的	38	8	2010/2011/2014/2016/2017/2018/2019/2022	alone:38
680		busy	ˈbɪzɪ	adj.	忙（碌）的	38	7	2008/2010/2013/2014/2017/2018/2022	busy:36 busier:2
681		certain	ˈsɜːt(ə)n	adj.	（未指明真实名称的）某…；确定的，无疑的；一定会…	38	9	2010/2013/2014/2015/2016/2017/2019/2020/2021	certain:38
682		coffee	ˈkɔfɪ; (US) ˈkɔːfɪ	n.	咖啡	38	6	2010/2015/2016/2017/2018/2021	coffee:38
683		collection	kəˈlekʃ(ə)n	n.	收藏品，收集物	38	8	2008/2010/2012/2013/2014/2016/2020/2022	collections:21 collection:17
684		force	fɔːs	vt.	强迫，迫使	38	12	2009/2010/2011/2013/2014/2015/2016/2017/2019/2020/2021/2022	forced:26 force:8 forcing:3 forces:1
685		listen	ˈlɪs(ə)n	vi.	听,仔细听	38	11	2008/2011/2012/2013/2014/2015/2016/2017/2018/2019/2022	listening:15 listen:15 listened:5 listener:2
686		noise	nɔɪz	n.	声音，噪声，喧闹声	38	6	2011/2014/2015/2017/2018/2021	noise:35 noises:3
687		promise	ˈprɔmɪs	n. vi.	答应，允诺	38	13	2008/2010/2011/2012/2013/2014/2015/2016/2018/2019/2020/2021/2022	promise:22 promised:8 promising:7 promises:1
688		strong	strɔŋ; (US) strɔːɡ	adj.	强(壮)的；坚固的；强烈的；坚强的	38	11	2008/2010/2011/2012/2013/2015/2016/2017/2019/2020/2021	strong:28 stronger:7 strongest:3
689		task	tɑːsk; (US) tæsk	n.	任务, 工作	38	9	2009/2010/2011/2013/2016/2017/2020/2021/2022	task:21 tasks:17
690		weight	weɪt	n.	重，重量	38	10	2010/2011/2012/2013/2014/2015/2017/2020/2021/2022	weight:36 weighting:2
691		advertise	ˈædvətaɪz	vt.	为……做广告	37	3	2011/2017/2019	advertising:31 advertise:4 advertised:2
692		avoid	əˈvɔɪd	v.	避免，躲开，逃避；awake (awoke, awoken	37	9	2013/2014/2015/2016/2017/2018/2019/2021/2022	avoid:26 avoided:7 avoiding:4
693		cafe	ˈkæfeɪ; (US) kæˈfeɪ	n.	咖啡馆； 餐馆	37	4	2015/2016/2019/2020	cafes:25 cafe:12
694		calm	kɑːm; (US) kɑːlm	adj. v.	镇静,沉着的 v.镇静沉着	37	13	2008/2009/2010/2011/2012/2013/2014/2016/2017/2018/2019/2021/2022	calm:27 calmed:5 calming:3 calmer:2
695		card	kɑːd	n.	卡片；名片；纸牌	37	8	2009/2010/2013/2014/2015/2016/2018/2022	card:23 cards:14
696		Dr		n.	医生; 博士	37	6	2009/2013/2016/2017/2019/2020	dr:37
697		husband	ˈhʌzbənd	n.	丈夫	37	10	2009/2010/2011/2012/2013/2014/2015/2018/2019/2020	husband:36 husbands:1
698		law	lɔː	n.	法律，法令；定律	37	7	2010/2011/2012/2013/2014/2016/2020	law:32 laws:5
699		perhaps	pəˈhæps	adv.	可能，或	37	11	2008/2010/2011/2013/2014/2017/2018/2019/2020/2021/2022	perhaps:37
700		production	prəˈdʌkʃ(ə)n	n.	生产；制造	37	8	2010/2011/2013/2017/2018/2019/2020/2022	production:29 productions:8
701		quite	kwaɪt	adv.	完全，十分	37	10	2008/2009/2010/2011/2012/2013/2016/2017/2018/2019	quite:37
702		red	red	n. adj.	红色 a.红色的	37	7	2010/2012/2013/2015/2017/2018/2020	red:37
703		saying	ˈseɪɪŋ	n.	说，俗话，谚语	37	8	2010/2011/2013/2015/2017/2018/2020/2021	saying:37
704		taste	teɪst	n. vt.	品尝, 尝味；味道 vt. 品尝, 尝味	37	9	2008/2010/2013/2014/2015/2016/2017/2018/2021	taste:30 tastes:4 tasting:2 tasted:1
705		apple	ˈæp(ə)l	n.	苹果	36	3	2015/2016/2020	apple:21 apples:15
706		audience	ˈɔːdɪəns	n.	观众，听众	36	6	2011/2013/2014/2017/2019/2022	audience:34 audiences:2
707		elephant	ˈelɪfənt	n.	象	36	4	2011/2014/2016/2020	elephants:28 elephant:8
708		evening	ˈiːvnɪŋ	n.	傍晚，晚上	36	8	2008/2010/2011/2014/2015/2016/2018/2020	evening:34 evenings:2
709		mention	ˈmenʃ(ə)n	n. vt.	提及；记载 vt. 提到，说起；提名表扬	36	9	2008/2010/2011/2012/2013/2014/2016/2019/2021	mentioned:20 mention:13 mentioning:3
710		position	pəˈzɪʃ(ə)n	n.	位置	36	10	2008/2010/2011/2012/2013/2014/2018/2019/2021/2022	position:25 positions:8 positioned:3
711		bike	baɪk	n.	自行车	35	4	2013/2014/2018/2021	bike:30 bikes:3 biking:2
712		case	keɪs	n.	情况；病例；案件；真相 n. 箱；盒；容器	35	9	2010/2011/2012/2014/2016/2017/2020/2021/2022	case:23 cases:12
713		club	klʌb	n.	俱乐部；纸牌中的梅花	35	9	2010/2011/2013/2015/2016/2017/2019/2021/2022	club:35
714		deep	diːp	adj. adv.	深 ad. 深；深厚	35	10	2009/2011/2012/2013/2016/2017/2018/2019/2020/2022	deep:26 deeper:7 deepest:2
715		else	els	adv.	别的，其他的	35	11	2010/2011/2013/2014/2015/2016/2017/2018/2019/2020/2022	else:35
716		generation	dʒenəˈreɪʃ(ə)n	n.	代，一代	35	10	2010/2011/2014/2015/2016/2017/2018/2020/2021/2022	generations:19 generation:16
717		nest	nest	n.	巢；窝	35	4	2012/2014/2017/2022	nest:28 nests:5 nested:2
718		object	ˈɔbdʒɪkt	n.	物，物体；宾语	35	8	2008/2012/2013/2014/2015/2018/2020/2022	objects:29 object:6
719		schedule	ˈʃedjuːl; (US) ˈskedʒʊl	n. v.	工作计划，日程安排v. 安排时间，预定	35	7	2008/2014/2016/2017/2019/2020/2022	schedule:25 scheduled:6 schedules:4
720		strange	streɪndʒ	adj.	奇怪,奇特的,陌生的	35	11	2010/2011/2012/2014/2015/2016/2017/2019/2020/2021/2022	strange:35
721		within	wɪˈðɪn	prep.	在……里面	35	11	2008/2010/2011/2013/2014/2015/2016/2017/2019/2020/2021	within:35
722		apply	əˈplaɪ	v.	申请	34	9	2011/2013/2015/2016/2017/2018/2019/2020/2022	apply:23 applying:5 applied:4 applies:2
723		childhood	ˈtʃaɪldhʊd	n.	幼年时代，童年	34	6	2008/2011/2012/2016/2021/2022	childhood:34
724		decision	dɪˈsɪʒ(ə)n	n.	决定；决心	34	10	2008/2011/2013/2014/2015/2016/2017/2018/2019/2022	decision:23 decisions:11
725		fashion	ˈfæʃn	n.	时尚；流行；方式	34	2	2019/2020	fashion:32 fashions:2
726		fur	fɜː(r)	n.	毛皮；皮子	34	4	2008/2010/2014/2020	fur:34
727		lunch	lʌntʃ	n.	午餐，午饭	34	8	2008/2010/2013/2016/2017/2018/2019/2022	lunch:32 lunching:2
728		mistake		v.	弄错 错误	34	10	2010/2013/2014/2015/2016/2017/2018/2019/2020/2022	mistake:21 mistakes:13
729		modern	ˈmɔd(ə)n	adj.	现代的	34	8	2011/2013/2015/2016/2017/2018/2021/2022	modern:34
730		protect	prəˈtekt	vt.	保护	34	12	2010/2011/2012/2013/2014/2015/2016/2017/2018/2019/2021/2022	protect:24 protected:6 protecting:3 protects:1
731		rather	ˈrɑːðə; (US) ˈræðər	adv.	相当，宁可	34	10	2008/2010/2011/2012/2014/2015/2016/2018/2020/2021	rather:34
732		snow	snəʊ	n. vi.	雪 vi.下雪	34	9	2008/2009/2010/2012/2018/2019/2020/2021/2022	snow:34
733		successful	səkˈsesfʊl	adj.	成功的,有成就的	34	10	2008/2010/2011/2013/2014/2015/2016/2018/2019/2021	successful:34
734		throw	θrəʊ	v.	投，掷，扔	34	6	2010/2013/2014/2018/2020/2021	throw:10 throwing:8 threw:7 thrown:6
735		track	træk	n.	轨道；田径	34	10	2010/2011/2013/2015/2016/2017/2018/2019/2020/2022	track:20 tracks:6 tracked:5 tracking:3
736		trouble	ˈtrʌb(ə)l	vt. n.	使苦恼,使忧虑,使麻烦 n.问题,疾病,烦恼,麻烦	34	10	2009/2010/2011/2012/2014/2015/2016/2018/2019/2021	trouble:21 troubled:7 troubling:3 troubles:3
737		unit	ˈjuːnɪt	n.	单元，单位	34	10	2008/2010/2011/2014/2015/2016/2017/2018/2020/2022	united:27 unit:4 units:3
738		attract	əˈtrækt	v.	吸引，引起	33	9	2008/2011/2012/2013/2014/2016/2017/2018/2019	attracted:13 attract:12 attracts:5 attracting:3
739		dinner	ˈdɪnə(r)	n.	正餐，宴会	33	7	2010/2011/2013/2015/2016/2018/2021	dinner:33
740		disappear	dɪsəˈpɪə(r)	vi.	消失	33	9	2010/2011/2014/2016/2017/2018/2019/2020/2021	disappear:20 disappearing:7 disappeared:6
741		entrance	ˈentrəns	n.	入口；入场；进入的权利;入学许可	33	8	2008/2013/2015/2016/2017/2020/2021/2022	entrance:31 entrances:2
742		fat	fæt	n. adj.	脂肪 a. 胖的；肥的	33	6	2010/2015/2016/2017/2018/2020	fat:29 fats:4
743		finish	ˈfɪnɪʃ	v.	结束；做完	33	9	2010/2011/2012/2013/2014/2015/2016/2019/2020	finished:14 finishing:11 finish:8
744		friendship	ˈfrendʃɪp	n.	友谊，友情	33	9	2010/2011/2012/2013/2015/2016/2017/2019/2022	friendship:20 friendships:13
745		habit	ˈhæbɪt	n.	习惯，习性	33	7	2010/2013/2014/2015/2016/2018/2019	habits:23 habit:10
746		hide	haɪd	v.	躲藏；隐瞒（hid, hidden）	33	9	2010/2011/2012/2014/2016/2017/2019/2020/2022	hiding:11 hide:9 hidden:8 hid:3
747		honey	ˈhʌni	n.	蜂蜜	33	1	2012	honey:33
748		journey	ˈdʒɜːnɪ	n.	旅行，路程	33	7	2010/2013/2016/2018/2019/2020/2022	journey:31 journeys:2
749		opinion	əˈpɪnjən	n.	看法，见解	33	9	2008/2010/2012/2013/2017/2018/2019/2020/2021	opinion:17 opinions:16
750		recent	ˈriːsənt	adj.	近来的，最近的	33	10	2010/2011/2015/2016/2017/2018/2019/2020/2021/2022	recent:33
751		standard	ˈstændəd	n. adj.	标准（的	33	6	2010/2011/2013/2014/2017/2021	standards:17 standard:16
752		stranger	ˈstreɪndʒə(r)	n.	陌生人，外人	33	8	2010/2011/2012/2014/2016/2018/2020/2021	strangers:17 stranger:16
753		strength	streŋθ	n.	力量，力气	33	8	2011/2013/2014/2015/2017/2018/2019/2020	strength:19 strengths:14
754		system	ˈsɪstəm	n.	体系；系统	33	7	2009/2010/2011/2013/2017/2019/2020	system:23 systems:10
755		toy	tɔɪ	n.	玩具, 玩物	33	8	2008/2012/2014/2015/2016/2018/2020/2022	toys:21 toy:12
756		traditional	trəˈdɪʃ(ə)n	adj.	传统的，风俗的	33	8	2009/2010/2015/2016/2018/2020/2021/2022	traditional:33
757		weather	weə(r)	n.	天气	33	11	2008/2010/2011/2012/2013/2014/2015/2016/2019/2020/2021	weather:33
758		website	websaɪt	n.	网络	33	11	2008/2010/2012/2014/2015/2016/2017/2018/2019/2021/2022	website:29 websites:4
759		welcome	ˈwelkəm	n. v. adj.	欢迎 a. 受欢迎的	33	10	2008/2010/2012/2015/2017/2018/2019/2020/2021/2022	welcome:20 welcomed:10 welcoming:3
760		agree	əˈɡriː	v.	同意；应允	32	8	2010/2011/2013/2016/2018/2019/2020/2022	agreed:20 agree:12
761		beautiful	ˈbjuːtɪf(ə)l	adj.	美，美丽，美观的	32	11	2008/2010/2011/2014/2015/2016/2017/2018/2019/2020/2022	beautiful:32
762		belief	bɪˈliːf	n.	信条，信念	32	11	2008/2010/2011/2012/2013/2014/2017/2018/2019/2021/2022	belief:14 believes:13 beliefs:5
763		clean	kliːn	vt. adj.	弄干净，擦干净 a. 清洁的，干净的	32	9	2011/2013/2014/2015/2016/2018/2019/2020/2021	clean:20 cleaning:6 cleaned:3 cleans:2
764		compare	kəmˈpeə(r)	vt.	比较，对照	32	8	2008/2012/2013/2016/2018/2019/2020/2021	compared:19 comparing:7 compare:6
765		either	ˈaɪðə(r)	adj. conj. adv.	两方任一方的；二者之一 conj. 二者之一；要么……；ad.	32	11	2008/2009/2010/2011/2012/2013/2014/2015/2016/2017/2019	either:32
766		expert	ˈekspɜːt	n.	专家，能手	32	9	2011/2013/2014/2015/2016/2017/2018/2019/2020	experts:22 expert:10
767		influence	ˈɪnflʊəns	n. v.	影响	32	7	2008/2012/2015/2016/2019/2021/2022	influence:17 influenced:9 influences:6
768		line	laɪn	n. v.	绳索，线，排，行，线路 v. 画线于，（使）成行	32	9	2008/2010/2012/2013/2017/2018/2019/2020/2022	line:19 lines:13
769		medical	ˈmedɪk(ə)l	adj.	医学的，医疗的	32	10	2010/2012/2013/2016/2017/2018/2019/2020/2021/2022	medical:32
770		necessary	ˈnesəsərɪ; (US) ˈnesəserɪ	adj.	必需的，必要的	32	11	2008/2010/2011/2012/2015/2016/2017/2018/2019/2020/2021	necessary:32
771		official	əˈfɪʃ(ə)l; (US) ˈɔːf-	n. adj.	（公司、团体或政府）官员 ,高级职员 a.官方,政府的	32	9	2013/2014/2015/2016/2017/2019/2020/2021/2022	official:22 officials:10
772		prefer	prɪˈfɜː(r)	vt.	宁愿（选择）,更喜欢	32	10	2008/2010/2011/2013/2016/2018/2019/2020/2021/2022	prefer:20 preferred:8 preferring:2 prefers:2
773		relax	rɪˈlæks	v.	（使）放松，轻松	32	8	2009/2010/2012/2013/2015/2016/2018/2020	relaxed:11 relax:11 relaxing:10
774		replace	rɪˈpleɪs	vt.	取代	32	10	2012/2013/2015/2016/2017/2018/2019/2020/2021/2022	replace:17 replaced:10 replaces:3 replacing:2
775		river	ˈrɪvə(r)	n.	江；河；水道；巨流	32	6	2010/2011/2014/2015/2018/2020	river:27 rivers:5
776		role	rəʊl	n.	角色	32	7	2009/2011/2013/2015/2017/2018/2020	role:30 roles:2
777		rush	rʌʃ	vi.	冲，奔跑	32	10	2008/2010/2011/2014/2015/2016/2018/2020/2021/2022	rush:16 rushed:10 rushing:6
778		safety	ˈseɪftɪ	n.	安全，保险	32	8	2008/2010/2013/2017/2018/2020/2021/2022	safety:32
779		scene	sɪːn	n.	（戏剧、电影等的）一场，场景，布景	32	6	2012/2016/2017/2018/2020/2021	scene:26 scenes:6
780		secret	ˈsiːkrɪt	n.	秘密，内情	32	7	2010/2012/2013/2016/2018/2019/2020	secret:27 secrets:5
781		shape	ʃeɪp	n. v.	形状，外形 v. 使成型，制造，塑造	32	7	2011/2012/2013/2015/2018/2020/2022	shape:19 shapes:8 shaped:5
782		stadium	ˈsteɪdɪəm	n.	（露天）体育场	32	1	2021	stadium:20 stadiums:12
783		tend	tend	v.	往往会，常常就，倾向，趋于	32	7	2013/2015/2016/2018/2019/2020/2021	tended:16 tend:15 tends:1
784		tool	tuːl	n.	工具，器具；tooth (复 teeth	32	9	2009/2010/2011/2013/2014/2017/2019/2020/2022	tools:19 tool:13
785		voice	vɔɪs	n.	说话声; 语态	32	10	2009/2011/2012/2013/2014/2016/2017/2020/2021/2022	voice:25 voices:5 voicing:2
786		whole	həʊl	adj.	整个的	32	9	2008/2010/2012/2013/2016/2017/2018/2020/2022	whole:32
787		wing	wɪŋ	n.	机翼，翅膀	32	4	2010/2013/2017/2020	wing:22 wings:10
788		amount	əˈmaʊnt	n. v.	/ v. 金额，数量，总计	31	10	2008/2010/2014/2016/2017/2018/2019/2020/2021/2022	amount:23 amounts:7 amounted:1
789		behind	bɪˈhaɪnd	prep. adv.	(表示位置)在…后面 ad. 在后面；向后	31	10	2010/2011/2013/2014/2016/2017/2018/2019/2020/2022	behind:31
790		concern	kənˈsɜːn	v. n.	/ n. 涉及，关心	31	8	2011/2013/2016/2017/2018/2019/2020/2022	concerned:11 concern:10 concerns:9 concerning:1
791		connect	kəˈnekt	v.	连接，把…联系起来	31	9	2009/2010/2011/2013/2014/2015/2017/2018/2019	connect:17 connected:11 connecting:3
792		damage	ˈdæmɪdʒ	n. vt.	毁坏，损害	31	7	2011/2014/2016/2017/2019/2020/2021	damage:20 damaged:6 damaging:5
793		daughter	ˈdɔːtə(r)	n.	女儿	31	7	2010/2012/2014/2015/2016/2018/2020	daughter:19 daughters:12
794		expensive	ɪkˈspensɪv	adj.	昂贵的	31	9	2008/2011/2013/2014/2016/2017/2018/2019/2022	expensive:31
795		farmer	ˈfɑːmə(r)	n.	农民	31	9	2010/2011/2014/2015/2016/2017/2018/2019/2020	farmers:25 farmer:6
796		gold	ɡəʊld	n.	黄金 a 金的，黄金的	31	6	2008/2010/2015/2016/2018/2019	gold:31
797		knowledge	ˈnɔlɪdʒ	n.	知识，学问	31	8	2008/2011/2013/2014/2015/2016/2018/2020	knowledge:30 knowledges:1
798		manage	ˈmænɪdʒ	v.	管理；设法对付	31	10	2008/2009/2010/2011/2014/2016/2017/2018/2019/2020	managed:13 manage:8 managing:6 manages:4
799		mirror	ˈmɪrə(r)	n.	镜子	31	5	2011/2012/2018/2019/2021	mirror:21 mirrors:10
800		monkey	ˈmʌŋkɪ	n.	猴子	31	4	2018/2019/2020/2022	monkeys:28 monkey:3
801		notice	ˈnəʊtɪs	n. vt.	布告，通告；注意 vt. 注意，注意到	31	9	2008/2011/2012/2013/2014/2015/2016/2019/2021	noticed:20 notice:11
802		puzzle	ˈpʌz(ə)l	n.	难题,（字、画）谜	31	2	2020/2021	puzzles:20 puzzle:11
803		simple	ˈsɪmp(ə)l	adj.	简单的，简易的	31	11	2010/2012/2014/2015/2016/2017/2018/2019/2020/2021/2022	simple:31
804		size	sɪksˈtiːnθ	n.	尺寸，大小	31	11	2008/2009/2010/2011/2012/2013/2014/2015/2017/2018/2021	size:31
805		speed	spiːd	n. v.	速度 v. （使）加速	31	8	2010/2011/2013/2017/2018/2019/2020/2022	speed:28 speeds:2 speeding:1
806		stick		v.	粘住, 钉住; 坚持 木棒, 枝条	31	8	2008/2009/2011/2016/2017/2018/2021/2022	stick:21 stuck:9 sticks:1
807		style	staɪl	n.	方式，作风，款式	31	11	2010/2011/2012/2013/2015/2016/2017/2018/2019/2020/2021	style:22 styles:7 styling:2
808		ticket	ˈtɪkɪt	n.	票；卷	31	6	2011/2013/2014/2016/2017/2020	ticket:21 tickets:10
809		west	west	adj. adv. n.	(在)西；向西,从西来的 ad. 在西方,向西方 n.西部；西方	31	7	2008/2010/2013/2014/2018/2019/2022	west:31
810		wind	wɪnd	n.	风 ；wind(wound,wound	31	6	2008/2010/2011/2012/2015/2016	wind:25 winding:5 winds:1
811		window	ˈwɪndəʊ	n.	窗户；计算机的窗	31	8	2010/2014/2015/2016/2018/2019/2020/2021	window:23 windows:8
812		black	blæk	n. adj.	黑色 a. 黑色的	30	5	2009/2010/2013/2017/2021	black:30
813		camp	kæmp	n. vi.	（夏令）营 vi.野营,宿营	30	4	2014/2017/2018/2019	camping:18 camps:6 camp:4 camper:2
814		cut	kʌt	v. n.	/；切，剪，削，割, 伤口	30	11	2012/2013/2014/2015/2016/2017/2018/2019/2020/2021/2022	cut:25 cutting:3 cuts:2
815		discuss	dɪsˈkʌs	vt.	讨论，议论	30	10	2008/2010/2011/2013/2016/2017/2018/2019/2020/2021	discuss:13 discussed:10 discussing:7
816		figure	ˈfɪɡə(r); (US) ˈfɪgjər	n. vt.	数字；数目；图；图形；（人的）身型；人物；（绘画、雕刻）人物像 vt.（美口语）认为，判断.（在心里）想像，描绘	30	9	2008/2011/2012/2015/2016/2018/2019/2020/2022	figure:18 figured:7 figures:4 figuring:1
817		kite	kaɪt	n.	风筝	30	2	2011/2012	kite:20 kites:10
818		limit	ˈlɪmɪt	vt.	限制；减少	30	9	2008/2009/2011/2012/2016/2017/2018/2020/2021	limited:17 limit:11 limits:1 limiting:1
819		map	mæp	n.	地图	30	4	2010/2011/2012/2018	map:26 maps:4
820		material	məˈtɪərɪəl	n.	材料，原料	30	8	2008/2011/2012/2013/2014/2017/2018/2019	materials:25 material:5
821		movie	ˈmuːvɪ	n.	（口语）电影；Mr. (mister	30	5	2009/2015/2016/2017/2019	movie:26 movies:4
822		pair	peə(r)	n.	一双，一对	30	7	2011/2012/2013/2014/2015/2020/2021	pair:18 pairs:12
823		performance	pəˈfɔːm	n.	演出，表演	30	6	2011/2012/2013/2016/2020/2022	performance:15 performances:15
824		pilot	ˈpaɪlət	n.	飞行员	30	4	2013/2017/2019/2022	pilot:16 pilots:14
825		respect	rɪˈspekt	vt. n.	尊敬，尊重	30	9	2009/2010/2011/2012/2013/2015/2016/2021/2022	respect:17 respected:12 respects:1
826		risk	rɪsk	n. v.	/ v. 危险，风险，冒险	30	9	2014/2015/2016/2017/2018/2019/2020/2021/2022	risk:25 risks:3 risking:2
827		sight	saɪ	n.	情景，风景；视力	30	8	2010/2011/2013/2015/2017/2018/2019/2020	sight:27 sights:3
828		suitable	ˈsjuːtəb(ə)l	adj.	合适的，适宜的	30	11	2008/2011/2012/2013/2015/2016/2017/2018/2019/2020/2022	suitable:30
829		tea	tiː	n.	茶；茶叶 ；teach(taught,taught	30	4	2010/2011/2013/2022	tea:30
830		village	ˈvɪlɪdʒ	n.	村庄，乡村	30	7	2010/2012/2014/2015/2016/2019/2020	village:22 villages:8
831		volunteer	vɔlənˈtɪə(r)	n. v.	/ v. 义工，自愿者，无偿做	30	5	2016/2017/2019/2021/2022	volunteers:13 volunteer:12 volunteering:4 volunteered:1
832		wild	waɪld	adj.	未开发的，荒凉的；野生的，野的	30	8	2012/2013/2014/2016/2018/2020/2021/2022	wild:28 wildest:1 wilder:1
833		wonder	ˈwʌndə(r)	v. n.	对…疑惑，感到惊奇,想知道 n. 惊讶,惊叹;奇迹	30	9	2009/2010/2012/2013/2014/2015/2016/2019/2020	wonder:14 wondered:7 wondering:5 wonders:4
834		action	ˈækʃ(ə)n	n.	行动	29	7	2010/2011/2013/2014/2015/2021/2022	action:19 actions:10
835		actor	ˈæktə(r)	n.	男演员	29	4	2012/2016/2017/2020	actor:16 actors:13
836		April	ˈeɪpr(ə)l	n.	4月	29	6	2010/2014/2017/2018/2020/2022	april:29
837		beach	biːtʃ	n.	海滨，海滩	29	8	2008/2010/2012/2015/2019/2020/2021/2022	beach:19 beaches:10
838		brain	breɪn	n.	脑（子	29	9	2009/2011/2013/2015/2016/2017/2018/2019/2020	brain:19 brains:10
839		charge	tʃɑːdʒ	v. n.	要求收费；索价；将(电池)充电 n. 费用；价钱	29	9	2008/2013/2014/2015/2016/2017/2018/2019/2022	charge:14 charges:10 charged:4 charging:1
840		comedy	ˈkɔmədɪ	n.	喜剧	29	4	2016/2017/2019/2022	comedy:23 comedies:6
841		earth	ɜːθ	n.	地球；土，泥；大地	29	6	2008/2010/2014/2015/2016/2020	earth:29
842		express	ɪkˈspres	vt. n.	表达；表示；表情 n. 快车，特快专递	29	11	2008/2010/2012/2014/2015/2016/2017/2018/2019/2020/2021	express:25 expressed:2 expresses:2
843		field	fiːld	n.	田地；牧场；场地	29	8	2010/2013/2014/2016/2018/2019/2020/2021	field:19 fields:10
844		fight	faɪt	n.	打仗（架），争论	29	10	2011/2012/2013/2014/2015/2016/2017/2018/2020/2021	fight:15 fighting:11 fought:3
845		front	frʌnt	adj. n.	前面的；前部的 n. 前面；前部；前线	29	10	2008/2010/2011/2012/2014/2016/2018/2019/2020/2022	front:29
846		heat	hiːt	n. vt.	热 vt. 把……加热	29	6	2008/2009/2015/2017/2020/2021	heat:23 heated:3 heating:3
847		international	ɪntəˈnæʃən(ə)l	adj.	国际的	29	8	2010/2012/2017/2018/2019/2020/2021/2022	international:29
848		interview	ˈɪntəvjuː	n. vt.	采访,会见,面试	29	6	2008/2013/2017/2018/2019/2021	interview:16 interviews:8 interviewer:5
849		meaning	ˈmiːnɪŋ	n.	意思，含意	29	9	2010/2011/2012/2013/2015/2016/2020/2021/2022	meaning:22 meanings:7
850		organization	ɔːɡənaɪˈzeɪʃ(ə)n	n.	组织，机构	29	6	2013/2014/2015/2017/2020/2021	organization:17 organizations:12
851		pack	pæk	n. v.	包,捆;（猎犬、野兽的）一群 v.(为运输或储存而)打包	29	10	2008/2010/2013/2015/2016/2017/2019/2020/2021/2022	packed:15 pack:8 packs:4 packing:2
852		pick	pɪk	v.	拾起，采集；挑选	29	11	2009/2012/2013/2015/2016/2017/2018/2019/2020/2021/2022	pick:19 picked:4 picking:3 picks:3
853		powerful	ˈpaʊəfʊl	adj.	效力大的，强有力的，强大的	29	7	2010/2011/2012/2013/2015/2016/2018	powerful:29
854		reflect	rɪˈflekt	v.	反映，反射	29	9	2008/2010/2011/2014/2015/2018/2019/2020/2022	reflected:14 reflect:12 reflecting:2 reflects:1
855		relate	rɪˈleɪt	vi.	有关； 涉及	29	9	2009/2010/2012/2013/2014/2016/2018/2019/2022	related:17 relate:5 relates:5 relating:2
856		search	sɜːtʃ	n. v.	搜寻，搜查	29	8	2011/2013/2014/2017/2018/2019/2020/2022	searched:11 search:10 searching:5 searches:3
857		seat	siːt	n.	座位，座	29	7	2010/2013/2016/2017/2019/2021/2022	seats:16 seat:11 seating:2
858		Sunday	ˈsʌndeɪ	n.	星期日	29	8	2011/2013/2014/2015/2017/2018/2020/2022	sunday:25 sundays:4
859		ten	ten	num.	十	29	7	2009/2010/2013/2014/2015/2018/2020	ten:26 tens:3
860		trend	trend	n.	趋势，倾向，动态	29	7	2011/2014/2016/2017/2018/2019/2020	trend:27 trends:2
861		TV	‚tiːˈviː	n.	电视机 television的缩写	29	7	2008/2009/2014/2015/2016/2017/2018	tv:29
862		understanding	ʌndəˈstændɪŋ	n.	领会;理解；undertake (undertook, undertaken	29	8	2010/2011/2013/2014/2016/2018/2019/2020	understanding:29
863		achieve	əˈtʃiːv	vt.	达到，取得	28	6	2013/2014/2015/2016/2019/2022	achieve:18 achieved:7 achieving:3
864		admit	ədˈmɪt	vt.	承认，准许（入场，入学，入会	28	7	2009/2013/2018/2019/2020/2021/2022	admit:16 admitted:9 admits:2 admitting:1
865		hill	hɪl	n.	小山;丘陵;土堆;斜坡	28	6	2010/2017/2018/2019/2020/2022	hill:15 hills:13
866		media	ˈmiːdɪə	n.	大众传播媒介	28	7	2013/2016/2018/2019/2020/2021/2022	media:28
867		meeting	ˈmiːtɪŋ	n.	会,集会,会见,汇合点	28	8	2009/2010/2011/2013/2017/2018/2019/2022	meeting:18 meetings:10
868		sale	seɪl	n.	卖，出售	28	9	2010/2011/2012/2013/2014/2016/2017/2019/2020	sales:19 sale:9
869		screen	skriːn	n.	幕，荧光屏	28	9	2008/2009/2011/2012/2013/2015/2017/2018/2019	screen:24 screening:2 screens:2
870		settle	ˈset(ə)l	vi.	安家，定居	28	7	2010/2014/2016/2017/2018/2021/2022	settled:15 settle:9 settling:4
871		spot	spɔt	n. v.	斑点，污点；场所，地点 v. 沾上污渍，弄脏	28	6	2009/2013/2015/2018/2020/2021	spots:18 spot:5 spotted:5
872		tired	ˈtaɪəd	adj.	疲劳的，累的	28	7	2008/2010/2011/2012/2016/2017/2018	tired:28
873		treat	triːt	vt.	对待，看待	28	8	2009/2010/2011/2012/2013/2016/2020/2022	treated:17 treat:7 treating:2 treats:2
874		vegetable	ˈvedʒɪtəb(ə)l	n.	蔬菜	28	6	2011/2013/2015/2016/2017/2020	vegetables:18 vegetable:10
875		advance	ədˈvɑːns; (US) ədˈvæns	v.	推进，促进；前进	27	9	2010/2012/2013/2014/2016/2017/2018/2019/2022	advanced:12 advance:11 advances:4
876		America	əˈmerɪkə	n.	* n. 美国；美洲	27	5	2010/2014/2016/2018/2019	america:25 americas:2
877		attack	əˈtæk	vt. n.	/ n. 攻击，袭击	27	8	2010/2012/2014/2015/2017/2019/2021/2022	attack:16 attacked:4 attacking:3 attacker:2
878		bus	bʌs	n.	公共汽车	27	6	2010/2011/2014/2016/2020/2021	bus:23 bused:2 buses:2
879		capital	ˈkæpɪt(ə)l	n.	首都.省会.大写；资本	27	5	2008/2010/2013/2018/2020	capital:27
880		chocolate	ˈtʃɔklət	n.	巧克力	27	2	2010/2013	chocolate:21 chocolates:6
881		cool	kuːl	adj.	凉的，凉爽的；酷	27	9	2008/2009/2010/2011/2015/2016/2018/2019/2021	cool:18 coolest:3 cooling:2 cooler:2
882		date	deɪt	n.	日期；约会 n.枣	27	4	2015/2017/2020/2022	date:16 dates:5 dating:4 dated:2
883		depend	dɪˈpend	vi.	依靠，依赖，指望；取决于	27	10	2008/2010/2012/2013/2015/2018/2019/2020/2021/2022	depending:11 depends:9 depend:5 depended:2
884		earn	ɜːn	vt.	挣得，赚得	27	8	2010/2011/2013/2015/2017/2018/2020/2022	earn:17 earning:5 earned:5
885		fear	fɪə(r)	n.	害怕；恐惧； 担忧	27	8	2008/2010/2013/2015/2017/2019/2020/2022	fear:21 feared:4 fears:2
886		feed		v.	喂（养）; 饲（养）	27	8	2010/2014/2015/2016/2017/2018/2019/2022	feed:14 fed:9 feeding:2 feeds:2
887		flight	flaɪt	n.	航班 n. 楼梯的一段	27	6	2008/2011/2013/2016/2017/2019	flight:25 flights:2
888		general	ˈdʒenər(ə)l	adj.	大体，笼统的，总的	27	9	2011/2012/2013/2014/2015/2016/2018/2020/2022	general:27
889		major	ˈmeɪdʒə(r)	adj.	较大的；主要的	27	8	2008/2013/2015/2017/2018/2020/2021/2022	major:27
890		nature	ˈneɪtʃə(r)	n.	自然, 性质，种类	27	8	2010/2015/2016/2017/2018/2019/2020/2021	nature:27
891		owner	ˈəʊnə(r)	n.	物主，所有人	27	6	2010/2011/2016/2017/2018/2019	owner:18 owners:9
892		publish	ˈpʌblɪʃ	vt.	出版，发行	27	6	2011/2014/2016/2018/2020/2021	published:24 publisher:2 publishing:1
893		rail	reɪl	n.	铁路	27	5	2010/2018/2020/2021/2022	rail:27
894		remove	rɪˈmuːv	vt.	移动，拿走，脱掉（衣服等	27	10	2010/2011/2013/2015/2016/2017/2018/2020/2021/2022	remove:13 removed:7 removing:4 removes:3
895		request	rɪˈkwest	n.	请求，要求的事物	27	7	2011/2014/2017/2019/2020/2021/2022	request:14 requests:11 requested:2
896		reserve	rɪˈzɜːv	n. v.	储备；预定	27	7	2010/2013/2014/2017/2018/2020/2021	reserve:19 reserved:4 reserves:4
897		reward	rɪˈwɔːd	n.	奖赏	27	7	2013/2014/2016/2018/2019/2020/2021	reward:12 rewarded:8 rewards:5 rewarding:2
898		slow	slɪp	adv.	慢慢地，缓慢地	27	8	2010/2011/2013/2015/2017/2018/2019/2020	slow:16 slowing:5 slower:5 slows:1
899		surface	ˈsɜːfɪs	n.	表面	27	8	2008/2009/2011/2016/2017/2018/2019/2021	surface:17 surfaces:10
900		term	tɜːm	n.	学期;术语;条款;项	27	7	2013/2014/2015/2016/2017/2019/2021	term:21 terms:6
901		thank	θæŋk	vt. n.	感谢，致谢，道谢 n. （复）感谢，谢意	27	10	2008/2010/2011/2014/2015/2016/2018/2019/2020/2021	thanks:13 thank:12 thanked:2
902		throughout	θruːˈaʊt	prep.	遍及，贯穿；throw(threw,thrown	27	8	2011/2012/2017/2018/2019/2020/2021/2022	throughout:27
903		total	ˈtəʊt(ə)l	adj. n. v.	总数的;总括的;完全的,全然的 n.合计,总计 v.合计为	27	7	2013/2014/2015/2016/2018/2020/2021	total:26 totalling:1
904		tourist	ˈtʊərɪst	n.	旅行者，观光者	27	9	2010/2012/2015/2016/2017/2018/2019/2021/2022	tourist:14 tourists:13
905		worth	wɜːθ	adj.	有…的价值,值得…的	27	9	2010/2013/2014/2015/2016/2018/2019/2020/2021	worth:27
906		admission	ədˈmɪʃ(ə)n	n.	准入, 接纳	26	7	2010/2015/2018/2019/2020/2021/2022	admission:22 admissions:4
907		annoy	əˈnɔɪ	vt.	（使）烦恼	26	9	2009/2015/2016/2017/2018/2019/2020/2021/2022	annoying:17 annoyed:7 annoys:2
908		anything	ˈenɪθɪŋ	pron.	什么事（物）；任何事（物	26	9	2010/2011/2012/2013/2015/2016/2017/2018/2020	anything:26
909		beat		v.	敲打; 跳动; 打赢 n.（音乐）节拍	26	9	2008/2010/2013/2016/2018/2019/2020/2021/2022	beat:10 beating:7 beaten:6 beats:3
910		beginning	bɪˈɡɪnɪŋ	n.	开始，开端	26	9	2010/2011/2013/2014/2015/2016/2019/2020/2021	beginning:25 beginnings:1
911		blue	bluː	n. adj.	蓝色 a.蓝色的 a. 悲伤的；沮丧的	26	6	2010/2012/2015/2019/2020/2021	blue:26
912		centre	ˈsentə(r)	n.	中心，中央(英)	26	7	2010/2011/2015/2016/2017/2018/2022	centre:22 centres:2 centred:2
913		cup	kʌp	n.	茶杯	26	5	2010/2011/2013/2017/2021	cup:21 cups:5
914		director	dɪˈrektə(r)	n.	所长，处长，主任；董事；导演	26	9	2010/2011/2012/2014/2016/2017/2018/2019/2020	director:26
915		distance	ˈdɪstəns	n.	距离	26	7	2010/2012/2013/2014/2015/2017/2020	distance:22 distances:4
916		easily	ˈiːzɪlɪ	adv.	容易地	26	12	2008/2010/2011/2012/2013/2014/2015/2016/2018/2019/2020/2022	easily:26
917		farm	fɑːm	n.	农场；农庄	26	8	2008/2009/2010/2011/2014/2015/2017/2019	farm:19 farming:5 farms:2
918		hundred	ˈhʌndrəd	num.	百	26	10	2010/2011/2013/2014/2015/2016/2017/2018/2019/2020	hundreds:20 hundred:6
919		internet	ˈɪntənet	n.	互联网，英特网	26	6	2012/2013/2014/2015/2016/2017	internet:26
920		moment	ˈməʊmənt	n.	片刻，瞬间	26	9	2008/2011/2013/2014/2015/2017/2018/2019/2022	moment:24 moments:2
921		passenger	ˈpæsɪndʒə(r)	n.	乘客，旅客	26	5	2011/2014/2016/2017/2022	passenger:22 passengers:4
922		prevent	prɪˈvent	vt.	防止, 预防	26	9	2008/2011/2012/2013/2014/2015/2016/2017/2018	prevent:19 prevented:5 preventing:2
923		programme	proɡrəm	n.	节目；项目 (美program)	26	7	2011/2014/2015/2018/2020/2021/2022	programme:15 programmes:11
924		repair	rɪˈpeə(r)	n. vt.	修理；修补	26	8	2011/2013/2014/2015/2017/2019/2020/2022	repair:15 repaired:6 repairing:5
925		serious	ˈsɪərɪəs	adj.	严肃的,严重的,认真的	26	11	2008/2011/2013/2014/2015/2016/2017/2018/2019/2020/2022	serious:26
926		south	ˈsaʊə(r)	adj. adv. n.	南(方)的；向南的；从南来的 ad. 在南方；向南方；自南方 n. 南；南方；南风；南部	26	8	2011/2014/2016/2018/2019/2020/2021/2022	south:26
927		spread	spred	v.	延伸； 展开	26	6	2010/2011/2016/2018/2019/2020	spread:18 spreading:7 spreads:1
928		studio	ˈstjuːdɪəʊ	n.	工作室，演播室	26	5	2012/2017/2018/2019/2020	studio:26
929		subject	ˈsʌbdʒɪkt	adj. vt. n.	隶属的；受支配的；易受…的；在…条件下 vt. 使隶属；使服从；使受到 n. 题目；主题；学科；主语；主体	26	9	2008/2009/2010/2011/2012/2015/2019/2020/2022	subject:20 subjects:6
930		thousand	ˈθaʊzənd	num.	千	26	8	2008/2010/2014/2016/2017/2018/2020/2021	thousands:21 thousand:5
931		traffic	ˈtræfɪk	n.	交通，来往车辆	26	6	2008/2011/2013/2017/2020/2022	traffic:26
932		advice	ədˈvaɪs	n.	忠告，劝告，建议	25	9	2008/2010/2011/2012/2013/2016/2017/2018/2019	advice:25
933		ahead	əˈhed	adv.	在前，向前	25	7	2010/2011/2012/2014/2016/2018/2022	ahead:25
934		approach	əˈprəʊtʃ	n. v.	/ v. 靠近，接近，建议，要求	25	7	2010/2013/2016/2017/2018/2021/2022	approach:12 approaches:6 approaching:4 approached:3
935		article	ˈɑːtɪk(ə)l	n.	文章;东西,物品;冠词	25	5	2008/2012/2014/2016/2020	articles:16 article:9
936		chemical	ˈkemɪk(ə)l	adj. n.	化学的 n. 化学品	25	7	2008/2013/2014/2015/2016/2017/2020	chemicals:17 chemical:8
937		desire	dɪˈzaɪə(r)	vt. n.	要求；期望	25	7	2015/2016/2018/2019/2020/2021/2022	desire:20 desires:3 desired:2
938		desk	desk	n.	书桌，写字台	25	5	2008/2011/2016/2017/2019	desk:25
939		direct	dɪˈrekt	adj. vt.	/ vt. 直接的；直达的；直截了当的 指挥；指导；监督；管理；指挥（演奏）；导演（电影	25	6	2010/2016/2017/2019/2020/2022	directs:11 direct:7 directing:4 directed:3
940		disabled	dɪsˈeɪb(ə)ld	adj.	残废的，残疾的	25	6	2010/2011/2013/2014/2016/2019	disabled:25
941		forward	ˈfɔːwəd	adv.	将来.今后.向前，前进	25	10	2008/2010/2012/2013/2014/2016/2017/2018/2019/2022	forward:25
942		hospital	ˈhɔspɪt(ə)l	n.	医院	25	8	2010/2013/2016/2017/2018/2019/2020/2022	hospital:25
943		industry	ˈɪndəstrɪ	n.	工业，产业	25	6	2010/2011/2013/2017/2018/2022	industry:21 industries:4
944		inside	ɪnˈsaɪd	prep. adv.	在…里面 ad.在里面	25	8	2008/2012/2014/2016/2017/2019/2021/2022	inside:25
945		movement	ˈmuːvmənt	n.	运动，活动	25	7	2011/2014/2016/2017/2019/2021/2022	movement:23 movements:2
946		nearly	ˈnɪəlɪ	adv.	将近，几乎	25	8	2010/2012/2014/2015/2017/2018/2019/2022	nearly:25
947		north	nɔːθ	adj. adv. n.	北的;朝北的;从北来的 ad.向（在,从）北方 n.北;北方;北部	25	9	2010/2011/2013/2014/2015/2016/2017/2018/2019	north:25
948		Pacific	pəˈsɪfɪk	adj.	太平洋的	25	4	2012/2016/2017/2018	pacific:25
949		pattern	ˈpæt(ə)n	n.	式样	25	7	2011/2012/2013/2016/2018/2019/2021	patterns:16 pattern:9
950		tall	tɔːl	adj.	高的	25	7	2009/2010/2011/2013/2015/2017/2021	tall:23 taller:2
951		third	θɜːd	num.	第三	25	7	2009/2010/2013/2016/2020/2021/2022	third:23 thirds:2
952		tomato	təˈmɑːtəʊ; (US) təˈmeɪtəʊ	n.	西红柿，番茄	25	4	2011/2014/2015/2020	tomatoes:20 tomato:5
953		topic	ˈtɔpɪk	n.	题目，话题	25	6	2014/2015/2016/2018/2019/2021	topic:21 topics:4
954		user	ˈjuːzə	n.	使用者；用户	25	8	2010/2011/2014/2015/2018/2019/2020/2021	users:21 user:4
955		weekend	wiːkˈend	n.	周末	25	7	2011/2014/2015/2017/2018/2019/2022	weekend:17 weekends:8
956		western	ˈwest(ə)n	adj.	西方的，西部的	25	6	2010/2013/2016/2018/2019/2020	western:25
957		whatever	wɔtˈevə(r)	conj. pron.	无论什么，不管什么	25	8	2008/2012/2013/2015/2016/2018/2020/2021	whatever:25
958		wrong	rɔŋ; (US) rɔːŋ	adj.	错误,不正常,有毛病的	25	10	2008/2009/2010/2011/2012/2013/2014/2016/2018/2021	wrong:25
959		yes	jes	adv.	是，好，同意	25	8	2008/2010/2011/2013/2016/2019/2020/2021	yes:25
960		above	əˈbʌv	prep. adj. adv.	在……上面 a. 上面的 ad. 在……之上	24	8	2008/2010/2011/2014/2016/2017/2019/2020	above:24
961		attend	əˈtend	v.	看护，照料，服侍；出席，参加	24	9	2009/2013/2015/2016/2017/2018/2019/2020/2022	attend:13 attending:7 attended:3 attends:1
962		bank	bæŋk	n.	（河海湖的）岸，堤 n. 银行	24	6	2010/2011/2013/2016/2018/2020	bank:13 banks:9 banking:2
963		bee	biː	n.	. 蜜蜂	24	2	2012/2014	bees:22 bee:2
964		beyond	bɪˈjɔnd	prep.	(表示位置) 在…的那边	24	7	2010/2013/2014/2016/2018/2020/2021	beyond:24
965		board	bɔːd	n. v.	木板；布告牌；委员会；（政府的）部 v. 上（船、火车、飞机	24	8	2013/2014/2016/2018/2019/2020/2021/2022	board:14 boards:6 boarding:2 boarded:2
966		born	bɔːn	adj.	出生	24	7	2010/2012/2013/2014/2018/2019/2021	born:24
967		brother	ˈbrʌðə(r)	n.	兄；弟	24	5	2009/2010/2011/2015/2016	brother:17 brothers:7
968		couple	ˈkʌp(ə)l	n.	夫妇，一对	24	10	2008/2009/2010/2012/2013/2016/2018/2019/2021/2022	couple:22 coupled:2
969		dad	dæd	n.	（口）爸爸	24	7	2010/2014/2015/2016/2017/2019/2020	dad:24
970		December	dɪˈsembə(r)	n.	12月	24	7	2010/2011/2015/2016/2017/2019/2022	december:24
971		demand	dɪˈmɑːnd; (US) dɪˈmænd	vt.	要求	24	7	2014/2015/2018/2019/2020/2021/2022	demand:8 demanding:8 demands:4 demanded:4
972		difficulty	ˈdɪfɪkəltɪ	n.	困难，费力；dig (dug, dug	24	9	2010/2011/2013/2015/2016/2017/2019/2021/2022	difficulty:13 difficulties:11
973		eventually	ɪˈventjʊəlɪ	adv.	最终地	24	8	2010/2015/2017/2018/2019/2020/2021/2022	eventually:24
974		exist	ɪgˈzɪst	vi.	存在	24	8	2010/2011/2013/2014/2015/2016/2018/2020	exist:11 existed:6 existing:5 exists:2
975		guest	ɡest	n.	客人，宾客	24	7	2008/2010/2011/2014/2015/2018/2020	guests:18 guest:6
976		hole	həʊl	n.	洞，坑	24	2	2017/2022	hole:24
977		imagine	ɪˈmædʒɪn	vt.	想像，设想	24	8	2010/2013/2015/2017/2018/2019/2020/2022	imagine:15 imagined:9
978		myself	maɪˈself	pron.	我自己	24	9	2009/2010/2013/2016/2017/2018/2019/2020/2021	myself:24
979		pollution	pəˈluːʃ(ə)n	n.	污染	24	7	2008/2011/2014/2016/2019/2021/2022	pollution:24
980		pressure	ˈpreʃə(r)	n.	压迫,压力,压强	24	5	2008/2010/2012/2019/2021	pressure:22 pressures:2
981		process	ˈprəʊses; (US) ˈprɔses	n. v.	/ v. 过程,加工,处理	24	9	2011/2012/2015/2016/2017/2018/2019/2020/2021	process:19 processes:3 processing:2
982		prove	pruːv	vt.	证明	24	9	2008/2010/2011/2015/2016/2017/2018/2021/2022	prove:10 proved:9 proven:3 proving:2
983		push	pʊʃ	n. v.	推；put (put, put	24	9	2009/2011/2012/2013/2014/2018/2020/2021/2022	push:10 pushed:9 pushing:3 pushes:2
984		regular	ˈreɡjʊlə(r)	adj.	规则的，经常	24	9	2010/2012/2013/2014/2015/2016/2017/2020/2022	regular:24
985		shoe	ʃuː	n.	鞋	24	9	2008/2010/2012/2013/2015/2016/2017/2018/2022	shoes:23 shoe:1
986		supply	səˈplaɪ	vt. n.	供给，供应	24	6	2010/2011/2013/2014/2015/2021	supply:20 supplied:2 supplies:2
987		tax	tæks	n.	税，税款	24	2	2010/2022	tax:24
988		youth	juːθ	n.	青春；青年	24	4	2011/2016/2018/2019	youth:24
989		argue	ˈɑːɡjuː	vi.	争辩， 争论	23	9	2010/2011/2013/2015/2016/2018/2019/2020/2021	argue:10 argued:6 arguing:5 argues:2
990		attitude	ˈætɪtjuːd; (US) ˈætɪtud	n.	态度，看法	23	8	2010/2012/2013/2014/2015/2016/2017/2020	attitude:21 attitudes:2
991		average	ˈævərɪdʒ	adj. n.	平均；普通的 n.平均数	23	6	2010/2011/2016/2017/2018/2020	average:23
992		background	ˈbækɡraʊnd	n.	背景；backward(s	23	5	2013/2015/2016/2018/2021	background:22 backgrounds:1
993		bicycle	ˈbaɪsɪk(ə)l	n.	自行车	23	6	2008/2011/2012/2013/2018/2022	bicycle:23
994		british	ˈbrɪtɪʃ	adj.	英国的；大不列颠的；英国人的	23	7	2011/2013/2016/2017/2018/2020/2021	british:23
995		celebrate	ˈselɪbreɪt	v.	庆祝	23	8	2009/2010/2011/2015/2017/2018/2020/2022	celebrate:15 celebrated:4 celebrating:4
996		central	ˈsentr(ə)l	adj.	中心，中央；主要的；centre (美 center	23	5	2010/2017/2018/2019/2020	central:23
997		classroom	ˈklɑːsruːm	n.	教室	23	5	2014/2016/2017/2018/2019	classroom:19 classrooms:4
998		doubt	daʊt	n. v.	怀疑，疑惑	23	8	2011/2015/2016/2017/2018/2020/2021/2022	doubt:12 doubted:7 doubting:2 doubts:2
999		drop	drɔp	n. v.	滴 v.掉下.落下.投递.放弃	23	7	2011/2014/2016/2017/2018/2019/2021	dropped:12 drops:8 drop:2 dropping:1
1000		equipment	ɪˈkwɪpmənt	n.	装备，设备	23	7	2010/2013/2014/2015/2017/2019/2021	equipment:23
1001		extra	ˈekstrə	adj.	额外的，外加的	23	8	2010/2013/2014/2016/2017/2019/2021/2022	extra:23
1002		fail	feɪl	v.	失败；不及格；衰退	23	8	2010/2011/2013/2015/2016/2017/2020/2021	failed:10 fail:9 fails:2 failing:2
1003		handle	ˈhænd(ə)l	n. v.	柄，把柄 v. 处理	23	8	2010/2013/2014/2016/2017/2018/2020/2022	handle:16 handles:4 handling:2 handled:1
1004		hire	ˈhaɪə(r)	vt.	租用	23	6	2010/2011/2016/2019/2020/2021	hired:10 hiring:8 hire:5
1005		honor	ˈɒnə(r)	n. v.	荣誉；敬意；尊敬（英式 honour）	23	7	2010/2011/2013/2014/2016/2017/2018	honor:12 honored:8 honors:3
1006		hot	hɔt	adj.	热的	23	7	2009/2010/2012/2015/2018/2020/2022	hot:23
1007		importance	ɪmˈpɔːt(ə)ns	n.	重要性	23	9	2008/2009/2010/2013/2014/2015/2016/2019/2022	importance:23
1008		mark	mɑːk	n. vt.	标记 vt.标明,作记号于	23	6	2010/2011/2014/2017/2020/2022	mark:11 marked:7 marks:3 marking:2
1009		operate	ˈɔpəreɪt	v.	做手术，运转；实施，负责, 经营，管理	23	5	2013/2017/2019/2020/2021	operating:11 operate:8 operated:2 operates:2
1010		repeat	rɪˈpiːt	vt.	重说，重做	23	6	2009/2011/2013/2017/2018/2021	repeated:14 repeat:6 repeating:3
1011		review	rɪˈvjuː	vt. n.	重新调查； 回顾； 复习 n. 复查；复习；评论	23	9	2009/2010/2014/2015/2016/2018/2019/2020/2022	review:14 reviews:6 reviewing:3
1012		round	raʊnd	adv. prep. adj.	转过来 prep. 环绕一周，围着 a.圆的；球形的	23	8	2008/2011/2013/2015/2016/2019/2020/2022	round:23
1013		status	ˈsteɪtəs	n.	法律地位（身份	23	3	2016/2019/2021	status:23
1014		tip	tɪp	n. v.	顶端，尖端；告诫； 提示 (给)小费	23	8	2008/2009/2010/2014/2017/2018/2020/2022	tips:18 tip:5
1015		vehicle	ˈviːɪk(ə)l; (US) ˈviːhɪkl	n.	交通工具，车辆	23	3	2016/2017/2021	vehicle:17 vehicles:6
1016		bag	bæɡ	n.	书包；提包；袋子	22	6	2008/2015/2017/2018/2020/2021	bags:16 bag:6
1017		comfort	ˈkʌmfət	n.	安慰； 慰问	22	8	2010/2013/2014/2015/2016/2018/2020/2021	comfort:15 comforting:5 comforts:2
1018		connection	kəˈnekʃ(ə)n	n.	连接物;接触,联系	22	8	2011/2012/2013/2016/2018/2019/2020/2022	connection:18 connections:4
1019		east	iːst	adj. adv. n.	东方；东部的；朝东的；从东方来 ad. 在东方；向东方；从东方 n. 东，东方；东部	22	9	2008/2010/2011/2013/2016/2018/2020/2021/2022	east:22
1020		edge	edʒ	n.	边缘	22	8	2010/2011/2012/2013/2014/2016/2017/2022	edge:18 edges:4
1021		eight	eɪt	num.	八	22	7	2010/2011/2013/2017/2018/2019/2022	eight:22
1022		entertainment	entəˈteɪnmənt	n.	娱乐	22	7	2008/2013/2017/2018/2019/2020/2022	entertainment:22
1023		Europe	ˈjʊərəp	n.	欧洲	22	5	2010/2011/2013/2018/2020	europe:22
1024		fire	ˈfaɪə(r)	n. vi.	火；火炉；火灾 vi. 开火，开（枪，炮等），射击	22	5	2014/2016/2017/2020/2021	fire:20 fires:2
1025		firm	fɜːm	n. adj.	公司;企业 a.坚固的,坚定的	22	6	2008/2011/2012/2016/2017/2020	firm:16 firms:6
1026		foreign	ˈfɔrən; (US) ˈfɔːrɪn	adj.	外国的	22	6	2010/2014/2017/2018/2020/2022	foreign:22
1027		gain	ɡeɪn	vt.	赢得；挣得	22	8	2011/2012/2015/2016/2017/2018/2019/2020	gain:10 gained:7 gaining:5
1028		jam	dʒæm	n.	果酱；阻塞	22	8	2008/2011/2014/2015/2016/2017/2019/2022	james:15 jams:5 jammed:2
1029		magazine	mæɡəˈziːn	n.	杂志	22	7	2010/2016/2017/2018/2019/2021/2022	magazine:17 magazines:5
1030		monument	ˈmɔnjʊmənt	n.	纪念碑，纪念物	22	4	2014/2015/2018/2020	monuments:20 monument:2
1031		native	ˈneɪtɪv	adj.	本土的，本国的	22	5	2010/2011/2014/2016/2022	native:21 natives:1
1032		paint	peɪnt	n. vt.	油漆 vt.油漆,粉刷,绘画	22	5	2010/2011/2012/2018/2020	painted:11 paint:11
1033		photo		n.	照片	22	5	2010/2014/2016/2017/2018	photo:14 photos:8
1034		proud	praʊd	adj.	自豪的；骄傲的	22	7	2010/2011/2013/2014/2016/2019/2020	proud:22
1035		pull	pʊl	n.	拉，拖 n. 拉力，引力	22	8	2009/2010/2011/2012/2014/2016/2017/2020	pull:10 pulled:8 pulling:4
1036		ride		v.	骑（马、自行车 乘车 乘车旅行	22	6	2008/2012/2014/2017/2021/2022	ride:11 riding:7 rode:4
1037		symbol	ˈsɪmb(ə)l	n.	象征	22	6	2012/2015/2016/2019/2020/2021	symbols:11 symbol:11
1038		thus	ðʌs	adv.	这样；因而	22	9	2009/2010/2011/2012/2015/2016/2017/2019/2020	thus:22
1039		tower	ˈtaʊə(r)	n.	塔	22	3	2010/2015/2018	towers:14 tower:8
1040		trade	treɪd	n. vt.	贸易 vt.用…进行交换	22	8	2010/2011/2012/2013/2015/2018/2019/2020	trade:15 trading:3 trades:2 traded:2
1041		useful	ˈjuːsfʊl	adj.	有用的，有益的	22	9	2008/2013/2014/2016/2017/2018/2020/2021/2022	useful:22
1042		vacation	vəˈkeɪʃ(ə)n	n.	假期，休假	22	8	2009/2010/2011/2013/2015/2016/2018/2020	vacation:17 vacations:3 vacationing:2
1043		wake	weɪk	v.	醒，醒来；唤醒（woke, woken）	22	9	2008/2011/2012/2013/2017/2018/2020/2021/2022	wake:12 woke:7 wakes:2 waking:1
1044		waste	weɪst	n. vt.	浪费	22	6	2010/2014/2017/2018/2019/2021	waste:21 wasted:1
1045		worried	ˈwɜrɪd /ˈwʌ-	adj.	担心的，烦恼的	22	9	2010/2013/2014/2015/2016/2018/2020/2021/2022	worried:22
1046		adventure	ədˈventʃə(r)	n.	冒险； 奇遇	21	6	2010/2015/2016/2018/2020/2021	adventure:15 adventures:4 adventuring:2
1047		afternoon	ɑːftəˈnuːn	n.	下午，午后；afterward(s	21	9	2011/2012/2013/2014/2015/2016/2018/2019/2021	afternoon:19 afternoons:2
1048		ancient	ˈeɪnʃənt	adj.	古代的，古老的	21	8	2011/2012/2013/2015/2019/2020/2021/2022	ancient:21
1049		award	wɔːd	n.	奖品，奖励	21	5	2017/2018/2019/2021/2022	awards:10 award:8 awarded:3
1050		clock	klɔk	n.	钟	21	7	2008/2011/2012/2013/2015/2017/2018	clock:21
1051		daily	ˈdeɪlɪ	adj. adv. n.	每日的；日常的 ad. 每天 n. 日报	21	8	2010/2014/2016/2017/2018/2019/2020/2021	daily:21
1052		disease	dɪˈziːz	n.	病，疾病	21	9	2009/2010/2011/2013/2014/2016/2017/2018/2022	disease:19 diseases:2
1053		evidence	ˈevɪdəns	n.	证据，证明	21	7	2009/2011/2015/2016/2018/2019/2022	evidence:21
1054		forest	ˈfɔrɪst; (US) ˈfɔːrɪst	n.	森林	21	8	2008/2010/2012/2014/2016/2017/2018/2021	forest:14 forests:7
1055		freeze	friːz	vi.	(froze, frozen) vi. 结冰	21	6	2011/2014/2015/2016/2018/2021	frozen:14 freeze:6 froze:1
1056		gather	ˈɡæðə(r)	v.	聚集；采集	21	4	2016/2017/2019/2020	gather:8 gathered:8 gathering:5
1057		grade	ɡreɪd	n.	等级；（中小学的）学年；成绩，分数	21	6	2011/2012/2015/2018/2019/2021	grade:12 grades:6 graded:3
1058		hardly	ˈhɑːdlɪ	adv.	几乎不	21	9	2010/2011/2013/2014/2015/2017/2018/2019/2020	hardly:21
1059		hit		n.	打击, 打, 碰撞, (演出等)成功 打, 撞, 击中	21	8	2010/2011/2012/2014/2015/2019/2020/2022	hit:13 hitting:6 hits:2
1060		impossible	ɪmˈpɔsɪb(ə)l	adj.	不可能的	21	7	2008/2013/2014/2017/2019/2020/2021	impossible:21
1061		lion	ˈlaɪən	n.	狮子	21	2	2010/2014	lion:21
1062		maybe	ˈmeɪbiː	adv.	可能，大概，也许	21	8	2008/2013/2014/2016/2017/2020/2021/2022	maybe:21
1063		Mom	mɒm	n.	（美）妈妈	21	5	2008/2013/2014/2015/2020	mom:20 moms:1
1064		nice	naɪs	adj.	令人愉快;好的漂亮的	21	8	2011/2013/2015/2016/2018/2019/2020/2021	nice:21
1065		opening	ˈəʊpənɪŋ	n.	开放，口子	21	8	2010/2011/2013/2018/2019/2020/2021/2022	opening:19 openings:2
1066		pleasure	pliːzd	n.	高兴，愉快	21	7	2008/2010/2011/2014/2016/2018/2020	pleasure:21
1067		pound	pəˈtenʃ(ə)l	n.	磅；英镑	21	7	2010/2011/2015/2016/2018/2020/2022	pounds:14 pound:6 pounded:1
1068		prize	praɪz	n.	奖赏，奖品	21	4	2011/2014/2016/2018	prize:16 prizes:5
1069		protection	prəˈtekʃ(ə)n	n.	保护	21	7	2010/2012/2014/2018/2019/2020/2022	protection:21
1070		psychology	saɪˈkɔlədʒɪ	n.	心理学	21	5	2013/2015/2018/2019/2022	psychology:21
1071		rely	rɪˈlaɪ	v.	依赖，依靠	21	9	2009/2010/2015/2016/2017/2018/2020/2021/2022	rely:16 relying:4 relies:1
1072		seek		v.	试图; 探寻	21	7	2012/2013/2014/2016/2018/2021/2022	seek:16 seeker:2 seeks:2 sought:1
1073		signal	ˈsɪɡn(ə)l	n.	信号，暗号	21	6	2009/2016/2017/2018/2020/2022	signals:12 signal:7 signaled:2
1074		single	ˈsɪŋɡ(ə)l	adj.	单一的，单个的	21	4	2010/2017/2018/2019	single:21
1075		soft	sɒft	a.	软的，柔和的	21	7	2008/2011/2015/2018/2020/2021/2022	soft:21
1076		speaker	ˈspiːkə(r)	n.	演讲人，演说家	21	4	2011/2014/2018/2019	speakers:14 speaker:7
1077		specific	spɪˈsɪfɪk	adj.	明确的,具体的,独特的	21	8	2014/2015/2016/2018/2019/2020/2021/2022	specific:19 specifics:2
1078		suit	suːt	vt. n.	适合 n.一套（衣服	21	6	2010/2011/2013/2016/2018/2020	suit:15 suits:4 suited:2
1079		trick	trɪk	n.	诡计，把戏	21	6	2011/2012/2013/2014/2020/2021	trick:11 tricks:10
1080		upon	əˈpɔn	prep.	在……上面	21	9	2008/2010/2011/2013/2014/2016/2017/2018/2019	upon:21
1081		wish	wɪʃ	n. vt.	愿望，祝愿 vt. 希望，想要，祝愿	21	8	2010/2011/2014/2016/2019/2020/2021/2022	wish:10 wishing:5 wished:5 wishes:1
1082		wonderful	ˈwʌndəfʊl	adj.	美妙的，精彩的；了不起的；太好了	21	7	2008/2015/2016/2017/2018/2019/2020	wonderful:21
1083		aim	eɪm	n. v.	目的；目标 v. 计划，打算；瞄准；针对	20	8	2008/2011/2013/2014/2017/2019/2021/2022	aim:11 aims:5 aimed:4
1084		analyze	ˈænəlaɪz	v.	分析	20	6	2013/2015/2016/2018/2019/2020	analyzing:9 analyze:6 analyzed:5
1085		arm	ɑːm	n. v.	臂,支架 v. 以…装备,武装起来n. （美）武器,武力	20	7	2008/2010/2011/2014/2015/2016/2018	arm:12 arms:8
1086		base	beɪs	n.	根据地，基地（棒球）垒	20	6	2010/2014/2016/2018/2019/2020	based:14 base:6
1087		basket	ˈbɑːskɪt; (US) ˈbæskɪt	n.	篮子	20	4	2010/2015/2017/2018	basket:16 baskets:4
1088		bridge	brɪdʒ	n.	桥	20	6	2011/2013/2016/2017/2018/2020	bridge:13 bridges:7
1089		Britain	ˈbrɪtən	n.	* n. 英国；不列颠	20	8	2011/2013/2015/2016/2017/2018/2019/2020	britain:20
1090		burn	bɜːn	v. n.	燃，烧，着火；使烧焦；使晒黑；烧伤；晒伤	20	6	2011/2014/2015/2016/2018/2020	burn:10 burning:5 burned:5
1091		camera	ˈkæmərə	n.	照相机；摄像机	20	7	2008/2011/2012/2013/2014/2018/2019	cameras:11 camera:9
1092		canal	kəˈnæl	n.	运河；水道	20	1	2015	canal:16 canals:4
1093		coach	kəʊtʃ	n.	教练；马车；长途车	20	6	2013/2015/2016/2019/2020/2022	coach:12 coaching:4 coaches:4
1094		comfortable	ˈkʌmfətəb(ə)l; (US) ˈkʌmfərtəbl	adj.	舒服的；安逸的；舒服自在的	20	6	2013/2016/2017/2018/2021/2022	comfortable:20
1095		conduct	ˈkɔndʌkt	vt.	引导，带领	20	9	2009/2012/2013/2014/2015/2016/2017/2018/2020	conducted:12 conduct:5 conducting:3
1096		dark	dɑːk	n. adj.	黑暗；暗处；日暮 a. 黑暗的；暗淡的；深色的	20	6	2008/2014/2015/2016/2017/2019	dark:17 darker:3
1097		direction	dɪˈrekʃ(ə)n	n.	方向；方位	20	8	2010/2012/2013/2016/2017/2019/2020/2022	direction:17 directions:3
1098		excellent	ˈeksələnt	adj.	极好的，优秀的	20	8	2010/2011/2012/2014/2016/2017/2018/2019	excellent:20
1099		familiar	fəˈmɪlɪə(r)	adj.	熟悉的	20	7	2010/2011/2012/2016/2018/2019/2020	familiar:20
1100		fine	faɪn	adj. n. v.	细的；晴朗的；美好的；（身体）健康的 n.& v. 罚款	20	7	2008/2011/2015/2016/2017/2020/2022	fine:18 fined:2
1101		fit	fɪt	adj. v.	健康的, 适合的 v. （使）适合，安装	20	7	2009/2012/2015/2016/2017/2018/2022	fit:17 fitting:2 fitted:1
1102		flower	ˈflaʊə(r)	n.	花	20	7	2010/2011/2014/2016/2018/2020/2021	flowers:17 flower:3
1103		Friday	ˈfraɪdɪ	n.	星期五	20	7	2008/2011/2013/2014/2017/2018/2020	friday:18 fridays:2
1104		funny	ˈfʌnɪ	adj.	有趣的，滑稽可笑的	20	4	2010/2014/2016/2021	funny:18 funniest:2
1105		gardening	ˈɡɑːdnɪŋ	n.	园艺学	20	5	2011/2014/2016/2017/2018	gardening:20
1106		immediately	ɪˈmiːdɪətlɪ	adv.	立即	20	7	2008/2009/2010/2014/2016/2018/2021	immediately:20
1107		keyboard	kiːbɔːd	n.	键盘	20	1	2019	keyboard:20
1108		leading	ˈliːdɪŋ	adj.	最主要的，第一位的；leaf (复 leaves	20	5	2010/2011/2015/2017/2019	leading:20
1109		nurse	nɜːs	n.	护士；保育员	20	4	2010/2016/2019/2021	nurse:12 nurses:8
1110		operation	ɔpəˈreɪʃ(ə)n	n.	手术，操作	20	5	2012/2013/2016/2021/2022	operation:13 operations:7
1111		pain	peɪn	n.	疼痛，疼	20	5	2012/2013/2014/2017/2018	pain:20
1112		progress	ˈprəʊɡres; (US) ˈprɔɡres	n. vi.	进步,上进vi.进展,进行	20	4	2010/2014/2017/2022	progress:20
1113		quick	kwɪk	adj. adv.	快；敏捷的；急剧的 ad. 快地；敏捷地；急剧地	20	7	2011/2013/2014/2015/2016/2017/2022	quick:20
1114		range	reɪndʒ	n. v.	/ v. 变化，变动，排序	20	7	2013/2015/2016/2018/2019/2020/2021	range:17 ranging:2 ranges:1
1115		Saturday	ˈsætədeɪ	n.	星期六	20	5	2011/2014/2015/2017/2018	saturday:20
1116		select	sɪˈlekt	vt.	选择，挑选，选拔	20	7	2014/2015/2016/2018/2019/2020/2022	selected:10 select:10
1117		shake	ʃeɪk	v.	摇动，震动；握手	20	6	2008/2009/2011/2013/2015/2018	shaking:8 shake:6 shook:3 shakes:3
1118		society	səˈsaɪətɪ	n.	社会	20	6	2010/2011/2012/2015/2020/2022	society:18 societies:2
1119		speech	spiːtʃ	n.	演讲	20	7	2009/2010/2011/2014/2016/2018/2019	speech:16 speeches:4
1120		stone	stəʊn	n.	石头，石料	20	5	2014/2016/2018/2019/2021	stone:14 stones:6
1121		whose	huːz	pron.	谁的	20	7	2010/2011/2016/2018/2019/2020/2022	whose:20
1122		afraid	əˈfreɪd	adj.	害怕的；担心	19	6	2008/2009/2010/2011/2013/2018	afraid:19
1123		aspect	ˈæspekt	n.	方面，外观，外表	19	6	2010/2011/2013/2017/2020/2022	aspects:12 aspect:7
1124		basic	ˈbeɪsɪk	adj.	基本的	19	9	2008/2012/2013/2014/2016/2017/2018/2019/2020	basic:18 basics:1
1125		bottle	ˈbɔt(ə)l	n.	瓶子	19	7	2008/2011/2012/2015/2018/2021/2022	bottles:8 bottle:6 bottled:5
1126		breakfast	ˈbrekfəst	n.	早餐	19	4	2010/2017/2019/2020	breakfast:18 breakfasted:1
1127		bright	braɪt	adj.	明亮的；聪明的	19	7	2008/2010/2012/2016/2017/2018/2020	bright:19
1128		classic	ˈklæsɪk	adj.	一流的，典型的，有代表性的	19	6	2013/2014/2016/2017/2020/2022	classic:19
1129		communicate	kəˈmjuːnɪkeɪt	v.	交际；传达（感情，信息等	19	9	2009/2012/2014/2015/2016/2017/2018/2020/2022	communicate:12 communicating:5 communicated:2
1130		complex	ˈkɔmpleks	adj. n.	/ n. 复杂的，建筑群	19	5	2012/2017/2018/2020/2021	complex:19
1131		decade	ˈdekeɪd	n.	十年期	19	7	2010/2012/2013/2014/2016/2018/2020	decades:12 decade:7
1132		degree	dɪˈɡriː	n.	程度；度数；学位	19	4	2015/2017/2020/2022	degree:19
1133		die	daɪ	v.	死	19	6	2008/2010/2011/2014/2016/2018	died:14 die:5
1134		discussion	dɪsˈkʌʃ(ə)n	n.	讨论，辩论	19	6	2011/2013/2016/2018/2019/2021	discussion:17 discussions:2
1135		dry	draɪ	v. adj.	使…干；弄干；擦干 a. 干的；干燥的	19	4	2010/2011/2015/2016	dry:13 dried:3 drier:2 drying:1
1136		electronic	ɪlekˈtrɔnɪk	adj.	电子的	19	6	2010/2012/2014/2015/2016/2018	electronic:17 electronics:2
1137		everywhere	ˈevrɪweə(r)	adv.	到处	19	7	2010/2011/2015/2016/2018/2021/2022	everywhere:19
1138		February	ˈfebruəri	n.	2月	19	7	2014/2015/2016/2017/2018/2020/2022	february:19
1139		French	frentʃ	n.	法语 a法国的；法国人的；法语的	19	3	2015/2016/2020	french:19
1140		function	ˈfʌŋkʃən	n. v.	/ v. 作用,功能,运转	19	7	2008/2012/2017/2018/2020/2021/2022	functions:11 function:8
1141		gas	ɡæs	n.	煤气	19	5	2008/2011/2017/2018/2021	gas:12 gases:7
1142		glass	ɡlɑːs; (US) ɡlæs	n.	玻璃杯,玻璃；(复)眼镜	19	7	2008/2010/2012/2015/2018/2019/2020	glass:16 glasses:3
1143		intelligence	ɪnˈtelɪdʒəns	n.	智力,才智,智慧	19	6	2011/2013/2015/2016/2018/2021	intelligence:19
1144		itself	ɪtˈself	pron.	它自己	19	8	2008/2010/2011/2013/2016/2017/2021/2022	itself:19
1145		joy	dʒɔɪ	n.	欢乐，高兴，乐趣	19	7	2010/2012/2014/2017/2018/2019/2020	joy:19
1146		laugh	lɑːf	n. v.	笑，大笑；嘲笑	19	5	2012/2016/2017/2020/2021	laugh:13 laughed:3 laughing:3
1147		musical	ˈmjuːzɪk(ə)l	adj. n.	音乐的，爱好音乐的 n. 音乐片	19	7	2010/2011/2012/2016/2017/2019/2022	musical:13 musicals:6
1148		neither	ˈnaɪðə(r)	adj.	（两者）都不;也不	19	7	2010/2011/2012/2013/2015/2019/2022	neither:19
1149		normal	ˈnɔːm(ə)l	n. adj.	正常的（状态	19	7	2008/2010/2014/2015/2017/2019/2021	normal:19
1150		peace	piːs	n.	和平	19	6	2008/2011/2015/2016/2019/2020	peace:19
1151		permit	pəˈmɪt	vt. n.	许可,允许;执照 n.许可证	19	5	2008/2012/2016/2017/2019	permit:7 permitted:7 permits:3 permitting:2
1152		physical	ˈfɪzɪk(ə)l	adj.	身体的；物理的	19	5	2012/2013/2016/2017/2020	physical:19
1153		practical	ˈpræktɪk(ə)l	adj.	实际的，适用的；practice(s)e	19	10	2009/2010/2011/2013/2014/2015/2016/2018/2019/2020	practical:19
1154		relative	ˈrelətɪv	n.	亲属，亲戚	19	5	2008/2010/2012/2015/2018	relatives:15 relative:4
1155		reply	rɪˈplaɪ	n.	回答，答复	19	7	2009/2010/2018/2019/2020/2021/2022	replied:10 reply:7 replying:2
1156		rock	rɔk	n. vt.	岩石,大石头vt. 摇,摇晃	19	7	2011/2012/2016/2017/2018/2019/2022	rock:17 rocks:2
1157		September	səpˈtembə(r)	n.	9月	19	4	2014/2016/2019/2021	september:19
1158		sort	sɔːt	n.	]；t. 把…分类，拣选 n. 种类，类别	19	8	2008/2011/2014/2016/2018/2019/2020/2022	sort:12 sorts:5 sorted:2
1159		square	skweə(r)	n. adj.	广场 a. 平方的；方形的，宽而结实的（体格，肩膀	19	4	2008/2013/2015/2019	square:17 squares:2
1160		technique	ˈteknɪk(ə)l	n.	技术;技巧,方法	19	6	2013/2014/2015/2018/2019/2020	techniques:13 technique:6
1161		therefore	ˈðeəfɔː(r)	adv.	因此，所以	19	7	2008/2009/2010/2012/2014/2016/2020	therefore:19
1162		transport	trænsˈpɔːt	n. vt.	运输	19	4	2010/2016/2017/2020	transport:13 transports:3 transported:3
1163		unique	jʊˈniːk	adj.	惟一的,独一无二的	19	6	2013/2015/2017/2018/2019/2021	unique:19
1164		various	ˈveərɪəs	adj.	各种各样的，不同的	19	8	2010/2013/2015/2016/2017/2020/2021/2022	various:19
1165		wave	weɪv	n. v.	（热、光、声等的）波，波浪 v. 挥手，挥动，波动	19	6	2010/2013/2014/2016/2021/2022	waving:8 wave:6 waves:3 waved:2
1166		wife	waɪf	n.	妻子	19	6	2008/2010/2012/2013/2020/2021	wife:19
1167		accident	ˈæksɪdənt	n.	事故，意外的事	18	5	2011/2012/2016/2019/2022	accident:14 accidents:4
1168		account	əˈkaʊnt	n.	账目;描述	18	6	2013/2014/2016/2018/2020/2021	accounts:9 account:5 accounting:3 accounted:1
1169		advise	ədˈvaɪz	vt.	忠告，劝告，建议	18	7	2010/2011/2013/2014/2015/2016/2017	advised:13 advise:5
1170		Asia	ˈeɪʃə	n.	* n. 亚洲	18	7	2008/2010/2012/2015/2016/2018/2020	asia:18
1171		asleep	əˈsliːp	adj.	睡着的，熟睡	18	3	2011/2013/2016	asleep:18
1172		balance	ˈbæləns	n.	平衡	18	5	2010/2016/2017/2018/2022	balance:15 balancing:2 balanced:1
1173		ball	bɔːl	n.	球 n. 舞会	18	6	2011/2012/2018/2019/2020/2022	ball:18
1174		Canada	ˈkænədə	n.	* n. 加拿大	18	6	2010/2011/2017/2018/2019/2021	canada:18
1175		character	ˈkærɪktə(r)	n.	（汉）字.字体；品格	18	8	2009/2010/2011/2013/2014/2016/2017/2019	characters:15 character:3
1176		cinema	ˈsɪnəmə	n.	电影院；电影	18	2	2008/2011	cinema:17 cinemas:1
1177		court	kɔːt	n.	法庭；法院	18	2	2015/2016	court:18
1178		crazy	ˈkreɪzɪ	adj.	疯狂的	18	6	2013/2014/2016/2019/2020/2021	crazy:18
1179		delicious	dɪˈlɪʃəs	adj.	美味的，可口的	18	5	2012/2016/2017/2018/2021	delicious:18
1180		discovery	dɪˈskʌvərɪ	n.	发现	18	6	2010/2013/2017/2018/2020/2021	discovery:11 discoveries:7
1181		document	ˈdɔkjʊmənt	n.	文件；文献	18	3	2010/2014/2015	documents:12 documenting:4 document:2
1182		draw		v.	绘画; 绘制; 拉, 拖; 提取	18	6	2011/2014/2015/2016/2020/2021	draw:7 drawn:5 draws:4 drew:2
1183		electricity	ɪlekˈtrɪsɪtɪ	n.	电；电流	18	4	2010/2011/2018/2020	electricity:18
1184		escape	ɪˈskeɪp	n. vi.	逃跑；逃脱	18	7	2008/2011/2014/2015/2019/2021/2022	escape:9 escaping:5 escaped:4
1185		expose	ɪkˈspəʊz; (US) ekspəˈzeɪ	vt.	揭露	18	6	2013/2014/2018/2020/2021/2022	exposed:12 expose:4 exposing:2
1186		extremely	ɪkˈstriːmlɪ	adv.	极其，非常	18	9	2008/2012/2013/2014/2015/2016/2017/2018/2021	extremely:18
1187		guess	ɡes	vi.	猜	18	5	2011/2019/2020/2021/2022	guess:12 guessing:4 guesses:2
1188		homework	ˈhəʊmwɜːk	n.	家庭作业	18	5	2010/2013/2014/2018/2019	homework:18
1189		host	həʊst	n. v.	主人；节目主持人 v. 做主人招待	18	4	2019/2020/2021/2022	host:11 hosts:3 hosting:2 hosted:2
1190		huge	hjuːdʒ	adj.	巨大的，庞大的	18	8	2010/2012/2013/2015/2018/2019/2021/2022	huge:18
1191		hurt		v.	伤害, 受伤; 伤人感情	18	6	2011/2013/2014/2015/2016/2020	hurt:17 hurts:1
1192		indeed	ɪnˈdiːd	adj.	确实；实在	18	8	2008/2012/2016/2018/2019/2020/2021/2022	indeed:18
1193		inspire	ɪnˈspaɪə(r)	vt.	鼓舞； 激励	18	7	2014/2016/2017/2019/2020/2021/2022	inspired:6 inspire:6 inspiring:4 inspires:2
1194		intend	ɪnˈtend	vt.	想要，打算	18	6	2008/2016/2018/2020/2021/2022	intended:10 intend:4 intends:4
1195		January	ˈdʒænjʊərɪ; (US) ˈdʒænjʊerɪ	n.	1月	18	5	2014/2017/2020/2021/2022	january:18
1196		kitchen	ˈkɪtʃɪn	n.	厨房	18	8	2008/2010/2011/2012/2014/2017/2020/2021	kitchen:18
1197		manner	ˈmænə(r)	n.	方式，态度，举止	18	7	2008/2011/2013/2015/2016/2018/2019	manners:11 manner:7
1198		match	mætʃ	vt. n.	使相配，使成对 n. 比赛，竞赛 n. 火柴	18	8	2009/2010/2011/2017/2018/2019/2020/2021	match:13 matching:5
1199		monitor	ˈmɔnɪtə(r)	n.	（班级内的）班长；纠察生；监视器	18	5	2013/2016/2017/2018/2020	monitors:7 monitor:5 monitored:4 monitoring:2
1200		motivation	məʊtɪˈveɪʃn	n.	（做事的）动机	18	3	2016/2017/2019	motivation:17 motivations:1
1201		occur	əˈkɜː(r)	vi.	发生	18	6	2010/2011/2012/2014/2018/2020	occurred:11 occur:4 occurs:3
1202		ocean	ˈəʊʃ(ə)n	n.	海洋	18	4	2008/2016/2020/2021	ocean:11 oceans:7
1203		perfect	kwestʃəˈneə(r)	adj.	完美的，极好的	18	7	2008/2013/2015/2016/2018/2020/2021	perfect:18
1204		period	ˈpɪərɪəd	n.	时期，时代	18	8	2010/2013/2014/2015/2016/2017/2018/2020	period:12 periods:6
1205		phrase	freɪz	n.	短语；习惯用语	18	7	2011/2012/2015/2016/2017/2019/2020	phrase:16 phrases:2
1206		pleasant	ˈplezənt	adj.	令人愉快的，舒适的	18	6	2008/2010/2011/2016/2018/2021	pleasant:18
1207		pleased	pliːzd	adj.	高兴的	18	8	2009/2010/2011/2012/2013/2014/2016/2021	pleased:18
1208		represent	reprɪˈzent	vt.	代表	18	6	2012/2014/2015/2016/2019/2020	represent:10 represented:5 representing:2 represents:1
1209		scientific	saɪənˈtɪfɪk	adj.	科学的	18	6	2009/2011/2014/2016/2017/2020	scientific:18
1210		sea	siː	n.	海，海洋	18	5	2008/2010/2016/2018/2020	sea:18
1211		seldom	ˈseldəm	adv.	很少，不常	18	6	2008/2010/2013/2015/2016/2019	seldom:18
1212		separate	ˈsepərət	v. adj.	使分开，使分离a. 单独的，分开的	18	7	2010/2013/2016/2017/2018/2020/2022	separate:15 separated:3
1213		sheet	ʃiːt	n.	成幅的薄片，薄板；shelf (复 shelves	18	2	2013/2017	sheet:16 sheets:2
1214		shopping	ˈʃɔpɪŋ	n.	买东西	18	6	2008/2011/2014/2015/2017/2021	shopping:18
1215		sorry	ˈsɔrɪ	adj.	对不起,抱歉;难过的	18	7	2008/2010/2013/2016/2017/2018/2021	sorry:18
1216		spring	sprɪŋ	n.	春天,春季 n. 泉水,泉	18	7	2010/2012/2014/2016/2020/2021/2022	spring:18
1217		stage	steɪdʒ	n.	舞台；阶段	18	6	2012/2015/2016/2017/2018/2022	stage:18
1218		statistics	stəˈtɪstɪks	n.	统计数字，统计资料，统计学	18	4	2015/2016/2019/2020	statistics:18
1219		turning	ˈtɜːnɪŋ	n.	拐弯处, 拐角处	18	7	2011/2014/2015/2017/2018/2019/2022	turning:18
1220		underground	ʌndəˈɡraʊnd	adj. n.	地下的 n. 地铁	18	7	2009/2010/2011/2013/2016/2017/2020	underground:18
1221		unknown	juːnɪˈvɜːsɪtɪ	adj.	不知道的	18	7	2008/2010/2011/2014/2018/2019/2020	unknown:18
1222		unusual	ʌnˈjuːʒʊəl	adj.	不平常的，异常的	18	6	2009/2010/2012/2013/2018/2020	unusual:18
1223		wide	weə(r); (US) hweər	adj.	宽阔的	18	7	2012/2013/2014/2015/2016/2019/2021	wide:18
1224		worker	ˈwɜːkə(r)	n.	工人；工作者	18	7	2008/2010/2011/2015/2016/2017/2018	workers:12 worker:6
1225		worry	ˈwʌrɪ	n. v.	烦恼,担忧,发怒,困扰	18	6	2010/2012/2014/2016/2018/2021	worry:16 worries:2
1226		anxiety	æŋˈzaɪətɪ	n.	担忧，焦虑	17	5	2013/2014/2016/2018/2019	anxiety:15 anxieties:2
1227		architecture	ˈɑːkɪtektʃə(r)	n.	建筑学，建筑设计，风格	17	4	2017/2018/2020/2022	architecture:17
1228		blood	blʌd	n.	血，血液	17	4	2010/2012/2019/2020	blood:17
1229		boot	buːt	n.	长统靴；靴	17	2	2009/2012	boots:17
1230		cheap	tʃiːp	adj.	便宜的，贱	17	6	2008/2010/2011/2013/2018/2022	cheap:9 cheaper:6 cheapest:2
1231		citizen	ˈsɪtɪz(ə)n	n.	公民；居民	17	6	2010/2011/2014/2017/2018/2019	citizens:11 citizen:6
1232		clever	ˈklevə(r)	adj.	聪明的，伶俐的	17	5	2010/2011/2016/2017/2022	clever:15 cleverer:2
1233		colleague	ˈkɔliːɡ	n.	同事	17	6	2010/2014/2016/2018/2020/2021	colleagues:13 colleague:4
1234		contain	kənˈteɪn	v.	包含；包括；能容纳	17	6	2010/2011/2012/2018/2020/2022	contain:7 contained:4 contains:4 containing:2
1235		content	kənˈtent	adj. n.	甘愿的,满意的 n.内容	17	6	2008/2010/2014/2017/2019/2022	content:15 contents:2
1236		copy	ˈkɔpɪ	n. v.	抄本，副本；一本（份，册……） v. 抄写；复印；（计算机用语）拷（备 份盘	17	5	2010/2011/2018/2019/2020	copies:9 copy:4 copied:4
1237		curious	ˈkjʊərɪəs	adj.	好奇的；奇异的	17	5	2012/2013/2014/2015/2020	curious:17
1238		deliver	dɪˈlɪvə(r)	vt.	投递（信件，邮包等	17	5	2010/2011/2014/2016/2018	delivering:8 delivered:7 deliver:2
1239		department	dɪˈpɑːtmənt	n.	部门；（机关的）司，处；（大学的）系	17	4	2011/2013/2017/2018	department:13 departments:4
1240		determine	dɪˈtɜːmɪn	vt.	决定；决心	17	7	2008/2011/2012/2017/2018/2019/2021	determined:10 determine:5 determines:2
1241		discourage	dɪˈskʌrɪdʒ	vt.	（使）气馁；打消（做…的念头	17	7	2009/2014/2016/2017/2018/2019/2021	discouraged:10 discourage:5 discouraging:2
1242		dollar	dɔl; (US) dɔːl	n.	元（美国、加拿大、澳大利亚等国货币单位	17	7	2010/2013/2015/2016/2017/2018/2020	dollars:12 dollar:5
1243		dress	dres	n. v.	女服，连衣裙；(统指)服装；童装 v. 穿衣；穿着	17	7	2009/2010/2011/2013/2015/2016/2020	dress:13 dressed:4
1244		duty	ˈdjuːtɪ; (US) ˈduːtɪ	n.	责任，义务	17	6	2011/2016/2017/2019/2020/2021	duty:12 duties:5
1245		emergency	ɪˈmɜːdʒənsɪ	n.	紧急情况或状态	17	3	2016/2020/2021	emergency:14 emergencies:3
1246		examine	ɪɡˈzæmɪn	vt.	检查；诊察	17	6	2010/2011/2017/2019/2021/2022	examined:10 examine:6 examining:1
1247		floor	flɔː(r)	n.	地面，地板.（楼房的）层	17	6	2011/2013/2014/2018/2020/2021	floor:15 floors:2
1248		friendly	ˈfrendlɪ	adj.	友好的	17	7	2010/2011/2013/2014/2016/2019/2020	friendly:13 friendlier:4
1249		glove	ɡlʌv	n.	手套	17	2	2009/2013	gloves:17
1250		growth	ɡrəʊθ	n.	生长，增长	17	6	2010/2011/2013/2015/2016/2018	growth:17
1251		himself	hɪmˈself	pron.	他自己	17	6	2010/2011/2013/2016/2019/2020	himself:17
1252		Italy	ˈɪtəlɪ	n.	* n. 意大利	17	4	2010/2011/2020/2022	italy:17
1253		link	lɪŋk	v.	连接； 联系	17	7	2009/2011/2014/2015/2016/2018/2019	link:9 links:5 linking:2 linked:1
1254		moon	muːn	n.	月球；月光；月状物	17	3	2015/2020/2022	moon:16 moons:1
1255		Mrs				17	5	2010/2011/2016/2017/2018	mrs:17
1256		network	ˈnetwɜːk	n.	网络，网状系统	17	7	2010/2011/2015/2016/2017/2018/2019	network:8 networks:5 networking:4
1257		November	nəʊˈvembə(r)	n.	11月	17	5	2011/2015/2016/2018/2022	november:17
1258		ourselves	aʊəˈselvz	pron.	我们自己	17	6	2012/2015/2017/2018/2020/2021	ourselves:17
1259		particular	pəˈtɪkjʊlə(r)	adj.	特殊的，个别的	17	8	2010/2013/2014/2015/2016/2017/2019/2020	particular:17
1260		path	pɑːθ; (US) pæθ	n.	小道，小径	17	6	2011/2012/2013/2015/2018/2019	path:15 paths:2
1261		president	ˈprezɪdənt	n.	总统；主席	17	8	2011/2012/2013/2014/2015/2016/2018/2019	president:14 presidents:3
1262		pretend	ˈpreʃə(r)	vi.	假装，装作	17	6	2010/2011/2013/2020/2021/2022	pretended:9 pretending:5 pretend:3
1263		refuse	rɪˈfjuːz	vi.	拒绝，不愿	17	8	2010/2011/2013/2014/2015/2016/2021/2022	refused:8 refuse:6 refusing:2 refuses:1
1264		remind	rɪˈmaɪnd	vt.	提醒，使记起	17	8	2009/2011/2012/2014/2015/2016/2018/2020	remind:6 reminded:4 reminds:3 reminding:2
1265		roll	rəʊl	v. n.	滚动, 打滚 n. 面包圈，小圆面包；卷状物	17	5	2013/2016/2018/2019/2020	rolling:9 roll:4 rolled:3 rolls:1
1266		spoken	ˈspəʊkən	adj.	口语的；spoken man/ woman (pl. spokemen/ women	17	5	2008/2010/2014/2017/2018	spoken:17
1267		strike	straɪk	v.	（钟）鸣;敲（响）,罢工；strike (struck, struck 或stricken	17	8	2008/2010/2011/2012/2015/2016/2021/2022	striking:7 struck:7 strike:2 strikes:1
1268		swim	swɪm	n.	游泳，游；swim (swam, swum	17	4	2008/2010/2012/2015	swim:9 swum:4 swam:2 swims:2
1269		switch	swɪtʃ	v. n.	/ n. 开关,转换,改变	17	7	2010/2014/2015/2016/2018/2020/2022	switch:6 switching:5 switched:3 switches:3
1270		active	ˈæktɪv	adj.	积极的，主动的	16	6	2011/2012/2016/2017/2020/2022	active:16
1271		Antarctica	ænˈtɑːktikə	n.	* n. 南极洲	16	2	2016/2022	antarctica:16
1272		architect	ˈɑːkɪtekt	n.	建筑师，设计师	16	4	2015/2018/2020/2021	architects:13 architect:3
1273		atmosphere	ˈætməsfɪə(r)	n.	大气；气氛	16	4	2008/2016/2019/2021	atmosphere:16
1274		attempt	əˈtempt	vt.	试图，尝试	16	7	2010/2012/2013/2016/2019/2020/2021	attempt:7 attempting:5 attempts:4
1275		Australia	ɔˈstreɪljə	n.	* n. 澳洲；澳大利亚	16	7	2010/2011/2014/2018/2020/2021/2022	australia:16
1276		bath	bɑːθ; (US) bæθ	n.	洗澡；浴室；澡盆	16	5	2010/2014/2015/2018/2022	bath:6 baths:4 bathed:4 bathes:2
1277		bear	beə(r)	v. n.	承受，负担，承担；忍受；容忍 n. 熊	16	5	2012/2015/2016/2018/2019	bear:7 bears:5 bearing:2 bore:2
1278		birthday	ˈbɜːθdeɪ	n.	生日	16	6	2011/2012/2015/2017/2018/2022	birthday:9 birthdays:7
1279		borrow	ˈbɔrəʊ	v.	（向别人）借用；借	16	4	2010/2013/2017/2020	borrowed:8 borrow:4 borrowing:2 borrows:2
1280		careful	ˈkeəfʊl	adj.	小心，仔细，谨慎的	16	6	2010/2013/2015/2016/2019/2021	careful:16
1281		cell	sel	n.	（监狱的）单人牢房；（修道院等的）单人小室；（蜂巢的）小蜂窝，蜂房；［生物］ 细胞	16	5	2008/2012/2016/2018/2020	cells:10 cell:6
1282		chick	tʃɪk	n.	小鸡	16	1	2017	chick:10 chicks:6
1283		conflict	ˈkɔnflɪkt	n.	冲突，争执，争论	16	7	2010/2014/2015/2016/2017/2020/2022	conflict:9 conflicts:5 conflicting:2
1284		contribution	kɔnˈtrɪbjuːt	n.	贡献	16	6	2009/2015/2016/2018/2021/2022	contribution:9 contributions:7
1285		cross	krɔs	adj. n. vt.	脾气不好的，易怒的 n. 十字形的东西 vt. 越过；穿过	16	4	2013/2018/2020/2022	cross:13 crosses:2 crossed:1
1286		cry	kraɪ	n. v.	叫喊；哭声 v. 喊叫；哭	16	6	2012/2013/2014/2015/2016/2017	cry:10 crying:6
1287		fix	fɪks	vt.	修理；安装；确定，决定	16	4	2010/2011/2014/2015	fixed:8 fix:6 fixing:2
1288		frighten	ˈfraɪt(ə)n	vt.	使惊恐，吓唬	16	5	2010/2011/2014/2018/2019	frightened:14 frightening:2
1289		guarantee	ɡærənˈtiː	v.	保证，担保	16	5	2013/2014/2019/2020/2022	guarantee:10 guaranteed:4 guarantees:1 guaranteeing:1
1290		hearing	ˈhɪərɪŋ	n.	听力	16	6	2011/2013/2014/2017/2019/2021	hearing:16
1291		heavy	ˈhevɪ	adj.	重的	16	4	2012/2013/2016/2018	heavy:12 heavier:3 heaviest:1
1292		hungry	ˈhʌŋɡrɪ	adj.	（饥）饿的	16	6	2010/2014/2015/2017/2019/2021	hungry:16
1293		ignore	ɪɡˈnɔː(r)	v.	忽视，对…不理会	16	5	2008/2014/2015/2017/2022	ignored:12 ignoring:2 ignore:2
1294		India	ˈɪndɪə	n.	* n. 印度	16	5	2013/2014/2016/2020/2022	india:16
1295		indicate	ˈɪndɪkeɪt	v.	表明，象征，暗示	16	7	2009/2015/2016/2018/2019/2020/2022	indicates:10 indicate:3 indicating:2 indicated:1
1296		insect	ˈɪnsekt	n.	昆虫	16	3	2014/2017/2020	insects:12 insect:4
1297		lack	læk	n. vt.	缺乏，缺少	16	6	2010/2015/2016/2019/2020/2022	lack:15 lacking:1
1298		leg	leɡ	n.	腿；腿脚；支柱	16	7	2008/2011/2012/2014/2018/2020/2022	legs:8 leg:8
1299		loud	laʊd	adj.	大声的	16	6	2012/2014/2015/2017/2018/2021	loud:12 louder:2 loudest:2
1300		luck	lʌk	n.	运气，好运	16	7	2012/2013/2014/2017/2018/2020/2021	luck:16
1301		middle	ˈmɪd(ə)l	n.	中间;当中;中级的	16	8	2010/2011/2014/2017/2018/2019/2020/2022	middle:16
1302		nervous	ˈnɜːvəs	adj.	紧张不安的	16	7	2010/2013/2016/2017/2018/2019/2022	nervous:16
1303		police	pəˈliːs	n.	警察，警务人员；policeman (复-men	16	5	2011/2013/2014/2016/2020	police:15 policing:1
1304		post	pəʊst	n. v.	邮政，邮寄，邮件 v. 投寄； 邮寄	16	5	2011/2014/2016/2017/2018	post:6 posted:6 posts:4
1305		predict	prɪˈdɪkt	v.	预言，预告，预报	16	4	2017/2018/2019/2022	predicted:11 predict:2 predicts:2 predicting:1
1306		private	ˈpraɪvɪt	adj.	私人的	16	5	2010/2013/2016/2019/2020	private:16
1307		recycle	riːˈsaɪk(ə)l	vt.	回收；再循环	16	3	2014/2018/2021	recycling:8 recycled:6 recycle:2
1308		retire	rɪˈtaɪə(r)	v.	退休	16	6	2014/2015/2019/2020/2021/2022	retired:7 retirees:4 retire:3 retiring:2
1309		ruin	ˈruːɪn	vt. n.	（使）毁坏；（使） 毁灭 n. (复) 废墟；遗迹	16	6	2010/2014/2016/2018/2019/2020	ruin:7 ruined:5 ruining:2 ruins:2
1310		sky	skaɪ	n.	天；天空	16	7	2008/2012/2014/2016/2019/2021/2022	sky:16
1311		smell	smel	v. n.	嗅，闻到；发气味；气味	16	7	2010/2012/2013/2015/2016/2017/2018	smell:15 smelled:1
1312		somebody	ˈsʌmbʌdɪ; ˈsʌmbədɪ	pron.	某人；有人；有名气的人	16	8	2008/2010/2011/2013/2016/2017/2019/2021	somebody:16
1313		straight	streɪt	adj. adv.	一直的，直的 ad. 一直地，直地	16	5	2008/2010/2012/2015/2020	straight:14 straighter:2
1314		struggle	ˈstrʌɡ(ə)l	vi.	斗争	16	6	2009/2013/2014/2016/2017/2018	struggling:8 struggled:5 struggle:3
1315		succeed	səkˈsiːd	vi.	成功	16	7	2010/2011/2012/2013/2015/2019/2020	succeed:11 succeeded:4 succeeding:1
1316		teenager	ˈtiːneɪdʒə(r)	n.	（13～19岁的）青少年，十几岁的少年	16	5	2011/2016/2019/2021/2022	teenager:8 teenagers:8
1317		war	wɔː(r)	n.	战争	16	5	2010/2013/2015/2016/2018	war:11 wars:5
1318		wildlife	ˈwaɪldlaɪf	n.	野生动物	16	5	2010/2011/2017/2021/2022	wildlife:16
1319		absorb	əbˈsɔːb	v.	吸收，使全神贯注	15	5	2008/2009/2017/2018/2019	absorbed:8 absorb:6 absorbs:1
1320		AD	ˌeɪˈdiː	n.	公元	15	3	2009/2011/2019	ad:15
1321		agency	ˈeɪdʒənsɪ	n.	代理机构	15	3	2011/2016/2019	agencies:12 agency:3
1322		announce	əˈnaʊns	vt.	宣布，宣告	15	6	2009/2010/2011/2017/2018/2022	announced:11 announcing:2 announce:2
1323		arrival	əˈraɪv(ə)l	n.	到来，到达	15	5	2014/2015/2018/2020/2021	arrival:13 arrivals:2
1324		associate	əˈsəʊʃɪeɪt	v.	联想，联系	15	5	2010/2017/2018/2019/2020	associate:11 associated:4
1325		aware	əˈweə(r)	adj.	知道，意识到，发觉	15	5	2011/2013/2015/2016/2018	aware:15
1326		beauty	ˈbjuːtɪ	n.	美丽，美人	15	6	2010/2015/2017/2019/2020/2022	beauty:15
1327		birth	bɜːθ	n.	出生； 诞生	15	4	2010/2015/2017/2019	birth:14 births:1
1328		boss	bɔs	n.	领班；老板	15	5	2009/2010/2011/2013/2019	boss:15
1329		brown	braʊn	n. adj.	褐色，棕色 a. 褐色的，棕色的	15	5	2010/2012/2015/2018/2020	brown:15
1330		ceremony	ˈserɪmənɪ	n.	典礼，仪式，礼节	15	6	2009/2011/2014/2015/2016/2022	ceremony:12 ceremonies:3
1331		challenging	ˈtʃælɪndʒɪŋ	adj.	具有挑战性的	15	5	2017/2018/2020/2021/2022	challenging:15
1332		chess	tʃes	n.	棋	15	2	2013/2018	chess:15
1333		climate	ˈklaɪmɪt	n.	气候	15	3	2011/2018/2022	climate:15
1334		confirm	kənˈfɜːm	v.	证实，证明，确认	15	5	2014/2016/2018/2020/2022	confirmed:11 confirm:4
1335		correct	kəˈrekt	v. adj.	改正；纠正 a. 正确的，对的；恰当的	15	5	2010/2011/2013/2014/2022	correct:14 correcting:1
1336		creature	ˈkriːtʃə(r)	n.	生物，动物	15	6	2009/2015/2017/2020/2021/2022	creatures:10 creature:5
1337		credit	ˈkredɪt	n.	信用；信赖；信誉	15	4	2013/2014/2018/2022	credits:12 credit:3
1338		dive	daɪv	vi.	跳水	15	5	2008/2009/2018/2019/2020	diving:8 dive:5 dived:2
1339		drawing	ˈdrɔːɪŋ	n.	图画，素描,绘画；dream (dreamt, dreamt 或--ed, --ed	15	6	2010/2013/2014/2015/2019/2021	drawing:11 drawings:4
1340		entry	ˈentrɪ	n.	进入	15	7	2008/2014/2015/2016/2020/2021/2022	entry:9 entries:6
1341		evolution	iːvəˈluːʃ(ə)n; (US) ev-	n.	进化，演变	15	3	2014/2018/2020	evolution:15
1342		exactly	ɪɡˈzæktli	adv.	精确地；确切地	15	7	2008/2010/2011/2015/2016/2020/2022	exactly:15
1343		expression	ɪkˈspreʃ(ə)n	n.	表达；词句；表示，说法；表情	15	6	2010/2011/2013/2014/2015/2020	expressions:8 expression:7
1344		goods	ɡʊd	n.	商品，货物；goose (复 geese	15	6	2008/2009/2010/2011/2013/2020	goods:15
1345		graduate	ˈɡrædjʊət	v.	毕业	15	5	2011/2013/2015/2018/2020	graduate:8 graduated:5 graduates:2
1346		grandparents	ˈɡrændpeərənt	n.	祖父母.外祖父母	15	2	2016/2018	grandparents:15
1347		Italian	ɪˈtæljən	adj. n.	意大利(人)的；意大利语的 n. 意大利人；意大利语	15	6	2010/2011/2015/2016/2020/2022	italian:10 italians:5
1348		jump	dʒʌmp	n. v.	跳跃；跳变 v. 跳跃；惊起；猛扑	15	6	2013/2014/2015/2016/2018/2019	jumped:8 jumping:3 jumps:2 jump:2
1349		lake	leɪk	n.	湖	15	6	2008/2014/2016/2018/2019/2020	lakes:10 lake:5
1350		latest	ˈleɪtɪst	adj.	最近，最新的；最晚的	15	5	2011/2014/2018/2020/2022	latest:15
1351		lecture	ˈlektʃə(r)	n.	讲课，演讲	15	3	2011/2016/2022	lecture:9 lectures:6
1352		mobile	ˈməʊbaɪl; (US) məʊbl	adj.	活动的，可移动的	15	5	2016/2017/2018/2020/2021	mobile:15
1353		persuade	ˈpɜːsənəlɪ	vt.	说服，劝说	15	9	2008/2009/2010/2012/2014/2018/2019/2020/2021	persuade:8 persuading:4 persuaded:3
1354		player	ˈpleɪə(r)	n.	比赛者，选手	15	4	2015/2016/2018/2019	player:10 players:5
1355		print	prɪnt	vt.	印刷	15	6	2008/2011/2016/2017/2018/2020	printed:13 print:2
1356		purchase	ˈpɜːtʃəs	v.	购买，采购	15	6	2010/2012/2013/2018/2019/2020	purchase:10 purchased:3 purchases:2
1357		quiet	ˈkwaɪət	adj.	安静的；寂静的	15	6	2011/2012/2013/2016/2019/2020	quiet:14 quieter:1
1358		recover	rɪˈkʌvə(r)	vi.	痊愈；恢复	15	6	2010/2012/2013/2017/2019/2021	recovering:7 recovered:5 recover:3
1359		rescue	ˈreskjuː	vt.	营救，援救	15	4	2014/2016/2017/2019	rescue:12 rescued:3
1360		rope	rəʊp	n.	绳，索	15	3	2008/2011/2014	rope:10 ropes:5
1361		shout	ˈʃəʊldə(r)	n. v.	喊，高声呼喊	15	5	2011/2012/2014/2018/2021	shouted:6 shouting:6 shouts:3
1362		spirit	ˈspɪrɪt	n.	精神	15	5	2010/2011/2013/2017/2018	spirits:9 spirit:6
1363		tear	teə(r)	n. v.	眼泪 v. 扯破, 撕开	15	6	2008/2010/2012/2014/2015/2020	tears:11 tear:3 tore:1
1364		television	ˈtelɪɡrɑːf; (US) -ɡræf	n.	电视；tell (told, told	15	4	2008/2011/2015/2018	television:14 televisions:1
1365		update		v.	使现代化, 修正, 校正, 更新 修正, 校正, 更新	15	5	2015/2016/2017/2018/2021	update:9 updated:4 updates:2
1366		valley	ˈvælɪ	n.	山谷, 溪谷	15	4	2010/2017/2019/2020	valley:11 valleys:4
1367		victim	ˈvɪktɪm	n.	受害者，牺牲品	15	3	2011/2015/2016	victim:11 victims:4
1368		worse	wɜːs	adj.	(bad的比较级)更坏的	15	7	2010/2013/2014/2016/2018/2020/2021	worse:15
1369		addition	əˈdɪʃ(ə)n	n.	增加;（算数用语）加	14	7	2011/2013/2015/2016/2017/2019/2020	addition:14
1370		advantage	ədˈvɑːntɪdʒ	n.	优点； 好处	14	8	2008/2011/2013/2015/2016/2017/2019/2020	advantage:9 advantages:5
1371		afford	əˈfɔːd	vt.	负担得起（……的费用）；抽得出（时间）；提供	14	7	2008/2010/2011/2013/2016/2020/2021	afford:14
1372		attach	əˈtætʃ	v.	把…固定，重视	14	4	2010/2020/2021/2022	attached:10 attach:4
1373		attraction	əˈtrækʃ(ə)n	n.	吸引，爱慕	14	5	2010/2015/2020/2021/2022	attractions:8 attraction:6
1374		August	ˈɔːɡəst	n.	8月	14	5	2013/2015/2016/2017/2018	august:14
1375		banana	bəˈnɑːnə; (US) bəˈnænə	n.	香蕉	14	1	2018	bananas:14
1376		bar	bɑː(r)	n.	条（长方）块，棒，横木 n.（酒店的）买酒柜台；酒吧；（卖东西的）柜台	14	2	2016/2019	bar:14
1377		battle	ˈbæt(ə)l	n.	战斗；战役	14	5	2013/2015/2018/2019/2020	battle:10 battles:2 battled:2
1378		celebration	selɪˈbreɪʃ(ə)n	n.	庆祝；庆祝会	14	4	2014/2015/2017/2018	celebration:7 celebrations:7
1379		chopsticks	ˈtʃɔpstɪks	n.	筷子	14	3	2015/2016/2022	chopsticks:14
1380		Christmas	ˈkrɪsməs	n.	圣诞节（12月25日	14	4	2011/2014/2016/2020	christmas:14
1381		church	tʃɜːtʃ	n.	教堂；教会	14	4	2012/2013/2015/2019	church:12 churches:2
1382		comment	ˈkɔment	n.	评论	14	6	2012/2015/2017/2018/2019/2021	comment:7 comments:7
1383		contribute	kənˈtrɪbjuːt	v.	贡献	14	4	2008/2014/2015/2020	contribute:5 contributes:4 contributing:3 contributed:2
1384		count	kaʊnt	vt.	数，点数	14	4	2011/2017/2018/2019	count:7 counted:4 counts:3
1385		cure	kjʊə(r)	n. vt.	治疗；医好	14	7	2012/2013/2015/2016/2017/2019/2020	cure:7 cured:5 cures:2
1386		danger	ˈdeɪndʒə(r)	n.	危险	14	6	2010/2011/2013/2016/2020/2022	danger:9 dangers:5
1387		decline	dɪˈklaɪn	v.	减少,下降,衰退,谢绝	14	5	2014/2016/2017/2018/2019	decline:9 declined:2 declining:2 declines:1
1388		district	ˈdɪstrɪkt	n.	区；地区；区域	14	5	2010/2011/2016/2017/2020	district:13 districts:1
1389		egg	eɡ	n.	蛋；卵	14	4	2011/2013/2015/2020	eggs:9 egg:5
1390		European	jʊərəˈpiːən	adj. n.	欧洲的，欧洲人的 n. 欧洲人	14	6	2010/2011/2012/2013/2021/2022	european:12 europeans:2
1391		except	ɪkˈsept	prep.	除……之外	14	5	2008/2011/2015/2019/2021	except:14
1392		excuse	ɪkˈskjuːz	n. vt.	借口.辩解 vt.原谅.宽恕	14	4	2010/2013/2017/2019	excuse:12 excused:2
1393		fan	fæn	n.	（电影、运动等的）迷；热心的爱好者（支持者） n. 风扇	14	5	2011/2012/2015/2021/2022	fans:9 fan:5
1394		favorite	ˈfeɪvərɪt	adj. n.	最喜爱的；最喜爱的人（物）（英式 favourite）	14	6	2008/2010/2011/2012/2015/2021	favorite:12 favorites:2
1395		forbid	fəˈbɪd	vt.	(forbade, forbidden) vt. 禁止，不许	14	5	2008/2011/2015/2016/2019	forbidden:7 forbidding:4 forbids:2 forbid:1
1396		furniture	ˈfɜːnɪtʃə(r)	n.	（总称）家具	14	4	2008/2010/2013/2018	furniture:14
1397		inch	ɪntʃ	n.	英寸	14	4	2008/2011/2015/2017	inches:8 inch:6
1398		Ireland	ˈaɪələnd	n.	* n. 爱尔兰	14	1	2011	ireland:12 irelands:2
1399		juice	dʒuːs	n.	汁、液	14	4	2015/2018/2019/2022	juice:10 juices:4
1400		lay		v.	放, 搁	14	5	2014/2016/2017/2019/2021	lay:9 laid:3 layer:2
1401		measure	ˈmeʒə(r)	v.	量	14	4	2010/2013/2014/2019	measures:10 measured:4
1402		neighborhood	ˈneɪbəhʊd	n.	邻近地区；街区（英式 neighbourhood）	14	3	2011/2013/2015	neighborhood:13 neighborhoods:1
1403		note	nəʊt	n. vt.	便条，笔记，注释；钞票，纸币；音符，音调 vt. 记下，记录；注意，留意	14	7	2008/2009/2011/2017/2019/2020/2021	note:14
1404		rain	reɪn	n. vi.	雨，雨水 vi. 下雨	14	5	2010/2011/2015/2016/2019	rain:9 raining:4 rains:1
1405		regard	rɪˈɡɑːd	v.	把……看作	14	6	2012/2015/2016/2019/2021/2022	regard:9 regarded:3 regarding:2
1406		regret	rɪˈɡret	n. vt.	/ vt.可惜,遗憾;痛惜;哀悼	14	8	2008/2013/2015/2017/2019/2020/2021/2022	regretted:8 regret:6
1407		responsibility	rɪspɔnsɪˈbɪlɪtɪ	n.	责任，负责	14	5	2014/2015/2016/2019/2021	responsibility:10 responsibilities:4
1408		satisfy	ˈsætɪsfaɪ	vt.	满足，使满意	14	5	2010/2011/2013/2015/2017	satisfied:7 satisfying:5 satisfy:2
1409		scholar	ˈskɔlə(r)	n.	学者	14	4	2014/2016/2017/2020	scholars:9 scholar:5
1410		sharp	ʃɑːp	adj.	锋利的，尖的	14	5	2013/2015/2017/2018/2022	sharp:13 sharper:1
1411		temperature	ˈtemprɪtʃə(r)	n.	温度	14	5	2008/2012/2014/2015/2018	temperature:7 temperatures:7
1412		tie	taɪ	vt. n.	（用绳，线）系，拴，扎 n. 领带，绳子，结；关系	14	8	2008/2009/2011/2012/2015/2016/2021/2022	tied:8 ties:3 tie:3
1413		tube	tjuːb; (US) tuːb	n.	管，管状物	14	2	2017/2018	tube:12 tubes:2
1414		video	ˈvɪdɪəʊ	n.	录像，视频	14	4	2008/2014/2019/2020	videos:7 video:6 videoing:1
1415		wax	wæks	n.	蜡	14	1	2012	wax:14
1416		wheel	wiːl; (US) hwiːl	n.	轮，机轮	14	3	2012/2013/2017	wheel:8 wheels:4 wheeled:2
1417		zone	zuː	n.	区域；范围	14	5	2017/2018/2019/2020/2021	zone:8 zones:6
1418		adapt	əˈdæpt	v.	使适应，适合，改编	13	1	2020	adapting:6 adapt:4 adapted:3
1419		adaptation	ədæpˈteɪʃ(ə)n	n.	适应，改编本	13	3	2015/2017/2020	adaptation:11 adaptations:2
1420		ant	ænt	n.	蚂蚁	13	2	2015/2020	ants:9 ant:4
1421		appreciate	əˈpriːʃɪeɪt	v.	欣赏； 感激	13	4	2015/2017/2018/2020	appreciate:9 appreciated:4
1422		aside	əˈsaɪd	adv.	在旁边	13	6	2011/2013/2018/2020/2021/2022	aside:13
1423		attractive	əˈtræktɪv	adj.	迷人的，有吸引力的	13	5	2010/2011/2015/2018/2020	attractive:13
1424		awkward	ˈɔːkwəd	adj.	令人尴尬,使人难堪的	13	5	2009/2013/2018/2019/2021	awkward:13
1425		bedroom	ˈbedruːm	n.	寝室，卧室	13	5	2008/2016/2017/2020/2021	bedroom:12 bedrooms:1
1426		bill	bɪl	n.	账单；法案，议案； （美）钞票，纸币	13	4	2012/2014/2016/2017	bill:9 bills:4
1427		billion	ˈbɪlɪən	num.	十亿，百亿	13	6	2010/2013/2014/2016/2020/2022	billion:8 billions:5
1428		bit	bɪt	n.	一点，一些，少量的；bite (bit, bitten	13	5	2010/2017/2019/2020/2022	bit:9 bites:4
1429		block	blɔk	n. vt.	大块；（木、石等）块；街区；路障 vt. 阻塞；阻挡	13	6	2010/2015/2018/2019/2020/2021	blocks:6 block:5 blocking:2
1430		bond	bɔnd	n. v.	/v. 纽带，联系，使牢固	13	5	2009/2014/2016/2018/2020	bond:12 bonding:1
1431		clearly	ˈklɪəlɪ	adv.	清楚地，无疑地	13	4	2012/2018/2019/2021	clearly:13
1432		clothing	ˈkləʊðɪŋ	n.	(总称) 衣服	13	3	2012/2019/2021	clothing:13
1433		commercial	kəˈmɜːʃ(ə)l	adj.	商业的，贸易的	13	4	2012/2014/2015/2016	commercial:11 commercials:2
1434		confuse	kənˈfjuːz	v.	使迷惑，混淆	13	4	2014/2015/2016/2022	confused:13
1435		consume	kənˈsʌltənt	v.	消耗，耗费（燃料，能量，时间等	13	5	2015/2017/2018/2020/2022	consumed:7 consume:4 consuming:2
1436		diet	daɪ	n.	饮食	13	4	2010/2015/2017/2018	diet:10 diets:3
1437		dig		v.	挖; 掘	13	3	2017/2018/2021	dug:6 dig:4 digging:3
1438		disaster	dɪˈzɑːstə(r); (US) dɪzˈæstər	n.	灾难；祸患	13	3	2016/2017/2019	disasters:8 disaster:5
1439		dull	dʌl	adj.	阴暗的；单调无味	13	5	2010/2015/2017/2019/2020	dull:11 dulled:2
1440		empty	ˈemptɪ	adj.	空的	13	7	2010/2011/2016/2018/2019/2020/2022	empty:11 emptied:2
1441		everybody	evribɒdi	pron.	每人，人人	13	4	2010/2012/2018/2019	everybody:13
1442		factory	ˈfæktəri	n.	工厂	13	5	2010/2011/2012/2013/2020	factory:11 factories:2
1443		gradually	ˈɡrædjʊəlɪ	adv.	逐渐地	13	6	2013/2015/2017/2018/2019/2020	gradually:13
1444		hesitate		v.	犹豫, 踌躇, 不愿	13	5	2013/2016/2018/2020/2021	hesitated:6 hesitate:5 hesitating:2
1445		independence	ɪndɪˈpendəns	n.	独立	13	5	2011/2013/2014/2015/2017	independence:13
1446		injure	ˈɪndʒə(r)	vt.	损害，伤害	13	5	2010/2011/2016/2017/2019	injured:13
1447		injury	ˈɪndʒərɪ	n.	受伤处	13	4	2012/2015/2017/2020	injuries:11 injury:2
1448		insist	ɪnˈsɪst	vi.	坚持；坚决认为	13	4	2012/2013/2020/2022	insist:4 insisting:3 insisted:3 insists:3
1449		instruction	ɪnˈstrʌkʃ(ə)n	n.	说明,须知;教导	13	4	2014/2016/2017/2022	instructions:12 instruction:1
1450		Irish	ˈaɪərɪʃ	adj.	爱尔兰的，爱尔兰人的	13	2	2010/2011	irish:13
1451		joke	dʒəʊk	n.	笑话	13	3	2018/2019/2021	jokes:8 joke:3 joked:2
1452		lamp	læmp	n.	灯，油灯；光源	13	4	2012/2015/2020/2021	lamps:12 lamp:1
1453		lovely	ˈlʌvlɪ	adj.	美好的，可爱的	13	4	2017/2018/2020/2022	lovely:13
1454		lucky	ˈlʌkɪ	adj.	运气好，侥幸	13	5	2010/2011/2013/2017/2020	lucky:13
1455		medicine	ˈmeds(ə)n; (US) ˈmedɪsn	n.	药	13	3	2013/2015/2016	medicine:10 medicines:3
1456		mexican	ˈmeksɪkən	adj.	墨西哥的	13	5	2010/2012/2016/2018/2022	mexican:7 mexicans:6
1457		Monday	ˈmʌndeɪ	n.	星期一	13	4	2008/2017/2018/2020	monday:13
1458		nearby	ˈnɪəbaɪ	adj.	附近的	13	6	2008/2012/2015/2016/2018/2019	nearby:13
1459		oh	əʊ	int.	哦！啊！	13	6	2008/2012/2014/2016/2021/2022	oh:13
1460		oil	ɔɪl	n.	油	13	4	2011/2016/2018/2020	oil:13
1461		onto	ˈɔntʊ	prep.	到…的上面	13	5	2012/2019/2020/2021/2022	onto:13
1462		orange	ˈɔrɪndʒ; (US) ˈɔːr-	n. adj.	橘子，橙子，橘汁 a. 橘色的，橙色的	13	5	2013/2015/2018/2019/2020	orange:8 oranges:5
1463		overcome	əʊvəˈkʌm	v.	克服，解决	13	4	2010/2013/2015/2019	overcome:10 overcoming:3
1464		plate	pleɪt	n.	板；片；牌；盘子；盆子	13	4	2012/2015/2016/2022	plate:10 plates:3
1465		pour	pɔː(r)	vi.	倾泻，不断流出	13	7	2010/2015/2016/2017/2020/2021/2022	pour:4 pouring:4 poured:3 pours:2
1466		press	ˈprezɪdənt	vt. n.	压,按 n.新闻界,出版社	13	5	2010/2013/2019/2020/2021	pressed:6 press:5 presses:2
1467		pretty	ˈprɪtɪ	adj.	漂亮的，俊俏的	13	6	2008/2009/2011/2016/2019/2022	pretty:13
1468		pump	ˈpʌmp	vt.	用泵抽水	13	4	2009/2010/2011/2017	pump:7 pumped:3 pumping:3
1469		relief	rɪˈliːf	n.	轻松,解脱,缓和,救济	13	6	2009/2016/2017/2018/2019/2020	relief:13
1470		remote	rɪˈməʊt	adj.	偏远的，偏僻的	13	5	2011/2014/2019/2020/2022	remote:13
1471		requirement	rɪˈkwaɪəmənt	n.	需要； 要求； 必要的条件	13	6	2010/2013/2016/2017/2020/2022	requirements:8 requirement:5
1472		root	ruːt	n.	根，根源，起源	13	5	2008/2014/2015/2017/2020	roots:6 root:5 rooted:2
1473		seven	ˈsev(ə)n	num.	七	13	6	2010/2012/2016/2017/2019/2020	seven:13
1474		ship	ʃɪp	n. vi.	船，轮船 vi. 用船装运	13	5	2010/2014/2015/2016/2022	ship:8 shipped:3 ships:2
1475		shoulder	ˈʃəʊldə(r)	n.	肩膀,(道路的)路肩	13	6	2008/2011/2013/2014/2016/2019	shoulder:11 shoulders:2
1476		silent	ˈsaɪlənt	adj.	无声的，无对话的	13	5	2013/2014/2016/2018/2019	silent:13
1477		solar	ˈsəʊlə(r)	adj.	太阳的	13	3	2008/2009/2017	solar:13
1478		strict	strɪkt	adj.	严格的，严密的	13	6	2011/2013/2014/2016/2017/2021	strict:13
1479		sunlight	ˈsʌnlaɪt	n.	日光，阳光	13	3	2008/2013/2019	sunlight:13
1480		sweet	swiːt	n. adj.	甜食;蜜饯;甜点;糖果;芳香a.甜的;新鲜的;可爱的;亲切的；swell (swelled, swollen	13	4	2013/2015/2016/2018	sweet:9 sweets:2 sweeter:2
1481		terrible	ˈterɪb(ə)l	adj.	可怕的；糟糕的	13	6	2012/2013/2014/2015/2017/2020	terrible:13
1482		tough	tʌf	adj.	坚硬的；结实的；棘手的，难解的	13	5	2012/2013/2014/2016/2020	tough:8 tougher:3 toughest:2
1483		truck	trʌk	n. v.	卡车, 运货车；车皮 v. 装车；用货车运	13	6	2011/2012/2014/2015/2017/2021	truck:11 trucks:2
1484		truth	truːθ	n.	真理,事实,真相,实际	13	6	2009/2010/2011/2016/2020/2022	truth:13
1485		valuable	ˈvæljʊəb(ə)l	adj.	值钱的，贵重的	13	5	2008/2014/2016/2017/2020	valuable:13
1486		wander	ˈwɔndə(r)	vi.	漫游,游荡,漫步,流浪	13	3	2018/2020/2021	wander:8 wandering:4 wanders:1
1487		well-known	ˌwelˈnəʊn	adj.	出名的，众所周知的	13	0		well-known:13
1488		willing	ˈwɪlɪŋ	adj.	乐意的； 愿意的	13	5	2013/2014/2015/2016/2020	willing:13
1489		affect	əˈfekt	vt.	影响	12	7	2010/2011/2015/2016/2019/2020/2021	affect:6 affected:4 affects:2
1490		Africa	ˈæfrɪkə	n.	* n. 非洲	12	6	2012/2014/2018/2019/2020/2022	africa:12
1491		alarm	əˈlɑːm	n.	警报	12	4	2014/2015/2017/2018	alarm:12
1492		appetite	ˈæpɪtaɪt	n.	食欲，胃口	12	4	2012/2014/2015/2017	appetites:7 appetite:5
1493		arrange	əˈreɪndʒ	v.	安排，布置	12	3	2015/2016/2017	arranged:6 arrange:4 arranges:1 arranging:1
1494		assess	əˈses	v.	评价,评定（性质,质量	12	5	2015/2016/2019/2020/2021	assessed:6 assess:3 assessing:3
1495		astonish	əˈstɔnɪʃ	vt.	使惊讶	12	6	2010/2011/2013/2016/2018/2020	astonished:7 astonishing:5
1496		Australian	ɔˈstreɪlɪən	adj. n.	澳洲的，澳大利亚人的 n. 澳大利亚人	12	2	2016/2021	australian:8 australians:4
1497		basis	ˈbeɪsɪs	n.	原因，缘由，要素	12	6	2010/2014/2018/2019/2020/2022	basis:12
1498		below	bɪˈləʊ	prep.	在……下面	12	5	2009/2014/2016/2018/2019	below:12
1499		blame	bleɪm	n. v.	责备；责怪	12	5	2010/2016/2017/2020/2021	blame:10 blamed:1 blaming:1
1500		blow	bləʊ	n.	击；打击；blow (blew, blown	12	4	2010/2012/2016/2019	blowing:5 blows:3 blew:2 blow:1
1501		bread	bred	n.	面包	12	4	2010/2011/2014/2015	bread:12
1502		breath	breθ	n.	气息；呼吸	12	5	2008/2010/2015/2019/2022	breathing:6 breath:5 breathes:1
1503		brush	brʌʃ	v. n.	刷；擦 n. 刷子	12	3	2011/2014/2021	brushes:5 brushed:3 brush:3 brushing:1
1504		campaign	kæmˈpeɪn	n.	运动，战役；can (could) canˈt = can not modal	12	3	2011/2014/2019	campaign:8 campaigns:4
1505		cat	kæt	n.	猫 	12	3	2014/2016/2022	cat:11 cats:1
1506		claw	klɔː	n.	爪	12	1	2010	claws:10 claw:2
1507		crowd	kraʊd	n. vt.	人群 vt. 拥挤，群聚	12	6	2010/2014/2015/2016/2017/2019	crowds:10 crowd:2
1508		delay	dɪˈleɪ	v. n.	拖延，延误，延迟，延期；耽搁	12	3	2011/2013/2020	delayed:8 delay:4
1509		disappointed		adj.	失望的	12	5	2010/2015/2017/2018/2021	disappointed:12
1510		dozen	ˈdaʊnwəd	n.	十二个；几十，许多；Dr(缩) = Doctor	12	6	2010/2014/2015/2016/2018/2020	dozen:6 dozens:6
1511		entire	ɪnˈtaɪə(r)	adj.	整个的，全部的	12	5	2012/2013/2017/2020/2021	entire:12
1512		exam	ɪɡˈzæm	n.	考试，测试	12	3	2012/2013/2015	exams:9 exam:3
1513		failure	ˈfeɪljə(r)	n.	失败	12	4	2010/2012/2019/2020	failure:8 failures:4
1514		fee	fiː	n.	费，费用；feed (fed, fed	12	1	2015	fees:10 fee:2
1515		Greek	ɡriːk	adj. n.	/ n. 希腊的，希腊人的，希腊语的 ; 希腊人，希腊语	12	4	2011/2012/2020/2022	greeks:7 greek:5
1516		hair	heə(r)	n.	头发	12	3	2009/2010/2021	hair:12
1517		hang			处（人）绞刑; 上吊 (hung, hung) v.悬挂, 把…吊起	12	4	2010/2011/2013/2020	hung:4 hang:3 hangs:3 hanging:2
1518		harmful	ˈhɑːmfʊl	adj.	有害的；致伤的	12	4	2012/2015/2016/2020	harmful:12
1519		hate	heɪt	vt. n.	恨，讨厌；have (has, had, had	12	6	2009/2011/2013/2018/2020/2021	hate:12
1520		height	haɪt	n.	高，高度	12	4	2010/2011/2013/2014	height:8 heights:4
1521		helpful	ˈhelpfʊl	adj.	有帮助的，有益的	12	6	2009/2012/2015/2017/2021/2022	helpful:12
1522		herself	hɜːˈself	pron.	她自己	12	6	2012/2014/2016/2019/2020/2022	herself:12
1523		hunt	hʌnt	vt.	寻找；狩猎，猎取	12	4	2010/2016/2019/2020	hunting:5 hunted:4 hunt:3
1524		independent	ɪndɪˈpendənt	adj.	独立的,有主见的	12	7	2010/2011/2012/2016/2017/2018/2022	independent:12
1525		knee	niː	n.	膝盖	12	5	2013/2018/2020/2021/2022	knee:9 knees:3
1526		lab	læb	n.	= laboratory n. 实验室；labour (美labor	12	3	2017/2020/2022	lab:12
1527		mass	mæs	n.	众多;大量;（复）群众	12	5	2009/2014/2016/2019/2020	mass:9 masses:3
1528		memorial	mɪˈmɔːrɪəl	n.	纪念馆	12	3	2010/2016/2018	memorial:6 memorials:6
1529		mental	ˈment(ə)l	adj.	精神的；脑力的	12	6	2009/2010/2013/2016/2017/2020	mental:12
1530		merchant	ˈmɜːtʃənt	adj. n.	商业的；商人的 n. 商人；生意人	12	3	2010/2011/2017	merchants:6 merchant:6
1531		Ms				12	3	2010/2011/2016	ms:12
1532		nation	ˈneɪʃ(ə)n	n.	民族，国家	12	5	2008/2012/2014/2017/2022	nations:10 nation:2
1533		nobody	ˈnəʊbədɪ	n. pron.	渺小人物 pron. 没有人，谁也不	12	4	2011/2013/2016/2019	nobody:12
1534		October	ɔkˈtəʊbə(r)	n.	10月	12	3	2016/2017/2021	october:12
1535		pipe	paɪp	n.	管子，输送管	12	3	2009/2010/2016	pipes:7 pipe:5
1536		platform	ˈplætfɔːm	n.	讲台,(车站的)月台	12	3	2015/2020/2021	platform:6 platforms:6
1537		poem	ˈpəʊɪm	n.	诗	12	5	2008/2010/2012/2014/2020	poems:6 poem:6
1538		policy	ˈpɔlɪsɪ	n.	政策，方针，原则	12	4	2008/2013/2017/2022	policy:7 policies:5
1539		polite	pəˈlaɪt	adj.	有礼貌的,有教养的	12	4	2008/2010/2011/2020	polite:12
1540		possibility	pɔsɪˈbɪlɪtɪ	n.	可能，可能性	12	4	2010/2012/2016/2020	possibility:9 possibilities:3
1541		preview	ˈpriːvjuː	vt.	预习;试演;预展	12	2	2011/2019	previews:10 preview:2
1542		radio	reɪdɪəʊ	n.	无线电，收音机	12	4	2011/2015/2017/2020	radio:12
1543		recommend	rekəˈmend	v.	推荐	12	5	2009/2017/2019/2020/2022	recommend:7 recommended:4 recommending:1
1544		register	ˈredʒɪstə(r)	n. v.	登记簿，花名册，注册员 v. 登记，注册	12	4	2010/2016/2017/2020	register:6 registered:4 registers:2
1545		rose	rəʊz	n.	玫瑰花	12	5	2011/2016/2018/2019/2022	rose:12
1546		sad	sæd	adj.	（使人）悲伤的	12	4	2010/2013/2016/2017	sad:12
1547		sing		v.	唱, 唱歌	12	6	2010/2011/2012/2013/2017/2018	sing:6 singing:3 sings:2 sung:1
1548		straw	strɔː	n.	稻草	12	1	2021	straw:6 straws:6
1549		strengthen	ˈstreŋθ(ə)n	vt.	加强，增强	12	5	2013/2014/2016/2019/2022	strengthen:5 strengthened:4 strengthens:3
1550		suffer	ˈsʌfə(r)	vi.	受苦，遭受	12	6	2008/2010/2012/2016/2019/2022	suffered:6 suffer:4 suffers:2
1551		survival	səˈvaɪv(ə)l	n.	存活，幸存	12	6	2013/2015/2016/2017/2018/2020	survival:12
1552		survive	səˈvaɪv	v.	生存，存活，幸免于难	12	5	2010/2014/2015/2021/2022	survived:5 surviving:4 survive:3
1553		talent	ˈtælənt	n.	天才，天赋	12	4	2010/2013/2016/2019	talent:11 talents:1
1554		theory	θɪəˈretɪk(ə)l	n.	理论	12	4	2013/2018/2020/2022	theory:8 theories:4
1555		unwilling	ʌnˈwɪlɪŋ	adj.	不愿意的，勉强的	12	6	2013/2017/2018/2019/2020/2022	unwilling:12
1556		upset	ʌpˈset	adj.	心烦的，苦恼的	12	4	2012/2014/2020/2022	upset:6 upsets:4 upsetting:2
1557		Wednesday	ˈwenzdeɪ	n.	星期三	12	5	2008/2013/2016/2017/2019	wednesday:10 wednesdays:2
1558		worldwide	ˈwɜːldwaɪd	adj.	遍及全球的，世界范围的	12	7	2010/2011/2015/2017/2018/2019/2022	worldwide:12
1559		worst	wɜːst	adj.	(bad的最高级)最坏的	12	5	2010/2011/2013/2017/2018	worst:12
1560		abandon	əˈbændən	v.	抛弃，舍弃，放弃	11	6	2016/2017/2018/2020/2021/2022	abandoned:10 abandoning:1
1561		access	ˈækses	n. v.	/ v. 通道，入径，存取（计算机文件	11	7	2010/2013/2015/2016/2019/2020/2021	access:10 accessed:1
1562		address	əˈdres	n.	地址	11	5	2008/2011/2014/2017/2022	address:7 addresses:3 addressed:1
1563		agent	ˈeɪdʒənt	n.	代理人，经纪人	11	3	2014/2016/2017	agent:9 agents:2
1564		aid	eɪd	n.	援助；救护；辅助器具	11	5	2016/2018/2019/2021/2022	aid:11
1565		alive	əˈlaɪv	adj.	活着的，存在的	11	3	2010/2014/2018	alive:11
1566		amaze	əˈmeɪz	v.	惊奇，惊叹；震惊	11	5	2012/2014/2016/2018/2020	amazed:10 amaze:1
1567		amazing	əˈmeɪzɪŋ	adj.	惊奇,惊叹的;震惊的；ambassador (ambassadress	11	4	2015/2017/2019/2022	amazing:11
1568		anger	ˈæŋɡə(r)	n.	怒，愤怒	11	4	2015/2016/2018/2020	anger:11
1569		annual	ˈænjʊəl	adj.	每年的，年度的，一年一次的	11	5	2014/2017/2019/2021/2022	annual:11
1570		appearance	əˈpɪərəns	n.	出现，露面；容貌	11	3	2010/2020/2021	appearance:11
1571		Asian	ˈeɪʃ(ə)n	adj. n.	亚洲（人）的n. 亚洲人	11	4	2008/2010/2011/2016	asian:11
1572		assistant	əˈsɪst(ə)nt	n.	助手，助理	11	5	2008/2011/2014/2016/2020	assistant:11
1573		bathroom	ˈbɑːθruːm	n.	浴室，盥洗室	11	5	2008/2015/2017/2019/2020	bathroom:9 bathrooms:2
1574		belong	bɪˈlɔŋ	vi.	属，附属	11	4	2012/2016/2018/2021	belonging:8 belong:3
1575		boat	bəʊt	n.	小船，小舟	11	4	2009/2011/2020/2022	boat:6 boats:5
1576		brilliant	ˈbrɪlɪənt	adj.	巧妙的，使人印象深刻的，技艺高的；bring (brought, brought	11	5	2013/2016/2019/2020/2022	brilliant:11
1577		broken	ˈbrəʊkən	adj.	弄坏了的	11	3	2012/2015/2016	broken:11
1578		certainly	ˈsɜːtənlɪ	adv.	当然；一定，无疑	11	5	2008/2012/2015/2017/2021	certainly:11
1579		chat	tʃæt	n. vi.	n. & vi. 聊天，闲谈	11	4	2018/2019/2020/2022	chat:7 chatted:4
1580		chicken	ˈtʃɪkən	n.	鸡；鸡肉	11	3	2010/2011/2018	chicken:6 chickens:5
1581		classmate	ˈklɑːsmeɪt	n.	同班同学	11	6	2010/2013/2016/2017/2019/2021	classmates:11
1582		companion	kəmˈpænɪən	n.	同伴；同事	11	3	2010/2016/2022	companions:8 companion:3
1583		compete	kəmˈpiːt	vi.	比赛，竞赛	11	4	2011/2017/2019/2021	compete:7 competing:4
1584		concert	ˈkɔnsət	n.	音乐会；演奏会	11	4	2016/2017/2019/2022	concert:9 concerts:2
1585		crash	kræʃ	v. n.	/ n. 碰撞，撞击	11	4	2016/2017/2020/2021	crash:5 crashed:3 crashing:2 crashes:1
1586		crop	krɔp	n.	庄稼；收成	11	3	2011/2014/2018	crops:8 crop:2 cropping:1
1587		cycle	ˈsaɪk(ə)l	vi.	骑自行车	11	5	2008/2010/2015/2018/2022	cycle:7 cycling:4
1588		dangerous	ˈdeɪndʒərəs	adj.	危险的	11	5	2008/2010/2011/2019/2022	dangerous:11
1589		dare	deə(r)	v. aux.	.（后接不带to的不定式；主要用于疑问，否定或条件句）敢，敢于	11	4	2013/2014/2017/2019	daring:4 dare:3 dares:2 dared:2
1590		decorate	ˈdekəreɪt	vt.	装饰…，修饰…	11	3	2012/2017/2020	decorated:5 decorate:4 decorating:2
1591		deer	dɪə(r)	n.	鹿	11	2	2010/2017	deer:11
1592		delighted	diˈlaitid	adj.	高兴的，快乐的	11	5	2009/2015/2016/2020/2021	delighted:11
1593		destroy	dɪˈstrɔɪ	vt.	破坏，毁坏	11	4	2010/2011/2012/2020	destroying:5 destroyed:5 destroy:1
1594		eager	ˈiːɡə(r)	adj.	渴望的，热切的	11	4	2016/2017/2018/2021	eager:11
1595		ear	ɪə(r)	n.	耳朵.耳状物；听力，听觉	11	3	2013/2016/2022	ears:6 ear:5
1596		embarrass	ɪmˈbærəs	v.	使窘迫，尴尬	11	5	2011/2017/2018/2020/2022	embarrassing:7 embarrassed:4
1597		employ	ɪmˈplɔɪ	vt.	雇佣	11	5	2010/2011/2013/2015/2019	employed:10 employ:1
1598		enemy	ˈenɪmɪ	n.	敌人；敌军	11	5	2008/2010/2012/2015/2017	enemies:9 enemy:2
1599		explanation	ekspləˈneɪʃ(ə)n	n.	解释，说明	11	5	2008/2012/2016/2019/2020	explanation:8 explanations:3
1600		fellow	ˈfeləʊ	n.	同伴；伙伴	11	5	2010/2013/2015/2020/2022	fellow:9 fellows:2
1601		flood	flʌd	n. vt.	洪水 vt. 淹没，使泛滥	11	4	2010/2015/2016/2018	flooded:4 flood:3 floods:3 flooding:1
1602		football	ˈfʊtbɔːl	n.	（英式）足球；（美式）橄榄球	11	2	2016/2019	football:11
1603		highway	ˈhaɪweɪ	n.	公路,主要交通道路	11	2	2011/2020	highway:9 highways:2
1604		impression	ɪmˈpreʃ(ə)n	n.	印象，感觉	11	4	2013/2016/2018/2022	impression:7 impressions:4
1605		invent	ɪnˈvent	vt.	发明，创造	11	4	2008/2010/2011/2014	invented:10 invent:1
1606		invitation	ɪnvɪˈteɪʃ(ə)n	n.	邀请，请帖	11	5	2011/2012/2017/2021/2022	invitation:7 invitations:4
1607		nine	naɪn	num.	九	11	2	2011/2019	nine:11
1608		nod	nɔd	vi.	点头	11	4	2008/2013/2016/2021	nodded:5 nod:4 nods:2
1609		observe	əbˈzɜːv	v.	观察，监视，观测	11	5	2011/2016/2017/2018/2019	observed:5 observing:4 observe:2
1610		opposite	ˈɔpəzɪt	n. adj.	相反，对面 a. 相反的，对面的	11	3	2010/2013/2019	opposite:11
1611		outcome	ˈaʊtkʌm	n.	结果，效果	11	4	2015/2017/2019/2020	outcome:7 outcomes:4
1612		photographer	fəˈtɔɡrəfə(r)	n.	摄影师	11	3	2008/2016/2021	photographers:7 photographer:4
1613		preserve	prezənˈteɪʃ(ə)n; (US) priːzenˈteʃn	v.	保护，保留，保存	11	4	2017/2018/2020/2022	preserve:7 preserving:2 preserved:2
1614		rare	reə(r)	adj.	罕见的，稀有的	11	6	2013/2015/2017/2019/2021/2022	rare:11
1615		reporter	rɪˈpɔːtə(r)	n.	记者，新闻通讯员	11	5	2013/2016/2017/2019/2021	reporter:8 reporters:3
1616		ring		v.	（钟、铃等）响; 打电话 电话, 铃声; 环形物（如环、圈、戒指等）	11	5	2011/2014/2018/2021/2022	ring:6 ringing:3 rang:2
1617		sacrifice	ˈsækrɪfaɪs	vt.	牺牲	11	3	2015/2016/2017	sacrifice:8 sacrifices:2 sacrificed:1
1618		section	ˈsekʃ(ə)n	n.	段，部分，部门	11	5	2012/2016/2019/2021/2022	section:11
1619		shot	ʃɔt	n.	射击，开枪，开炮，射击声；子弹	11	5	2014/2015/2016/2019/2020	shot:8 shots:3
1620		skin	skɪn	n.	皮，皮肤；兽皮	11	3	2010/2018/2019	skin:11
1621		song	sʌn	n.	歌唱；歌曲	11	5	2011/2013/2016/2017/2021	songs:7 song:4
1622		telephone	ˈtelɪɡrɑːf; (US) -ɡræf	v. n.	打电话 n. 电话	11	6	2008/2009/2012/2013/2014/2016	telephone:11
1623		temporary	ˈtempərərɪ	adj.	短暂的，暂时的	11	4	2012/2013/2019/2020	temporary:11
1624		theme	θiːm	n.	主题	11	4	2012/2013/2015/2019	theme:11
1625		thin	θɪn	adj.	薄的；瘦的；稀的	11	3	2011/2016/2021	thin:11
1626		timetable	ˈtaɪmteɪb(ə)l	n.	（火车、公共汽车等）时间表；（学校）课表	11	4	2008/2015/2016/2020	timetable:11
1627		treasure	ˈtreʒə(r)	n.	金银财宝, 财富	11	5	2009/2014/2016/2017/2020	treasure:8 treasures:3
1628		twice	twaɪs	adv.	两次；两倍	11	5	2009/2011/2013/2016/2020	twice:11
1629		unable	juː ˈən	adj.	不能的，不能胜任的	11	5	2009/2018/2019/2020/2022	unable:11
1630		whenever	wenˈevə(r)	conj.	每当，无论何时	11	5	2011/2012/2015/2016/2022	whenever:11
1631		whom	huːm	pron.	(who的宾格	11	4	2014/2016/2019/2020	whom:11
1632		actual	ˈæktʃʊəl	adj.	实际的； 现实的	10	6	2013/2014/2017/2018/2019/2020	actual:10
1633		adopt	əˈdɔpt	v.	收养，领养	10	3	2013/2019/2020	adopting:4 adopt:3 adopted:3
1634		angry	ˈænɡrɪ	adj.	生气的，愤怒的	10	3	2011/2012/2014	angry:10
1635		apart	əˈpɑːt	adj.	, / a. 相隔，相距，除外	10	5	2010/2012/2013/2016/2018	apart:10
1636		athlete	ˈæθliːt	n.	运动员	10	2	2016/2020	athletes:7 athlete:3
1637		bean	biːn	n.	豆，豆科植物	10	2	2011/2013	beans:8 bean:2
1638		beehive	ˈbiːhaɪv	n.	蜂箱	10	2	2012/2014	beehives:7 beehive:3
1639		circle	ˈsɜːk(ə)l	n. vt.	/vt. 圆圈 将…圈起来	10	3	2010/2014/2019	circle:10
1640		cloud	ˈkləʊðɪŋ	n.	云；云状物；阴影	10	5	2008/2011/2016/2019/2020	cloud:5 clouds:5
1641		coin	kɔɪn	n.	硬币	10	3	2011/2015/2019	coin:10
1642		concept	ˈkɔnsept	n.	概念	10	4	2014/2016/2021/2022	concept:7 concepts:3
1643		confident	ˈkɔnfɪdənt	adj.	自信的	10	3	2016/2018/2019	confident:10
1644		constant	ˈkɔnstənt	adj.	经常的，不断的	10	4	2010/2017/2021/2022	constant:10
1645		contemporary	kənˈtempərərɪ; (US) kənˈtempərerɪ	adj.	属同时期的，同一时代的	10	4	2019/2020/2021/2022	contemporary:8 contemporaries:2
1646		countryside	ˈkʌntrɪsaɪd	n.	乡下，农村	10	5	2008/2011/2015/2018/2020	countryside:10
1647		cream	kriːm	n.	奶油，乳脂	10	3	2010/2017/2018	cream:10
1648		crew	kruː	n.	全体船员；criterion (pl. criteria	10	3	2013/2016/2022	crew:6 crews:4
1649		death	deθ	n.	死	10	4	2008/2010/2012/2018	death:9 deaths:1
1650		defeat	dɪˈfiːt	vt.	击败；战胜；defence (美defense	10	5	2011/2013/2015/2016/2018	defeated:7 defeat:2 defeats:1
1651		dine	daɪn	v.	吃饭；（指正式）进餐	10	3	2010/2020/2022	dining:8 dines:2
1652		discount	ˈdɪskaʊnt	n.	折扣	10	3	2016/2017/2022	discounts:6 discount:2 discounted:2
1653		evaluate	ɪˈvæljʊeɪt	v.	估值，评价，评估	10	5	2016/2017/2018/2019/2020	evaluate:8 evaluates:2
1654		float	fləʊt	vi.	漂浮，浮动	10	3	2008/2010/2020	floating:5 float:3 floated:2
1655		fuel	fjuːəl	n.	燃料	10	4	2015/2017/2019/2020	fuel:6 fueled:2 fueling:2
1656		golden	ˈɡəʊld(ə)n	adj.	金(黄)色的	10	3	2011/2012/2016	golden:10
1657		hurry	ˈhʌrɪ	vi.	赶快；急忙；hurt (hurt, hurt	10	4	2010/2013/2014/2020	hurry:7 hurried:3
1658		immediate	ɪˈmiːdɪət	adj.	立即的，马上	10	5	2012/2014/2016/2018/2019	immediate:10
1659		income	ˈɪnkʌm	n.	收入，所得	10	6	2008/2011/2013/2014/2017/2020	income:10
1660		institute	ˈɪnstɪtjuːt; (US) ˈɪnstətuːt	n.	(研究)所, 院，学院	10	4	2016/2017/2018/2020	institute:10
1661		interrupt	ɪntəˈrʌpt	v.	打扰，打断	10	4	2016/2017/2018/2021	interrupt:6 interrupted:4
1662		king	kɪŋ	n.	国王	10	5	2014/2015/2016/2018/2019	king:8 kings:2
1663		leaf		n.	（树, 菜）叶	10	3	2010/2016/2020	leaves:10
1664		length	leŋθ	n.	长，长度，段，节；less（little的比较级	10	3	2011/2012/2015	length:10
1665		lonely	ˈləʊnlɪ	adj.	孤独的，寂寞的	10	5	2010/2011/2014/2019/2020	lonely:10
1666		merely	ˈmɪəlɪ	adv.	仅仅，只不过	10	5	2010/2011/2013/2016/2020	merely:10
1667		metal	ˈmet(ə)l	n. adj.	金属 a. 金属制成的	10	6	2008/2010/2011/2012/2013/2016	metal:8 metals:2
1668		mix	mɪks	v.	混合，搅拌	10	3	2015/2019/2022	mixed:4 mix:3 mixing:2 mixes:1
1669		northern	ˈnɔːð(ə)n	adj.	北方的，北部的	10	6	2010/2011/2012/2014/2018/2020	northern:10
1670		nose	nəʊz	n.	鼻	10	3	2011/2021/2022	nose:8 noses:2
1671		ox		n.	牛; 公牛	10	1	2009	oxen:8 ox:2
1672		palace	ˈpælɪs	n.	宫，宫殿	10	1	2015	palace:10
1673		passport	ˈpɑːspɔːt; (US) ˈpæ-	n.	护照	10	3	2010/2014/2017	passport:8 passports:2
1674		patience	ˈpeɪʃns	n.	容忍；耐心	10	5	2012/2014/2015/2016/2021	patience:10
1675		planet	ˈplænɪt	n.	行星	10	4	2008/2019/2020/2021	planet:10
1676		port	pɔːt	n.	港口，码头	10	2	2018/2021	port:10
1677		praise	preɪz	n. vt.	n.& vt.赞扬，表扬	10	5	2010/2016/2019/2020/2021	praised:4 praise:4 praising:2
1678		proper	ˈprɔpə(r)	adj.	恰当的，合适的	10	6	2009/2011/2012/2014/2016/2020	proper:10
1679		queen	kwiːn	n.	皇后，女王	10	5	2011/2012/2015/2016/2019	queen:7 queens:3
1680		rat	ræt	n.	老鼠	10	3	2010/2019/2020	rates:10
1681		respond	rɪˈspekt	v.	回答,回应,作出反应	10	6	2009/2016/2017/2018/2019/2022	responded:7 respond:3
1682		rid	rɪd	vt.	使摆脱	10	5	2014/2015/2018/2019/2021	rid:8 rides:2
1683		senior	ˈsiːnɪə(r)	adj. n.	年长的,资深的,高年级的 n. 上级，长辈，高年级生	10	1	2014	senior:10
1684		shock	ʃɔk	vt.	使震惊	10	3	2011/2012/2018	shocked:6 shock:3 shocking:1
1685		sick	sɪk	adj.	有病,患病的,（想）呕吐	10	4	2010/2017/2018/2019	sick:10
1686		sofa	ˈsəʊfə	n. adj.	（长）沙发；soft sɔft; (US) sɔːft]；a. 软的，柔和的	10	2	2016/2018	sofa:8 sofas:2
1687		soup	suːp	n.	汤	10	3	2009/2013/2020	soup:10
1688		statement	ˈsteɪtmənt	n.	声明，陈诉，说法；statesman/ woman (pl. statesmen/ women	10	4	2009/2016/2020/2022	statement:10
1689		stomach	ˈstʌmək	n.	胃，胃部	10	4	2010/2012/2016/2020	stomach:10
1690		substitute	ˈsʌbstɪtjuːt	v.	代替，取代	10	5	2011/2016/2017/2020/2021	substitute:8 substitutes:2
1691		sunshine	ˈsʌnʃaɪn	n.	阳光	10	4	2015/2016/2018/2019	sunshine:10
1692		tablet	tæblit	n.	药片	10	1	2018	tablets:6 tablet:4
1693		target	ˈtɑːɡɪt	n. v.	/ v. 目标，把…作为攻击目标	10	4	2015/2019/2020/2021	target:7 targeted:2 targets:1
1694		tent	tent	n.	帐篷	10	4	2014/2015/2016/2017	tent:8 tents:2
1695		thirty	ˈθɜːtɪ	num.	三十	10	4	2010/2015/2017/2018	thirty:10
1696		Thursday	ˈθɜːzdeɪ	n.	星期四	10	4	2015/2018/2020/2022	thursday:10
1697		tourism	ˈtʊərɪz(ə)m	n.	旅游业；观光	10	4	2010/2018/2019/2021	tourism:10
1698		translate	trænsˈleɪt	vt.	翻译	10	4	2016/2017/2018/2020	translate:4 translating:3 translated:3
1699		Tuesday	ˈtjuːzdeɪ	n.	星期二	10	2	2017/2018	tuesday:10
1700		twenty	ˈtwentɪ	num.	二十	10	5	2008/2011/2012/2013/2014	twenty:9 twenties:1
1701		uncomfortable	ʌnˈkʌmftəb(ə)l	adj.	令人不舒服的	10	4	2011/2016/2017/2018	uncomfortable:10
1702		unless	ʌnˈles	conj.	如果不，除非	10	4	2010/2012/2016/2020	unless:10
1703		unlike	ʌnˈlaɪk	prep.	不像，和…不同	10	5	2009/2010/2012/2013/2017	unlike:10
1704		viewer	ˈvjuːə(r)	n.	观看者	10	3	2015/2018/2021	viewers:8 viewer:2
1705		warning	ˈwɔːnɪŋ	n.	警报	10	6	2011/2014/2015/2016/2018/2022	warning:10
1706		weakness	ˈwiːknɪs	n.	软弱	10	6	2012/2013/2015/2016/2019/2020	weaknesses:6 weakness:4
1707		yesterday	ˈjestədeɪ	n. adv.	昨天	10	4	2010/2017/2018/2021	yesterday:10
1708		abundant	əˈbʌndənt	adj.	大量,丰盛的,充裕的	9	2	2014/2018	abundant:9
1709		accessible	əkˈsesɪb(ə)l	adj.	可到达的，可接受的，易相处的	9	3	2010/2017/2022	accessible:9
1710		agreement	əˈɡriːmənt	n.	同意，一致；协定，协议	9	2	2010/2016	agreement:7 agreements:2
1711		agriculture	ˈæɡrɪkʌltʃə(r)	n.	农业，农学	9	4	2009/2010/2017/2018	agriculture:9
1712		alike	əˈlaɪk	adv.	很相似地，同样地	9	4	2010/2012/2021/2022	alike:9
1713		apartment	əˈpɑːtmənt	n.	（美）楼中单元房，一套房间；房间	9	4	2010/2013/2016/2020	apartment:6 apartments:3
1714		appeal	əˈpiːl	v.	上诉，申诉，吸引力	9	3	2011/2018/2019	appeal:4 appealing:2 appealed:2 appeals:1
1715		association	əsəʊsɪˈeɪʃ(ə)n	n.	协会，社团，联系	9	3	2009/2010/2014	associations:5 association:4
1716		authority	ɔːˈθɔrɪtɪ	n.	权力,权威,威信,官方	9	3	2013/2016/2019	authority:8 authorities:1
1717		bay	beɪ	n.	湾； 海湾	9	3	2018/2019/2022	bay:9
1718		belt	belt	n.	（皮）带	9	4	2010/2011/2017/2022	belt:9
1719		birthplace	ˈbɜːθpleɪs	n.	出生地；故乡	9	2	2010/2022	birthplace:9
1720		bowl	bəʊl	n.	碗	9	4	2011/2015/2016/2020	bowl:5 bowls:4
1721		branch	brɑːntʃ	n.	树枝；分枝；分公司，分店；支部	9	4	2014/2017/2019/2020	branches:9
1722		burden	ˈbɜːd(ə)n	n.	（义务，责任的）重担，负担	9	2	2014/2016	burden:9
1723		castle	ˈkɑːs(ə)l; (US) ˈkæsl	n.	城堡	9	2	2015/2020	castle:8 castles:1
1724		cheat	tʃiːt	n. v.	骗取，哄骗；作弊	9	2	2013/2015	cheating:6 cheated:2 cheat:1
1725		cheer	tʃɪə(r)	n. vi.	欢呼； 喝彩	9	4	2010/2013/2016/2019	cheer:6 cheering:2 cheered:1
1726		circumstance	ˈsɜːkəmstəns	n.	条件,环境,状况	9	3	2013/2015/2019	circumstances:5 circumstance:4
1727		classical	ˈklæsɪk(ə)l	adj.	传统的；古典的	9	3	2016/2020/2022	classical:9
1728		combine	kəmˈbaɪn	vt.	使联合；使结合；come (came, come	9	3	2016/2018/2019	combined:6 combines:2 combine:1
1729		convince	kənˈvɪns	v.	使确信，使信服	9	5	2009/2016/2017/2018/2020	convincing:5 convince:3 convinced:1
1730		cow	kaʊ	n.	母牛，奶牛	9	1	2010	cow:6 cows:3
1731		crowded	ˈkraʊdɪd	adj.	拥挤的	9	5	2011/2015/2016/2018/2019	crowded:9
1732		curtain	ˈkɜːt(ə)n	n.	窗帘	9	4	2015/2017/2020/2021	curtains:9
1733		deeply	ˈdiːplɪ	adv.	深深地	9	4	2014/2018/2019/2020	deeply:9
1734		description	dɪˈskrɪpʃ(ə)n	n.	描述，描写	9	4	2010/2013/2018/2022	description:7 descriptions:2
1735		dialogue	ˈdaɪəlɔɡ	n.	对话【英】	9	2	2017/2019	dialogue:6 dialogues:3
1736		digital	ˈdɪdʒɪt(ə)l	adj.	.数字的，数码的	9	3	2014/2017/2018	digital:9
1737		dislike	dɪsˈlaɪk	vt.	不喜爱；厌恶	9	4	2010/2013/2018/2021	dislikes:4 dislike:3 disliked:2
1738		double	ˈdʌb(ə)l	adj. n.	两倍.双的 n. 两个.双	9	5	2008/2011/2017/2018/2020	double:7 doubling:2
1739		educate	ˈedjʊkeɪt	vt.	教育，培养	9	5	2011/2014/2016/2017/2021	educated:7 educate:2
1740		expand	ɪkˈspænd	v.	扩大，增加，扩展	9	3	2015/2020/2022	expand:4 expanded:4 expanding:1
1741		fantastic	fæn'tæstik	adj.	(口语)极好的，美妙的，很棒的	9	4	2017/2018/2020/2021	fantastic:9
1742		final	ˈfaɪn(ə)l	adj.	最后的；终极的	9	3	2018/2019/2020	final:9
1743		former	ˈfɔːmə(r)	adj.	以前的，从前的；（两者之中的）前者	9	4	2014/2015/2017/2018	former:9
1744		fortune	ˈfɔːtjuːn	n.	财产；运气	9	5	2010/2012/2014/2020/2021	fortune:9
1745		generous	ˈdʒenərəs	adj.	慷慨大方的	9	4	2015/2017/2019/2020	generous:9
1746		grass	ɡrɑːs; (US) ɡræs	n.	草；草场；牧草	9	3	2011/2014/2019	grass:9
1747		harm	hɑːm	n. v.	伤害；损伤	9	4	2014/2016/2018/2019	harm:9
1748		hat	hæt	n.	帽子(一般指有边的)；礼帽	9	4	2009/2015/2016/2021	hat:4 hated:3 hats:2
1749		hobby	ˈhɔbɪ	n.	业余爱好，嗜好；hold (held, held	9	4	2011/2015/2018/2021	hobby:8 hobbies:1
1750		humorous	ˈhjuːmərəs	adj.	富于幽默的；humour (美humor	9	3	2015/2017/2019	humorous:9
1751		hunter	ˈhʌntə(r)	n.	猎人	9	4	2010/2013/2014/2020	hunters:7 hunter:2
1752		identity	aɪˈdentɪtɪ	n.	身份，特征	9	4	2013/2019/2021/2022	identity:6 identities:3
1753		instrument	ˈɪnstrʊmənt	n.	乐器;工具,器械	9	6	2011/2012/2017/2019/2020/2022	instruments:9
1754		introduction	ɪntrəˈdʌkʃ(ə)n	n.	引进，介绍	9	5	2009/2010/2011/2014/2018	introduction:8 introductions:1
1755		lock	lɔk	n. vt.	锁 vt. 锁，锁上	9	5	2008/2011/2013/2017/2021	locked:8 lock:1
1756		mentally	ˈmentəlɪ	adv.	精神上；智力上	9	3	2012/2017/2021	mentally:9
1757		musician	mjuːˈzɪʃ(ə)n	n.	音乐家，乐师	9	3	2016/2017/2019	musicians:5 musician:4
1758		none	nʌn	pron.	无任何东西, 无一人	9	3	2012/2018/2019	none:9
1759		novel	ˈnɔv(ə)l	n.	（长篇）小说	9	3	2019/2020/2021	novel:7 novels:2
1760		Olympic	əˈlɪmpɪk	adj.	奥林匹克（运动会）的	9	2	2016/2020	olympic:5 olympics:4
1761		origin	ˈɔrɪdʒɪn	n.	起源，由来	9	5	2010/2016/2017/2020/2021	origin:9
1762		partly	ˈpɑːtlɪ	adv.	部分地,在一定程度上	9	4	2010/2016/2020/2022	partly:9
1763		pioneer	paɪəˈnɪə(r)	n.	先锋，开拓者	9	3	2015/2016/2017	pioneers:7 pioneer:2
1764		plane	pleɪn	n.	飞机	9	4	2010/2013/2016/2020	plane:9
1765		pot	pɔt	n.	锅，壶，瓶，罐	9	3	2010/2016/2018	pot:7 pots:2
1766		principle	ˈprɪnsɪp(ə)l	n.	道德原则，法则	9	4	2014/2015/2018/2021	principle:7 principles:2
1767		recipe	ˈresɪpɪ	n.	烹饪法，食谱	9	2	2014/2018	recipes:7 recipe:2
1768		restriction	rɪˈstrɪkʃ(ə)n	n.	限制，约束	9	4	2010/2017/2020/2021	restrictions:9
1769		row	rəʊ	n. v.	（一）排,（一）行 v.划船	9	4	2010/2011/2019/2020	row:5 rows:4
1770		sculpture	ˈskʌlptʃə(r)	n.	雕塑（术），雕刻（术），雕刻作品，雕像	9	2	2015/2021	sculptures:7 sculpture:2
1771		silly	ˈsɪlɪ	adj.	傻的，愚蠢的	9	3	2010/2019/2021	silly:9
1772		skateboard	ˈskeɪtbɔːd	n.	冰鞋，滑板	9	2	2008/2021	skateboarding:7 skateboards:2
1773		southern	ˈsʌð(ə)n	adj.	南部的，南方的	9	3	2015/2019/2020	southern:9
1774		spoon	spuːn	n.	匙, 调羹	9	4	2010/2011/2015/2022	spoons:7 spoon:2
1775		staff	stɑːf	n.	全体职工（雇员	9	4	2010/2018/2020/2022	staff:9
1776		steady	ˈstedɪ	adj.	稳固的；平稳的	9	5	2011/2014/2015/2016/2017	steady:9
1777		steam	stiːm	n.	汽，水蒸气	9	2	2016/2017	steam:9
1778		storm	stɔːm	n.	风暴，暴（风）雨	9	3	2010/2014/2018	storm:6 storms:3
1779		string	strɪŋ	n.	细绳，线，带	9	3	2010/2012/2022	string:6 strings:3
1780		suggestion	səˈdʒestʃ(ə)n	n.	建议	9	4	2011/2013/2015/2020	suggestion:8 suggestions:1
1781		tiny	ˈtaɪnɪ	adj.	tinier, tiniest a. 极小的，微小的	9	5	2008/2012/2019/2020/2021	tiny:9
1782		treatment	ˈtriːtmənt	n.	治疗,疗法	9	3	2012/2013/2020	treatment:8 treatments:1
1783		typical	ˈtɪpɪk(ə)l	adj.	典型的，有代表性的，特有的	9	3	2014/2017/2020	typical:9
1784		urge	ɜːdʒ	v.	敦促，催促，力劝	9	3	2016/2017/2018	urge:5 urged:2 urges:1 urging:1
1785		wine	waɪn	n.	酒	9	5	2012/2015/2016/2017/2021	wine:9
1786		achievement	əˈtʃiːvmənt	n.	成就,成绩,功绩	8	3	2016/2019/2020	achievements:7 achievement:1
1787		admire	ədˈmaɪə(r)	v.	钦佩；羡慕	8	4	2015/2016/2017/2019	admired:3 admire:2 admiring:2 admires:1
1788		affair	əˈfeə(r)	n.	事，事情	8	3	2010/2014/2016	affairs:8
1789		afterward(s)	ˈɑːftəwəd(z)	adv.	后来，以后	8	0		afterwards:8
1790		afterwards		adv.	后来	8	4	2011/2015/2016/2018	afterwards:8
1791		airline	ˈeəlaɪn	n.	航空公司；航空系统	8	3	2013/2017/2019	airline:6 airlines:2
1792		anxious	ˈæŋkʃəs	adj.	忧虑的，焦急的	8	4	2014/2015/2018/2020	anxious:8
1793		assistance	əˈsɪst(ə)ns	n.	帮助，援助，支持	8	4	2011/2016/2020/2022	assistance:8
1794		beam	biːm	n.	平衡木	8	2	2019/2021	beam:8
1795		beer	bɪə(r)	n.	啤酒	8	3	2016/2019/2021	beer:8
1796		boom	buːm	n. v.	/ v. 繁荣，轰鸣，激增	8	4	2013/2015/2018/2020	boom:4 boomed:2 booming:2
1797		brand	brænd	n.	品牌	8	4	2015/2017/2020/2022	brand:6 brands:2
1798		brief	briːf	adj.	简洁的	8	3	2017/2018/2020	brief:8
1799		broad	brɔːd	adj.	宽的，宽大的	8	3	2013/2014/2022	broad:8
1800		canadian	kəˈneɪdɪən	adj. n.	加拿大的；加拿大人的 n. 加拿大人	8	3	2010/2017/2018	canadian:6 canadians:2
1801		channel	ˈtʃæn(ə)l	n.	频道；通道；水渠	8	1	2015	channels:6 channel:2
1802		characteristic	kærɪktəˈrɪstɪk	adj.	典型的，独特的	8	4	2019/2020/2021/2022	characteristics:6 characteristic:2
1803		cheerful	ˈtʃɪəfʊl	adj.	兴高采烈的，快活的	8	4	2008/2011/2017/2022	cheerful:8
1804		cheese	tʃiːz	n.	奶酪	8	3	2011/2013/2022	cheese:8
1805		chef	ʃef	n.	厨师长，主厨	8	2	2018/2022	chef:8
1806		circus	ˈsɜːkəs	n.	马戏团	8	2	2013/2021	circus:8
1807		competition	kɔmpəˈtɪʃ(ə)n	n.	比赛，竞赛	8	2	2012/2021	competitions:5 competition:3
1808		concentrate	ˈkɔnsəntreɪt	v.	聚精会神	8	5	2009/2016/2017/2019/2021	concentrate:6 concentrated:2
1809		construct	kənˈstrʌkt	v.	构筑；建造，建设	8	2	2017/2020	construct:6 constructing:2
1810		container	kənˈteɪnə(r)	n.	容器	8	2	2017/2018	container:6 containers:2
1811		deaf	def	adj.	聋的	8	2	2011/2017	deaf:8
1812		debate	dɪˈbeɪt	n. v.	讨论，辩论	8	3	2014/2017/2020	debate:4 debating:2 debated:2
1813		declare	dɪˈkleə(r)	vt.	声明；断言	8	5	2014/2015/2016/2019/2020	declared:5 declare:3
1814		delight	dɪˈlaɪt	n.	快乐；乐事	8	4	2010/2018/2021/2022	delight:8
1815		diary	ˈdaɪərɪ	n.	日记；日记簿	8	3	2017/2019/2022	diary:8
1816		diverse	daɪˈvɜːs	v.	不同的，多种多样，形形色色的	8	4	2018/2019/2020/2022	diverse:8
1817		divide	dɪˈvaɪd	vt.	分，划分	8	4	2013/2014/2016/2021	divided:7 dividing:1
1818		donate		v.	捐赠, 赠予	8	3	2014/2018/2021	donate:8
1819		due	djuː; (US) duː	adj.	预期的；约定的	8	4	2008/2015/2018/2021	due:8
1820		eastern	ˈiːst(ə)n	adj.	东方的；东部的	8	3	2010/2019/2021	eastern:8
1821		electric	ɪˈlektrɪk	adj.	电的	8	4	2011/2015/2016/2017	electric:8
1822		equal	ˈiːkw(ə)l	adj. vt.	平等的 vt.等于，使等于	8	4	2010/2014/2015/2019	equal:8
1823		expense	ɪkˈspens	n.	消费； 支出	8	3	2010/2018/2021	expense:5 expenses:3
1824		fare	feə(r)	n.	（车或船的）费用，票（价	8	2	2014/2022	fare:8
1825		fist	fɪst	n.	拳(头	8	3	2011/2015/2017	fist:8
1826		flat	flæt	adj. n.	平的 n. 楼中一套房间； 公寓(常用复数	8	4	2008/2009/2019/2020	flat:8
1827		fold	fəʊld	vt.	折叠；合拢	8	3	2011/2015/2017	folded:2 fold:2 folding:2 folder:2
1828		freezing	ˈfriːziŋ	adj.	冻结的；极冷的	8	3	2015/2016/2018	freezing:8
1829		globe	ɡləʊb	n.	地球仪,地球	8	4	2016/2017/2018/2022	globe:8
1830		gravity	ˈɡrævɪtɪ	n.	重力，地球引力	8	2	2010/2019	gravity:8
1831		ice-cream	ˌaɪsˈkriːm	n.	冰淇淋	8	0		ice cream:8
1832		inform	ɪnˈfɔːm	vt.	告诉； 通知	8	5	2008/2014/2016/2018/2021	inform:5 informing:2 informed:1
1833		kiss	kɪs	n. vt.	吻，亲吻	8	1	2011	kiss:8
1834		knock	nɔk	n. v.	敲；打；击 ；know(knew,known	8	2	2017/2020	knocked:4 knocks:2 knock:2
1835		loss	lɔs; (US) lɔːs	n.	丧失；损耗；lose (lost, lost	8	3	2014/2016/2021	loss:5 losses:3
1836		marathon	ˈmærəθ(ə)n	n.	马拉松	8	2	2015/2020	marathon:8
1837		married	ˈmærɪd	adj.	已婚的	8	4	2008/2011/2012/2020	married:8
1838		master	ˈmɑːstə(r); (US) ˈmæstər	vt.	精通，掌握	8	5	2009/2010/2013/2017/2019	master:4 masters:3 mastering:1
1839		menu	ˈmenʃ(ə)n	n.	菜单	8	3	2015/2016/2017	menu:8
1840		mexico	ˈmeksɪkəʊ	n.	* n. 墨西哥	8	3	2010/2012/2018	mexico:8
1841		misunderstand	mɪsʌndəˈstænd	v.	误会；不理解	8	4	2010/2011/2012/2018	misunderstanding:6 misunderstand:2
1842		nor	nɔː(r)	conj.	也不	8	2	2019/2022	nor:8
1843		nursing	nɜːsɪŋ	n.	(职业性的）保育,护理	8	2	2010/2021	nursing:8
1844		ordinary	ˈɔːdɪnərɪ; (US) ˈɔːrdənerɪ	adj.	普通的，平常的	8	3	2010/2014/2020	ordinary:8
1845		page	peɪdʒ	n.	页，页码	8	3	2011/2016/2020	page:6 pages:2
1846		painter	ˈpeɪntə(r)	n.	绘画者,（油）画家	8	3	2020/2021/2022	painter:6 painters:2
1847		penny	ˈpenɪ	n.	(英复pence) n. （英）便士；美分	8	1	2019	penny:8
1848		personnel	pɜːsəˈnel	n.	全体人员，职员	8	3	2011/2016/2022	personnel:8
1849		pile	paɪ	n.	堆	8	2	2014/2021	pile:6 piled:2
1850		pole	pəʊl	n.	杆，电线杆；；the North (South) Pole	8	2	2015/2016	pole:6 poles:2
1851		potential	pəˈtenʃ(ə)l	adj.	潜在的，可能的	8	3	2013/2016/2017	potential:8
1852		preparation	prepəˈreɪʃ(ə)n	n.	准备	8	3	2015/2017/2019	preparation:8
1853		rainy	ˈreɪnɪ	adj.	下雨的；多雨的	8	2	2010/2016	rainy:8
1854		relation	rɪˈleɪʃ(ə)n	n.	关系； 亲属	8	3	2010/2013/2022	relations:6 relation:2
1855		religious	rɪˈlɪdʒəs	adj.	宗教的	8	3	2012/2013/2015	religious:8
1856		royal	ˈrɔɪəl	adj.	皇家的，王室的，国王的，女王的	8	2	2015/2016	royal:8
1857		rude	ruːd	adj.	无理的, 粗鲁的	8	3	2016/2020/2022	rude:8
1858		runner	ˈrʌnə(r)	n.	赛跑者；操作者；滑行装置	8	4	2010/2015/2018/2020	runner:5 runners:3
1859		salt	sɔːlt	n.	盐	8	2	2017/2022	salt:8
1860		scar	skɑː(r)	n.	伤疤，伤痕	8	5	2013/2015/2018/2019/2022	scared:8
1861		score	skɔː(r)	n. v.	得分，分数	8	3	2015/2019/2021	score:4 scoring:2 scored:2
1862		scream	skriːm	n.	尖叫	8	3	2012/2017/2018	screams:3 screaming:3 scream:1 screamed:1
1863		security	sɪˈkjʊərɪtɪ	n.	安全，平安；see (saw, seen	8	3	2008/2019/2021	security:8
1864		sister	ˈsɪstə(r)	n.	姐；妹	8	4	2010/2014/2016/2019	sister:7 sisters:1
1865		slip	slɪp	n.	片，条，纸片，纸条	8	3	2008/2016/2022	slips:3 slip:3 slipped:2
1866		snack	snæk	n.	小吃	8	2	2016/2017	snack:5 snacks:3
1867		somewhere	ˈsʌmtaɪmz	adv.	在某处	8	3	2014/2015/2019	somewhere:8
1868		steal	stiːl	vt.	偷，窃取	8	3	2015/2019/2020	stolen:6 stole:2
1869		stream	striːm	n.	小河；溪流	8	2	2010/2021	stream:7 streams:1
1870		suitcase	ˈsjuːtkeɪs	n.	(旅行用)小提箱,衣箱	8	2	2014/2021	suitcase:8
1871		super	ˈsuːpə(r)	adj.	顶好的，超级的	8	1	2019	super:8
1872		swap	swɔp	v.	交换（东西）；swear (swore, sworn	8	1	2021	swap:8
1873		sweep	swiːp	v.	扫除，清扫	8	4	2008/2016/2017/2022	sweep:3 swept:3 sweeping:2
1874		swimming	ˈswɪmɪŋ	n.	游泳	8	4	2008/2012/2015/2018	swimming:8
1875		textbook	tekstbuk	n.	课本，教科书	8	3	2008/2012/2018	textbook:7 textbooks:1
1876		tight	taɪt	adj.	紧的	8	3	2014/2016/2018	tight:8
1877		ton	tʌn	n.	（重量单位）吨	8	3	2014/2018/2019	tons:8
1878		tonight	təˈnaɪt	adv. n.	今晚，今夜	8	4	2011/2013/2015/2018	tonight:8
1879		truly	ˈtruːlɪ	adv.	真正地，真实地	8	2	2016/2019	truly:8
1880		unfortunately	ʌnˈfɔːtjʊnətlɪ	adv.	不幸地	8	3	2012/2015/2017	unfortunately:8
1881		voyage	ˈvɔɪɪdʒ	n.	航行，旅行	8	2	2011/2016	voyage:8
1882		waiter	ˈweɪtə(r)	n.	（餐厅）男服务员	8	2	2016/2018	waiter:8
1883		warmth	wɔːmθ	n.	暖和，温暖	8	3	2008/2015/2017	warmth:8
1884		weak	wiːk	adj.	差的，弱的，淡的	8	3	2010/2014/2017	weak:7 weaker:1
1885		weigh	weɪ	vt.	称…的重量，重（若干	8	4	2014/2015/2016/2021	weighed:3 weighs:3 weigh:2
1886		winner	ˈwɪnə(r)	n.	获胜者	8	2	2014/2018	winners:4 winner:4
1887		witness	ˈwɪtnɪs	v. n.	/ n. 目击者，见证人；wolf（复wolves	8	2	2020/2022	witnessing:3 witnessed:3 witness:2
1888		workplace	wɜːkpleɪs	n.	工作场所，车间	8	1	2020	workplaces:4 workplace:4
1889		academic	ækəˈdemɪk	adj. n.	/ n. 学术的，教学的	7	3	2013/2015/2019	academic:6 academics:1
1890		adolescent	ædəˈlesənt	n.	青少年	7	3	2013/2014/2019	adolescents:6 adolescent:1
1891		aggressive	ˈəɡresɪv	adj.	侵略的；咄咄逼人	7	3	2012/2017/2019	aggressive:7
1892		airport	ˈeəpɔːt	n.	航空站，飞机场	7	3	2013/2016/2018	airport:5 airports:2
1893		approximately	əprɔksɪˈmətlɪ	adv.	近似，大约	7	4	2008/2013/2020/2022	approximately:7
1894		artificial	ɑːtɪˈfɪʃ(ə)l	adj.	人工的，人造的	7	3	2009/2018/2019	artificial:7
1895		ashamed	əˈʃeɪmd	adj.	惭愧； 害臊	7	3	2016/2018/2020	ashamed:7
1896		assist	əˈsɪst	v.	帮助，协助	7	4	2016/2018/2021/2022	assist:3 assists:2 assisting:2
1897		awake	əˈweɪk	v. adj.	唤醒；醒着的（awoke, awoken）	7	2	2011/2018	awake:7
1898		badly	ˈbædlɪ	adv.	坏，恶劣地	7	4	2014/2015/2016/2020	badly:7
1899		beneficial	benɪˈfɪʃ(ə)l	adj.	有利的，有帮助的，有用的	7	3	2011/2019/2020	beneficial:7
1900		besides	bɪˈsaɪdz	prep. adv.	除…以外（还有） ad. 还有，此外；best（good, well 的最 高级	7	5	2008/2009/2010/2011/2014	besides:7
1901		boring	ˈbɔːrɪŋ	adj.	乏味的，无聊的	7	3	2013/2014/2015	boring:7
1902		budget	ˈbʌdʒɪt	n.	预算	7	1	2018	budget:7
1903		cake	keɪk	n.	蛋糕，糕点；饼	7	2	2015/2021	cake:5 cakes:2
1904		calculate	ˈkælkjʊleɪt	v.	计算，核算，推测	7	3	2014/2019/2022	calculated:4 calculate:1 calculates:1 calculating:1
1905		carrier	ˈkærɪə(r)	n.	搬运者；媒介;（自行车等的）置物架；（车的）货架	7	2	2008/2017	carrier:4 carriers:3
1906		cautious	ˈkɔːʃəs	adj.	小心的，谨慎的	7	4	2014/2015/2017/2020	cautious:7
1907		colour	ˈkʌlə	n.	颜色 vt.给…着色，涂色【英】	7	3	2013/2018/2020	colour:6 colours:1
1908		consequence	ˈkɔnsɪkwəns; (US) ˈkɔnsɪkwens	n.	结果，后果	7	3	2016/2019/2020	consequences:6 consequence:1
1909		corn	kɔːn	n.	玉米，谷物	7	2	2015/2018	corn:7
1910		dear	dɪə(r)	int. adj.	（表示惊愕）哎呀！唷！ a. 亲爱的；贵的	7	4	2010/2011/2012/2014	dear:7
1911		engine	ˈendʒɪn	n.	发动机，引擎	7	2	2017/2022	engine:4 engines:3
1912		envelope	ˈenvələʊp	n.	信封	7	5	2008/2012/2017/2019/2020	envelope:6 envelopes:1
1913		exchange	ɪksˈtʃeɪndʒ	n.	交换，掉换；交流	7	4	2013/2017/2018/2022	exchanged:2 exchanging:2 exchange:2 exchanges:1
1914		fair	feə(r)	adj. n.	公平的，合理的 a. (肤色)白皙的； （人）白肤金发的 n. 集市；庙会；展览会	7	3	2017/2018/2020	fair:5 fairs:2
1915		fantasy	ˈfæntəsɪ	n.	幻想，梦想	7	3	2013/2019/2020	fantasy:6 fantasies:1
1916		fiction	ˈfɪkʃ(ə)n	n.	小说，虚构的事	7	2	2013/2016	fiction:7
1917		fifty	ˈfɪftɪ	num.	五十	7	2	2010/2017	fifties:6 fifty:1
1918		fool	fuːl	n.	傻子，蠢人	7	2	2015/2022	fool:4 fooled:3
1919		freedom	ˈfriːdəm	n.	自由	7	3	2017/2019/2021	freedom:7
1920		gradual		adj.	逐渐的, 逐步的, 渐进的	7	5	2010/2011/2014/2015/2016	gradual:7
1921		harvest	ˈhɑːvɪst	n. vt.	收割，收获（物	7	2	2016/2020	harvested:3 harvesting:2 harvest:1 harvests:1
1922		horse	hɔːs	n.	马	7	1	2022	horse:5 horses:2
1923		impress	ɪmˈpres	vt.	留下极深的印象	7	3	2012/2013/2018	impressed:4 impress:2 impresses:1
1924		inspect	ɪnˈspekt	vt.	检查；检验；审视	7	2	2008/2022	inspect:4 inspected:3
1925		intention	ɪnˈtenʃ(ə)n	n.	打算,计划,意图	7	1	2020	intention:6 intentions:1
1926		June	dʒuːn	n.	6月	7	3	2015/2016/2020	june:7
1927		kindergarten	kɪndəˈɡɑːt(ə)n	n.	幼儿园	7	3	2008/2009/2018	kindergarten:7
1928		knife	naɪf	n.	(复 knives) n.小刀;匕首;刀片	7	4	2010/2012/2016/2020	knives:5 knife:2
1929		lifetime	ˈlaɪftaɪm	n.	一生，终生	7	4	2019/2020/2021/2022	lifetime:7
1930		mail	meɪl	n. v.	邮政,邮递 v. (美)邮寄	7	4	2008/2010/2011/2016	mail:4 mailed:2 mailing:1
1931		manager	ˈmænɪdʒə(r)	n.	经理	7	3	2010/2019/2021	manager:7
1932		mine	maɪn	n. vt. pron.	矿藏,矿山vt.开采(矿物) pron. 我的	7	3	2009/2010/2018	mine:5 mined:2
1933		mobile phone	ˈməʊbaɪl fəʊn	n.	手提电话，手机	7	0		mobile phone:7
1934		nutrition	njuːˈtrɪʃ(ə)n	n.	营养，滋养	7	3	2010/2015/2018	nutrition:7
1935		oneself	wʌnˈself	pron.	自己；自身	7	4	2008/2015/2020/2022	oneself:7
1936		painful	ˈpeɪnfʊl	adj.	使痛的，使痛苦的	7	4	2013/2014/2015/2019	painful:7
1937		partner	ˈpɑːtnə(r)	n.	搭档，合作者	7	4	2010/2011/2016/2019	partner:4 partners:3
1938		pause	pɔːz	n. vi.	中止，暂停；停止	7	3	2019/2021/2022	paused:3 pauses:2 pausing:2
1939		permanent	ˈpɜːmənənt	adj.	永久的，永恒的	7	3	2019/2020/2021	permanent:7
1940		permission	pəˈmɪʃ(ə)n	n.	允许,许可,同意	7	2	2010/2014	permission:7
1941		phenomenon	fəˈnɒmɪnən	n.	现象	7	3	2010/2015/2018	phenomenon:7
1942		pocket	ˈpɔkɪt	n.	（衣服的）口袋	7	3	2008/2014/2021	pocket:7
1943		pollute	pəˈluːt	vt.	污染	7	4	2014/2015/2018/2021	polluting:3 polluted:3 pollute:1
1944		pop	pɒp	adj. n.	（口语）流行的；流行音乐（popular 的缩写）	7	4	2012/2016/2017/2022	pop:7
1945		prohibit	prəˈhɪbɪt	v.	禁止	7	3	2008/2014/2017	prohibited:5 prohibiting:2
1946		properly	ˈprɔpəlɪ	adv.	适当地	7	3	2008/2013/2020	properly:7
1947		reality	rɪˈælɪtɪ	n.	现实；realise (美realize	7	3	2013/2014/2017	reality:7
1948		recite	rɪˈsaɪt	v.	背诵；recognise (美recognize	7	3	2009/2017/2021	recited:4 recite:3
1949		regardless	rɪˈɡɑːdlɪs	adj.	不顾，不加理会	7	3	2013/2019/2020	regardless:7
1950		rice	raɪs	n.	稻米；米饭	7	2	2016/2018	rice:7
1951		roof	ruːf	n.	屋顶，顶部	7	4	2009/2017/2018/2020	roofs:4 roof:3
1952		rubbish	ˈrʌbɪʃ	n.	垃圾； 废物	7	3	2014/2017/2019	rubbish:7
1953		scan	skæn	v.	略读，浏览，扫描	7	2	2013/2019	scanning:4 scans:2 scanned:1
1954		scenery	ˈsiːnərɪ	n.	风景，景色，风光；sceptical (AmE skeptical	7	4	2015/2016/2020/2022	scenery:5 sceneries:2
1955		selfish	ˈselfɪʃ	adj.	自私的	7	2	2016/2019	selfish:7
1956		shine	ʃaɪn	n.	光泽；光彩；阳光；晴天；光(亮)；shine (shone, shone 或-d, -d	7	2	2015/2019	shining:5 shine:2
1957		sigh	saɪ	vi.	叹息；叹气	7	3	2009/2010/2019	sigh:5 sighed:2
1958		sink	sɪŋk	n.	洗涤槽；污水槽；sink (sank, sunk	7	1	2018	sink:4 sank:2 sinking:1
1959		smooth	ˈsməʊkɪŋ	adj.	光滑的;平坦的	7	5	2010/2011/2016/2018/2022	smooth:7
1960		soccer	ˈsɔkə(r)	n.	英式足球	7	3	2015/2020/2021	soccer:7
1961		software	sɔft; (US) sɔːft	n.	软件	7	2	2011/2015	software:7
1962		Spanish	ˈspænɪʃ	adj. n.	西班牙人的，西班牙的，西班牙语的 n. 西班牙语	7	3	2014/2016/2018	spanish:7
1963		spare	speə(r)	adj.	空闲,多余的，剩余的	7	4	2008/2010/2017/2020	spare:7
1964		spiritual	ˈspɪrɪtʃʊəl	adj.	精神的； 心灵的	7	3	2015/2019/2020	spiritual:7
1965		sudden	ˈsʌd(ə)n	adj.	突然的	7	2	2010/2014	sudden:7
1966		tale	teɪl	n.	故事, 传说	7	2	2012/2019	tales:4 tale:3
1967		tap	tæp	n.	(自来水煤气等的)龙头	7	3	2008/2014/2019	tap:2 tapped:2 tapping:2 taped:1
1968		totally	ˈtɔt(ə)lɪ	adv.	总合地，完全地	7	3	2008/2018/2019	totally:7
1969		unpleasant	ʌnˈplez(ə)nt	adj.	使人不愉快的	7	3	2017/2019/2020	unpleasant:7
1970		usual	ˈjuːʒʊəl	adj.	通常的，平常的	7	3	2011/2013/2020	usual:7
1971		visual	ˈvɪʒjʊəl	adj.	视力的，视觉的	7	2	2018/2022	visual:7
1972		warn		v.	警告, 通知	7	3	2011/2015/2018	warned:4 warner:2 warn:1
1973		wound	wuːnd	vt. n.	伤,伤害 n.创伤,伤口	7	3	2010/2016/2022	wound:6 wounding:1
1974		yellow	ˈjeləʊ	adj.	黄色的	7	2	2015/2018	yellow:7
1975		accompany	əˈkʌmpənɪ	v.	陪同，陪伴，与…同时发生	6	3	2017/2018/2022	accompanied:6
1976		accomplish	əˈkʌmplɪʃ	v.	完成	6	3	2014/2016/2017	accomplish:5 accomplished:1
1977		advertisement	ədˈvɜːtɪsmənt	n.	广告	6	3	2011/2013/2015	advertisements:4 advertisement:2
1978		African	ˈæfrɪkən	adj. n.	非洲的，非洲人的 n. 非洲人	6	3	2012/2014/2018	african:6
1979		agricultural	æɡrɪˈkʌltʃər(ə)l	adj.	农业的	6	2	2010/2016	agricultural:6
1980		alphabet	ˈælfəbet	n.	字母表，字母	6	2	2016/2017	alphabet:6
1981		altitude	ˈæltɪtjuːd; (US) ælˈtɪtuːd	n.	海拔高度	6	4	2010/2015/2020/2022	altitudes:4 altitude:2
1982		anniversary	ænɪˈvɜːsərɪ	n.	周年纪念日	6	3	2017/2018/2022	anniversary:4 anniversaries:2
1983		announcement	əˈnaʊnsmənt	n.	通告，通知	6	3	2011/2014/2020	announcement:4 announcements:2
1984		anywhere	ˈenɪweə(r)	adv.	任何地方	6	3	2008/2011/2021	anywhere:6
1985		application	æplɪˈkeɪʃ(ə)n	n.	申请	6	3	2013/2021/2022	application:6
1986		assume	əˈsjuːm; (US) əˈsuːm	v.	假定，假设	6	3	2010/2018/2020	assume:6
1987		astronaut	ˈæstrənɔːt	n.	宇航员	6	1	2019	astronauts:6
1988		bargain	ˈbɑːɡɪn	n. v.	（经讨价还价后）成交的商品；廉价货 v. 讨价还价	6	3	2013/2017/2020	bargain:4 bargaining:2
1989		beg	beɡ	v.	请求，乞求，乞讨 ；begin(began,begun	6	2	2015/2022	begging:4 beg:2
1990		blanket	ˈblæŋkɪt	n.	毛毯，毯子	6	2	2021/2022	blanket:6
1991		blind	blaɪnd	adj.	瞎的	6	3	2013/2021/2022	blinding:4 blind:2
1992		burst	ˈbɜːst	v.	突然发生； 突然发作	6	3	2014/2015/2016	burst:4 bursts:2
1993		cage	keɪdʒ	n.	笼；鸟笼	6	3	2016/2019/2022	cage:4 cages:2
1994		carbon	ˈkɑːbən	n.	碳	6	2	2018/2022	carbon:6
1995		cater	ˈkeɪtə(r)	v.	提供饮食，承办酒席	6	3	2011/2015/2016	caters:2 catering:2 catered:2
1996		cattle	ˈkæt(ə)l	n.	牛（总称），家畜	6	3	2009/2018/2020	cattle:6
1997		chief	tʃiːf	adj. n.	主要,首要的 n.领导，头；child (复children	6	4	2008/2018/2019/2020	chief:6
1998		compromise	ˈkɔmprəmaɪz	v.	妥协,折中,让步	6	3	2013/2018/2022	compromise:4 compromised:2
1999		conclusion	kənˈkluːʒ(ə)n	n.	结论；结束	6	2	2014/2019	conclusion:4 conclusions:2
2000		construction	kənˈstrʌkʃ(ə)n	n.	建造,建设,建筑物	6	2	2016/2022	construction:4 constructions:2
2001		convenience	kənˈviːnɪəns	n.	便利	6	3	2010/2011/2018	convenience:4 conveniences:2
2002		convenient	kənˈviːnɪənt	adj.	便利的，方便的	6	3	2013/2014/2021	convenient:6
2003		corporation	kɔːpəˈreɪʃ(ə)n	n.	（大）公司	6	3	2013/2015/2017	corporations:3 corporation:3
2004		dead	ded	adj.	死的；无生命的	6	3	2014/2016/2021	dead:6
2005		debt	det	n.	债务；欠款	6	2	2015/2020	debt:6
2006		decrease	dɪˈkriːs	v.	减少，减小，降低	6	2	2010/2018	decreased:3 decrease:2 decreasing:1
2007		depth	depθ	n.	深，深度	6	3	2009/2013/2019	depth:5 depths:1
2008		destination	destɪˈneɪʃ(ə)n	n.	目的地，终点	6	2	2015/2019	destinations:4 destination:2
2009		devote	dɪˈvəʊt	vt.	把…奉献, 把…专用（于	6	3	2008/2011/2015	devoted:4 devote:2
2010		differ	ˈdɪfə(r)	v.	相异，有区别	6	3	2015/2020/2021	differ:6
2011		disability	dɪsəˈbɪlɪtɪ	n.	. 残疾；无能	6	2	2013/2019	disability:6
2012		disadvantage	dɪsədˈvɑːntɪdʒ	n.	不利条件；弱点	6	3	2008/2018/2022	disadvantage:4 disadvantaged:2
2013		disturbing	dɪˈstɜːbɪŋ	adj.	令人不安的，引起恐慌的	6	3	2012/2019/2021	disturbing:6
2014		drawer	ˈdrɔːə(r)	n.	抽屉	6	2	2010/2020	drawer:6
2015		enterprise	ˈentəpraɪz	n.	公司，企，事业单位	6	1	2011	enterprise:6
2016		expectation	ekspekˈteɪʃ(ə)n	n.	预料；期望	6	3	2016/2021/2022	expectations:4 expectation:2
2017		extreme	ɪkˈstriːm	adj.	极其的，非常的	6	4	2017/2019/2020/2022	extreme:5 extremes:1
2018		fade	feɪd	vi.	褪色，（颜色）消退	6	2	2019/2020	fade:2 fading:2 faded:2
2019		fault	fɔːlt	n.	缺点，毛病	6	2	2010/2022	faults:4 fault:2
2020		feather	ˈfeðə(r)	n.	羽毛	6	2	2010/2012	feathers:6
2021		fifteen	fɪfˈtiːn	num.	十五	6	2	2016/2019	fifteen:6
2022		flexible	ˈfleksəbl	adj.	灵活的，可变动的	6	3	2013/2015/2019	flexible:6
2023		folk	fəʊk	adj.	民间的	6	3	2009/2019/2022	folk:6
2024		forty	ˈfɔːtɪ	num.	四十	6	3	2014/2017/2022	forty:6
2025		fox	fɔks	n.	狐狸	6	3	2017/2018/2022	foxes:6
2026		frequent	ˈfriːkwənt	adj.	经常的；频繁的	6	2	2018/2020	frequent:6
2027		gallon	ˈɡælən	n.	加仑	6	1	2017	gallon:4 gallons:2
2028		garbage	ˈɡɑːbɪdʒ	n.	垃圾	6	2	2021/2022	garbage:6
2029		glad	ɡlæd	adj.	高兴的；乐意的	6	3	2013/2018/2020	glad:6
2030		grammar	ˈɡræmə(r)	n.	语法	6	2	2014/2015	grammar:6
2031		greeting	ˈɡriːtɪŋ	n.	祝贺	6	3	2012/2013/2021	greeting:4 greetings:2
2032		hello	həˈləʊ	int.	喂；你好（表示打招呼，问候或唤起注意	6	2	2021/2022	hello:6
2033		hey	heɪ	int.	嘿！	6	2	2010/2016	hey:6
2034		housework	ˈhaʊswɜːk	n.	家务劳动	6	1	2021	housework:6
2035		ill	ɪl	adj.	有病的；不健康的	6	4	2010/2013/2017/2020	ill:6
2036		illness	ˈɪlnɪs	n.	疾病	6	3	2013/2017/2018	illnesses:4 illness:2
2037		institution	ɪnstɪˈtjuːʃ(ə)n; (US) ɪnstəˈtuːʃn	n.	(慈善、宗教等性质的)公共机构； 学校	6	3	2013/2015/2020	institutions:5 institution:1
2038		Japan	dʒæˈpæn	n.	* n. 日本	6	4	2008/2011/2016/2022	japan:6
2039		jar	dʒɑː(r)	n.	罐子；坛子	6	2	2011/2013	jar:6
2040		judg				6	3	2010/2013/2016	judged:4 judging:2
2041		judge	dʒʌdʒ	n. vt.	裁判；审判员；法官vt. 判断，断定	6	3	2010/2013/2019	judge:6
2042		lady	ˈleɪdɪ	n.	女士，夫人	6	1	2016	lady:4 ladies:2
2043		leader	ˈliːdə(r)	n.	领袖，领导人	6	3	2010/2014/2016	leader:4 leaders:2
2044		lemon	ˈlemən	n. adj.	柠檬 a. 柠檬色(味)的	6	2	2015/2018	lemon:6
2045		lend		v.	借（出）, 把…借给	6	2	2013/2017	lend:2 lent:2 lending:2
2046		lift	lɪft	v. n.	举起，抬起；（云、烟等）消散 n. （英）电梯	6	4	2013/2017/2018/2020	lifted:3 lift:2 lifts:1
2047		lung	lʌŋ	n.	肺；肺脏	6	3	2013/2018/2019	lungs:5 lung:1
2048		marriage	ˈmærɪdʒ	n.	结婚，婚姻	6	3	2010/2015/2017	marriages:3 marriage:3
2049		mature	məˈtjʊə(r); (US) məˈtʊər	adj.	成熟的	6	3	2015/2020/2021	mature:4 matured:2
2050		midnight	ˈmɪdnaɪt	n.	午夜	6	2	2013/2014	midnight:6
2051		minister	ˈmɪnɪstə(r)	n.	部长；牧师	6	3	2019/2020/2022	ministers:4 minister:2
2052		mixture	ˈmɪkstʃə(r)	n.	混合物；mm (缩) = millimetre	6	2	2017/2018	mixture:6
2053		mouth	maʊθ	n.	嘴，口	6	2	2018/2022	mouth:6
2054		nut	nʌt	n.	坚果,果仁(胡桃,栗子等	6	1	2022	nut:6
2055		obtain	əbˈteɪn	vt.	获得；得到	6	3	2014/2017/2020	obtain:3 obtained:2 obtaining:1
2056		obvious	ˈɔbvɪəs	adj.	显然	6	2	2017/2020	obvious:6
2057		opera	ˈɔpərə	n.	歌剧	6	1	2016	opera:6
2058		oppose	əˈpəʊz	vt.	反对；反抗	6	3	2013/2017/2020	opposed:4 oppose:2
2059		oral	ˈɔːrəl	adj.	口述的，口头上的	6	1	2014	oral:6
2060		oxygen	ˈɔksɪdʒ(ə)n	n.	氧；氧气	6	1	2019	oxygen:6
2061		picnic	ˈpɪknɪk	n. v.	野餐	6	2	2012/2018	picnic:6
2062		plenty	pliːzd	n.	充足，大量	6	2	2019/2021	plenty:6
2063		poet	ˈpəʊɪt	n.	诗人	6	3	2008/2010/2012	poet:5 poets:1
2064		previous		adj.	在前的, 早先的	6	3	2013/2016/2018	previous:6
2065		primitive	ˈprɪmɪtɪv	adj.	原始的，远古的	6	1	2010	primitive:6
2066		printing	ˈprɪntɪŋ	n.	印刷，印刷术	6	1	2011	printing:6
2067		province	ˈprɔvɪns	n.	省	6	4	2018/2019/2020/2022	province:5 provinces:1
2068		puzzled	ˈpʌz(ə)l	adj.	迷惑的，困惑的	6	3	2014/2015/2021	puzzled:6
2069		quarter	ˈkwɔːtə(r)	n.	四分之一，一刻钟	6	2	2011/2021	quarter:6
2070		rank	ræŋk	n.	职衔，军衔	6	3	2016/2019/2021	ranks:4 ranked:1 ranking:1
2071		ray	reɪ	n.	光辉，光线	6	2	2018/2019	ray:4 rays:2
2072		react	riːˈækt	v.	回应，过敏，起物理，化学反应；read (read, read	6	3	2016/2017/2022	react:6
2073		reference	ˈref(ə)rəns	n.	提到,涉及,谈及,查询	6	1	2022	reference:4 references:2
2074		reservation	rezəˈveɪʃ(ə)n	n.	预定	6	2	2017/2022	reservations:6
2075		rough	rʌf	adj.	粗糙的，粗略的	6	3	2010/2011/2017	rough:6
2076		sandwich	ˈsænwɪdʒ	n.	三明治（夹心面包片	6	1	2015	sandwich:6
2077		satisfaction	sætɪsˈfækʃ(ə)n	n.	满意	6	2	2011/2012	satisfaction:6
2078		secure	sɪˈkjʊə(r)	adj.	安心的,有把握的,牢靠的	6	2	2017/2021	securing:4 secure:2
2079		seed	siːd	n.	种子	6	2	2011/2018	seeds:4 seed:2
2080		sensitive	ˈsensɪtɪv	adj.	体贴的,善解人意的	6	3	2013/2021/2022	sensitive:6
2081		session	ˈseʃ(ə)n	n.	一场,一节,一段时间；set (set, set	6	2	2015/2018	session:6
2082		shade	ʃeɪd	n.	阴凉处，树荫处	6	4	2012/2017/2019/2020	shades:4 shade:2
2083		shelf		n.	架子; 搁板	6	3	2008/2013/2016	shelf:5 shelves:1
2084		shirt	ʃɜːt	n.	男衬衫	6	3	2012/2017/2021	shirt:5 shirts:1
2085		significance	ˈsɪɡnətʃə(r)	n.	重要性，意义	6	3	2014/2017/2020	significance:6
2086		skip	skɪp	v.	蹦蹦跳跳；跳绳	6	3	2015/2018/2020	skip:3 skipped:3
2087		slice	sliːv	n.	片，切面（薄）片	6	2	2018/2019	sliced:4 slices:2
2088		smoke	smaɪl	n. v.	烟 v. 冒烟；吸烟	6	4	2011/2016/2017/2018	smoke:6
2089		specialist	ˈspeʃəlɪst	n.	（医学）专家，专科医生；专家；专业人员	6	3	2010/2012/2017	specialists:4 specialist:2
2090		tail	teɪl	n.	(动物的)尾巴	6	2	2020/2022	tail:4 tails:2
2091		tasty	ˈteɪstɪ	adj.	味道好的	6	3	2016/2018/2020	tasty:6
2092		teamwork	ˈtiːmwɜːk	n.	合作，协同工作	6	2	2015/2021	teamwork:6
2093		thrill	θrɪl	n. v.	/ v. 兴奋，激动	6	3	2017/2018/2022	thrilled:4 thrilling:2
2094		tire	ˈtaɪə(r)	vi.	使疲劳	6	2	2010/2018	tire:3 tiring:3
2095		transform	trænsˈfɔːm	v.	使改变形态,使改观	6	2	2018/2021	transformed:3 transforms:2 transform:1
2096		twentieth	ˈtwentiəθ	num.	第二十	6	2	2011/2019	twentieth:6
2097		twin	twɪst	n.	双胞胎之一	6	2	2016/2020	twins:5 twin:1
2098		typewriter	ˈtaɪpraɪtə(r)	n.	打字机	6	1	2010	typewriters:4 typewriter:2
2099		upstairs	ʌpˈsteəz	adv.	在楼上，到楼上	6	2	2017/2020	upstairs:6
2100		vain	veɪn	n.	自负的，自视过高的，徒劳的，无效的	6	3	2016/2017/2019	vain:6
2101		vote	vəʊt	vi.	选举，投票	6	3	2016/2017/2019	vote:4 voted:2
2102		weekday	ˈwiːkdeɪ	n.	平日	6	2	2008/2014	weekdays:3 weekday:3
2103		wet	wet	adj.	湿的,潮的,多雨的	6	1	2018	wet:6
2104		wire	ˈwaɪə(r)	n.	电线	6	3	2016/2017/2021	wire:2 wired:2 wires:2
2105		wise	waɪz	adj.	聪明,英明的,有见识的	6	3	2015/2019/2020	wise:6
2106		wood	wʊd	n.	木头,木材,(复)树木,森林	6	3	2014/2016/2018	wood:5 woods:1
2107		worn	wɜrn /wɜːm	adj.	用坏,用旧的,疲惫的	6	3	2008/2012/2018	worn:6
2108		zoo	zuː	n.	动物园	6	1	2011	zoo:6
2109		academy	əˈkædəmɪ	n.	专科学院,（美）私立学校	5	2	2011/2018	academy:5
2110		advocate	ˈædvəkət	v.	拥护，支持，提倡	5	2	2019/2020	advocates:3 advocate:2
2111		airplane	ˈeəpleɪn	n.	（美）飞机	5	2	2010/2018	airplanes:3 airplane:2
2112		alongside	əlɔŋˈsaɪd; (US) əlɔːŋˈsaɪd	adv.	在…旁边,与…同时	5	1	2019	alongside:5
2113		ancestor	ˈænsəstə(r)	n.	祖宗； 祖先	5	1	2010	ancestors:4 ancestor:1
2114		appointment	əˈpɔɪntmənt	n.	约会	5	2	2008/2010	appointment:4 appointments:1
2115		appreciation	əpriːʃɪˈeɪʃ(ə)n	n.	欣赏,鉴定,评估	5	2	2019/2020	appreciation:5
2116		Atlantic	ətˈlæntɪk	adj.	大西洋的	5	2	2008/2010	atlantic:5
2117		bark	bɑːk	v. n.	狗叫 n. 狗叫声	5	2	2010/2019	barked:4 barking:1
2118		behave	bɪˈheɪv	v.	守规矩，行为	5	3	2015/2016/2020	behaved:3 behaving:1 behave:1
2119		bench	bentʃ	n.	长凳；工作台；bend (bent, bent	5	1	2016	bench:3 benches:2
2120		brave	breɪv	adj.	勇敢的	5	2	2010/2011	brave:5
2121		breathe	briːð	vi.	呼吸	5	2	2015/2019	breathe:5
2122		businessman	ˈbɪznɪsmæn	n.	商人（男）；男企业家	5	2	2013/2022	businessman:5
2123		cancel	ˈkæns(ə)l	vt.	取消	5	2	2013/2020	cancelled:5
2124		chest	tʃest	n.	箱子；盒子；胸部	5	3	2008/2016/2018	chest:5
2125		coast	kəʊst	n.	海岸；海滨	5	3	2010/2011/2020	coast:4 coasts:1
2126		commitment	kəˈmɪtmənt	n.	承诺,允诺,承担	5	3	2016/2018/2019	commitment:5
2127		composition	kɔmpəˈzɪʃ(ə)n	n.	作文；作曲	5	1	2020	composition:3 compositions:2
2128		corner	ˈkɔːnə(r)	n.	角；角落；拐角	5	2	2010/2013	corner:4 corners:1
2129		cousin	ˈkʌz(ə)n	n.	堂（表）兄弟，堂（表）姐妹	5	2	2011/2016	cousins:4 cousin:1
2130		crime	kraɪm	n.	（法律上的）罪，犯罪	5	1	2020	crime:5
2131		cruel	ˈkruːəl	adj.	残忍的，残酷的；无情的	5	2	2011/2019	cruel:5
2132		currency	ˈkʌrənsɪ	n.	货币；现金	5	1	2020	currency:5
2133		deserve	dɪˈzɜːv	v.	（不用于进行时态）应得，应受	5	3	2016/2019/2021	deserve:5
2134		dessert	dɪˈzɜːt	n.	甜点	5	1	2018	dessert:5
2135		digest	dɪˈdʒest	v.	消化, 领会	5	2	2015/2020	digest:5
2136		dinosaur	ˈdaɪnəsɔː(r)	n.	恐龙	5	2	2012/2015	dinosaur:4 dinosaurs:1
2137		dirty	ˈdɜːtɪ	adj.	脏的	5	1	2015	dirty:3 dirtier:2
2138		distant	ˈdɪst(ə)nt	adj.	远的，遥远的	5	3	2013/2014/2022	distant:5
2139		disturb	dɪˈstɜːb	vt.	扰乱；打扰	5	2	2010/2017	disturbed:4 disturb:1
2140		drunk	drʌŋk	adj.	醉的	5	2	2010/2011	drunk:5
2141		dust	dʌst	n.	灰尘，尘土	5	2	2011/2016	dust:5
2142		elegant	ˈelɪɡənt	adj.	文雅的,漂亮的,精美的	5	2	2016/2022	elegant:5
2143		exact	ɪɡˈzækt	adj.	精确的；确切的	5	2	2014/2019	exact:5
2144		eyesight	ˈaɪsaɪt	n.	视力；视觉	5	3	2011/2019/2022	eyesight:5
2145		faith	feɪθ	n.	信仰；信念	5	2	2011/2014	faith:5
2146		female	ˈfiːmeɪl	adj.	女的；女性的；雌性的	5	2	2018/2021	female:5
2147		fence	fens	n.	栅栏；围栏；篱笆	5	2	2008/2016	fence:5
2148		finger	ˈfɪŋɡə(r)	n.	手指	5	3	2008/2019/2022	fingers:5
2149		flash	flæʃ	n.	闪；闪光； 转瞬间	5	2	2019/2021	flash:3 flashes:2
2150		fortunate	ˈfɔːtʃənət	adj.	幸运的； 侥幸的	5	3	2010/2012/2017	fortunate:5
2151		funeral	ˈfjuːˈnər(ə)l	n.	葬礼	5	1	2008	funeral:5
2152		gentleman	ˈdʒent(ə)lmən	n.	绅士，先生；有身份、有教养的人	5	1	2010	gentleman:5
2153		Germany	ˈdʒɜːmənɪ	n.	* n. 德国	5	2	2010/2011	germany:5
2154		glance	glæns /glɑːns	vi.	匆匆一看；一瞥	5	2	2021/2022	glance:3 glances:2
2155		graduation	ɡrædjʊˈeɪʃ(ə)n	n.	毕业，毕业典礼	5	2	2014/2017	graduation:5
2156		granddaughter	ˈɡrændɔːtə(r)	n.	（外）孙女	5	3	2016/2019/2022	granddaughter:3 granddaughters:2
2157		grasp	ɡrɑːsp; (US) ɡræsp	v.	抓住；紧握	5	2	2013/2018	grasp:3 grasped:2
2158		grateful	ˈɡreɪtfʊl	adj.	感激的，感谢的	5	3	2008/2019/2021	grateful:5
2159		Greece	ɡriːs	n.	* n. 希腊	5	3	2011/2015/2021	greece:5
2160		greet	ɡriːt	vt.	问候；向……致敬	5	3	2013/2019/2022	greeted:3 greets:2
2161		guidance	ˈɡaɪdəns	n.	引导，指导	5	2	2013/2014	guidance:5
2162		happily	ˈhæpɪlɪ	adv.	幸福地，快乐地	5	3	2011/2018/2021	happily:5
2163		hunger	ˈhʌŋɡə(r)	n.	饥饿	5	3	2011/2016/2017	hunger:5
2164		iron	ˈaɪən; (US) ˈaɪərn	n. vt.	铁，熨斗 vt. 熨烫	5	4	2010/2012/2018/2020	iron:5
2165		jacket	ˈdʒækɪt	n.	短上衣，夹克衫	5	2	2009/2012	jacket:5
2166		juicy	dʒuːsɪ	adj.	多汁的；水分多的	5	2	2014/2015	juicy:4 juicier:1
2167		literature	ˈlɪtərətʃə(r); (US) ˈlɪtrətʃʊər	n.	文学	5	3	2011/2013/2014	literature:5
2168		male	meɪl	adj.	男（性）的；雄的；man (复men	5	2	2011/2018	male:4 males:1
2169		mess	mes	n.	凌乱	5	2	2021/2022	mess:5
2170		mineral	ˈmɪnər(ə)l	n.	矿物质，矿物	5	2	2014/2018	minerals:5
2171		ministry	ˈmɪnɪstrɪ	n.	（政府的）部	5	3	2016/2018/2020	ministry:5
2172		neighbour	ˈneɪbə(r)	n.	邻居，邻人【英】	5	3	2012/2016/2017	neighbours:4 neighbouring:1
2173		officer	ˈɔfɪsə(r); (US) ˈɔːfɪsər	n.	军官;公务员,官员；警察，警官	5	3	2008/2016/2019	officer:4 officers:1
2174		outdoors	aʊtˈdɔːz	adv.	在户外, 在野外	5	3	2008/2016/2018	outdoors:5
2175		outstanding	aʊtˈstændɪŋ	adj.	优秀的，杰出的；outward(s	5	2	2014/2016	outstanding:5
2176		overweight	əʊvəˈweɪt	adj.	太胖的,超重的	5	3	2017/2018/2020	overweight:5
2177		pace	peɪs	n.	步子；节奏	5	3	2008/2011/2020	pace:5
2178		panda	ˈpændə	n.	熊猫	5	1	2016	pandas:4 panda:1
2179		part-time	ˌpɑːtˈtaɪm	adj. adv.	兼职的；部分时间的（地）	5	0		part-time:5
2180		pillow	pɪl	n.	枕头	5	2	2013/2018	pillows:4 pillow:1
2181		pity	ˈpɪtɪ	n.	怜悯，同情	5	2	2009/2018	pity:5
2182		playground	ˈpleɪgraʊnd	n.	操场，运动场	5	1	2019	playground:5
2183		possess	pəˈzɪʃ(ə)n	vt.	占有；拥有	5	3	2010/2016/2022	possess:3 possessed:2
2184		printer	ˈprɪntə(r)	n.	打印机	5	1	2019	printers:3 printer:2
2185		profit	ˈprɔfɪt	n.	利润，收益；programme (美program	5	3	2013/2016/2022	profit:3 profits:2
2186		quantity	ˈkwɔntətɪ	n.	量，数	5	3	2010/2015/2019	quantity:3 quantities:2
2187		quit	kwɪt	v.	离任，离校，戒掉	5	3	2013/2014/2015	quit:5
2188		reasonable	ˈriːzənəb(ə)l	adj.	合乎情理的	5	2	2016/2018	reasonable:5
2189		rebuild	riːˈbɪld	vt.	重建	5	3	2011/2016/2018	rebuild:4 rebuilding:1
2190		reject	rɪˈdʒekt	v.	拒绝	5	2	2016/2021	rejected:5
2191		Scottish	ˈskɔtɪʃ	adj. n.	苏格兰（人）的 n. 苏格兰人	5	3	2010/2013/2022	scottish:5
2192		sentence	ˈsent(ə)ns	n.	句子	5	4	2008/2009/2010/2016	sentences:4 sentence:1
2193		settlement	ˈsetəlmənt	n.	新拓居地；（美）部落，村落	5	3	2008/2019/2022	settlement:3 settlements:2
2194		sharpen	ˈʃɑːpən	v.	（使）变锐利，削尖	5	3	2011/2013/2019	sharpen:4 sharpening:1
2195		shore	ʃɔː(r)	n.	滨，岸	5	3	2016/2018/2019	shore:5
2196		shy	ʃaɪ	adj.	害羞的	5	3	2010/2016/2018	shy:5
2197		skillfully	ˈskilfuli	adv.	精湛地,巧妙地	5	2	2010/2019	skillfully:5
2198		soil	sɔɪl	n.	土壤，土地	5	4	2008/2014/2016/2018	soil:5
2199		sorrow	ˈsɔrəʊ	n.	悲伤，悲痛	5	3	2013/2014/2018	sorrow:5
2200		southeast	‚saʊθˈɪːs	n.	东南	5	3	2010/2018/2020	southeast:5
2201		spell	spiːd	vt.	拼写	5	2	2009/2016	spell:5
2202		sponsor	ˈspɔnsə(r)	n.	赞助者，赞助商	5	3	2010/2017/2020	sponsor:4 sponsors:1
2203		superb	suːˈpɜːb	adj.	卓越的,质量极高的	5	2	2020/2022	superb:5
2204		suppose	səˈpəʊz	vt.	猜想,假定,料想	5	2	2010/2018	supposed:3 supposing:1 suppose:1
2205		thick	θɪk	adj.	厚的；thief (复thieves	5	3	2015/2018/2019	thick:5
2206		uncle	ˈʌŋk(ə)l	n.	叔,伯,舅,姑夫,姨父	5	2	2010/2016	uncle:5
2207		unfold	ʌnˈfəʊld	vt.	展开，打开	5	1	2019	unfolds:2 unfolded:2 unfold:1
2208		vast	vɑːst; (US) væst	adj.	巨大的，广阔的	5	2	2018/2020	vast:5
2209		version	ˈvɜːʃ(ə)n; (US) ˈvərʒn	n.	变体，变种，改写本	5	1	2020	version:4 versions:1
2210		wash	wɒʃ	n. v.	洗(涤)冲洗,洗剂,泼溅,洗的衣服 v.洗(涤),冲洗,流过,弄湿	5	2	2008/2020	washing:3 washed:1 washer:1
2211		wealth	welθ	n.	财产，财富	5	3	2011/2014/2020	wealth:5
2212		web	web	n.	网，网状物	5	3	2011/2013/2016	web:5
2213		abroad	əˈbrɔːd	adv.	到（在）国外	4	1	2016	abroad:4
2214		absence	ˈæbsəns	n.	不在，缺席	4	2	2017/2018	absence:4
2215		accountant	əˈkaʊnt(ə)nt	n.	会计，会计师	4	1	2011	accountants:4
2216		accumulate	əˈkjuːmjʊleɪt	v.	积累，积聚	4	2	2014/2018	accumulated:3 accumulating:1
2217		accuracy	ˈækjʊrəsɪ	n.	准确，精确	4	2	2015/2019	accuracy:4
2218		accurate		adj.	正确的, 精确的	4	2	2008/2016	accurate:4
2219		adjust	əˈdʒʌst	v.	调整,调节,适应,习惯	4	1	2019	adjust:4
2220		administration	ədmɪnɪˈstreɪʃ(ə)n	n.	管理,行政部门	4	2	2011/2017	administration:4
2221		affection	əˈfekʃ(ə)n	n.	喜爱，钟爱	4	2	2017/2020	affection:4
2222		alcohol	ˈælkəhɔl	n.	含酒精饮料，酒	4	1	2013	alcohol:4
2223		alcoholic	ælkəˈhɔlɪk	adj. n.	/ n. 含酒精的，酒鬼	4	1	2022	alcoholic:4
2224		amuse	əˈmjuːz	vt.	（使人）快乐，逗乐	4	2	2016/2022	amused:4
2225		Antarctic	ænˈtɑːktɪk	adj.	南极的	4	1	2016	antarctic:4
2226		antique	ænˈtiːk	n.	古董	4	2	2010/2020	antiques:4
2227		apologize	əˈpɔlədʒaɪz	vi.	道歉，谢罪	4	2	2020/2021	apologized:2 apologize:2
2228		apology	əˈpɔlədʒɪ	n.	道歉；歉意	4	2	2016/2021	apology:4
2229		apparent	əˈpærənt	adj.	显而易见	4	1	2015	apparent:4
2230		approve	əˈpruːv	v.	赞成,同意,批准,通过	4	2	2018/2020	approved:2 approving:2
2231		argument	ˈɑːɡjʊmənt	n.	争论，辩论；arise (arose, arisen	4	2	2010/2011	argument:2 arguments:2
2232		arithmetic	əˈrɪθmətɪk	n.	算术	4	1	2010	arithmetic:4
2233		authentic	ɜːˈθentɪk	adj.	真正的，真品的	4	1	2017	authentic:4
2234		automatic	ɔːtəˈmætɪk	adj.	自动的，机械的	4	1	2009	automatic:4
2235		bamboo	bæmˈbuː	n.	竹	4	2	2016/2020	bamboo:4
2236		ban	bæn	n. v.	禁令 v. 禁止；取缔	4	1	2021	ban:2 banned:2
2237		biography	baɪˈɔɡrəfɪ	n.	传记	4	2	2019/2021	biography:4
2238		bleed	bliːd	vi.	出血，流血	4	1	2016	bleeds:4
2239		bone	bəʊn	n.	骨头，骨质（复数bones骨骼；骨骸	4	3	2009/2013/2016	bone:3 bones:1
2240		brick	brɪk	n.	砖；砖块	4	1	2018	bricks:4
2241		bush	bʊʃ	n.	灌木丛，矮树丛	4	2	2010/2011	bushes:2 bush:2
2242		businesswoman	ˈbɪznɪswʊmæn	n.	商人（女）；女企业家	4	2	2013/2020	businesswoman:4
2243		button	ˈbʌt(ə)n	n. v.	纽扣；（电铃等的）按钮 v. 扣（纽扣） ；buy (bought,bought	4	1	2012	buttons:2 button:2
2244		captain	ˈkæptɪn	n.	（海军）上校；船长，舰长；队长	4	1	2016	captain:4
2245		casual	ˈkæʒʊəl	adj.	漫不经心的，不经意的，非正式的	4	2	2018/2020	casual:4
2246		category	ˈkætɪɡərɪ	n.	类别，种类	4	2	2019/2021	categories:2 category:2
2247		certificate	səˈtɪfɪkət	n.	证明，证明书	4	1	2010	certificate:4
2248		clone	kləʊn	n.	克隆（无性繁殖出来的有机体群	4	1	2013	clone:3 clones:1
2249		cocoa	ˈkəʊkəʊ	n.	可可粉	4	1	2013	cocoa:4
2250		coke	kəʊk	n.	可口可乐	4	2	2017/2022	coke:4
2251		compensate	ˈkɔmpenseɪt	v.	补偿，弥补	4	2	2017/2022	compensating:2 compensate:2
2252		conservation	kɔnsəˈveɪʃ(ə)n	n.	保存；（自然资源的）保护，管理	4	3	2010/2011/2021	conservation:4
2253		conservative	kənˈsɜːvətɪv	adj. n.	保守的，守旧的；保守主义的；谨慎的 n.保守的人，保守主义	4	2	2020/2021	conservative:4
2254		consideration	kənsɪdəˈreɪʃ(ə)n	n.	考虑；关心	4	2	2016/2020	consideration:4
2255		consist	kənˈsɪst	v.	包含，组成，构成	4	1	2019	consisting:3 consists:1
2256		consult	kənˈsʌlt	v.	咨询，商量	4	2	2020/2021	consult:2 consulted:2
2257		continent	ˈkɔntɪnənt	n.	大陆，大洲；陆地	4	3	2016/2020/2022	continent:2 continents:2
2258		cookie	ˈkʊkɪ	n.	小甜饼	4	2	2018/2021	cookies:4
2259		cottage	ˈkɔtɪdʒ	n.	(郊外)小屋,村舍,别墅	4	1	2020	cottage:4
2260		courage	ˈkʌrɪdʒ	n.	勇气； 胆略	4	2	2014/2021	courage:4
2261		cushion	ˈkʊʃ(ə)n	n.	垫子	4	2	2011/2018	cushions:2 cushion:2
2262		custom	ˈkʌstəm	n.	习惯，习俗，风俗习惯	4	2	2013/2015	custom:4
2263		customs	ˈkʌstəm	n.	海关，关税；cut (cut, cut	4	2	2009/2020	customs:4
2264		deadline	ˈdedlaɪn	n.	最后期限，截止日期	4	1	2019	deadlines:2 deadline:2
2265		decoration	dekəˈreɪʃ(ə)n	n.	装饰，修饰	4	2	2018/2020	decorations:3 decoration:1
2266		deposit	dɪˈpɔzɪt	v. n.	/ n. 订金，押金，放下，放置，储存	4	1	2017	deposit:2 deposits:2
2267		disagreement	dɪsəˈɡriːmənt	n.	意见不一致；相违；争论	4	3	2015/2021/2022	disagreements:2 disagreement:2
2268		disappointment	dɪsəˈpɔɪntmənt	n.	失望；沮丧	4	2	2010/2021	disappointment:4
2269		discrimination	dɪskrɪmɪˈneɪʃ(ə)n	n.	歧视	4	2	2016/2021	discrimination:4
2270		dish	dɪʃ	n.	盘，碟；盘装菜；盘形物	4	3	2015/2020/2021	dishes:2 dish:2
2271		downtown	ˈdaʊntaʊn	adv. n. adj.	往或在城市的商业区（或中心区、闹市区） n. 城市的商业区，中心区，闹市区 a.城市的商业区的，中心区的，闹市区的	4	2	2016/2019	downtown:4
2272		editor	ˈedɪtə(r)	n.	编辑	4	2	2020/2022	editor:4
2273		elder	ˈeldə(r)	n.	长者；前辈	4	2	2016/2017	elder:2 elders:2
2274		ending	ˈendɪŋ	n.	结局；结尾，最后	4	2	2017/2022	ending:4
2275		enjoyable	ɪnˈdʒɔɪəb(ə)l	adj.	愉快的；有趣的	4	2	2019/2022	enjoyable:4
2276		equip	ɪˈkwɪp	vt.	提供设备；装备；配备	4	2	2013/2018	equipped:4
2277		error	ˈerə(r)	n.	错误；差错	4	2	2019/2022	error:4
2278		everyday	ˈevrɪbɔdɪ	adj.	每日的；日常的	4	2	2012/2020	everyday:4
2279		extension	ɪkˈstenʃ(ə)n	n.	扩大，延伸	4	1	2019	extension:4
2280		fairly	ˈfeəlɪ	adv.	公正地，正当地；相当（程度）地	4	3	2008/2011/2014	fairly:4
2281		federal	ˈfedər(ə)l	adj.	l a.中央的（政府）联邦的	4	1	2017	federal:4
2282		ferry	ˈferɪ	n.	渡船	4	1	2022	ferries:4
2283		fireworks		n.	焰火	4	1	2018	fireworks:4
2284		flour	ˈflaʊə(r)	n.	面粉，粉	4	2	2011/2018	flour:4
2285		flow	fləʊ	vi.	流动	4	2	2010/2016	flow:4
2286		forever	fəˈrevə(r)	adv.	永远；永恒的	4	2	2011/2018	forever:4
2287		fridge	frɪdʒ	n.	冰箱	4	2	2012/2016	fridge:3 fridges:1
2288		fundamental	fʌndəˈment(ə)l	adj.	十分重大的，根本的	4	2	2015/2018	fundamental:4
2289		German	ˈdʒɜːmən	adj. n.	德国的，德国人的，德语的 n. 德国人，德语	4	2	2010/2011	german:2 germans:2
2290		good-bye	ˌɡʊdˈbaɪ	int.	再见，再会	4	0		good-bye:4
2291		grocery		n.	食品, 杂货	4	1	2012	grocery:3 groceries:1
2292		guilty	ˈɡɪltɪ	adj.	有罪,犯法的,做错事的	4	1	2013	guilty:4
2293		happiness	ˈhæpɪnɪs	n.	幸福，愉快	4	2	2010/2015	happiness:4
2294		hatch	hætʃ	v.	（鸟、鸡）孵蛋	4	0		hatching:2 hatch:1 hatched:1
2295		helmet	ˈhelmɪt	n.	头盔	4	1	2018	helmet:4
2296		hero	ˈhɪərəʊ	n.	英雄，勇士，男主角	4	2	2011/2013	heroes:4
2297		hilly	ˈhɪlɪ	adj.	丘陵的； 多小山的	4	1	2018	hilly:2 hillier:2
2298		honest	ˈɔnɪst	adj.	诚实的，正直的	4	2	2016/2021	honest:4
2299		hopeful	ˈhəʊpfʊl	adj.	有希望的；有前途的	4	2	2018/2020	hopeful:4
2300		identification	aɪdentɪfɪˈkeɪʃ(ə)n	n.	鉴定，辨别	4	1	2016	identification:4
2301		import	ɪmˈpɔːt	v. n.	进口，输入	4	2	2015/2022	importing:2 import:2
2302		information desk	ɪnfəˈmeɪʃ(ə)n desk	n.	问讯处	4	0		information desk:4
2303		irrigation	ɪrɪˈɡeɪʃ(ə)n	n.	灌溉	4	1	2010	irrigation:4
2304		jet	dʒet	n.	喷气式飞机；喷射（器	4	1	2010	jet:4
2305		July	dʒʊˈlaɪ	n.	7月	4	2	2018/2020	july:4
2306		keeper	ˈkiːpə(r)	n.	（动物园中的）饲养员，看守人	4	2	2020/2022	keeper:4
2307		kick	kɪk	v. n.	踢	4	2	2016/2019	kicked:3 kick:1
2308		kindness	ˈkaɪndnɪs	n.	仁慈；善良	4	2	2014/2019	kindness:4
2309		labour	ˈleɪbə(r)	n.	劳动【英】	4	1	2017	labour:4
2310		lately	ˈleɪtlɪ	adv.	最近，不久前	4	2	2010/2020	lately:4
2311		liquid	ˈlɪkwɪd	n. adj.	液体；液体的	4	2	2015/2017	liquid:4
2312		litre	liːtə(r)	n.	升； 公升【英】	4	1	2022	litre:2 litres:2
2313		load	ləʊd	n.	担子，货物	4	2	2020/2021	load:2 loads:2
2314		mad	mæd	adj.	发疯的；生气的	4	2	2010/2020	mad:4
2315		mainland	ˈmeɪnlənd	n.	大陆	4	2	2011/2022	mainland:4
2316		majority	məˈdʒɔrɪtɪ	n.	大多数 ；make (made,made	4	2	2011/2016	majority:4
2317		mathematics	ˌmæθəˈmætɪks	n.	数学	4	2	2013/2020	mathematics:4
2318		medium	ˈmiːdɪəm	n.	媒体,中间的,中等的；meet (met, met	4	1	2018	medium:4
2319		memorize	ˈmeməraɪz	v.	记忆	4	1	2019	memorizing:2 memorize:2
2320		minimum	ˈmɪnɪməm	adj.	最小的	4	2	2016/2018	minimum:4
2321		mouse		n.	鼠, 耗子; 鼠标	4	1	2022	mice:4
2322		northeast	ˌnɔːθˈiːst	n.	东北（部	4	2	2010/2015	northeast:4
2323		operator	ˈɔpəreɪtə(r)	n.	接线员	4	2	2012/2022	operator:2 operators:2
2324		otherwise	ˈʌðəwaɪz	adv.	要不然,否则,另样	4	2	2018/2020	otherwise:4
2325		ownership	ˈəʊnəʃɪp	n.	所有制；ox (复oxen	4	2	2010/2022	ownership:4
2326		package	ˈpækɪdʒ	n.	（尤指包装好或密封的容器）一包，一袋，一盒	4	1	2008	package:3 packaged:1
2327		pancake	ˈpænkeɪk	n.	薄煎饼	4	1	2014	pancakes:4
2328		parking	ˈpɑːkɪŋ	n.	停车	4	2	2010/2016	parking:4
2329		parrot	ˈpærət	n.	鹦鹉	4	1	2022	parrot:2 parrots:2
2330		participate	pɑːˈtɪsɪpeɪt	v.	参加，参与	4	2	2016/2019	participate:4
2331		peaceful	ˈpiːsfʊl	adj.	和平的，安宁的	4	2	2018/2020	peaceful:4
2332		pepper	ˈpepə(r)	n.	胡椒粉	4	2	2013/2022	pepper:4
2333		perfume	ˈpɜːfjuːm	n.	香水	4	1	2017	perfumes:4
2334		piano	pɪˈænəʊ	n.	钢琴	4	1	2016	piano:4
2335		plain	pleɪn	adj.	家常的； 普通的	4	2	2011/2019	plain:4
2336		politics	ˈpɔlɪtɪks	n.	政治	4	1	2019	politics:4
2337		premier	ˈpremɪə(r); (US) priːˈmɪər	n.	首相，总理	4	2	2011/2022	premieres:2 premier:2
2338		presentation	prezənˈteɪʃ(ə)n; (US) priːzenˈteʃn	n.	演示，演出	4	2	2013/2018	presentation:4
2339		purple	ˈpɜːp(ə)l	n. adj.	/ a. 紫色	4	2	2012/2016	purple:4
2340		quarrel	ˈkwɔrəl; (US) ˈkwɔːrəl	vi.	争吵，吵架	4	2	2010/2020	quarrels:2 quarrel:2
2341		rainfall	ˈreɪnfɔːl	n.	一场雨； 降雨量	4	1	2010	rainfall:4
2342		random	ˈrændəm	adj.	随意,未经事先考虑的	4	2	2018/2022	random:4
2343		rate	reɪt	n. v.	/ v. 率，评估，评价	4	1	2019	rate:4
2344		refresh	rɪˈfreʃ	v.	使恢复精力，提醒	4	2	2019/2021	refreshing:2 refreshes:2
2345		refrigerator	rɪˈfrɪdʒəreɪtə(r)	n.	冰箱	4	2	2016/2017	refrigerator:4
2346		rent	rent	n. v.	租金	4	3	2010/2017/2020	rent:4
2347		repairs	rɪˈpeə(r)	n.	修理工作	4	1	2011	repairs:4
2348		republic	rɪˈpʌblɪk	n.	共和国	4	2	2011/2018	republic:4
2349		reputation	repjʊˈteɪʃ(ə)n	n.	名声，名誉	4	2	2019/2020	reputation:4
2350		revolution	revəˈluːʃ(ə)n	n.	革命，变革	4	2	2017/2019	revolution:4
2351		robot	ˈrəʊbɔt	n.	机器人	4	1	2014	robot:3 robots:1
2352		routine	ruːˈtiːn	n.	常规,正常顺序,无聊	4	3	2014/2016/2021	routine:3 routines:1
2353		rubber	ˈrʌbə(r)	n.	橡胶； 合成橡胶	4	2	2010/2018	rubber:4
2354		Russian	ˈrʌʃ(ə)n	adj. n.	俄国人的，俄语的 n. 俄国人，俄语	4	1	2016	russian:2 russians:2
2355		sacred	ˈseɪkrɪd	adj.	害怕，恐惧，担心	4	1	2020	sacred:4
2356		sand	sænd	n.	沙，沙子	4	1	2010	sands:2 sand:2
2357		seagull	ˈsiːɡʌl	n.	海鸥	4	1	2021	seagulls:4
2358		seal	siːl	n.	海豹	4	2	2012/2018	sealed:2 seals:1 seal:1
2359		self	self	n.	自己，自我，自身	4	2	2013/2014	self:4
2360		Shanghai	ʃæŋˈhaɪ	n.	上海	4	3	2010/2015/2020	shanghai:4
2361		shelter	ˈʃeltə(r)	n.	掩蔽；隐蔽处	4	1	2016	shelters:2 sheltered:2
2362		shower	ˈʃaʊə(r)	n.	阵雨；淋浴；shrink (shrank, shrunk / shrunk, shrunken	4	2	2011/2017	shower:4
2363		sir	sɜː(r)	n.	先生；阁下	4	2	2016/2022	sir:4
2364		sixty	ˈsɪkstɪ	num.	六十	4	2	2019/2022	sixty:4
2365		sleepy	sliːp	adj.	想睡的,困倦的,瞌睡的	4	2	2015/2020	sleepy:4
2366		sparrow	ˈspærəʊ	n.	麻雀，雀型鸟类；speak (spoke, spoken	4	1	2015	sparrow:4
2367		squeeze	skwiːz	n.	挤压，捏，塞	4	2	2018/2022	squeeze:2 squeezing:2
2368		stable	ˈsteɪb(ə)l	adj.	稳固的，牢固的	4	2	2019/2020	stable:4
2369		stare	steə(r)	vi.	盯，凝视	4	1	2020	stare:4
2370		strawberry	ˈstrɔːbərɪ; (US) -berɪ	n.	草莓	4	2	2015/2018	strawberries:4
2371		suite	swiːt	n.	套间；组曲	4	1	2010	suite:4
2372		sunrise	ˈsʌnraɪs	n.	黎明，拂晓	4	2	2020/2022	sunrises:2 sunrise:2
2373		supermarket	ˈsuːpəmɑːkɪt	n.	超级市场	4	2	2015/2016	supermarkets:2 supermarket:2
2374		surgeon	ˈsɜːdʒ(ə)n	n.	外科医生	4	1	2013	surgeon:4
2375		surround	səˈraʊnd	vt.	围绕；包围	4	3	2016/2018/2020	surrounded:3 surround:1
2376		swing	swɪŋ	vt. n.	挥舞，摆动 n. 秋千	4	1	2020	swing:2 swinging:2
2377		sympathy	ˈsɪmpəθɪ	n.	同情	4	3	2009/2012/2018	sympathy:4
2378		symphony	ˈsɪmfənɪ	n.	交响乐	4	1	2016	symphony:4
2379		T-shirt	ˌtiːˈʃɜːt	n.	T恤衫	4	0		t-shirt:4
2380		temple	ˈtemp(ə)l	n.	庙宇，寺院	4	1	2020	temples:4
2381		till	tɪl	conj. prep.	直到,直到…为止	4	1	2010	till:4
2382		trainer	treɪˈnə(r)	n.	训练人；教练	4	1	2011	trainer:4
2383		tutor	ˈtjuːtə(r)	n.	家庭教师，私人教师，导师；TV(缩) = television	4	1	2015	tutor:2 tutors:2
2384		twelve	twelv	num.	十二	4	1	2019	twelve:4
2385		ugly	ˈʌɡlɪ	adj.	丑陋的；难看的；U.K./ UK(缩) = United Kingdom	4	2	2009/2011	ugly:4
2386		uncertain	ˈsɜːt(ə)n	adj.	不确定的	4	2	2017/2020	uncertain:4
2387		unconscious	ʌnˈkɔnʃəs	adj.	昏迷,不省人事的	4	1	2018	unconscious:4
2388		undo	ʌnˈduː	v.	解开，松开	4	1	2014	undoing:4
2389		unfair	ʌnˈfeə(r)	adj.	不公平的，不公正的	4	2	2014/2021	unfair:4
2390		upper	ˈʌpə(r)	adj.	较高的，较上的	4	2	2008/2011	upper:4
2391		weekly	ˈwiːklɪ	adj.	每周的	4	2	2017/2018	weekly:4
2392		whisper	ˈwɪspə(r)	v.	低语，私下说	4	2	2013/2019	whispering:2 whispered:1 whispers:1
2393		wipe	waɪp	v.	擦；擦净；擦干	4	1	2019	wipes:2 wiping:1 wiped:1
2394		wooden	ˈwʊd(ə)n	adj.	木制的	4	2	2010/2016	wooden:4
2395		world-famous	ˌwɜːldˈfeɪməs	adj.	世界闻名的	4	0		world-famous:4
2396		worm	wɜːm	n.	软体虫,蠕虫(尤指蚯蚓	4	1	2010	worm:4
2397		zero	ˈzɪərəʊ	n. num.	零,零度,零点	4	1	2019	zero:4
2398		absolute	ˈæbsəluːt	adj.	完全，全部，绝对的	3	1	2018	absolute:3
2399		ache	eɪk	vi. n.	痛，疼痛	3	2	2012/2013	ache:2 aches:1
2400		acknowledge	əkˈnɔlɪdʒ	v.	承认	3	1	2019	acknowledging:2 acknowledged:1
2401		acre	ˈeɪkə(r)	n.	英亩	3	2	2016/2020	acres:2 acre:1
2402		adolescence	ædəʊˈlesns	n.	青春，青春期	3	2	2014/2019	adolescence:3
2403		album	ˈælbəm	n.	相册，影集，集邮簿	3	2	2014/2017	albums:3
2404		allowance	əˈlaʊəns	n.	津贴，补助	3	1	2020	allowance:3
2405		aloud	əˈlaʊd	adv.	大声地	3	2	2011/2018	aloud:3
2406		alternative	ɔːlˈtɜːnətɪv	adj.	可供替代,非传统的	3	2	2016/2022	alternatives:2 alternative:1
2407		altogether	ɔːltəˈɡeðə(r)	adv.	总共	3	2	2015/2017	altogether:3
2408		ambition	æmˈbɪʃ(ə)n	n.	目标,野心,雄心,抱负	3	1	2014	ambition:2 ambitions:1
2409		ambulance	ˈæmbjʊləns	n.	救护车	3	2	2018/2020	ambulance:2 ambulances:1
2410		analysis	əˈnæləsɪs	n.	分析，分析结果	3	1	2018	analysis:3
2411		angle	ˈæŋɡ(ə)l	n.	角度	3	2	2015/2020	angle:3
2412		anybody	ˈenɪbɔdɪ	pron.	任何人，无论谁	3	1	2013	anybody:3
2413		army	ˈɑːmɪ	n.	军队	3	1	2011	armies:3
2414		assessment	əˈsesmənt	n.	看法，评价	3	1	2017	assessments:2 assessment:1
2415		assumption	əˈsʌmpʃ(ə)n	n.	假定，假设	3	1	2022	assumptions:2 assumption:1
2416		avenue	ˈævənjuːˈævənuː	n.	大道	3	2	2014/2022	avenue:3
2417		basin	ˈbeɪs(ə)n	n.	水盆，脸盆	3	1	2020	basin:2 basins:1
2418		battery	ˈbætərɪ	n.	电池	3	1	2014	batteries:2 battery:1
2419		behaviour	bɪˈheɪvjə(r)	n.	行为，举止	3	2	2009/2018	behaviours:2 behaviour:1
2420		bend		v.	弯曲；使弯曲	3	1	2021	bend:3
2421		bent	bent	adj.	弯的	3	1	2012	bent:3
2422		bite	baɪt	v.	咬；叮（bit, bitten）	3	1	2017	bitten:2 bite:1
2423		bless	bles	vt.	保佑，降福	3	2	2010/2018	blessing:3
2424		boil	bɔɪl	v.	沸腾；烧开；煮……	3	1	2013	boil:3
2425		bother		v.	烦扰, 打扰, 费心	3	2	2018/2020	bother:2 bothered:1
2426		bottom	ˈbɔtəm	n.	底部；底	3	1	2020	bottom:3
2427		brake	breɪk	n. vi.	闸 vi. 刹车	3	1	2016	brake:2 brakes:1
2428		broadcast	ˈbrɔːdkɑːst	n.	广播节目；broadcast（broadcast, broadcast或--ed,--ed	3	2	2016/2022	broadcasts:3
2429		brochure	brəʊˈʃə(r); (US) brəʊˈʃʊər	n.	资料（或广告）手册	3	2	2014/2018	brochure:3
2430		cash	kæʃ	n. v.	现金，现钞 v. 兑现	3	1	2015	cash:3
2431		cave	keɪv	n.	洞，穴；地窖	3	2	2010/2020	cave:3
2432		ceiling	ˈsiːlɪŋ	n.	天花板，顶棚	3	2	2010/2018	ceilings:2 ceiling:1
2433		champion	ˈtʃæmpɪən	n.	冠军，优胜者	3	1	2016	champions:2 champion:1
2434		civil	ˈsɪv(ə)l	adj.	国内的；平民（非军人）的；民用的	3	2	2015/2016	civil:3
2435		cleaner	kliːnə(r)	n.	清洁工.,清洁器.,清洁剂	3	2	2011/2021	cleaner:3
2436		click	klɪk	v.	点击（计算机用语	3	2	2014/2015	clicked:2 click:1
2437		coal	kəʊl	n.	煤；煤块	3	1	2011	coal:3
2438		coat	kəʊt	n. vt.	外套；涂层；表皮；皮毛 vt. 给……穿外套；涂上	3	2	2008/2020	coats:3
2439		committee	kəˈmɪtɪ	n.	委员会	3	0		committee:3
2440		conclude	kənˈkluːd	v.	完成，结束	3	3	2010/2014/2016	conclude:1 concluded:1 concluding:1
2441		conference	ˈkɔnfərəns	n.	(正式的)会议；讨论	3	2	2009/2020	conference:2 conferences:1
2442		congratulation	kənɡrætjʊˈleɪʃ(ə)n	n.	祝贺，庆贺	3	2	2011/2018	congratulations:3
2443		convey	kənˈveɪ	v.	表达，传递（思想，感情等	3	1	2021	convey:2 conveyed:1
2444		counter	ˈkaʊntə(r)	n.	柜台，结账处	3	1	2019	counter:3
2445		crossing	ˈkrɔsɪŋ	n.	十字路口，人行横道	3	1	2016	crossing:3
2446		dam	dæm	n.	水坝，堰堤	3	1	2010	dams:3
2447		delicate	ˈdelɪkət	adj.	易损的，易碎的	3	1	2017	delicate:3
2448		desert	dɪˈzɜːt	n. vt.	沙漠 vt. 舍弃； 遗弃	3	2	2010/2019	desert:3
2449		disappoint	dɪsəˈpɔɪnt	vt.	使失望	3	2	2014/2022	disappointing:2 disappoint:1
2450		dismiss	dɪsˈmɪs	vt.	让……离开；遣散；解散；解雇	3	1	2018	dismissing:2 dismissed:1
2451		division	dɪˈvɪʒ(ə)n	n.	（算术用语）除	3	2	2011/2015	division:3
2452		drug	drʌɡ	n.	药，药物；毒品	3	1	2016	drug:2 drugs:1
2453		ecology	ɪˈkɔlədʒɪ	n.	生态，生态学	3	2	2010/2017	ecology:3
2454		existence	ɪɡˈzɪst(ə)ns	n.	存在；生存；存在物	3	1	2016	existence:3
2455		export	ɪkˈspɔːt	n. v.	/ v.出口，输出	3	1	2010	exported:2 export:1
2456		extraordinary	ɪkˈstrɔːdɪnərɪ; (US) -dənerɪ	adj.	离奇的；使人惊奇的	3	1	2011	extraordinary:3
2457		fancy	ˈfænsɪ	adj.	花式；装饰的；奇特的	3	2	2016/2019	fancy:3
2458		fasten	ˈfɑːs(ə)n; (US) fæsn	vt.	扎牢；扣住	3	2	2012/2017	fastened:3
2459		firmly	ˈfɜːmlɪ	adv.	牢牢地	3	2	2012/2020	firmly:3
2460		flame	fleɪm	n.	火焰，光辉	3	1	2016	flames:3
2461		forecast	ˈfɔːkɑːst; (US) ˈfɔrkæst	n. vt.	预告	3	2	2014/2019	forecasted:2 forecast:1
2462		foreigner	ˈfɔrənə(r)	n.	外国人	3	0		foreigners:2 foreigner:1
2463		forgive	fəˈɡɪv	vt.	(forgave, forgiven) vt. 原谅，宽恕	3	2	2014/2020	forgive:2 forgiving:1
2464		fourteen	ˈfɔːˈtiːn	num.	十四	3	2	2016/2017	fourteen:3
2465		fry	fraɪ	vt.	用油煎；用油炸	3	2	2020/2021	fry:2 frying:1
2466		gate	ɡeɪt	n.	大门	3	1	2021	gate:2 gates:1
2467		gentle	ˈdʒent(ə)l	adj.	温柔的，轻轻的	3	2	2020/2022	gentle:3
2468		gifted	ˈɡɪftɪd	adj.	有天赋的；有才华的	3	2	2012/2016	gifted:3
2469		grandma		n.	奶奶; 外婆	3	2	2016/2019	grandma:3
2470		gym	dʒɪm	n.	体操；体育馆；健身房	3	2	2008/2016	gyms:3
2471		honour	ˈɔnə	n. vt.	荣誉，光荣；尊敬，给予荣誉【英】	3	2	2016/2021	honour:3
2472		hopeless	ˈhəʊplɪs	adj.	没有希望,不可救药的	3	2	2010/2015	hopeless:3
2473		hug	hʌɡ	v.	拥抱	3	2	2010/2013	hug:3
2474		initial	ɪˈnɪʃ(ə)l	adj.	开始的，最初的	3	2	2014/2020	initial:3
2475		invention	ɪnˈvenʃ(ə)n	n.	发明，创造	3	1	2019	invention:3
2476		Japanese	dʒæpəˈniːz	adj. n.	日本的，日本人的，日语的 n. 日本人，日语	3	2	2010/2011	japanese:3
2477		kingdom	ˈkɪŋdəm	n.	王国	3	2	2011/2016	kingdom:3
2478		license	ˈlaɪsəns	n.	执照，许可证	3	2	2010/2014	licenses:2 license:1
2479		lively	ˈlaɪvlɪ	adj.	活泼的;充满生气的	3	2	2010/2016	lively:3
2480		loudly	laʊdlɪ	adv.	大声地	3	2	2011/2019	loudly:3
2481		magic	ˈmædʒɪk	adj.	有魔力的	3	2	2012/2013	magic:3
2482		man-made	ˌmænˈmeɪd	adj.	人造的，人工的	3	0		man-made:3
2483		mankind	mænˈkaɪnd	n.	人类;（总称）人	3	2	2015/2022	mankind:3
2484		meat	miːt	n.	（猪、牛、羊等的）肉	3	2	2016/2018	meat:3
2485		modem	ˈməʊdem	n.	调制解调器	3	2	2018/2019	modem:3
2486		mountainous	ˈmaʊntɪnəs	adj.	多山的	3	1	2021	mountainous:3
2487		mud	mʌd	n.	泥, 泥浆	3	1	2022	mud:3
2488		narrow	ˈnærəʊ	adj.	狭窄的	3	1	2011	narrow:3
2489		neat	niːt	adj.	整洁的；灵巧的	3	1	2017	neat:3
2490		net	net	n.	网	3	2	2014/2019	nets:2 net:1
2491		noisy	ˈnɔɪzɪ	adj.	喧闹的，嘈杂的	3	2	2014/2017	noisier:2 noisy:1
2492		nowhere	ˈnəʊweə(r); (US) ˈnəʊhweər	adv.	任何地方都不,无处	3	1	2018	nowhere:3
2493		nylon	ˈnaɪlɔn	n.	尼龙	3	1	2012	nylon:3
2494		obey	əʊˈbeɪ	v.	服从，顺从，听从	3	2	2008/2012	obey:2 obeys:1
2495		optimistic	ɔptɪˈmɪstɪk	adj.	乐观的	3	2	2014/2015	optimistic:3
2496		ours	ˈaʊəz	pron.	我们的	3	1	2017	ours:3
2497		overlook	əʊvəˈlʊk	v.	忽略,不予理会	3	2	2016/2019	overlook:2 overlooked:1
2498		pale	peɪl	adj.	苍白的，灰白的	3	2	2013/2016	pale:3
2499		pan	pæn	n.	平底锅	3	2	2010/2020	pan:2 pans:1
2500		percentage	pəˈsentədʒ	n.	百分率	3	1	2017	percentage:3
2501		personally	ˈpɜːsənəlɪ	adv.	就自己而言	3	1	2020	personally:3
2502		pink	piŋk	adj.	粉红色的	3	2	2012/2015	pink:3
2503		plus	plʌs	prep.	加，加上；p.m./pm, P.M. /PM	3	2	2015/2016	plus:3
2504		possibly	ˈpɒsəbli	adv.	可能地，也许	3	2	2010/2014	possibly:3
2505		pray	preɪ	v.	祈祷；祈求	3	1	2020	prayed:3
2506		precious	ˈpreʃəs	adj.	宝贵的, 珍贵的	3	2	2011/2022	precious:3
2507		prejudice	ˈpredʒʊdɪs	n.	偏见，成见	3	2	2011/2022	prejudice:3
2508		pronounce	prəˈnaʊns	vt.	发音	3	2	2009/2014	pronounce:3
2509		rainbow	ˈreɪnbəʊ	n.	虹，彩虹	3	1	2012	rainbow:3
2510		ripe	raɪp	adj.	成熟的，熟的	3	1	2018	ripe:3
2511		roundabout	ˈraʊndəbaʊt	adj. n.	绕道的，不直接的；转盘路	3	2	2016/2019	roundabout:3
2512		ruler	ˈruːlə(r)	n.	统治者；直尺；run (ran, run	3	2	2010/2011	rulers:2 ruler:1
2513		sail	seɪl	n. v.	航行 v. 航行，开航	3	2	2011/2018	sailed:2 sail:1
2514		sailing	ˈseɪlɪŋ	n.	航海	3	2	2011/2022	sailing:3
2515		seaside	ˈsiːsaɪd	n.	海滨	3	2	2008/2021	seaside:3
2516		seventeen	sevənˈtiːn	num.	十七	3	1	2011	seventeen:3
2517		severe	sɪˈvɪə(r)	adj.	极为恶劣,十分严重的；sew (sewed, sewn 或sewed	3	1	2022	severe:3
2518		shut	ʃʌt	v. n.	/；关上，封闭；禁闭；	3	2	2009/2022	shut:3
2519		silver	ˈsɪlvə(r)	n.	银	3	1	2016	silver:3
2520		simplify	ˈsɪmplɪfaɪ	v.	使简化，使简易	3	1	2018	simplified:3
2521		skilled	skiː	adj.	熟练的；有技能的	3	2	2015/2016	skilled:3
2522		slide	slaɪd	n. v.	幻灯片,滑道 v.滑行,滑动	3	1	2020	sliding:3
2523		slim	slɪm	adj.	苗条的，纤细的	3	1	2016	slim:3
2524		smog	smaɪl	n.	烟雾(= smoke + fog	3	2	2015/2019	smog:3
2525		smoking	ˈsməʊkɪŋ	n.	吸烟,抽烟;冒烟	3	2	2008/2019	smoking:3
2526		sock	sɔk	n.	短袜	3	1	2011	sock:2 socks:1
2527		softball	ˈsɔftbɔːl	n.	垒球	3	0		softball:3
2528		somehow		adv.	不知何故	3	2	2009/2022	somehow:3
2529		southwest	sauθˈwest	n.	西南	3	2	2010/2015	southwest:3
2530		stamp	stæmp	n.	邮票	3	1	2014	stamp:2 stamping:1
2531		statue	ˈstætjuː	n.	法令，法规，章程	3	1	2013	statue:2 statues:1
2532		straightforward	streɪtˈfɔːwəd	adj. adv.	/ ad. 简单的，坦率的	3	2	2019/2020	straightforward:3
2533		stupid	ˈstjuːpɪd	adj.	愚蠢的，笨的	3	1	2011	stupid:3
2534		suffering	ˈsʌfərɪŋ	n.	痛苦，苦难	3	2	2013/2021	suffering:3
2535		surrounding	səˈraʊndɪŋ	adj.	周围的	3	2	2008/2011	surrounding:2 surroundings:1
2536		technical	ˈteknɪk(ə)l	adj.	技术的，工艺的	3	1	2010	technical:3
2537		telescope	ˈtelɪɡrɑːf; (US) -ɡræf	n.	望远镜	3	1	2019	telescopes:3
2538		terrify	ˈterɪfaɪ	vt.	使人感到恐怖	3	2	2013/2022	terrified:2 terrifying:1
2539		tick	tɪk	vt.	作记号	3	2	2008/2020	ticker:2 ticking:1
2540		tidy	ˈtɪkɪt	adj. vt.	整洁的，干净的 vt. 弄整洁，弄干净	3	2	2014/2021	tidying:2 tidied:1
2541		toilet	ˈtɔɪlɪt	n.	厕所	3	1	2019	toilets:2 toilet:1
2542		translation	trænsˈleɪʃ(ə)n	n.	翻译；译文	3	1	2017	translation:3
2543		trial	ˈtraɪəl	n.	审判；试验；试用	3	2	2012/2014	trials:3
2544		unbelievable	ʌnbɪˈliːvəb(ə)l	adj.	难以置信的	3	2	2012/2014	unbelievable:3
2545		unimportant	ʌnɪmˈpɔːt(e)nt	adj.	不重要的,无意义	3	2	2015/2018	unimportant:3
2546		universal	juːnɪˈvɜːs(ə)l	adj.	普遍的，全体的	3	1	2018	universal:3
2547		universe	ˈjuːnɪvɜːs	n.	宇宙	3	1	2012	universe:3
2548		upward	ˈʌpwəd	adv.	向上；往上	3	2	2010/2011	upwards:3
2549		valid	ˈvælɪd	adj.	有效的,合理的,有根据的	3	2	2013/2020	valid:3
2550		vital	ˈvaɪt(ə)l	adj.	必不可少的，对…极重要的	3	2	2013/2022	vital:3
2551		voluntary	ˈvɔləntərɪ	adj.	自愿的，主动的	3	0		voluntary:3
2552		wealthy	ˈwelθɪ	adj.	富的；wear (wore, worn	3	2	2010/2022	wealthy:2 wealthier:1
2553		whale	weɪl; (US) hweɪl	n.	鲸	3	2	2021/2022	whale:3
2554		wheat	wiːt; (US) hwiːt	n.	小麦	3	2	2010/2011	wheat:3
2555		wherever	weərˈevə(r)	conj.	无论在哪里	3	1	2021	wherever:3
2556		worthwhile	wɜːθˈwaɪl	adj.	值得做的	3	1	2015	worthwhile:3
2557		yard	jɑːd	n.	码；院子；场地	3	2	2011/2021	yard:3
2558		yours	jɔːz	pron.	你的；你们的	3	2	2009/2020	yours:3
2559		absent	ˈæbsənt	adj.	缺席， 不在	2	1	2017	absent:2
2560		abstract	ˈæbstrækt	adj. n.	抽象的（作品）	2	1	2017	abstract:2
2561		accelerate	əkˈseləreɪt	v.	（使）加速，加快	2	1	2022	accelerate:2
2562		accent	ˈæksənt	n.	口音，音调	2	1	2017	accent:2
2563		accommodation	əkɔməˈdeɪʃ(ə)n	n.	住宿，膳宿	2	1	2021	accommodations:1 accommodation:1
2564		acquire	əˈkwaɪə(r)	v.	获得，得到	2	1	2019	acquire:2
2565		acquisition	ækwɪˈzɪʃ(ə)n	n.	获得，得到	2	1	2009	acquisition:2
2566		actress	ˈæktrɪs	n.	女演员	2	1	2012	actress:2
2567		adjustment	əˈdʒʌstmənt	n.	调整，适应	2	1	2019	adjustment:2
2568		adore	əˈdɔː(r)	v.	（不用于进行时）热爱，爱慕某人	2	1	2018	adore:2
2569		agenda	əˈdʒendə	n.	（会议）议程表，议事日程	2	1	2018	agenda:2
2570		aircraft	ˈeəkrɑːft	n.	飞机 (单复数同	2	1	2017	aircraft:2
2571		allergic	əˈlɜːdʒɪk	adj.	过敏的，厌恶	2	1	2019	allergic:2
2572		allocate	ˈæləkeɪt	v.	拨给,划归,分配…给	2	1	2020	allocated:2
2573		ambiguous	æmˈbɪɡjʊəs	adj.	模棱两可的	2	1	2017	ambiguous:2
2574		ample	ˈæmp(ə)l	adj.	足够的，丰裕的	2	1	2019	ample:2
2575		anchor	ˈæŋkə(r)	v. n.	/ n. 锚，抛锚	2	1	2017	anchor:2
2576		ankle	ˈæŋk(ə)l	n.	踝，踝关节	2	1	2020	ankles:2
2577		anyhow	ˈenɪhaʊ	adv.	不管怎样	2	1	2010	anyhow:2
2578		anyway	ˈenɪweɪ	adv.	不管怎样	2	1	2013	anyway:2
2579		applicant	ˈæplɪkənt	n.	申请人	2	1	2015	applicants:2
2580		appoint	əˈpɔɪnt	v.	任命，委任，安排，确定（时间，地点	2	1	2010	appointed:2
2581		appropriate	əˈprəʊprɪət	adj.	合适的，恰当的	2	1	2017	appropriate:2
2582		Arab	ˈærəb	adj. n.	* a. 阿拉伯的 n. 阿拉伯人	2	1	2020	arabs:2
2583		Arabic	ˈærəbɪk	adj. n.	阿拉伯语的 n. 阿拉伯语	2	1	2014	arabic:2
2584		Arctic	ˈɑːktɪk	adj.	北极的	2	1	2019	arctic:2
2585		arise	əˈraɪz	vi.	出现，发生；起身（arose, arisen）	2	1	2019	arise:2
2586		attain	əˈteɪn	v.	（经过努力）获得,得到	2	1	2013	attained:2
2587		autonomous	ɔːˈtɔnəməs	adj.	自治的，自主的	2	0		autonomous:2
2588		autumn	ˈɔːtəm	n.	秋天，秋季	2	1	2010	autumn:2
2589		awesome	ˈɔːsəm	adj.	令人惊叹,很困难的	2	1	2020	awesome:2
2590		band	bænd	n.	乐队	2	1	2016	bands:2
2591		barrier	ˈbærɪə	n.	屏障，障碍，关卡	2	1	2011	barrier:2
2592		baseball	ˈbeɪsbɔːl	n.	棒球	2	1	2012	baseball:2
2593		basement	ˈbeɪsmənt	n.	地下室	2	1	2014	basement:2
2594		basketball	ˈbɑːskɪtbɔːl	n.	篮球	2	1	2010	basketball:2
2595		bathtub	ˈbɑːθtʌb	n.	澡盆	2	1	2022	bathtub:2
2596		Belgium	ˈbeldʒəm	n.	* n. 比利时	2	1	2018	belgium:2
2597		beneath	bɪˈniːθ	prep.	在…下方（面	2	1	2017	beneath:2
2598		beside	bɪˈsaɪd	prep.	在…旁边；靠近	2	2	2014/2017	beside:2
2599		betray	bɪˈtreɪ	v.	出卖,泄露（机密）,辜负	2	1	2015	betrayed:2
2600		biology	baɪˈɔlədʒɪ	n.	生物（学	2	1	2018	biology:2
2601		boating	ˈbəʊtɪŋ	n.	划船（游玩），泛舟 body n. 身体	2	1	2018	boating:2
2602		bookcase	ˈbʊkkeɪs	n.	书橱	2	1	2016	bookcase:2
2603		bookshelf	ˈbʊkʃelf	n.	书架	2	1	2018	bookshelves:2
2604		bookstore	ˈbʊkstɔː(r)	n.	书店	2	1	2018	bookstore:2
2605		border	ˈbɔːdə(r)	n.	边缘；边境，国界	2	1	2010	border:2
2606		bounce	baʊns	v.	弹起，蹦，上下晃动	2	1	2018	bouncing:2
2607		boundary	ˈbaʊndərɪ	n.	边界，界限	2	1	2017	boundaries:2
2608		boycott	ˈbɔɪkɔt	v.	拒绝购买，抵制	2	1	2016	boycott:2
2609		bride	braɪd	n.	新娘	2	1	2010	brides:2
2610		brunch	ˈbrʌntʃ	n.	早午饭（晚早饭	2	1	2014	brunch:2
2611		bunch	bʌntʃ	n.	串,束,扎,大量,大批	2	1	2019	bunch:2
2612		bus stop	bʌs stɔp	n.	公共汽车站	2	0		bus stop:2
2613		cab	kæb	n.	（美）出租车	2	1	2016	cab:2
2614		camel	ˈkæm(ə)l	n.	骆驼	2	0		camel:1 camels:1
2615		candidate	ˈkændɪdət; (US) ˈkændɪdeɪt	n.	候选人，申请人	2	1	2021	candidates:2
2616		candle	ˈkænd(ə)l	n.	蜡烛	2	1	2012	candles:2
2617		candy	ˈkændɪ	n.	糖果	2	0		candy:2
2618		cap	kæp	n.	（无檐的或仅在前面有檐的）帽子；（瓶子的）盖；（钢笔等的）笔套	2	1	2011	cap:2
2619		careless	ˈkeəlɪs	adj.	粗心的，漫不经心的	2	1	2020	careless:2
2620		carpet	ˈkɑːpɪt	n.	地毯	2	1	2017	carpet:2
2621		carriage	ˈkærɪdʒ	n.	四轮马车;（火车）客车厢	2	1	2017	carriages:2
2622		catalogue	ˈkætəlɔg	n.	目录	2	1	2020	catalogues:2
2623		CD	ˌsiːˈdiː	n.	光盘 (compact disk的缩写	2	1	2016	cd:2
2624		chain	tʃeɪn	n.	链； 链条；chain store(s	2	1	2019	chain:2
2625		chalk	tʃɔːk	n.	粉笔	2	1	2021	chalked:2
2626		changeable	ˈtʃeɪndʒəb(ə)l	adj.	易变的，变化无常的	2	1	2018	changeable:2
2627		chemist	ˈkemɪst	n.	药剂师；化学家	2	1	2021	chemist:2
2628		chew	tʃuː	vt.	咀嚼	2	1	2010	chewed:2
2629		cigarette	sɪɡəˈret	n.	纸烟，香烟	2	1	2019	cigarettes:2
2630		clarify	ˈklærɪfaɪ	v.	澄清，阐明	2	1	2018	clarified:2
2631		cloudy	ˈklaʊdɪ	adj.	多云的，阴天的	2	1	2019	cloudy:2
2632		coincidence	kəʊɪnˈsɪdəns	n.	巧合，巧事	2	1	2018	coincidence:2
2633		collar	ˈkɔlə(r)	n.	衣领； 硬领	2	0		collar:2
2634		comb	kəʊm	n. v.	梳子 v. 梳	2	1	2013	comb:2
2635		competence	ˈkɔmpətəns	n.	能力,胜任,管辖权	2	0		competence:2
2636		competitor	kəmˈpetɪtə(r)	n.	竞赛者，比赛者	2	1	2018	competitor:2
2637		component	kəmˈpəʊnənt	n.	组成部分，部件	2	1	2017	components:2
2638		compulsory	kəmˈpʌlsərɪ	adj.	强制的,必须做的	2	1	2018	compulsory:2
2639		concrete	ˈkɔŋkriːt	adj.	混凝土制的	2	1	2020	concrete:2
2640		conductor	kənˈdʌktə(r)	n.	管理人；指导者；（车上的）售票员，列车员；乐队指挥	2	1	2013	conductor:2
2641		confidential	kɔnfɪˈdenʃ(ə)l	adj.	机密的，保密的	2	1	2019	confidential:2
2642		congratulate	kənˈɡrætjʊleɪt	vt.	祝贺	2	1	2020	congratulate:2
2643		contradict	kɔntrəˈdɪkt	v.	反驳，驳斥，批驳	2	1	2022	contradicted:2
2644		controversial	kɔntrəˈvɜːʃ(ə)l	adj.	引起争论的,有争议的	2	1	2021	controversial:2
2645		cotton	ˈkɔt(ə)n	n. adj.	棉花 a. 棉花的	2	1	2013	cotton:2
2646		cough	kɔf; (US) kɔːf	n. vi.	咳嗽	2	1	2013	cough:2
2647		criminal	ˈkrɪmɪn(ə)l	n.	罪犯	2	1	2016	criminals:1 criminal:1
2648		criterion	kraɪˈtɪəriən	n.	标准，准则（复 criteria）	2	1	2018	criterion:2
2649		damp	dæmp	adj. n.	潮湿（的	2	1	2017	damp:2
2650		daylight	ˈdeɪlaɪt	n.	日光，白昼； 黎明	2	1	2020	daylight:2
2651		deed	diːd	n.	行为；事迹	2	1	2019	deeds:2
2652		deliberately	dɪˈlɪbərətlɪ	adv.	故意,蓄意,存心	2	1	2021	deliberately:2
2653		desperate	ˈdespərət	adj.	（因绝望而）不惜冒险的，不顾一切的，拼命的	2	0		desperate:2
2654		devotion	dɪˈvəʊʃ(ə)n	n.	奉献，奉献精神	2	2	2012/2015	devotion:2
2655		diamond	ˈdaɪəmənd	n.	钻石，金刚石；纸牌中的方块	2	1	2012	diamond:2
2656		dictionary	ˈdɪkʃənərɪ; (US) ˈdɪkʃənerɪ	n.	词典，字典	2	1	2008	dictionary:2
2657		dioxide	daɪˈɔksaɪd	n.	二氧化物	2	2	2018/2022	dioxide:2
2658		diploma	dɪˈpləʊmə	n.	毕业文凭；学位证书	2	1	2013	diplomas:2
2659		dirt	dɜːt	n.	污物；脏物	2	1	2017	dirt:2
2660		distinguish	dɪˈstɪŋɡwɪʃ	v.	区分，辨别，分清	2	0		distinguishes:1 distinguish:1
2661		distribute	dɪˈstrɪbjuːt	v.	分发，分配	2	1	2017	distribute:2
2662		doll	dɔl; (US) dɔːl	n.	玩偶，玩具娃娃	2	1	2019	dolls:2
2663		drawback	ˈdrɔːbæk	n.	缺点，不利条件	2	1	2016	drawback:2
2664		drill	drɪl	n. vt.	钻头；（反复的）训练 vt. 钻(孔)， 在…上钻孔；重复训练	2	1	2022	drilling:2
2665		duck	dʌk	n.	鸭子	2	1	2018	ducks:1 ducking:1
2666		dusty	ˈdʌstɪ	adj.	尘土般的，尘土多的	2	1	2015	dusty:2
2667		dynamic	daɪˈnæmɪk	adj.	充满活力,精力充沛的	2	1	2022	dynamic:2
2668		dynasty	ˈdɪnəstɪ; (US) ˈdaɪnəstɪ	n.	王朝，朝代	2	2	2019/2021	dynasty:2
2669		Easter	ˈiːstə(r)	n.	复活节	2	1	2018	easter:2
2670		educator	ˈedjuːkeitə(r)	n.	教育家	2	1	2012	educators:2
2671		Egyptian	ɪˈdʒɪpʃ(ə)n	adj. n.	埃及的；埃及人的；埃及语的 n. 埃及人	2	1	2012	egyptians:2
2672		electrical	ɪˈlektrɪk(ə)l	adj.	电的；电器的	2	1	2022	electrical:2
2673		emperor	ˈempərə(r)	n.	皇帝	2	1	2020	emperor:2
2674		endless	ˈendlɪs	adj.	无止境的； 没完的	2	1	2021	endless:2
2675		enthusiastic	ɪnθjuːzɪˈæstɪk	adj.	热情的，热心的	2	1	2020	enthusiastic:2
2676		envy	ˈenvɪ	vt. n.	忌妒； 羡慕	2	2	2012/2016	envy:2
2677		evident	ˈevɪdənt	adj.	清楚的，显而易见的	2	1	2019	evident:2
2678		exit	ˈeksɪt	n.	出口，太平门	2	1	2015	exiting:2
2679		explode	ɪkˈspləʊd	v.	（使）爆炸	2	1	2016	explode:2
2680		false	fɔːls	adj.	不正确的；假的	2	1	2014	false:2
2681		favourite	ˈfeivərit	adj. n.	(美 favorite) a. 喜爱的 n. 特别喜爱的人（或物	2	1	2019	favourite:2
2682		feast	fiːst	n.	盛宴，宴会，（宗教的）节日	2	1	2020	feast:2
2683		file	faɪl	n.	公文柜；档案(计算机)文档	2	1	2011	files:2
2684		firewood	ˈfairwud	n.	木柴	2	1	2020	firewood:2
2685		fisherman	ˈfɪʃəmən	n.	渔民；钓鱼健身者	2	1	2016	fisherman:2
2686		flu	fluː	n.	流行性感冒	2	1	2019	flu:2
2687		fond	fɔnd	adj.	喜爱的，爱好的	2	1	2019	fond:2
2688		fork	fɔːk	n.	叉，餐叉	2	1	2022	forks:2
2689		frontier	ˈfrʌntɪə(r); (US) frʌnˈtɪər	n.	前沿 ，边界；前线	2	1	2019	frontier:2
2690		geography	dʒɪˈɔɡrəfɪ	n.	地理学	2	1	2018	geography:2
2691		get-together	ˌɡet təˈɡeðə(r)	n.	聚会	2	0		get together:2
2692		god	ɡɔd	n.	神，（大写）上帝	2	1	2008	god:2
2693		golf	ɡɔlf	n.	高尔夫球；good (better ,best	2	1	2014	golfing:2
2694		govern	ˈɡʌv(ə)n	v.	统治；管理	2	1	2008	governs:1 govern:1
2695		grain	ɡreɪn	n.	谷物，谷类	2	1	2014	grain:2
2696		grand	ɡrænd	adj.	宏伟的	2	1	2016	grand:2
2697		granny	ˈɡrænɪ	n.	老奶奶；祖母；外婆	2	1	2012	granny:2
2698		grill	ɡrɪl	n.	（烧食物的）烤架	2	1	2018	grilling:2
2699		guard	ɡɑːd	n.	防护装置，警戒	2	1	2010	guard:2
2700		gun	ɡʌn	n.	枪，炮	2	1	2019	gun:2
2701		haircut	ˈheəkʌt	n.	（男子）理发	2	1	2013	haircut:2
2702		handbag	ˈhændbæɡ	n.	女用皮包，手提包	2	1	2020	handbag:2
2703		handful	ˈhændfʊl	n.	(一)把；少数，少量	2	1	2020	handful:2
2704		harbour	ˈhɑːbə(r)	n.	港口【英】	2	1	2018	harbour:2
2705		hardship	ˈhɑːdʃɪp	n.	困难	2	1	2022	hardships:2
2706		harmony	ˈhɑːmənɪ	n.	融洽，和睦	2	1	2018	harmony:2
2707		hay	heɪ	n.	作饲料用的干草	2	1	2022	hayes:2
2708		headache	ˈhedeɪk	n.	头疼	2	1	2015	headache:2
2709		heaven	ˈhev(ə)n	n.	天，天空	2	1	2012	heaven:2
2710		heavily	ˈhevɪlɪ	adv.	重地，大量地	2	1	2017	heavily:2
2711		hillside	ˈhɪlsaɪd	n.	（小山）山腰，山坡	2	1	2020	hillside:2
2712		holy	ˈhəʊlɪ	adj.	神圣的	2	1	2020	holy:2
2713		hometown	ˈhəʊmtaʊn	n.	故乡	2	2	2008/2020	hometown:2
2714		hook	hʊk	n. v.	钩子；衔接，连接	2	1	2019	hook:2
2715		hostess	ˈhəʊstɪs	n.	女主人	2	1	2020	hostess:2
2716		housewife	ˈhaʊswaɪf	n.	家庭主妇	2	1	2013	housewife:2
2717		hurricane	ˈhʌrɪkən	n.	飓风，十二级风	2	1	2016	hurricane:2
2718		immigration	ɪmɪˈgreɪʃn	n.	移民	2	0		immigration:2
2719		incident	ˈɪnsɪd(ə)nt	n.	事件	2	1	2021	incident:2
2720		Indian	ˈɪndɪən	adj. n.	（美洲）印地安人的； 印度人的 n. 印地安人；印度人	2	1	2015	indians:2
2721		insert	ɪnˈsɜːt	vt.	插入	2	1	2022	inserting:2
2722		instant	ˈɪnst(ə)nt	adj.	瞬间；刹那	2	2	2014/2015	instant:2
2723		instruct	ɪnˈstrʌkt	vt.	通知；指示；教	2	1	2022	instruct:2
2724		inventor	ɪnˈventə(r)	n.	发明者，创造者	2	1	2017	inventors:2
2725		jewel	ˈdʒuːəl	n.	宝石	2	1	2018	jewels:2
2726		journalist	ˈdʒɜːnəlɪzt	n.	记者，新闻工作者	2	1	2018	journalist:2
2727		junk	dʒʌŋk	n.	（口语）废品，破烂货	2	1	2018	junk:2
2728		junk food	dʒʌŋk fuːd	n.	没有营养的垃圾食品	2	0		junk food:2
2729		kilo	ˈkiːləʊ	n.	千克；千米	2	1	2022	kilos:2
2730		kilometre	ˈkiləʊmi:tə(r)	n.	e；千米（公里）	2	1	2022	kilometres:2
2731		lazy	ˈleɪzɪ	adj.	懒惰的；lead (led, led	2	1	2011	lazy:2
2732		legal	ˈliːɡ(ə)l	adj.	与法律有关的，法律的	2	0		legal:2
2733		liberation	lɪbəˈreɪʃ(ə)n	n.	解放	2	1	2014	liberation:2
2734		lid	lɪd	n.	盖子；lie (lay, lain	2	1	2022	lid:2
2735		literary	ˈlɪtərərɪ; (US) ˈlɪtərerɪ	adj.	文学的；litre (美liter	2	1	2010	literary:2
2736		loaf	ləʊf	n.	一个面包	2	1	2014	loaf:2
2737		locust	ˈləʊkəst	n.	蝗虫	2	1	2017	locust:2
2738		loose	luːs	adj.	松散的； 宽松的	2	1	2015	loose:2
2739		lounge	laʊndʒ	n.	休息厅；休息室	2	1	2010	lounge:2
2740		madam				2	1	2013	madam:2
2741		maple	ˈmeɪp(ə)l	n.	枫树	2	1	2017	maple:2
2742		merry	ˈmerɪ	adj.	高兴的，愉快的	2	1	2022	merrier:2
2743		messy	ˈmesɪ	adj.	乱七八糟的	2	1	2020	messier:2
2744		mild	maɪld	adj.	温和,暖和的,凉爽的	2	1	2018	mild:2
2745		mistaken	mɪsˈteɪkən	adj.	错误的；misunderstand (-stood, -stood	2	1	2018	mistaken:2
2746		modest	ˈmɔdɪst	adj.	谦虚的；谦逊的	2	1	2017	modest:2
2747		moral	ˈmɔr(ə)l; (US) ˈmɔːrəl	adj. n.	道德的 n.寓意,道德启示；more（much或many 的比较级	2	0		moral:1 morals:1
2748		Moscow	ˈmɔskəʊ	n.	莫斯科	2	1	2017	moscow:2
2749		motor	ˈməʊtə(r)	n.	发动机，马达	2	1	2014	motors:2
2750		multiply	ˈmʌltɪplaɪ	vt.	乘；使相乘	2	1	2020	multiplied:2
2751		neck	nek	n.	颈，脖子	2	1	2016	neck:2
2752		noodle	ˈnuːd(ə)l	n.	面条	2	0		noodle:2
2753		novelist	ˈnɔvəlɪst	n.	小说家	2	1	2020	novelist:2
2754		occupation	ɔkjʊˈpeɪʃ(ə)n	n.	职业，工作	2	1	2010	occupations:2
2755		occupy		v.	占, 占用, 占领, 占据	2	1	2022	occupied:2
2756		opener	ˈəʊpənə(r)	n.	开具，启子	2	1	2016	opener:2
2757		organise	ˈɔːrɡənaɪz	vt.	组织【英】	2	1	2022	organised:2
2758		ought	ɔːt	v. aux.	应该，应当	2	1	2008	ought:2
2759		overcoat	ˈəʊvəkəʊt	n.	大衣	2	1	2012	overcoat:2
2760		overhead	əʊvəˈhed	adj.	在头顶上;架空的	2	1	2022	overhead:2
2761		owe	əʊ	vt.	欠（债等	2	1	2017	owed:2
2762		paperwork	ˈpeɪpəwɜːk	n.	日常文书工作	2	1	2014	paperwork:2
2763		parallel	ˈpærəlel	n.	极其相似的人,纬线	2	1	2022	parallel:2
2764		peach	piːtʃ	n.	桃子	2	1	2018	peaches:2
2765		pen	pen	n.	钢笔，笔	2	1	2011	pen:2
2766		performer	pəˈfɔːmə(r)	n.	表演者，执行者	2	1	2013	performers:2
2767		petrol	ˈpetr(ə)l	n.	石油；phenomenon (pl. phenomena	2	1	2022	petrol:2
2768		photograph	ˈfəʊtəɡrɑːf; (US) -ɡræf	n.	照片	2	1	2014	photographs:2
2769		physicist	ˈfɪzɪsɪst	n.	物理学家	2	0		physicist:2
2770		physics	ˈfɪzɪks	n.	物理（学	2	1	2013	physics:2
2771		pine	paɪn	n.	松树	2	1	2017	pine:2
2772		plot	plɔt	v. n.	/ n. 故事情节，密谋	2	1	2009	plot:2
2773		poison	ˈpɔɪz(ə)n	n.	毒药	2	1	2017	poisoning:2
2774		policeman	pəˈliːsmən	n.	警察,巡警policewoman ( -women) n.女警察	2	1	2014	policeman:2
2775		political	pəˈlɪtɪk(ə)l	adj.	政治的	2	1	2014	political:2
2776		politician	pɔlɪˈtɪʃ(ə)n	n.	政治家	2	1	2019	politicians:2
2777		pond	pɔnd	n.	池塘	2	1	2018	pond:1 ponds:1
2778		pool	puːl	n.	水塘，水池	2	1	2015	pools:2
2779		popcorn	ˈpɔpkɔːn	n.	爆米花	2	1	2017	popcorns:2
2780		portable	ˈpɔːtəb(ə)l	adj.	手提的，便携式的	2	1	2017	portable:2
2781		possession	pəˈzeʃ(ə)n	n.	所有，拥有；财产，所有物	2	1	2020	possession:2
2782		postpone	pəʊstˈpəʊn	vt.	推迟，延期	2	1	2016	postpone:2
2783		potato	pəˈteɪtəʊ	n.	土豆，马铃薯	2	2	2009/2011	potatoes:2
2784		practise		v.	练习, 实践	2	1	2022	practise:2
2785		prayer	preə(r)	n.	祈祷	2	1	2015	prayer:2
2786		prison	ˈprɪz(ə)n	n.	监狱	2	1	2016	prison:2
2787		procedure	prəˈsiːdʒə(r)	n.	程序,手续,待遇	2	1	2008	procedures:2
2788		profession	prəˈfeʃ(ə)n	n.	（需要有高等教育学位的）职业（如医生或律师	2	1	2018	professions:2
2789		pronunciation	prənʌnsɪˈeɪʃ(ə)n	n.	发音	2	1	2019	pronunciation:2
2790		punctual	ˈpʌŋktjʊəl	adj.	准时的	2	1	2011	punctual:2
2791		qualification	kwɔlɪfɪˈkeɪʃ(ə)n	n.	资格，学历	2	1	2018	qualification:2
2792		quilt	kwɪlt	n.	被子；被状物	2	1	2022	quilt:2
2793		rapid	ˈræpɪd	adj.	快的，迅速的	2	1	2010	rapid:2
2794		realise	ˈrɪəlaɪz	vt.	认识到,实现【英】	2	1	2019	realise:2
2795		receptionist	rɪˈsepʃənɪst	n.	接待员	2	1	2020	receptionists:2
2796		recognise	ˈrekəɡnaɪz	vt.	认出【英】	2	1	2017	recognised:2
2797		recreation	rekrɪˈeɪʃ(ə)n	n.	娱乐，消遣	2	1	2018	recreation:2
2798		reform	rɪˈfɔːm	v. n.	/ n. 改革，改进，改良	2	1	2019	reform:2
2799		regulation	reɡjʊˈleɪʃ(ə)n	n.	规则，规章	2	1	2020	regulation:1 regulations:1
2800		relevant	ˈreləvənt	adj.	紧密相关,有意义的	2	1	2016	relevant:2
2801		reliable	rɪˈlaɪəb(ə)l	adj.	可信赖的，可依靠的	2	1	2022	reliable:2
2802		remark	rɪˈmɑːk	n.	陈述；话；议论	2	1	2021	remark:2
2803		representative	reprɪˈzentətɪv	n.	代表,典型人物	2	1	2020	representative:2
2804		ripen	ˈraɪpən	v.	成熟；rise (rose, risen	2	1	2018	ripening:2
2805		salad	ˈsæləd	n.	色拉（西餐中的一种菜	2	1	2019	salad:2
2806		satellite	ˈsætəlaɪt	n.	卫星	2	1	2020	satellite:2
2807		school-leaver	ˌskuːlˈliːvə(r)	n.	（英）学校毕业生	2	0		school leaver:2
2808		scores	skɔː(r) z	n.	许多，很多	2	0		scores:2
2809		Scotland	ˈskɔtlənd	n.	* n. 苏格兰	2	1	2022	scotland:2
2810		seize	siːz	vt.	抓住(时机等	2	1	2013	seized:2
2811		separation	sepəˈreɪʃ(ə)n	n.	分离，隔离	2	1	2017	separation:2
2812		settler	ˈsetlə(r)	n.	移居者，开拓者	2	1	2018	settlers:2
2813		sex	seks	n.	性，性别	2	1	2010	sexes:2
2814		shadow	ˈʃædəʊ	n.	影子, 阴影；shake (shook, shak en	2	1	2013	shadows:2
2815		shame	ʃeɪm	n.	遗憾的事；羞愧	2	1	2013	shame:2
2816		shoot	ʃuːt	vt. n.	(shot, shot) vt. 射击，射中，发射 n. 嫩枝；苗；芽	2	1	2010	shoot:2
2817		shooting	ˈʃuːtɪŋ	n.	射击	2	1	2016	shooting:2
2818		shopkeeper	ˈʃɔpkiːpə(r)	n.	店主，零售商人	2	1	2020	shopkeepers:2
2819		shortcoming	ˈʃɔːtkʌmɪŋ	n.	缺点，短处	2	1	2020	shortcomings:2
2820		shortly	ˈʃɔːtlɪ	adv.	不久	2	1	2020	shortly:2
2821		shorts	ʃɔːts	n.	短裤；运动短裤	2	1	2011	shorts:2
2822		shrink	ʃrɪŋk	v.	缩小，收缩，减少	2	1	2017	shrink:2
2823		shuttle	ˈʃʌt(ə)l	n.	合拢 （往返与两个定点之间的）（火车汽车飞机）班车/机	2	1	2022	shuttling:2
2824		sightseeing	ˈsaɪtsiːɪŋ	n.	游览，观光	2	1	2022	sightseeing:2
2825		silk	sɪlk	n.	（蚕）丝，丝织品	2	2	2012/2022	silk:2
2826		sixth	sɪksθ	num.	第六	2	1	2014	sixth:2
2827		skate	sɪksˈtiːnθ	vi.	溜冰，滑冰	2	1	2014	skate:2
2828		slave	sleɪv	n.	奴隶	2	1	2008	slaves:1 slave:1
2829		sleeve	sliːv	n.	袖子，袖套	2	1	2012	sleeve:1 sleeves:1
2830		slight	slaɪt	adj.	轻微的，细小的	2	1	2020	slight:2
2831		smelly	ˈsmelɪ	adj.	有臭味的,发出臭味的	2	1	2017	smelly:2
2832		sob	səʊp	n. v.	抽泣，啜泣	2	1	2016	sob:2
2833		souvenir		n.	纪念品, 纪念物	2	1	2017	souvenir:2
2834		spelling	ˈspelɪŋ	n.	拼写，拼读；spend (spent, spent	2	1	2019	spelling:2
2835		split	splɪt	v.	撕开;切开	2	1	2020	split:2
2836		spray	spreɪ	n. v.	/ v. 水雾,喷雾(器)喷洒	2	1	2020	sprayed:2
2837		stair	steə(r)	n.	楼梯	2	1	2022	stairs:2
2838		starvation	stɑːˈveɪʃ(ə)n	n.	饥饿； 饿死	2	1	2016	starvation:2
2839		steep	stiːp	adj.	险峻的； 陡峭的	2	1	2018	steep:2
2840		submit	səbˈmɪt	v.	提交，呈递（文件，建议等	2	1	2020	submitted:2
2841		suck	sʌk	vt.	吸吮	2	1	2017	suck:2
2842		sunset	ˈsʌnset	n.	日落(时分	2	1	2015	sunsets:2
2843		superman	ˈsuːpəman	n.	超人	2	1	2013	superman:2
2844		supreme	suːˈpriːm	adj.	至高无上的,最高的	2	1	2016	supreme:2
2845		suspect	səˈspekt	n.	犯罪嫌疑人	2	1	2016	suspects:1 suspected:1
2846		swear	sweə(r)	v.	发誓；咒骂	2	1	2020	swear:2
2847		systematic	sɪstəˈmætɪk	adj.	系统的,有条理的	2	1	2019	systematic:2
2848		table manners	ˈteɪb(ə)l ˈmænə(r) z	n.	餐桌礼节，用餐的规矩；many (more, most	2	0		table manners:2
2849		tank	tæŋk	n.	储水容量；坦克	2	1	2017	tank:2
2850		tasteless	ˈteɪstlɪs	adj.	无滋味的	2	1	2015	tasteless:2
2851		taxi	ˈtæksɪ	n.	出租汽车	2	1	2016	taxis:2
2852		tension	ˈtenʃ(ə)n	n.	紧张局势，矛盾	2	1	2019	tension:2
2853		tentative	tent	adj.	不确定的，踌躇的	2	1	2022	tentative:2
2854		thankful	ˈθæŋkfʊl	adj.	感谢的，感激的	2	1	2015	thankful:2
2855		theft	θeft	n.	盗窃案	2	1	2019	theft:2
2856		theirs	ðeəz	pron.	他（她,它）们的	2	1	2020	theirs:2
2857		tissue	ˈtɪʃuː	n.	（人，动植物的）组织，纸巾	2	1	2020	tissue:2
2858		tomorrow	təˈmɔrəʊ	adv. n.	明天	2	1	2016	tomorrow:2
2859		tooth		n.	牙齿	2	1	2010	teeth:2
2860		tournament	ˈtʊənəmənt; (US) ˈtɜːrn-	n.	锦标赛，联赛；toward(s	2	1	2015	tournament:2
2861		traffic lights	ˈtræfɪk laɪts	n.	交通指挥灯红绿灯	2	0		traffic lights:2
2862		trap	træp	n. vt.	陷阱 vt. 使陷入困境	2	1	2016	trapped:2
2863		traveler	ˈtrævələ(r)	n.	旅行者	2	2	2015/2021	travelers:1 traveler:1
2864		tremble	ˈtremb(ə)l	v.	颤抖	2	1	2019	trembling:2
2865		unbearable	ʌnˈbeərəb(ə)l	adj.	难耐得,无法接受的	2	1	2013	unbearable:2
2866		unhappy	ʌnˈfɔːtjʊnətlɪ	adj.	不高兴的,伤心的	2	1	2011	unhappy:2
2867		union	ˈjuːnjən	n.	联合,联盟；工会	2	1	2015	union:2
2868		unsuccessful	ʌnsəkˈsesfʊl	adj.	不成功,失败的	2	1	2016	unsuccessful:2
2869		vest	vest	n.	背心，内衣	2	1	2018	vests:2
2870		violate	ˈvaɪəleɪt	v.	违反（法律、协议等），侵犯	2	1	2015	violated:2
2871		violent	ˈvaɪələnt	adj.	暴力的	2	1	2016	violent:2
2872		virtue	ˈvɜːtjuː	n.	美德,正直的品行,德行	2	1	2017	virtues:2
2873		vocabulary	vəˈkæbjʊlərɪ	n.	词汇, 词汇表	2	1	2015	vocabulary:2
2874		wallet	ˈwɔlɪt	n.	(放钱,证件等的)皮夹	2	1	2018	wallets:2
2875		warehouse	ˈweəhaʊs	n.	仓库，货栈	2	1	2017	warehouses:2
2876		wedding	ˈwedɪŋ	n.	婚礼,结婚	2	1	2018	weddings:2
2877		weep	wiːp	v.	哭泣，流泪	2	1	2022	weeping:2
2878		whichever	wɪtʃˈevə(r)	pron.	无论哪个;无论哪些	2	1	2015	whichever:2
2879		whistle	waɪt; (US) hwaɪt	n.	口哨，口哨声	2	1	2011	whistles:2
2880		windy	ˈwɪndɪ	adj.	有风的，多风的	2	1	2019	windy:2
2881		wisdom	ˈwɪzdəm	n.	智慧	2	1	2014	wisdom:2
2882		wool	wʊl	n.	羊毛，羊绒	2	1	2009	wool:2
2883		accustomed	əˈkʌstəmd	adj.	习惯于,惯常的	1	1	2011	accustomed:1
2884		admirable	ˈædmərəb(ə)l	adj.	值得赞赏的,可钦佩的	1	1	2015	admirable:1
2885		aggression	ˈəɡreʃ(ə)n	n.	侵略	1	0		aggression:1
2886		ambassador	æmˈbæsədə(r)	n.	大使，使节	1	1	2016	ambassador:1
2887		arrangement	əˈreɪndʒmənt	n.	安排，布置	1	1	2014	arrangement:1
2888		athletic	æθˈletɪk	adj.	健壮的,体育运动的	1	1	2016	athletic:1
2889		atom	ˈætəm	n.	原子，微粒	1	0		atoms:1
2890		bachelor	ˈbætʃələ(r)	n.	未婚男子，单身汉	1	0		bachelor:1
2891		bake	beɪk	v.	烤； 烘（面包	1	1	2010	baked:1
2892		bat	bæt	n.	（棒球、板球的）球棒 n. 蝙蝠	1	0		bat:1
2893		bc	ˌbiːˈsiː	n.	公元前	1	1	2011	bc:1
2894		beard	bɪəd	n.	（下巴上的）胡须	1	1	2013	beard:1
2895		bell	bel	n.	钟,铃;钟(铃)声;钟形物	1	0		bells:1
2896		blank	blæŋk	n. adj.	空格，空白（处）；空的；茫然无表情的	1	1	2017	blank:1
2897		bomb	bɔm	n. v.	炸弹 v. 轰炸	1	1	2012	bomb:1
2898		bored	bɔrd	adj.	（对人，事）厌倦的，烦闷的	1	0		bored:1
2899		cancer	ˈkænsə(r)	n.	癌	1	1	2013	cancer:1
2900		carpenter	ˈkɑːpɪntə(r)	n.	木工，木匠	1	1	2010	carpenter:1
2901		cartoon	kɑːˈtuːn	n.	动画片，卡通；漫画	1	1	2018	cartoons:1
2902		carve	kɑːv	vt.	刻；雕刻	1	1	2008	carved:1
2903		chairman	ˈtʃeəmən	n.	(pl. chairmen) n. 主席，会长；议长；chairwoman (pl. chairwomen	1	1	2022	chairman:1
2904		chapter	ˈtʃæptə(r)	n.	章	1	1	2016	chapter:1
2905		chemistry	ˈkemɪstrɪ	n.	化学	1	1	2019	chemistry:1
2906		choke	tʃəʊk	n. v.	窒息；choose (chose, chosen	1	1	2015	choking:1
2907		classify	ˈklæsɪfaɪ	v.	分类，归类	1	1	2021	classified:1
2908		clinic	ˈklɪnɪk	n.	诊所	1	0		clinics:1
2909		considerate	kənˈsɪdərət	adj.	体贴的	1	1	2009	considerate:1
2910		consistent	kənˈsɪst(ə)nt	adj.	一致的，始终如一的，连续的	1	1	2013	consistent:1
2911		contrary	ˈkɔntrərɪ; (US) ˈkɔntrerɪ	n. adj.	/ a. 相反 相反的	1	0		contrary:1
2912		conventional	kənˈvenʃən(ə)l	adj.	依照惯例的，习惯的	1	0		conventional:1
2913		cyclist	ˈsaɪklɪst	n.	骑自行车的人	1	1	2022	cyclists:1
2914		darkness	ˈdɑːknɪs	n.	黑暗，阴暗	1	1	2020	darkness:1
2915		dawn	dɔːn	n.	黎明，拂晓	1	1	2015	dawn:1
2916		determination	dɪtɜːmɪˈneɪʃ(ə)n	n.	决心	1	1	2016	determination:1
2917		dimension	dɪˈmenʃ(ə)n	n.	量度，尺寸，面积，程度，范围	1	0		dimension:1
2918		disagree	dɪsəˈɡriː	vi.	意见不一致，持不同意见	1	1	2015	disagreed:1
2919		disobey	dɪsəˈbeɪ	vt.	不服从	1	1	2022	disobeyed:1
2920		distinction	dɪˈstɪŋkʃ(ə)n	n.	差别,区别,优秀,卓越	1	0		distinctions:1
2921		E-mail	ˈiːmeɪl	n.	电子邮件	1	0		e-mail:1
2922		eastwards	ˈiːstwədz	adv.	向东	1	1	2016	eastwards:1
2923		eighteen	ˈeɪˈtiːn	num.	十八	1	1	2017	eighteen:1
2924		eleven	ɪˈlev(ə)n	num.	十一	1	0		eleven:1
2925		empire	ˈempaɪə(r)	n.	帝国	1	0		empire:1
2926		encouragement	ɪnˈkʌrɪdʒmənt	n.	鼓励	1	1	2012	encouragement:1
2927		essay	ˈeseɪ	n.	散文；文章；随笔	1	0		essays:1
2928		fetch	fetʃ	vt.	（去）取（物）来，（去）带（人）来	1	0		fetching:1
2929		fifth	fɪfθ	num.	第五	1	1	2012	fifth:1
2930		finance	ˈfaɪnæns	n.	资金，财政，财务	1	1	2021	finance:1
2931		flag	flæɡ	n.	旗；标志；旗舰	1	0		flags:1
2932		flesh	fleʃ	n.	肉	1	1	2008	fleshed:1
2933		fluency	ˈfluənsi	n.	（外语）流利，流畅	1	1	2015	fluency:1
2934		foresee	fɔːˈsiː	vt.	(foresaw, foreseen) vt.预见.预知	1	1	2010	foresee:1
2935		fourth	fɔːθ	num.	第四	1	1	2016	fourth:1
2936		Frenchman	ˈfrentʃmən	n.	(复 Frenchmen) n. 法国人（男	1	0		frenchman:1
2937		garage	ˈɡærɑːʒ	n.	汽车间（库	1	0		garage:1
2938		gram	ɡræm	n.	克(重量单位	1	1	2014	grams:1
2939		grandpa		n.	爷爷; 外公	1	1	2018	grandpa:1
2940		grape	ɡreɪp	n.	葡萄	1	1	2015	grapes:1
2941		grey		adj.	灰色的; 灰白的	1	0		grey:1
2942		hamburger	ˈhæmbɜːɡə(r)	n.	汉堡包	1	0		hamburger:1
2943		harmless	ˈhɑːmlɪs	adj.	无害的;不致伤的	1	0		harmless:1
2944		heel	hiːl	n.	脚后跟	1	0		heels:1
2945		horrible	ˈhɔrɪb(ə)l	adj.	令人恐惧；恐怖的	1	0		horrible:1
2946		insurance	ɪnˈʃʊərəns	n.	保险	1	0		insurance:1
2947		lawyer	ˈlɔːjə(r)	n.	律师；lay (laid, laid	1	0		lawyers:1
2948		lip	lɪp	n.	嘴唇	1	1	2009	lips:1
2949		luggage	ˈlʌɡɪdʒ	n.	(总称)行李	1	1	2008	luggage:1
2950		marry	ˈmærɪ	v.	（使）成婚，结婚	1	0		marry:1
2951		meanwhile	ˈmiːnwaɪl; (US) ˈmɪnhwaɪl	adv.	同时	1	1	2012	meanwhile:1
2952		mend	mend	v.	修理，修补	1	1	2022	mend:1
2953		metre	ˈmi:tə	n.	米，公尺【英】	1	1	2009	metres:1
2954		microscope	ˈmaɪkrəskəʊp	n.	显微镜	1	0		microscopes:1
2955		millionaire	mɪljəˈneə(r)	n.	百万富翁	1	1	2016	millionaires:1
2956		mist	mɪst	n.	雾；mistake (mistook, mistaken	1	1	2020	mists:1
2957		mommy		n.	妈妈	1	0		mommy:1
2958		muddy	ˈmʌdɪ	adj.	泥泞的	1	0		muddied:1
2959		murder	ˈmɜːdə(r)	vt.	谋杀	1	1	2016	murders:1
2960		necklace	ˈneklɪs	n.	项链	1	1	2012	necklace:1
2961		negotiate	nɪˈɡəʊʃɪeɪt	v.	谈判，协商；neighbour (美neighbor	1	1	2010	negotiating:1
2962		neighbourhood	ˈneibəhud	n.	四邻；邻近地区 (美neighborhood)	1	1	2016	neighbourhoods:1
2963		nineteen	naɪnˈtiːn	num.	十九	1	1	2019	nineteen:1
2964		nowadays	ˈnaʊədeɪz	adv.	当今，现在	1	1	2008	nowadays:1
2965		nuclear	ˈnjuːklɪə(r)	adj.	原子核的，原子能的，核动力的	1	0		nuclear:1
2966		numb	nʌm	adj.	麻木的，失去知觉的，迟钝的	1	0		numb:1
2967		nursery	ˈnɜːsərɪ	n.	托儿所	1	1	2016	nursery:1
2968		optional	ˈɔpʃən(ə)l	adj.	可选择的，选修的	1	0		optional:1
2969		orbit	ˈɔːbɪt	n.	（天体等的）运行轨道	1	1	2020	orbit:1
2970		organ	ˈɔːɡən	n.	（人，动物）器官；organise(美organize	1	0		organs:1
2971		parcel	ˈpɑːs(ə)l	n.	包裹	1	1	2008	parcels:1
2972		patent	ˈpeɪt(ə)nt; (US) ˈpætnt	n.	专利权，专利证书	1	0		patents:1
2973		pig	paɪ	n.	猪	1	1	2018	pigs:1
2974		pin	pɪn	n. v.	别针 v. 别住, 钉住	1	1	2015	pin:1
2975		playmate	ˈpleɪmeɪt	n.	玩伴	1	0		playmates:1
2976		polish	ˈpɔlɪsɪ	v. n.	擦亮 n.擦光剂,亮光剂	1	0		polish:1
2977		postcard	ˈpəʊstkɑːd	n.	明信片	1	0		postcard:1
2978		poster	ˈpəʊstə(r)	n.	(贴在公共场所的大型)招贴；广告(画	1	1	2011	poster:1
2979		powder	ˈpaʊdə(r)	n.	粉，粉末	1	0		powder:1
2980		primary	ˈpraɪmərɪ	adj.	初等的；初级的	1	1	2019	primary:1
2981		primary school	ˈpraɪmərɪ skuːl	n.	小学	1	0		primary school:1
2982		probable	ˈprɔbəb(ə)l	adj.	很可能,很有希望的	1	0		probable:1
2983		punish	ˈpʌnɪʃ	v.	惩罚，处罚	1	1	2008	punish:1
2984		punishment	ˈpʌnɪʃmənt	n.	惩罚	1	1	2012	punishment:1
2985		questionnaire	kwestʃəˈneə(r)	n.	调查表，问卷	1	1	2021	questionnaire:1
2986		rag	ræɡ	n.	破布，抹布	1	0		ragged:1
2987		receiver	rɪˈsiːvə(r)	n.	电话听筒	1	1	2015	receiver:1
2988		recorder	rɪˈkɔːdə(r)	n.	录音机	1	1	2014	recorder:1
2989		redirect	riːdaɪˈrekt	vt.	使改变，使转移	1	1	2008	redirect:1
2990		regards	rɪˈɡɑːd	n.	问候，致意	1	0		regards:1
2991		resemble	rɪˈzemb(ə)l	v.	（不用进行时）像，看起来像	1	1	2012	resembles:1
2992		ridiculous	rɪˈdɪkjʊləs	adj.	荒谬的，愚蠢的；ride (rode, ridden	1	0		ridiculous:1
2993		Russia	ˈrʌʃə	n.	* n. 俄罗斯，俄国	1	1	2010	russia:1
2994		salary	ˈsælərɪ	n.	薪金，薪水	1	0		salaries:1
2995		salty	ˈsɔːltɪ	adj.	盐的，咸的，含盐的	1	1	2010	salty:1
2996		scare	skeə(r)	v.	使害怕，使恐惧	1	1	2014	scare:1
2997		scarf	skɑːf	n.	领巾，围巾	1	1	2009	scarf:1
2998		secretary	ˈsekrətərɪ	n.	秘书；书记	1	0		secretary:1
2999		seventh	ˈsevənθ	num.	第七	1	1	2011	seventh:1
3000		shallow	ˈʃæləʊ	adj.	浅的,不深的,肤浅的	1	0		shallow:1
3001		sickness	ˈsɪknɪs	n.	疾病	1	1	2014	sickness:1
3002		singer	sɪŋ	n.	歌唱家，歌手	1	1	2012	singer:1
3003		soldier	ˈsəʊldʒə(r)	n.	士兵，战士	1	1	2015	soldier:1
3004		solid	ˈsɔlɪd	adj. n.	结实的,固体的 n.固体	1	1	2013	solid:1
3005		splendid	ˈsplendɪd	adj.	灿烂的，辉煌的；（口语）极好的	1	1	2020	splendid:1
3006		stove	stəʊv	n.	（供烹饪用的 ）火炉，煤炉，电炉	1	1	2020	stove:1
3007		supper	ˈsʌpə(r)	n.	晚餐，晚饭	1	1	2018	supper:1
3008		sweat	swet	n.	汗，汗水	1	0		sweat:1
3009		swift	swɪft	adj.	快的，迅速的	1	0		swift:1
3010		tailor	ˈteɪlə(r)	n.	裁缝；take (took, taken	1	0		tailored:1
3011		tease	tiːz	v.	取笑，戏弄，寻开心	1	0		teasing:1
3012		toast	təʊst	v. n.	/ n. 烤	1	0		toaster:1
3013		Tokyo	ˈtəʊkjəʊ	n.	东京	1	1	2008	tokyo:1
3014		tongue	tʌŋ	n.	舌，舌头	1	1	2009	tongue:1
3015		translator	trænsˈleitə	n.	翻译家，译者	1	0		translator:1
3016		umbrella	ʌmˈbrelə	n.	雨伞；U.N./ UN(缩) = the United Nations	1	1	2008	umbrellas:1
3017		unfortunate	ʌnˈfəʊld	adj.	不幸的	1	0		unfortunate:1
3018		uniform	ˈjuːnɪfɔːm	n.	制服	1	1	2019	uniform:1
3019		urban	ˈɜːbən	adj.	城市的，都市的	1	1	2015	urban:1
3020		urgent	ˈɜːdʒənt	adj.	紧急的，紧迫的；U.S.A./USA(缩) = the United States of America	1	1	2014	urgent:1
3021		useless	ˈjuːslɪs	adj.	无用的	1	1	2020	useless:1
3022		via	ˈvaɪə	prep.	经过（某地），通过	1	1	2010	via:1
3023		victory	ˈvɪktərɪ	n.	胜利	1	1	2016	victory:1
3024		villager	ˈvilidʒə	n.	村民	1	1	2020	villagers:1
3025		violence	ˈvaɪələns	n.	暴力行为	1	1	2016	violence:1
3026		violin	vaɪəˈlɪn	n.	小提琴	1	1	2011	violin:1
3027		virus	ˈvaɪərəs	n.	病毒	1	0		virus:1
3028		vivid	ˈvɪvɪd	adj.	生动，逼真的，鲜明的	1	0		vivid:1
3029		ward	wɔːd	n.	保卫,看护,病房,收容所	1	1	2013	wards:1
3030		warm-hearted	ˌwɔːmˈhɑːtɪd	adj.	热心的	1	0		warm-hearted:1
3031		weed	wiːd	n.	杂草，野草	1	0		weeding:1
3032		welfare	ˈwelfeə(r)	n.	幸福，福利	1	0		welfare:1
3033		westwards	ˈwestwədz	adv.	向西	1	1	2016	westwards:1
3034		widespread	ˈwaɪdspred	adj.	分布广的,普遍的	1	0		widespread:1
3035		worthy	wɜːθˈwaɪl	adj.	值得的	1	1	2014	worthy:1
3036		wrinkle	ˈrɪŋk(ə)l	n.	皱纹	1	0		wrinkles:1
3037		wrist	rɪst	n.	手腕，腕关节	1	1	2008	wrist:1
3038		yourselves	jɔːˈselvz	pron.	你们自己	1	1	2019	yourselves:1
3039		zip	zɪp	v. n.	拉开(或扣上)……的拉链；拉链；zip code(美) =postcode	1	1	2010	zip:1
3040		a	ə; eɪ, æn	art.	一（个，件……）	0	0		
3041		a.m.		n.	午前，上午【小写】	0	0		
3042		abnormal	æbˈnɔːm(ə)l	adj.	反常的，变态的	0	0		
3043		aboard	əˈbɔːd	prep.	上（船，飞机，火车，汽车等	0	0		
3044		abolish	əˈbɔlɪʃ	v.	废除，废止	0	0		
3045		abortion	əˈbɔːʃ(ə)n	n.	人工流产，堕胎	0	0		
3046		abrupt	əˈbrʌpt	adj.	突然的，意外的，粗鲁	0	0		
3047		absurd	əbˈsɜːd	adj.	荒谬的，怪诞不经的	0	0		
3048		abuse	əˈbjuːz	v.	（酗酒）滥用,虐待,恶语	0	0		
3049		accuse	əˈkjuːz	v.	指责，控告	0	0		
3050		acid	ˈæsɪd	adj.	酸的	0	0		
3051		acquaintance	əˈkweɪntəns	n.	熟人，（与某人）认识	0	0		
3052		acute	ˈækjuːt	adj.	十分严重的；（病）急性的	0	0		
3053		addicted	əˈdɪktɪd	adj.	上瘾，成瘾，入迷	0	0		
3054		adequate	ˈædɪkwət	adj.	合适的，合乎需要的	0	0		
3055		aeroplane	ˈeərəpleɪn	n.	(英)飞机	0	0		
3056		AIDS	eɪdz	n.	艾滋病	0	0		
3057		airmail	ˈeəmeɪl	n.	航空邮件	0	0		
3058		airspace	ˈeəspeɪs	n.	领空,（某国的）空域	0	0		
3059		algebra	ˈældʒɪbrə	n.	代数	0	0		
3060		alley	ˈælɪ	n.	小巷，胡同	0	0		
3061		aluminium	æljʊˈmɪnɪəm	n.	（化）铝	0	0		
3062		amateur	ˈæmətə(r)	adj.	业余爱好的	0	0		
3063		amusement	əˈmjuːzmənt	n.	娱乐	0	0		
3064		analyse				0	0		
3065		anecdote	ˈænɪkdəʊt	n.	逸事，趣闻	0	0		
3066		appendix	əˈpendɪks	n.	附录，阑尾	0	0		
3067		applaud	əˈplɔːd	v. n.	/ n. 鼓掌,赞许,赞赏	0	0		
3068		approval		n.	赞成, 承认, 批准	0	0		
3069		apron	ˈeɪprən	n.	（机场的）停机坪	0	0		
3070		arbitrary	ˈɑːbɪtrərɪ; (US) ˈɑːrbɪtrerɪ	adj.	随心所欲的，独裁的，专断的	0	0		
3071		arch	ɑːtʃ	n.	拱，拱门	0	0		
3072		armchair	ɑːmˈtʃeə(r)	n.	扶手椅	0	0		
3073		arrest	əˈrest	v.	逮捕，拘留	0	0		
3074		arrow	ˈærəʊ	n.	箭；箭头	0	0		
3075		ash	æʃ	n.	灰； 灰末	0	0		
3076		astronomer	əˈstrɔnəmə(r)	n.	天文学家	0	0		
3077		astronomy	əˈstrɔnəmɪ	n.	天文学	0	0		
3078		athletics	æθˈletɪks	n.	田径	0	0		
3079		attentively	əˈtentivli	adv.	注意地	0	0		
3080		aunt	ɑːnt; (US) ænt	n.	伯母；舅母；婶；姑；姨	0	0		
3081		awful	ˈɔːfʊl	adj.	很坏的，极讨厌的	0	0		
3082		B.C.			公元前	0	0		
3083		backache	ˈbækeɪk	n.	背痛	0	0		
3084		backward	ˈbækwəd	ad.	向后	0	0		
3085		bacon	ˈbeɪkən	n.	咸猪肉；熏猪肉 	0	0		
3086		bacterium	bækˈtɪərɪəm	n.	(复bacteria) n. 细菌；bad (worse, worst	0	0		
3087		badminton	ˈbædmɪntən	n.	羽毛球	0	0		
3088		baggage	ˈbæɡɪdʒ	n.	行李	0	0		
3089		bakery	ˈbeɪkərɪ	n.	面包店	0	0		
3090		balcony	ˈbælkənɪ	n.	阳台；楼座	0	0		
3091		ballet	ˈbæleɪ	n.	芭蕾舞	0	0		
3092		balloon	bəˈluːn	n.	气球	0	0		
3093		ballpoint	ˈbɔːlpɔɪnt	n.	圆珠笔	0	0		
3094		bandage	ˈbændɪdʒ	n.	绷带	0	0		
3095		bang	bæŋ	int.	砰	0	0		
3096		bank account	bæŋk əˈkaʊnt	n.	银行账户	0	0		bank account:0
3097		barbecue	ˈbɑːbɪkjuː	n.	烤肉野餐	0	0		
3098		barber	ˈbɑːbə(r)	n.	（为男人理发）理发师	0	0		
3099		barbershop	ˈbɑːbəʃɒp	n.	理发店	0	0		
3100		bare	beə(r)	adj.	裸露的，光秃秃的	0	0		
3101		bathe	beɪð	vi.	洗澡；游泳	0	0		
3102		bathrobe	ˈbɑːθrəʊb	n.	浴衣	0	0		
3103		battleground	ˈbæt(ə)lɡraʊnd	n.	战场	0	0		
3104		beancurd	ˈbiːnkəːd	n.	豆腐	0	0		
3105		beast	biːst	n.	野兽；牲畜；beat (beat, beaten	0	0		
3106		bedclothes	ˈbedkləʊðz	n.	铺盖（被褥等	0	0		
3107		beddings	ˈbedɪŋ	n.	卧具，铺盖	0	0		
3108		beef	biːf	n.	牛肉	0	0		
3109		behalf	bɪˈhɑːf	n.	代表某人，为了某人	0	0		
3110		belly	ˈbelɪ	n.	肚子	0	0		
3111		best-seller	ˌbestˈselə(r)	n.	畅销书	0	0		best-seller:0
3112		bid	bɪd	v. n.	/ n. 出价，投标，向（某人）道别	0	0		
3113		bingo	ˈbɪŋɡəʊ	n.	宾戈游戏	0	0		
3114		biochemistry	ˌbaɪəʊˈkemɪstrɪ	n.	生物化学	0	0		
3115		birdcage	ˈbɜːdkeɪdʒ	n.	鸟笼	0	0		
3116		biscuit	ˈbɪskɪt	n.	饼干	0	0		
3117		bishop	ˈbɪʃəp	n.	主教	0	0		
3118		bitter	ˈbɪtə(r)	adj.	有苦味的；痛苦的，难过的；严酷的	0	0		
3119		blackboard	ˈblækbɔːd	n.	黑板	0	0		
3120		blouse	blaʊz; u.S. blaʊs	n.	宽罩衫；（妇女、儿童穿的）短上衣	0	0		
3121		boat-race	ˈbəʊtreɪs	n.	划船比赛	0	0		boat-race:0
3122		bonus	ˈbəʊnəs	n.	津贴，奖金，红利	0	0		
3123		bookmark	ˈbʊkmɑːk	n.	书签	0	0		
3124		bookshop	ˈbʊkʃɔp	n.	书店	0	0		
3125		booth	buːð	n.	岗；（为某种用途而设的）亭或小隔间	0	0		
3126		botanical	bəˈtænɪk(ə)l	adj.	植物学的	0	0		
3127		botany	ˈbɔtənɪ	n.	植物； 植物学	0	0		
3128		bound	baʊnd	adj. v. n.	被束缚的；被绑的；有义务的 v.& n. 跳跃	0	0		
3129		bow	bəʊ	v. n.	鞠躬，弯腰行礼	0	0		
3130		bowling	ˈbəʊlɪŋ	n.	保龄球	0	0		
3131		boxing	ˈbɔksɪŋ	n.	拳击（运动	0	0		
3132		bravery	ˈbreɪvərɪ	n.	勇气	0	0		
3133		breakthrough	ˈbreɪkθruː	n.	重大进展，突破	0	0		
3134		breast	brest	n.	乳房，胸脯	0	0		
3135		breathless	ˈbreθlɪs	adj.	气喘吁吁的，上气不接下气的	0	0		
3136		brewery	ˈbruːərɪ	n.	啤酒厂（公司	0	0		
3137		bridegroom	ˈbraɪdɡruːm	n.	新郎	0	0		
3138		broom	bruːm	n.	扫帚	0	0		
3139		brotherhood	ˈbrʌðəhʊd	n.	兄弟般的关系	0	0		
3140		bucket	ˈbʌkɪt	n.	铲斗；桶	0	0		
3141		Buddhism	ˈbʊdɪz(ə)m	n.	佛教	0	0		
3142		buddhist	ˈbudist	n.	佛教徒	0	0		
3143		buffet	ˈbʊfeɪ; (US) bəˈfeɪ	n.	自助餐；build (built, built	0	0		
3144		bun	bʌn	n.	馒头；小甜面包	0	0		
3145		bungalow	ˈbʌŋɡələʊ	n.	平房	0	0		
3146		bureaucratic	bjuəˌrəuˈkrætik	adj.	官僚的	0	0		
3147		burglar	ˈbɜːɡlə(r)	n.	入室窃贼	0	0		
3148		burial	ˈberɪəl	n.	埋葬；burn (--ed, --ed 或 burnt, burnt	0	0		
3149		bury	ˈberɪ	vt.	埋；葬	0	0		
3150		butcher	ˈbʊtʃə	n. vt.	肉店；屠夫 屠宰（动物）；残杀（人	0	0		
3151		butter	ˈbʌtə(r)	n.	黄油，奶油	0	0		
3152		butterfly	ˈbʌtəflaɪ	n.	蝴蝶	0	0		
3153		bye	baɪ	int.	再见	0	0		
3154		cabbage	ˈkæbɪdʒ	n.	卷心菜，洋白菜	0	0		
3155		cafeteria	kæfɪˈtɪərɪə	n.	自助餐厅	0	0		
3156		canteen	kænˈtiːn	n.	餐厅；食堂	0	0		
3157		capsule	ˈkæpsjuːl; (US) ˈkæpsl	n.	（药）胶囊	0	0		
3158		caption	ˈkæpʃ(ə)n	n.	（图片，漫画等的）说明文字	0	0		
3159		carrot	ˈkærət	n.	胡萝卜	0	0		
3160		cassette	kəˈset	n.	磁带	0	0		
3161		cast	kɑːst; (US) kæst	v.	扔，抛，撒	0	0		
3162		catastrophe	kəˈtæstrəfɪ	n.	灾难，灾祸，不幸事件；catch(caught,caught	0	0		
3163		cathedral	kəˈθiːdr(ə)l	n.	大教堂（天主教	0	0		
3164		catholic	ˈkæθəlɪk	adj.	天主教的	0	0		
3165		caution	ˈkɔːʃ(ə)n	n.	谨慎，小心，警告	0	0		
3166		cellar	ˈselə(r)	n.	地窖；地下储藏室	0	0		
3167		centigrade	ˈsentɪɡreɪd	adj.	摄氏的	0	0		
3168		centimetre	ˈsentiˌmiːtə(r)	n.	(美 centimeter) n. 公分，厘米	0	0		
3169		chairwoman	ˈtʃɛəˌwumən	n.	女主席, 女会长；女议长	0	0		
3170		chant	tʃɑːnt	v. n.	/ n.反复呼喊	0	0		
3171		chaos	ˈkeɪɔs	n.	混乱，杂乱，紊乱	0	0		
3172		chart	tʃɑːt	n.	图表；航海图	0	0		
3173		cheek	tʃiːk	n.	面颊，脸蛋	0	0		
3174		cheer up	tʃɪə(r)-ʌp	v.	振作起来！提起精神！	0	0		cheer up:0
3175		cheers	tʃɪə(r)	int.	干杯，(口)谢谢，再见	0	0		
3176		cheque	tʃek	n.	(美check) n. 支票	0	0		
3177		chimney	ˈtʃɪmnɪ	n.	烟囱，烟筒	0	0		
3178		chips	tʃɪp	n.	(pl.)炸土豆条（片	0	0		
3179		choir	ˈkwaɪə(r)	n.	合唱团，教堂的唱诗班	0	0		
3180		chorus	ˈkɔːrəs	n.	合唱曲，歌咏队	0	0		
3181		Christian	ˈkrɪstɪən	n.	基督教徒和天主教徒的总称	0	0		
3182		christmas card	ˈkrɪsməs kɑːd	n.	圣诞卡	0	0		christmas card:0
3183		christmas tree	ˈkrɪsməs triː	n.	圣诞树	0	0		christmas tree:0
3184		cigar	sɪˈɡɑː(r)	n.	雪茄烟	0	0		
3185		circuit	ˈsɜːkɪt	n.	环形路线，巡回赛	0	0		
3186		circulate	ˈsɜːkjʊleɪt	v.	（液体或气体）环流，循环	0	0		
3187		civilian	sɪˈvɪlɪən	n.	平民，老百姓	0	0		
3188		civilization	sɪvɪlaɪˈzeɪʃ(ə)n; (US) sɪvəlɪˈzeɪʃən	n.	文明	0	0		
3189		clap	klæp	vi.	拍手；鼓掌	0	0		
3190		clay	kleɪ	n.	黏土，陶土	0	0		
3191		clerk	klɑːk; (US) klərk	n.	书记员；办事员；职员	0	0		
3192		cloth	klɔθ; (US) klɔθ	n.	布	0	0		
3193		clumsy	ˈklʌmzɪ	adj.	笨拙的，不灵巧的	0	0		
3194		cock	kɔk	n.	公鸡	0	0		
3195		cold-blooded	ˌkəʊldˈblʌdɪd	adj.	（动物）冷血的	0	0		cold-blooded:0
3196		collision	kəˈlɪʒ(ə)n	n.	碰撞事故；colour (美color	0	0		
3197		comma	ˈkɔmə	n.	逗号	0	0		
3198		command	kəˈmɑːnd; (US) kəˈmænd	n. v.	命令	0	0		
3199		commit	kəˈmɪt	v.	犯（罪，错），自杀	0	0		
3200		communism	ˈkɔmjʊnɪz(ə)m	n.	共产主义	0	0		
3201		communist	ˈkɔmjuːnɪst	n. adj.	共产主义者 a. 共产党的；共产主义的	0	0		
3202		compass	ˈkʌmpəs	n.	罗盘，指南针	0	0		
3203		comprehension	kɔmprɪˈhenʃ(ə)n	n.	理解	0	0		
3204		computer game	kəmˈpjuːtə(r) ɡeɪm	n.	电子游戏	0	0		computer game:0
3205		comrade	ˈkɔmrɪd; (US) ˈkɑmræd	n.	同志	0	0		
3206		condemn	kənˈdem	v.	谴责，指责，宣判	0	0		
3207		conscience	ˈkɔnʃəns	n.	良心，良知，内疚	0	0		
3208		consensus	kənˈsensəs	n.	一致的意见，共识	0	0		
3209		constitution	kɔnstɪˈtjuːʃ(ə)n; (US) kɔnstəˈtuːʃən	n.	宪法，章程，身体素质	0	0		
3210		consultant	kənˈsʌltənt	n.	顾问	0	0		
3211		contradictory	ˌkɔntrəˈdiktəri	adj.	相互矛盾,对立的	0	0		
3212		cooker	ˈkʊkə(r)	n.	炊具(锅、炉灶、烤炉等	0	0		
3213		coral	ˈkɔr(ə)l; (US) ˈkɔːrəl	n.	珊瑚；珊瑚虫	0	0		
3214		cordless	ˈkɔːdlɪs	adj.	无线的	0	0		
3215		correction	kəˈrekʃ(ə)n	n.	改正	0	0		
3216		correspond	kɔrɪˈspɔnd; (US) kɔːrəˈspɔnd	vi.	一致；与……相当；(与人)通信，有书信往来	0	0		
3217		corrupt	kəˈrʌpt	adj. v.	/ v. 贪污的，腐败的，使腐化，堕落；cost (cost, cost	0	0		
3218		cosy	ˈkəuzi	adj.	暖和舒适的,亲密无间的	0	0		
3219		courtyard	ˈkɔːtjɑːd	n.	庭院，院子	0	0		
3220		cowboy	ˈkaʊbɔɪ	n.	（美国）牛仔;牧场骑士	0	0		
3221		crayon	ˈkreɪən	n.	蜡笔；蜡笔画	0	0		
3222		crossroads	ˈkrɔsrəʊd	n.	交叉路口	0	0		
3223		cube	kjuːb	n.	立方体	0	0		
3224		cubic	ˈkjuːbɪk	adj.	立方体的，立方形的	0	0		
3225		cuisine	kwɪˈziːn	n.	饭菜，佳肴	0	0		
3226		cupboard	ˈkʌbəd	n.	碗柜；橱柜	0	0		
3227		curriculum	kəˈrɪkjʊləm	n.	（学校的）全部课程	0	0		
3228		dash	dæʃ	v. n.	快跑，冲刺，短跑	0	0		
3229		database	ˈdeɪtbeɪs	n.	资料库，数据库	0	0		
3230		dedicate		adj.	献(身), 致力	0	0		
3231		defence		n.	防御; 防务	0	0		
3232		defend	dɪˈfend	vt.	防守；保卫	0	0		
3233		delete	dɪˈliːt	v.	删去	0	0		
3234		dentist	ˈdentɪst	n.	牙科医生 ；department(缩Dept.	0	0		
3235		departure	dɪˈpɑːtʃə(r)	n.	离开，启程	0	0		
3236		detective	dɪˈtektɪv	n.	侦探	0	0		
3237		diagram	ˈdaɪəɡræm	n.	图表，图样	0	0		
3238		dial	ˈdaɪ(ə)l	vt.	拨（电话号码）；dialogue (美 dialog	0	0		
3239		dictation	dɪkˈteɪʃ(ə)n	n.	听写	0	0		
3240		dignity	ˈdɪɡnɪtɪ	n.	庄重，庄严，尊严。尊贵，高尚	0	0		
3241		dilemma	daɪˈlemə	n.	（进退两难的）窘境，困境	0	0		
3242		dip	dɪp	vt.	浸，蘸；把…放入又取出	0	0		
3243		directory	dɪˈrektərɪ	n.	姓名地址录	0	0		
3244		disgusting	dɪsˈɡʌstɪŋ	adj.	极糟的，令人不快的，令人厌恶的	0	0		
3245		disk	dɪsk	n.	磁盘；唱片	0	0		
3246		divorce	dɪˈvɔːs	v.	离婚	0	0		
3247		dizzy	ˈdɪzɪ	adj.	头眩目晕的；do (did, done) donˈt=do not	0	0		
3248		dormitory	ˈdɔːmɪtərɪ; (US) ˈdɔːrmɪtɔːrɪ	n.	学生宿舍（缩写式dorm	0	0		
3249		dot	dɔt	n.	点，小点，圆点	0	0		
3250		download	ˈdaunləud	n. v.	下载	0	0		
3251		downstairs	ˈdaʊnsteəz	adv.	在楼下；到楼下	0	0		
3252		downward	ˈdaʊnwəd	adv.	向下	0	0		
3253		draft	drɑːft; (US) dræft	n. v.	/ v. 草稿，草案，起草，草拟	0	0		
3254		drag	dræɡ	v.	拖；拽；draw (drew, drawn	0	0		
3255		drown	draʊn	vi.	溺死；淹没	0	0		
3256		drum	drʌm	n.	鼓	0	0		
3257		dumpling	ˈdʌmplɪŋ	n.	饺子	0	0		
3258		dusk	dʌsk	n.	黄昏	0	0		
3259		dustbin	ˈdʌstbɪn	n.	垃圾箱	0	0		
3260		DVD	ˌdiːviːˈdiː	n.	数码影碟(digital versatile disk	0	0		
3261		eagle	ˈiːɡ(ə)l	n.	鹰	0	0		
3262		earthquake	ˈɜːθkweɪk	n.	地震	0	0		
3263		ease	iːz	v.	减轻；缓解（难度或严重程度	0	0		
3264		edition	ɪˈdɪʃ(ə)n	n.	（发行物的）版，版（本	0	0		
3265		eggplant	ˈeɡplɑːnt	n.	茄子	0	0		
3266		eighth	eɪtθ	num.	第八	0	0		
3267		eighty	ˈeɪtɪ	num.	八十	0	0		
3268		elect	ɪˈlekt	vt.	（投票）选举	0	0		
3269		embassy	ˈembəsɪ	n.	大使馆	0	0		
3270		energetic	enəˈdʒetɪk	adj.	精力旺盛的	0	0		
3271		enlarge	ɪnˈlɑːdʒ	vt.	扩大	0	0		
3272		enquiry	ɪnˈkwaɪərɪ	n.	询问	0	0		
3273		equality	iːˈkwɔlətɪ	n.	平等	0	0		
3274		eraser	ɪˈreɪzə(r)	n.	橡皮擦；黑板擦	0	0		
3275		erupt	ɪˈrʌpt	v.	（火山）爆发，喷发	0	0		
3276		expedition		n.	远征(队); 探险(队)	0	0		
3277		explicit	ɪkˈsplɪsɪt	adj.	清楚明白,易于理解的	0	0		
3278		exploit	eksplɒit	vt.	开采.开发.利用.剥削	0	0		
3279		explorer	ɪkˈsplɔːrə(r)	n.	探险者	0	0		
3280		eyewitness	ˈaɪwɪtnɪs	n.	目击证人；f (缩) =female (或 =foot,feet	0	0		
3281		facial	ˈfeɪʃ(ə)l	adj.	面部用的	0	0		
3282		fairness	ˈfɛənis	n.	公平；公正	0	0		
3283		family name	ˈfæməli neɪm	n.	姓氏	0	0		family name:0
3284		favour	ˈfeivə	n.	(美favor) n. 恩惠；好意；帮助	0	0		
3285		fax	fæks	n.	传真	0	0		
3286		fever	ˈfiːvə(r)	n.	发烧；发热	0	0		
3287		fibre	ˈfaibə	n.	(美fiber) n. 纤维质	0	0		
3288		fierce	ˈfɪəs	adj.	猛烈的	0	0		
3289		fighter	ˈfaɪtə(r)	v.	战士；斗士	0	0		
3290		fingernail	ˈfɪŋɡəneɪl	n.	指甲	0	0		
3291		firefighter	ˈfaɪəfaɪtə(r)	n.	消防人员	0	0		
3292		fireplace	ˈfaɪəpleɪs	n.	壁炉	0	0		
3293		firework	ˈfaɪəwɜːk	n.	焰火	0	0		
3294		fitting room	ˈfɪtɪŋ-rʊm	n.	试衣间	0	0		fitting room:0
3295		flaming	ˈfleɪmɪŋ	adj.	火红的；火焰般的	0	0		
3296		flashlight	flæʃ	n.	手电	0	0		
3297		flee	fliː	v.	(fled, fled) v. 逃走；逃跑	0	0		
3298		fluent	ˈfluːənt	adj.	（外语）流利的，流畅	0	0		
3299		fog	fɔɡ	n.	雾	0	0		
3300		foggy	ˈfɔɡɪ	adj.	多雾的	0	0		
3301		foolish	ˈfuːlɪʃ	adj.	愚蠢的，傻的；foot (复 feet	0	0		
3302		forehead	ˈfɔrɪd; (US) ˈfɔːrɪd	n.	前额	0	0		
3303		forgetful	fəˈɡetfʊl	adj.	健忘的，不留心的	0	0		
3304		format	ˈfɔːmæt	n.	安排，计划，设计	0	0		
3305		fortnight	ˈfɔːtnaɪt	n.	十四日，两星期	0	0		
3306		founding	ˈfaundiŋ	n.	成立，建立	0	0		
3307		fountain	ˈfaʊntɪn; (US) ˈfaʊntn	n.	喷泉	0	0		
3308		fragile	ˈfrædʒaɪl; (US) ˈfrædʒl	adj.	易碎的，易损的	0	0		
3309		fragrant	ˈfreɪɡrənt	adj.	香的，芳香的	0	0		
3310		framework	ˈfreɪmwɜːk	n.	（建筑物）框架，结构	0	0		
3311		franc	fræŋk	n.	法郎	0	0		
3312		freeway	ˈfriːweɪ	n.	高速公路	0	0		
3313		friction	ˈfrɪkʃ(ə)n	n.	摩擦	0	0		
3314		fried	fraid	adj.	油煎的	0	0		
3315		fright	fraɪt	n.	惊恐；恐吓	0	0		
3316		frog	frɔɡ; (US) frɔːɡ	n.	青蛙	0	0		
3317		from mouth to mouth	frɒm maʊθ tə maʊθ	adv.	口口相传；人传人地	0	0		from mouth to mouth:0
3318		frost	frɔst; (US) frɔːst	n.	霜	0	0		
3319		fruit juice	fruːt dʒuːs	n.	果汁	0	0		fruit juice:0
3320		furnished	ˈfɜːnɪʃt	adj.	配备了家具的	0	0		
3321		gale	ɡeɪl	n.	强风（约每小时60英里	0	0		
3322		garlic	ˈɡɑːlɪk	n.	大蒜	0	0		
3323		garment	ˈɡɑːmənt	n.	（一件）衣服	0	0		
3324		gay	ɡeɪ	adj.	（男）同性恋的；快活的，愉快的	0	0		
3325		geometry	dʒɪˈɑmɪtrɪ	n.	几何学	0	0		
3326		gesture	ˈdʒestʃə(r)	n.	姿势，手势；get (got , got	0	0		
3327		giraffe	dʒɪˈrɑːf; (US) dʒəˈræf	n.	长颈鹿	0	0		
3328		glare	ɡleə(r)	v.	瞪眼,怒目而视,闪耀	0	0		
3329		glasshouse	ˈɡlɑːshaʊs	n.	温室，暖房	0	0		
3330		glory	ˈɡlɔːrɪ	n.	巨大的光荣; 荣誉;赞美	0	0		
3331		glue	ɡluː	n.	胶水；go (went, gone	0	0		
3332		goat	ɡəʊt	n.	山羊	0	0		
3333		gold medal	ɡəʊld ˈmed(ə)l	n.	金牌	0	0		gold medal:0
3334		goldfish	ˈɡəʊldfɪʃ	n.	金鱼	0	0		
3335		goodness	ˈɡʊdnɪs	n.	善良，美德	0	0		
3336		goose		n.	鹅	0	0		
3337		gown	ɡaʊn	n.	礼服，长外衣，睡衣	0	0		
3338		grandchild	ˈgræntʃaɪld	n.	(外)孙或孙女.孙辈	0	0		
3339		grandson	ˈɡrændsʌn	n.	（外）孙子	0	0		
3340		graph	ɡrɑːf; (US) ɡræf	n.	图表，曲线图	0	0		
3341		greedy	ˈɡriːdɪ	adj.	贪婪的	0	0		
3342		greengrocer	ˈɡriːnɡrəʊsə(r)	n.	（英）蔬菜水果商	0	0		
3343		grocer	ˈɡrəʊsə(r)	n.	零售商人；食品店	0	0		
3344		gruel	ɡrʊəl	n.	粥	0	0		
3345		guitar	ɡɪˈtɑː(r)	n.	吉他，六弦琴	0	0		
3346		gymnastics	dʒɪmˈnæstɪks	n.	体操	0	0		
3347		ha	hɑː	int.	哈(笑声	0	0		
3348		ham	hæm	n.	火腿	0	0		
3349		hammer	ˈhæmə(r)	n.	锤子，锣锤	0	0		
3350		handkerchief	ˈhæŋkətʃɪf	n.	手帕	0	0		
3351		handsome	ˈhænsəm	adj.	英俊的	0	0		
3352		handtruck	ˈhændtrʌk	n.	手推运货车	0	0		
3353		handwriting	ˈhændraɪtɪŋ	n.	书法	0	0		
3354		handy	ˈhændɪ	adj. v.	便利的，顺手的 hang(hanged,hanged) v. 处（人）绞刑；上吊；hang (hung, hung	0	0		
3355		hardworking	ˌhɑːdˈwɜːkɪŋ	adj.	努力工作的	0	0		
3356		hawk	hɔːk	n.	鹰	0	0		
3357		headline	ˈhedlaɪn	n.	（报刊的）大字标题	0	0		
3358		headmaster	hedˈmɑːstə(r)	n.	（英）中小学校长	0	0		
3359		headmistress	ˈhedˈmistrɪs	n.	女校长	0	0		
3360		headteacher	ˌhedˈtiːtʃə(r)	n.	中小学班主任	0	0		
3361		heap	hiːp	n. v.	堆 v. 堆起来；hear (heard, heard	0	0		
3362		helicopter	ˈhelɪkɔptə(r)	n.	直升飞机	0	0		
3363		hen	hen	n.	母鸡	0	0		
3364		herb	hɜːb; (US) ɜːrb	n.	草药	0	0		
3365		heroine	ˈherəʊɪn	n.	女英雄，女主角	0	0		
3366		hers	hɜːz	pron.	她的	0	0		
3367		hi	haɪ	int.	你好（表示打招呼、问候或唤起注 意	0	0		
3368		hibernate	ˈhaɪbəneɪt	vi.	冬眠	0	0		
3369		hibernation	haɪbə(r)ˈneɪʃn	n.	冬眠；hide (hid, hidden	0	0		
3370		hive	haɪv	n.	蜂房；蜂箱	0	0		
3371		homeland	ˈhəʊmlænd	n.	祖国	0	0		
3372		hooray	hʊˈreɪ	int.	好哇！（欢呼声	0	0		
3373		hot dog	hɔt- dɔɡ	n.	热狗(红肠面包	0	0		hot dog:0
3374		hotdog		n.	热狗	0	0		
3375		howl	haʊl	vi.	嚎叫，嚎哭	0	0		
3376		human being	ˈhjuːmən ˈbiːɪŋ	n.	人	0	0		human being:0
3377		humour	ˈhjuːmə(r)	n.	幽默,幽默感【英】	0	0		
3378		hydrogen	ˈhaɪdrədʒ(ə)n	n.	氢	0	0		
3379		I	aɪ	pron.	我	0	0		
3380		iceland	ˈaɪslənd	n.	* n. 冰岛	0	0		
3381		idiom	ˈɪdɪəm	n.	习语，成语	0	0		
3382		illegal	ɪˈliːɡ(ə)l	adj.	非法的	0	0		
3383		incorrect	ɪnkəˈrekt	adj.	不正确的，错误的	0	0		
3384		ink	ɪŋk	n.	墨水，油墨	0	0		
3385		inland	ˈɪnlənd	adj.	内陆的；内地的	0	0		
3386		inn	ɪn	n.	小旅店；小饭店	0	0		
3387		innocent	ˈɪnəsənt	adj.	无辜的，清白的	0	0		
3388		insure	ɪnˈʃʊə(r)	vt.	给……保险	0	0		
3389		interpreter	ɪnˈtɜːprɪtə(r)	n.	翻译	0	0		
3390		interval	ˈɪntəv(ə)l	n.	间歇；间隔	0	0		
3391		irrigate	ˈɪrɪɡeɪt	vt.	灌溉	0	0		
3392		jaw	dʒɔː	n.	下巴	0	0		
3393		jeans	dʒiːns	n.	牛仔裤	0	0		
3394		jeep	dʒiːp	n.	吉普车	0	0		
3395		jewelry	ˈdʒuːəlrɪ	n.	（总称）珠宝	0	0		
3396		jog	dʒɔɡ	v.	慢跑	0	0		
3397		judgement	ˈdʒʌdʒmənt	n.	裁判	0	0		
3398		jungle	ˈdʒʌŋɡ(ə)l	n.	丛林，密林	0	0		
3399		junior	ˈdʒuːnɪə(r)	adj.	初级的；年少的	0	0		
3400		junk mail	dʒʌŋk meɪl	n.	塞到邮箱的广告宣传品	0	0		junk mail:0
3401		justice	ˈdʒʌstɪs	n.	正义；公正；司法	0	0		
3402		kangaroo	kæŋɡəˈruː	n.	大袋鼠；keep (kept, kept	0	0		
3403		kettle	ˈket(ə)l	n.	(烧水用的)水壶	0	0		
3404		kilogram	ˈkɪləɡræm	n.	千克	0	0		
3405		kind-hearted	ˌkaɪndˈhɑːtɪd	adj.	好心的	0	0		kind-hearted:0
3406		ladder	ˈlædə(r)	n.	梯子	0	0		
3407		lamb	læm	n.	羔羊	0	0		
3408		lame	leɪm	adj.	跛的，瘸的，残废的	0	0		
3409		lantern	ˈlæntən	n.	灯笼；提灯	0	0		
3410		lap	læp	n.	(人坐时)膝部.(跑道的)一圈	0	0		
3411		laser	ˈleɪzə(r)	n.	激光	0	0		
3412		latter	ˈlætə(r)	n.	（两者之中的）后者	0	0		
3413		laughter	ˈlɑːftə(r); (US) ˈlæftər	n.	笑； 笑声	0	0		
3414		laundry	ˈlɔːndrɪ	n.	洗衣店;要洗的衣服	0	0		
3415		lavatory	ˈlævətrɪ; (US) ˈlævətɔːrɪ	n.	便所，厕所	0	0		
3416		league	liːɡ	n.	联盟，社团	0	0		
3417		leak	liːk	vi.	漏； 渗；learn (learnt, learnt；--ed --ed	0	0		
3418		leather	ˈleðə(r)	n.	皮革；leave (left, left	0	0		
3419		left-handed	ˌleftˈhændɪd	adj.	惯用左手的	0	0		left-handed:0
3420		left-wing	ˌleftˈwɪŋ	n. adj.	左翼（的）	0	0		left-wing:0
3421		leftover	ˈleftˌəuvə	adj. n.	剩余,剩下的n.剩饭菜	0	0		
3422		lemonade	leməˈneɪd	n.	柠檬水；lend (lent, lent	0	0		
3423		liberate	ˈlɪbəreɪt	vt.	解放，使获自由	0	0		
3424		liberty	ˈlɪbətɪ	n.	自由	0	0		
3425		librarian	laɪˈbreərɪən	n.	图书管理员；（西方的）图书馆馆长	0	0		
3426		lightning	ˈlaɪtnɪŋ	n.	闪电	0	0		
3427		litter	ˈlɪtə(r)	v.	乱丢杂物；little (less, least	0	0		
3428		lorry	ˈlɔrɪ; (US) ˈlɔːrɪ	n.	（英）运货汽车，卡车	0	0		
3429		loudspeaker	laʊdˈspiːkə(r)	n.	扬声器，喇叭	0	0		
3430		maid	meɪd	n.	女仆；侍女	0	0		
3431		mailbox	ˈmeɪlbɒks	n.	邮筒；邮箱	0	0		
3432		marble	ˈmɑːb(ə)l	n.	大理石；玻璃弹子	0	0		
3433		mask	mɑːsk; (US) mæsk	n. v.	口罩；面罩(具)；遮盖物 v. 戴面具；掩饰；伪装	0	0		
3434		mat	mæt	n.	垫子	0	0		
3435		maximum	ˈmæksɪməm	adj. n.	最大量(的)； 最大限度(的	0	0		
3436		medal	ˈmed(ə)l	n.	奖牌	0	0		
3437		melon	ˈmelən	n.	（甜）瓜；瓜状物	0	0		
3438		merciful	ˈmɜːsɪfʊl	adj.	仁慈的；宽大的	0	0		
3439		mercy	ˈmɜːsɪ	n.	怜悯	0	0		
3440		microcomputer	ˈmaɪkrəʊkəmpjuːtə(r)	n.	微机	0	0		
3441		microwave	ˈmaɪkrəʊweɪv	n.	微波	0	0		
3442		mid-autumn	ˌmɪdˈɔːtəm	n.	中秋	0	0		mid-autumn:0
3443		midday	ˈmɪddeɪ	n.	中午, 正午	0	0		
3444		minibus	ˈmɪnɪbʌs	n.	小型公共汽车	0	0		
3445		miniskirt	ˈmɪnɪskɜːt	n.	超短裙	0	0		
3446		minority	maɪˈnɔrɪtɪ; (US) -ˈnɔːr-	n.	少数；少数民族	0	0		
3447		minus	ˈmaɪnəs	prep. adj.	负的，减去的	0	0		
3448		Miss.	mɪs	n.	小姐（对未婚女子的称呼）	0	0		
3449		missile	ˈmɪsaɪl	n.	导弹	0	0		
3450		mm		n.	毫米	0	0		
3451		mop	mɔp	n. v.	/ v. 拖把 拖地	0	0		
3452		Moslem	ˈmɔzləm	n.	伊斯兰教徒,回教徒	0	0		
3453		mosquito	məˈskiːtəʊ	n.	蚊子；most (much或many 的最高级	0	0		
3454		motherland	ˈmʌðəlænd	n.	祖国	0	0		
3455		motorbike	ˈməʊtəbaɪk	n.	摩托车	0	0		
3456		motorcycle	ˈməʊtəsaikl	n.	摩托车	0	0		
3457		motto	ˈmɔtəʊ	n.	箴言，格言；mountain(s	0	0		
3458		mourn	mɔːn	vt.	哀痛； 哀悼；mouse (复mice	0	0		
3459		moustache	məsˈtɑːʃ	n.	小胡子	0	0		
3460		mouthful	ˈmaʊθfʊl	n.	满口，一口	0	0		
3461		Ms.	mɪz	n.	女士（用在婚姻状况不明的女子姓名前）	0	0		
3462		mushroom	ˈmʌʃrʊm	n.	蘑菇	0	0		
3463		mustard	ˈmʌstəd	n.	芥末，芥子粉	0	0		
3464		mutton	ˈmʌt(ə)n	n.	羊肉	0	0		
3465		nail	neɪl	n.	钉，钉子	0	0		
3466		nationality	næʃəˈnælətɪ	n.	国籍	0	0		
3467		nationwide	ˈneɪʃ(ə)nwaɪd	adv.	全国范围内的,全国性的	0	0		
3468		navy	ˈneɪvɪ	n.	海军	0	0		
3469		necktie	ˈnektaɪ	n.	领带，领花	0	0		
3470		needle	niːd(ə)l	n.	针	0	0		
3471		nephew	ˈnefjuː	n.	侄子，外甥	0	0		
3472		niece	niːs	n.	侄女，甥女	0	0		
3473		night-club	ˈnaɪtklʌb	n.	夜总会	0	0		night-club:0
3474		ninety	ˈnaɪntɪ	num.	九十	0	0		
3475		ninth	naɪnθ	num.	第九	0	0		
3476		noble	ˈnəʊb(ə)l	adj.	高贵的，贵族的	0	0		
3477		noisily	ˈnɔɪzɪlɪ	adv.	喧闹地	0	0		
3478		non-stop	ˌnɒnˈstɒp	adj. adv.	不停的；不断地	0	0		non-stop:0
3479		non-violent	ˌnɒnˈvaɪələnt	adj.	非暴力的	0	0		non-violent:0
3480		noon	nuːn	n.	中午，正午	0	0		
3481		northwards	ˈnɔːθwədz	adv.	向北	0	0		
3482		northwest	ˌnɔːθˈwest	n.	西北	0	0		
3483		notebook	ˈnəʊtbʊk	n.	笔记簿	0	0		
3484		o'clock	əˈklɔk	n.	点钟	0	0		
3485		Oceania	,oʃɪ'ænɪə	n.	大洋洲	0	0		
3486		offence	əˈfens	n.	违法行为，犯罪	0	0		
3487		offshore	ˈɔfʃɔː(r); (US) ˈɔːf-	adj.	近海的	0	0		
3488		oilfield	ˈɔɪlfiːld	n.	油田	0	0		
3489		OK	əʊˈkeɪ	adv.	（口语）好,对,不错	0	0		
3490		omelette	ˈɔmlɪt	n.	煎蛋卷；煎蛋饼	0	0		
3491		onion	ˈʌnjən	n.	洋葱；洋葱头	0	0		
3492		opera house	ˈɔpərə haʊs	n.	歌剧院,艺术剧院	0	0		opera house:0
3493		Ottawa	ˈɔtəwə	n.	渥太华	0	0		
3494		ouch	aʊtʃ	int.	（突然受痛时叫声）哎哟	0	0		
3495		outer	ˈaʊtə(r)	adj.	外部的，外面的	0	0		
3496		outgoing	ˈaʊtɡəʊɪŋ	adj.	爱交际的,外向的	0	0		
3497		outing	ˈaʊtɪŋ	n.	郊游，远足	0	0		
3498		outline	ˈaʊtlaɪn	n.	概述，略述	0	0		
3499		output	ˈaʊtpʊt	n.	产量，输出量	0	0		
3500		outspoken	aʊtˈspəʊkən	adj.	直率，坦诚	0	0		
3501		outward	ˈaʊtwəd	ad.	向外的，外出的	0	0		
3502		oval	ˈəʊv(ə)l	n. adj.	椭圆；椭圆形的	0	0		
3503		P.C.	piːsiː		个人电脑(缩) =personal computer	0	0		
3504		P.E.	piːiː		体育(缩) =physical education	0	0		
3505		p.m				0	0		
3506		packet	ˈpækɪt	n.	小包裹，袋	0	0		
3507		paddle	ˈpæd(ə)l	n.	桨状物，蹼	0	0		
3508		panic	ˈpænɪk	adj. v.	/ v.惊慌,恐慌,惶恐不安	0	0		
3509		pardon	ˈpɑːd(ə)n	n.	原谅,宽恕,对不起	0	0		
3510		passer-by	ˈpɑ:sə-baɪ	n.	过客，过路人	0	0		passer-by:0
3511		passive	ˈpæsɪv	adj.	被动的	0	0		
3512		pavement		n.	人行道, 公路	0	0		
3513		pea	piː	n.	豌豆	0	0		
3514		pear	peə(r)	n.	梨子，梨树	0	0		
3515		peasant	ˈpezənt	n.	农民；佃农	0	0		
3516		pedestrian	pɪˈdestrɪən	n.	步行者，行人	0	0		
3517		pen-friend	ˈpenfrend	n.	笔友	0	0		pen-friend:0
3518		pence		n.	penny 的复数	0	0		
3519		pencil	ˈpens(ə)l	n.	铅笔	0	0		
3520		pension	ˈpenʃ(ə)n	n.	养老金	0	0		
3521		pest	pest	n.	害虫	0	0		
3522		phone-booth	ˈfəʊnbuːθ	n.	公用电话亭	0	0		phone-booth:0
3523		physician	fɪˈzɪʃ(ə)n	n.	(有行医执照的)医生	0	0		
3524		pianist	ˈfɪzɪks	n.	钢琴家	0	0		
3525		pie	paɪ	n.	甜馅饼	0	0		
3526		pill	pɪl	n.	药丸，药片	0	0		
3527		pineapple	ˈpaɪnæp(ə)l	n.	菠萝	0	0		
3528		ping-pong	ˈpɪŋpɒŋ	n.	乒乓球	0	0		ping-pong:0
3529		pint	paɪnt	n.	（液量单位）品脱	0	0		
3530		playroom	ˈpleɪruːm	n.	游戏室	0	0		
3531		plug	plʌɡ	n. vt.	塞子 vt.（用塞子）把…塞住	0	0		
3532		poisonous	ˈpɔɪzənəs	adj.	有毒的，致命的	0	0		
3533		pork	pɔːk	n.	猪肉	0	0		
3534		porridge	ˈpɔrɪdʒ; (US) ˈpɔːrɪdʒ	n.	稀饭，粥	0	0		
3535		porter	ˈpɔːtə(r)	n.	（火车站或旅馆处的）搬运工	0	0		
3536		postage	ˈpəʊstɪdʒ	n.	邮费	0	0		
3537		postbox	ˈpəʊstbɔks	n.	邮箱	0	0		
3538		postcode	ˈpəʊstkəʊd	n.	（英）邮政编码	0	0		
3539		postman	ˈpəʊstmən	n.	邮递员	0	0		
3540		prairie	ˈpreərɪ	n.	大草原	0	0		
3541		precise	prɪˈsaɪs	adj.	准确,精确的,确切的	0	0		
3542		preference	ˈprefərəns	n.	选择，趋向	0	0		
3543		pregnant	ˈpreɡnənt	adj.	怀孕的	0	0		
3544		prescription	prɪˈskrɪpʃ(ə)n	n.	处方，药方	0	0		
3545		pride	praɪd	n.	自豪，骄傲	0	0		
3546		prisoner	ˈprɪznə(r)	n.	囚犯	0	0		
3547		privilege	ˈprɪvɪlɪdʒ	n.	特权，特殊待遇	0	0		
3548		pub	pʌb	n.	酒店，酒吧	0	0		
3549		publicly	ˈpʌblɪklɪ	adv.	当众；公开地	0	0		
3550		pulse	pʌls	n.	脉搏，（光、能量、波等的）脉动，搏动	0	0		
3551		punctuate	ˈpʌŋktjʊeɪt	v.	加标点	0	0		
3552		punctuation	ˌpʌŋktʃuˈeɪʃn	n.	标点符号	0	0		
3553		pupil	ˈpjuːpɪl	n.	（小）学生	0	0		
3554		pure	pjʊə(r)	adj.	纯的, 不掺杂的	0	0		
3555		purse	pɜːs	n.	钱包	0	0		
3556		pyramid	ˈpɪrəmɪd	n.	角锥形，金字塔	0	0		
3557		quake	kweɪk	n. v.	震动，颤抖	0	0		
3558		questionaire		n.	调查表, 问卷	0	0		
3559		queue	kjuː	n.	行列，长队	0	0		
3560		quiz	kwɪz	n.	测验，小型考试	0	0		
3561		rabbit	ˈræbɪt	n.	兔，家兔	0	0		
3562		racial	ˈreɪʃ(ə)l	adj.	种族的	0	0		
3563		radiation	reɪdɪˈeɪʃ(ə)n	n.	放射，放射物	0	0		
3564		radioactive	reɪdɪəʊˈæktɪv	adj.	放射性的	0	0		
3565		radium	ˈreɪdɪəm	n.	镭	0	0		
3566		raincoat	ˈreɪnkəʊt	n.	雨衣	0	0		
3567		raw	rɔː	adj.	生的,未煮过的,未加工的	0	0		
3568		raw material	rɔː məˈtɪərɪəl	n.	原料	0	0		raw material:0
3569		razor	ˈreɪzə(r)	n.	剃须刀	0	0		
3570		receipt	rɪˈsiːt	n.	收据	0	0		
3571		reception	rɪˈsepʃ(ə)n	n.	接待	0	0		
3572		record holder	ˈrekɔːd ˈhəʊldə(r)	n.	记录保持者	0	0		record holder:0
3573		rectangle	ˈrektæŋɡ(ə)l	n. adj.	长方形,长方形的	0	0		
3574		referee	refəˈriː	n.	裁判，仲裁，调解员	0	0		
3575		refreshments	rɪˈfreʃmənt	n.	点心，便餐；(会议后的)简单茶点招待	0	0		
3576		refusal	rɪˈfjuːz(ə)l	n.	拒绝	0	0		
3577		relay	ˈriːleɪ	n. v.	接力，接替人，中转 v. 接替，补充；转运	0	0		
3578		religion	rɪˈlɪdʒən	n.	宗教	0	0		
3579		resign	rɪˈzaɪn	v.	辞职	0	0		
3580		resist	rɪˈzɪst	v.	抵抗；挡开	0	0		
3581		restrict	rɪˈstrɪkt	v.	限制	0	0		
3582		retell	riːˈtel	vt.	重讲，重复，复述	0	0		
3583		reuse	riːˈjuːz	vt.	重新使用；循环使用	0	0		
3584		reviewer	rɪˈvjuːə(r)	n.	评论者；书评家	0	0		
3585		revision	rɪˈvɪʒ(ə)n	n.	复习，温习	0	0		
3586		rewind	riːˈwaɪnd	v.	回转（磁带等	0	0		
3587		rewrite	riːˈraɪt	vt.	重写	0	0		
3588		rhyme	raɪm	n. v.	/ v. 押韵	0	0		
3589		riddle	ˈrɪd(ə)l	n.	谜(语	0	0		
3590		right-handed	ˌraɪtˈhændɪd	adj.	惯用右手的	0	0		right-handed:0
3591		right-wing	ˌraɪtˈwɪŋ	n. adj.	右翼（的）	0	0		right-wing:0
3592		rigid	ˈrɪdʒɪd	adj.	死板的,僵硬的,固执的	0	0		
3593		ring-road	ˈrɪŋrəʊd	n.	环形公路	0	0		ring-road:0
3594		roast	rəʊst	v.	烤（肉	0	0		
3595		rob	rɔb	v.	抢夺，抢劫	0	0		
3596		rocket	rɒkit	n.	火箭	0	0		
3597		roller	ˈrəʊlə(r)	n.	滚筒； 辊	0	0		
3598		rooster	ˈruːstə(r)	n.	(美)公鸡	0	0		
3599		rot	rɔt	vi.	烂； 腐败	0	0		
3600		rugby	ˈrʌɡbɪ	n.	（英）橄榄球	0	0		
3601		sadness	ˈsædnɪs	n.	悲哀，忧伤	0	0		
3602		sailor	ˈseɪlə(r)	n.	水手，海员	0	0		
3603		salesgirl	ˈseɪlzɡɜːl	n.	女售货员	0	0		
3604		salesman	ˈseɪlzmən	n.	男售货员	0	0		
3605		saleswoman	seɪlz‚wʊmən	n.	女售货员	0	0		
3606		salute	səˈluːt	v. n.	敬礼	0	0		
3607		sauce	sɔːs	n.	酱汁； 调味汁	0	0		
3608		saucer	ˈsɔːsə(r)	n.	茶碟，茶托，小圆盘	0	0		
3609		sausage	ˈsɔsɪdʒ; (US) ˈsɔːsɪdʒ	n.	香肠，腊肠	0	0		
3610		savage	ˈsævɪdʒ	n.	野蛮人，未开化的人	0	0		
3611		sceptical	ˈskeptɪkl	a.	怀疑的	0	0		
3612		scholarship	ˈskɔləʃɪp	n.	奖学金	0	0		
3613		schoolbag	ˈskuːlbæɡ	n.	书包	0	0		
3614		schoolboy				0	0		
3615		schoolmate	ˈskuːlmeɪt	n.	同校同学	0	0		
3616		scissors	ˈsɪzəz	n.	剪刀，剪子	0	0		
3617		scold	skəʊld	vt.	责骂	0	0		
3618		scratch	krætʃ	v. n.	/ n. 划破，划痕，划伤	0	0		
3619		seaman	ˈsiːmən	n.	水手； 海员	0	0		
3620		seashell	ˈsiːʃel	n.	海贝	0	0		
3621		seaweed	ˈsiːwiːd	n.	海草,海藻,海带	0	0		
3622		secondhand	ˈsekəndˈhænd	n.	二手货; 旧货	0	0		
3623		see-saw	ˈsiːsɔː	n.	跷跷板（游戏）	0	0		see-saw:0
3624		self-service	ˌselfˈsɜːvɪs	n.	自助；自我服务	0	0		self-service:0
3625		semicircle	ˈsemɪsɜːk(ə)l	n.	半圆；send (sent, sent	0	0		
3626		seminar		n.	研究会, 讨论发表会	0	0		
3627		separately	ˈsepərətlɪ	adv.	单独地，各自地	0	0		
3628		servant	ˈsɜːvənt	n.	仆人，佣人	0	0		
3629		seventy	ˈsevəntɪ	num.	七十	0	0		
3630		sew	səʊ	vi.	缝, 缝制；缝补；缝纫	0	0		
3631		shabby	ˈʃæbɪ	adj.	破旧,破烂,衣衫褴褛的	0	0		
3632		shall	ʃæl, ʃ(ə)l	modal v.	（表示将来）将要，会；……好吗	0	0		
3633		shark	ʃɑːk	n.	鲨鱼	0	0		
3634		sharpener	ˈʃɑːpənə(r)	n.	削尖用的器具	0	0		
3635		shave	ʃeɪv	v.	刮（脸，胡子）	0	0		
3636		shaver	ˈʃeɪvə(r)	n.	电动剃须刀	0	0		
3637		sheep	ʃiːp	n.	（绵）羊；羊皮；驯服者	0	0		
3638		shop assistant	ʃɔp əˈsɪst(ə)nt	n.	(英) 售货员	0	0		shop assistant:0
3639		short wave	ʃɔːt	n.	[医] 短波	0	0		short wave:0
3640		side road				0	0		side road:0
3641		sideway	ˈsaɪdweɪz	n.	岔路，旁路	0	0		
3642		sideways	ˈsaɪdweɪz	adv.	斜向一边的	0	0		
3643		signature	ˈsɪɡnətʃə(r)	n.	签名	0	0		
3644		sincerely	sɪnˈsɪrlɪ /-ˈsɪəl-	adv.	真诚地；sing (sang, sung	0	0		
3645		sixteen	ˈsɪkstɪ	num.	十六	0	0		
3646		sixteenth	sɪksˈtiːnθ	num.	第十六	0	0		
3647		skillful	ˈskɪlf(ə)l	adj.	熟练,精湛的,灵巧的	0	0		
3648		skipping	skɪpɪŋ		rope （跳绳用）绳	0	0		
3649		skirt	skɜːt	n.	女裙	0	0		
3650		skyscraper	ˈskaɪskreɪpə(r)	n.	摩天楼	0	0		
3651		slavery	ˈsleɪvərɪ	n.	奴隶制度	0	0		
3652		smoke-free	ˌsməʊkˈfriː	adj.	无烟的，非吸烟的	0	0		smoke-free:0
3653		smoker	ˈsməʊkə(r)	n.	吸烟者	0	0		
3654		snack bar	snæk bɑː	n.	快餐店	0	0		snack bar:0
3655		snake	sneɪk	n. v.	蛇v.蛇般爬行;蜿蜒行进	0	0		
3656		snatch	sneɪk	v.	夺，夺得，夺走	0	0		
3657		sneaker	sneɪk	n.	（复）轻便运动鞋（美	0	0		
3658		sneeze	sneɪk	v.	打喷嚏	0	0		
3659		sniff	snɪf	v.	抽鼻子（哭,患感冒时	0	0		
3660		snowball	ˈsnəʊbɔːl	n.	雪球	0	0		
3661		snowman	ˈsnəʊmæn	n.	雪人	0	0		
3662		snowy	ˈsnəʊɪ	adj.	雪(白)的；下雪的；多(积)雪的	0	0		
3663		so-so	ˌsəʊˈsəʊ	adj.	一般般的；凑合的	0	0		so-so:0
3664		soap	səʊp	n.	肥皂	0	0		
3665		socialism	ˈsəʊʃəlɪz(ə)m	n.	社会主义	0	0		
3666		socialist	ˈsəʊʃəlɪst	adj.	社会主义的	0	0		
3667		socket	ˈsɔkɪt	n.	（电源）插座	0	0		
3668		soft drink	sɔft drɪŋk	n.	(不含酒精)清凉饮料	0	0		soft drink:0
3669		soul	səʊl	n.	灵魂；心灵；气魄	0	0		
3670		sour	ˈsaʊə(r)	adj.	酸的，馊的	0	0		
3671		souvenirs	suːvəˈnɪə(r); (US) ˈsuːvənɪər	n.	旅游纪念品,纪念物；sow (sowed, sown 或-ed	0	0		
3672		sow	səʊ	vt.	播种	0	0		
3673		spaceship	ˈspeɪsʃɪp	n.	宇宙飞船	0	0		
3674		spade	speɪd	n.	铲子;纸牌中的黑桃	0	0		
3675		spaghetti	spəˈɡeti	n.	意大利面条	0	0		
3676		spear	spɪə(r)	n.	矛，枪，梭镖	0	0		
3677		spin	spɪn	v. n.	纺，（使）快速旋转；旋转，旋转运动	0	0		
3678		spit	spɪt	v.	吐唾沫；吐痰	0	0		
3679		spokesman	ˈspəʊkən mæn	n.	发言人	0	0		
3680		spoonful	ˈspuːnfʊl	n.	一匙（的量	0	0		
3681		spy	spaɪ	n. v.	密探,间谍 v.侦探,刺探	0	0		
3682		squid	skwɪd	n.	鱿鱼	0	0		
3683		squirrel	ˈskwɪr(ə)l; (US) ˈskwɜːrəl	n.	松鼠	0	0		
3684		stain	steɪn	n.	污点，污渍，染色剂	0	0		
3685		stainless	ˈsteɪnlɪs	adj.	无污点的	0	0		
3686		stainless steel	ˈsteɪnlɪs stiːl	n.	不锈钢	0	0		stainless steel:0
3687		starve	stɑːv	v.	饿死	0	0		
3688		statesman	ˈsteɪtsmən	n.	政治家	0	0		
3689		steak	steɪk	n.	牛排，肉排，鱼排；steal (stole, stolen	0	0		
3690		steel	stiːl	n.	钢，钢铁	0	0		
3691		step-mother	ˈstepmʌðə(r)	n.	继母	0	0		step-mother:0
3692		steward	ˈstjuːəd; (US) ˈstuːərd	n.	(火车、飞机、轮船等)男服务员；男乘务员	0	0		
3693		stewardess	stjuːəˈdes	n.	女乘务员,空中小姐；stick (stuck, stuck	0	0		
3694		stocking	ˈstɔkɪŋ	n.	长统袜	0	0		
3695		stomachache	ˈstʌməkeɪk	n.	胃疼	0	0		
3696		stopwatch	ˈstɔpwɔtʃ	n.	记秒表；跑表	0	0		
3697		storage	ˈstɔːrɪdʒ	n.	贮藏； 储存	0	0		
3698		stout	staʊt	adj.	肥壮的，厚实牢固的	0	0		
3699		strait	streɪt	n.	海峡	0	0		
3700		stubborn	ˈstʌbən	adj.	固执的，倔强的	0	0		
3701		subjective	səbˈdʒektɪv	adj.	主观的	0	0		
3702		subscribe	səbˈskraɪb	v.	订阅,订购（报刊等	0	0		
3703		subtraction	səbˈtrɔkʃ(ə)n	n.	（算数中的）减	0	0		
3704		summary	ˈsʌmərɪ	n.	摘要，概要	0	0		
3705		sunburnt	ˈsʌnbɜːnt	adj.	晒黑的	0	0		
3706		sunglasses	ˈsʌnɡlɑːsɪs	n.	太阳眼镜，墨镜	0	0		
3707		sunny	ˈsʌnɪ	adj.	晴朗的;阳光充足的	0	0		
3708		superior	suːˈpɪərɪə(r)	adj. n.	更胜一筹的 n. 上级，上司	0	0		
3709		surplus	ˈsɜːpləs	n.	过剩，剩余	0	0		
3710		suspension	səˈspenʃ(ə)n	n.	暂令停职,推迟,延期	0	0		
3711		swallow	ˈswɔləʊ	vt.	吞下；咽下	0	0		
3712		sweater	ˈswetə(r)	n.	厚运动衫，毛衣 ；sweep(swept,swept	0	0		
3713		swell		v.	(使)膨胀, 增大	0	0		
3714		swimming pool	ˈswɪmɪŋ puːl	n.	游泳池	0	0		swimming pool:0
3715		Swiss	swɪŋ	adj. n.	瑞士人的 n. 瑞士人	0	0		
3716		Switzerland	ˈswɪtsələnd	n.	* n. 瑞士	0	0		
3717		sword	sɔːd	n.	剑，刀	0	0		
3718		symptom	ˈsɪmfənɪ	n.	症状	0	0		
3719		table tennis	ˈteɪb(ə)l ˈtenɪs	n.	乒乓球	0	0		table tennis:0
3720		tanker	ˈtæŋkə(r)	n.	油船	0	0		
3721		tape	teɪp	n.	磁带；录音带	0	0		
3722		tape recorder	teɪp rɪˈkɔːdə(r)	n.	磁带录音机	0	0		tape recorder:0
3723		tax-free	ˌtæksˈfriː	adj.	免税的	0	0		tax-free:0
3724		taxpayer	ˈtækspeɪə(r)	n.	纳税人	0	0		
3725		teapot	ˈtiːpɔt	n.	茶壶	0	0		
3726		telegram	ˈtelɪɡræm	n.	电报	0	0		
3727		telegraph	ˈtelɪɡrɑːf; (US) -ɡræf	v.	(拍) 电报	0	0		
3728		telephone booth	ˈtelɪfəʊn- buːð	n.	电话亭	0	0		telephone booth:0
3729		temptation	tempˈteɪʃ(ə)n	n.	引诱；诱惑	0	0		
3730		tendency	ˈtendənsɪ	n.	倾向，偏好，性情	0	0		
3731		tennis	ˈtenɪs	n.	网球	0	0		
3732		tense	tens	adj.	心烦意乱的，紧张的	0	0		
3733		terminal	tɜːm	adj.	(火车汽车飞机)终点站	0	0		
3734		terror	ˈterə(r)	n.	恐惧，惊恐	0	0		
3735		theoretical	θɪəˈretɪk(ə)l	adj.	理论的	0	0		
3736		thermos	ˈθɜːmɔs	n.	热水瓶	0	0		
3737		thief		n.	窃贼, 小偷	0	0		
3738		thirst	θɜːd	n.	渴； 口渴	0	0		
3739		thirsty	ˈθɜːstɪ	adj.	渴	0	0		
3740		thirteen	θɜːˈtiːn	num.	十三	0	0		
3741		thorough	ˈθʌrə; (US) ˈθʌrəʊ	adj.	彻底的	0	0		
3742		thread	θred	n.	线	0	0		
3743		thriller	ˈθrɪlə(r)	n.	惊险小说	0	0		
3744		throat	θrəʊt	n.	喉咙	0	0		
3745		thunder	ˈθʌndə(r)	n. v.	雷声，打雷	0	0		
3746		thunderstorm	ˈθʌndəstɔːm	n.	雷电交加暴风雨	0	0		
3747		Tibet	tiˈbet	n.	西藏	0	0		
3748		Tibetan	tiˈbetən	n.	西藏人；西藏语	0	0		
3749		tiger	ˈtaɪɡə(r)	n.	老虎	0	0		
3750		tin	tɪn	n.	（英）罐头，听头	0	0		
3751		tiresome	ˈtaɪəsəm	adj.	令人厌倦的	0	0		
3752		tobacco	təʊst	n.	烟草，烟叶	0	0		
3753		tolerate	ˈtɔləreɪt	v.	容许，允许，忍受	0	0		
3754		tomb	tuːm	n.	坟墓	0	0		
3755		toothache	ˈtuːθeɪk	n.	牙痛	0	0		
3756		toothbrush	ˈtuːθbrʌʃ	n.	牙刷	0	0		
3757		toothpaste	ˈtuːθpeɪst	n.	牙膏	0	0		
3758		tortoise	ˈtɔːtəs	n.	乌龟	0	0		
3759		towel	ˈtaʊəl	n.	毛巾	0	0		
3760		tractor	ˈtræktə(r)	n.	拖拉机	0	0		
3761		tram	træm	n.	有轨电车	0	0		
3762		transparent	trænsˈpærənt	adj.	透明的，清澈的	0	0		
3763		triangle	ˈtraɪæŋɡ(ə)l	n. adj.	三角形;三角形的	0	0		
3764		trolleybus		n.	无轨电车	0	0		
3765		troop	truːp	n.	部队	0	0		
3766		trooping	ˈtruːpɪŋ	vi.	成群结队地走	0	0		
3767		troublesome	ˈtrʌb(ə)lsəm	adj.	令人烦恼, 讨厌	0	0		
3768		trousers	ˈtraʊzəz	n.	裤子，长裤	0	0		
3769		trunk	trʌŋk	n.	树干；大箱子	0	0		
3770		tune	tjuːn; (US) tuːn	n.	曲调，曲子	0	0		
3771		turkey	ˈtɜːkɪ	n.	火鸡	0	0		
3772		twelfth	twelfθ	num.	第十二	0	0		
3773		twist	twɪst	v. n.	/ n. 使弯曲，转动	0	0		
3774		typhoon	taɪˈfuːn	n.	台风	0	0		
3775		typist	ˈtaɪpɪst	n.	打字员；tyre (美tire	0	0		
3776		tyre	taɪə	n.	轮胎【英】	0	0		
3777		unconditional	ʌnkənˈdɪʃən(ə)l	adj.	无条件，绝对的	0	0		
3778		undertake		v.	承担, 担任, 许诺, 保证；答应；同意	0	0		
3779		underwear	ˈʌndəweə(r)	n.	内衣	0	0		
3780		undivided	ʌndɪˈvaɪdɪd	adj.	没分开的；专一的； 专心的	0	0		
3781		unemployment	ʌnɪmˈplɔɪmənt	n.	失业,失业状态	0	0		
3782		unfit	ʌnˈfɪt	adj.	不合宜的，不相宜的	0	0		
3783		unhealthy	ʌnˈhelθɪ	adj.	不健康的,不卫生的	0	0		
3784		unite	jʊˈnaɪt	v.	联合，团结	0	0		
3785		unmarried	ʌnˈmærɪd	adj.	未婚的，独身的	0	0		
3786		unrest	ʌnˈrest	n.	不安；骚动	0	0		
3787		unsafe	ʌnˈseɪf	adj.	不安全的；危险的	0	0		
3788		untrue	ʌnˈtruː	adj.	不真实的，假的	0	0		
3789		vacant	ˈveɪkənt	adj.	空缺的，未被占用的	0	0		
3790		vague	veɪɡ	adj.	含糊的，紧迫的	0	0		
3791		vanilla	vəˈnɪlə	n.	香草	0	0		
3792		vase	vɑːz; (US) veɪs	n.	（花）瓶；瓶饰	0	0		
3793		VCD	ˌviːsiːˈdiː	n.	影碟光盘	0	0		
3794		veal	viːl	n.	（食用）小牛肉	0	0		
3795		vertical	ˈvɜːtɪk(ə)l	adj.	垂直的，纵向的	0	0		
3796		vice	vaɪs	n.	罪行，不道德行为	0	0		
3797		videophone	ˈvidiəʊfəʊn	n.	可视电话	0	0		
3798		vinegar	ˈvilidʒə	n.	醋	0	0		
3799		violinist	vaɪəˈlɪnɪst	n.	提琴家，提琴手	0	0		
3800		visa	ˈviːzə	n.	签证，背签	0	0		
3801		volcano	vɔlˈkeɪnəʊ	n.	火山	0	0		
3802		volleyball	vɔlˈkeɪnəʊ	n.	排球	0	0		
3803		wag	wæɡ	v.	摇动；摆动	0	0		
3804		wage	weɪdʒ	n.	工资，工钱，报酬	0	0		
3805		waist	weɪst	n.	腰，腰部，腰围	0	0		
3806		waiting-room	ˈweɪtɪŋ- rʊm	n.	候诊室,候车室	0	0		waiting-room:0
3807		waitress	tres	n.	女服务员；wake (woke, woken	0	0		
3808		walkman	ˈwɔːkmən	n.	随身听	0	0		
3809		walnut	ˈwɔːlnʌt	n.	核桃，胡桃	0	0		
3810		washroom	ˈwɔʃrʊm	n.	盥洗室	0	0		
3811		watermelon	ˈwɔːtəmelən	n.	西瓜	0	0		
3812		wayside	weɪ	adj.	路边的	0	0		
3813		weatherman	ˈweðəmæn	n.	气象员,预报天气的人	0	0		
3814		westerner	ˈwestənə	n.	西方人	0	0		
3815		westward		adj.	西方的, 向西的 adv.向西	0	0		
3816		widow		n.	寡妇	0	0		
3817		willingly	ˈwiliŋli	adv.	乐意地	0	0		
3818		willingness	ˈwiliŋnis	n.	意愿； 愿望；win (won, won	0	0		
3819		windbreaker	ˈwind	n.	风衣,防风(皮)夹克	0	0		
3820		withdraw	wɪðˈdrɔː	v.	撤回，撤离	0	0		
3821		woollen	ˈwulin	adj.	羊毛的，羊毛制的	0	0		
3822		workday	ˈwəːkdei	n.	工作日	0	0		
3823		workforce	ˈwəːkfɔːs	n.	劳动力	0	0		
3824		workmate	ˈwəːkfɔːs	n.	同事；工友	0	0		
3825		worthless	ˈwɜːθlɪs	adj.	没有价值,没有用的	0	0		
3826		wounded	wuːndɪd	adj.	受伤的	0	0		
3827		wrestle	ˈres(ə)l	v.	摔跤	0	0		
3828		X-ray	ˌeksˈreɪ	n.	X射线；X光	0	0		x-ray:0
3829		yawn	jɔːn	v.	打哈欠	0	0		
3830		yell	jel	v.	叫喊，吼叫	0	0		
3831		yoghurt	ˈjɔgət	n.	酸奶	0	0		
3832		yummy	ˈjʌmɪ	adj.	很好吃的	0	0		
3833		zebra	ˈzebrə	n.	斑马	0	0		
3834		zipper	ˈzɪpə(r)	n.	拉链	0	0		
3835		zoom	zuːm	v.	快速移动，迅速前往，猛涨	0	0		