rank	no	word	ph	pos	def	freq	years	yearList	topForms
1	3126	the	ðə	art.	这（那）个,这（那）些（用于特定人或物，序数词，最高级，专有名词，世上独一 无二事物前）；theatre (美theater	9483	15	2008/2009/2010/2011/2012/2013/2014/2015/2016/2017/2018/2019/2020/2021/2022	the:9483
2	3184	to	tʊ	prep.	（动词不定式符号，无词义）；（表示接受动作的人或物）给；对，向，到；在…之前	5514	15	2008/2009/2010/2011/2012/2013/2014/2015/2016/2017/2018/2019/2020/2021/2022	to:5514
3	355	be	biː	v.	是（原形）,其人称和时态形式有(am, is, are, was, were, being, been)；成为	4524	15	2008/2009/2010/2011/2012/2013/2014/2015/2016/2017/2018/2019/2020/2021/2022	is:1845 was:1020 be:950 were:454
4	2088	of	ɔv	prep.	(表所属,数量,) ….的	4021	15	2008/2009/2010/2011/2012/2013/2014/2015/2016/2017/2018/2019/2020/2021/2022	of:4021
5	163	and	ənd	conj.	和；又；而	3784	15	2008/2009/2010/2011/2012/2013/2014/2015/2016/2017/2018/2019/2020/2021/2022	and:3782 andes:2
6	1625	in	ɪn	prep. adv.	在…里(内)；在…；以… ad. 在家，在内，向内	3335	15	2008/2009/2010/2011/2012/2013/2014/2015/2016/2017/2018/2019/2020/2021/2022	in:3335
7	1690	it	ɪt	pron.	它	1917	15	2008/2009/2010/2011/2012/2013/2014/2015/2016/2017/2018/2019/2020/2021/2022	it:1917
8	1314	for	fə(r)	prep. conj.	为了…；向…，往…；与…交换；防备…；适合…；因为…；在…期 间；对于…；对…来说 conj. 因为，由于	1746	15	2008/2009/2010/2011/2012/2013/2014/2015/2016/2017/2018/2019/2020/2021/2022	for:1742 fores:2 ford:2
9	3125	that	ðæt	adj. pron. conj. adv.	那，那个 conj. 那，那个（引导宾语从句等）ad. 那么，那样	1618	15	2008/2009/2010/2011/2012/2013/2014/2015/2016/2017/2018/2019/2020/2021/2022	that:1618
10	3541	you	juː	pron.	你；你们	1374	15	2008/2009/2010/2011/2012/2013/2014/2015/2016/2017/2018/2019/2020/2021/2022	you:1374
11	3140	they	ðeɪ	pron.	他（她）们；它们	1252	15	2008/2009/2010/2011/2012/2013/2014/2015/2016/2017/2018/2019/2020/2021/2022	they:1252
12	2103	on	ɔn	prep. adv.	在…上（时），关于 ad. （穿，放…）上；接通；进行下 去；（电灯）开	1210	15	2008/2009/2010/2011/2012/2013/2014/2015/2016/2017/2018/2019/2020/2021/2022	on:1210
13	3492	with	wɪʃ	prep.	关于,带有,以,和,用,有	1205	15	2008/2009/2010/2011/2012/2013/2014/2015/2016/2017/2018/2019/2020/2021/2022	with:1205
14	222	are	ɑː(r)	v.	(be) 是	1166	15	2008/2009/2010/2011/2012/2013/2014/2015/2016/2017/2018/2019/2020/2021/2022	are:1166
15	263	at	æt	prep.	在（几点钟）;在（某处	919	15	2008/2009/2010/2011/2012/2013/2014/2015/2016/2017/2018/2019/2020/2021/2022	at:919
16	3450	what	wɔt; (US) hwɑt	pron. adj.	什么,怎么样 a. 多么，何等；什么	915	15	2008/2009/2010/2011/2012/2013/2014/2015/2016/2017/2018/2019/2020/2021/2022	what:915
17	241	as	əz	adv. conj. prep.	像……一样；如同；因为 prep. 作为，当做	862	15	2008/2009/2010/2011/2012/2013/2014/2015/2016/2017/2018/2019/2020/2021/2022	as:862
18	1365	from	frəm	prep.	从；从…起.距.来自	794	15	2008/2009/2010/2011/2012/2013/2014/2015/2016/2017/2018/2019/2020/2021/2022	from:794
19	3422	we	wiː	pron.	我们	790	15	2008/2009/2010/2011/2012/2013/2014/2015/2016/2017/2018/2019/2020/2021/2022	we:790
20	1512	he	heɪ	pron.	他	781	15	2008/2009/2010/2011/2012/2013/2014/2015/2016/2017/2018/2019/2020/2021/2022	he:781
21	2223	people	ˈpiːp(ə)l	n.	人，人们；人民	728	15	2008/2009/2010/2011/2012/2013/2014/2015/2016/2017/2018/2019/2020/2021/2022	people:725 peoples:3
22	8	about	əˈbaʊt	adv. prep.	大约；到处；四处 prep. 关于；在各处；四处	714	15	2008/2009/2010/2011/2012/2013/2014/2015/2016/2017/2018/2019/2020/2021/2022	about:714
23	3128	their	ðeə(r)	pron.	他(她,它)们的	695	15	2008/2009/2010/2011/2012/2013/2014/2015/2016/2017/2018/2019/2020/2021/2022	their:695
24	529	by	baɪ	prep.	靠近，在…旁；在…时间；不迟于；被；用；由；乘（车	682	15	2008/2009/2010/2011/2012/2013/2014/2015/2016/2017/2018/2019/2020/2021/2022	by:682
25	3591	make	meɪk	vt.	制作，制造；使得；做	682	15	2008/2009/2010/2011/2012/2013/2014/2015/2016/2017/2018/2019/2020/2021/2022	make:310 made:197 making:109 makes:66
26	524	but	bət	conj. prep.	但是，可是 prep. 除了, 除……外	662	15	2008/2009/2010/2011/2012/2013/2014/2015/2016/2017/2018/2019/2020/2021/2022	but:662
27	3454	when	wen	conj. adv.	当…的时候 ad. 什么时候，何时	639	15	2008/2009/2010/2011/2012/2013/2014/2015/2016/2017/2018/2019/2020/2021/2022	when:639
28	2105	one	wʌn	pron. num.	一（个，只…）(pl. ones) num. 一	564	15	2008/2009/2010/2011/2012/2013/2014/2015/2016/2017/2018/2019/2020/2021/2022	one:532 ones:32
29	3543	your	jʌŋ	pron.	你的；你们的	547	15	2008/2009/2010/2011/2012/2013/2014/2015/2016/2017/2018/2019/2020/2021/2022	your:547
30	1536	her	hɜː(r)	pron.	她(宾格),她的	538	14	2009/2010/2011/2012/2013/2014/2015/2016/2017/2018/2019/2020/2021/2022	her:535 herd:3
31	3175	time	taɪm	n. vt.	时间;时期;钟点,次,回 vt.测定…的时间,记录…的时间	538	15	2008/2009/2010/2011/2012/2013/2014/2015/2016/2017/2018/2019/2020/2021/2022	time:447 times:84 timing:6 timed:1
32	2123	or	ə(r)	conj.	或；就是；否则	532	15	2008/2009/2010/2011/2012/2013/2014/2015/2016/2017/2018/2019/2020/2021/2022	or:532
33	2745	she	ʃiː	pron.	她；sheep (复sheep	532	15	2008/2009/2010/2011/2012/2013/2014/2015/2016/2017/2018/2019/2020/2021/2022	she:530 shed:2
34	2059	not	nɔt	adv.	不，没	524	15	2008/2009/2010/2011/2012/2013/2014/2015/2016/2017/2018/2019/2020/2021/2022	not:507 notes:12 noted:4 noting:1
35	1999	my	maɪ	pron.	我的	502	15	2008/2009/2010/2011/2012/2013/2014/2015/2016/2017/2018/2019/2020/2021/2022	my:502
36	3150	this	ðɪs	adj. pron.	这，这个	497	15	2008/2009/2010/2011/2012/2013/2014/2015/2016/2017/2018/2019/2020/2021/2022	this:497
37	1555	his	hɪz	pron.	他的	483	15	2008/2009/2010/2011/2012/2013/2014/2015/2016/2017/2018/2019/2020/2021/2022	his:483
38	3475	will	wɪl	n.	意志, 遗嘱；will (would	457	15	2008/2009/2010/2011/2012/2013/2014/2015/2016/2017/2018/2019/2020/2021/2022	will:457
39	3130	them	ð(ə)m	pron.	他/她/它们（宾格	453	15	2008/2009/2010/2011/2012/2013/2014/2015/2016/2017/2018/2019/2020/2021/2022	them:452 themes:1
40	3325	up	ʌp	adv. adj. n. v. prep.	向上；在上方；起来；在…以上 a. 上面的，向上的，上行的 n. 上升；上坡；上行；繁荣 v. 举起；拿起；提高 prep. 向(高处)；向(在)……上(面)游	448	15	2008/2009/2010/2011/2012/2013/2014/2015/2016/2017/2018/2019/2020/2021/2022	up:448
41	124	all	ɔːl	adv. adj. pron.	全部地 a. 全（部）;所有的;总;整 pron.全部;全体人员	421	15	2008/2009/2010/2011/2012/2013/2014/2015/2016/2017/2018/2019/2020/2021/2022	all:421
42	2140	out	aʊt	adv.	出外;在外,向外;熄	421	15	2008/2009/2010/2011/2012/2013/2014/2015/2016/2017/2018/2019/2020/2021/2022	out:421
43	1609	if	ɪf	conj.	如果,假使,是否,是不是	418	15	2008/2009/2010/2011/2012/2013/2014/2015/2016/2017/2018/2019/2020/2021/2022	if:418
44	3465	who	huː	pron.	谁	406	15	2008/2009/2010/2011/2012/2013/2014/2015/2016/2017/2018/2019/2020/2021/2022	who:406
45	3459	which	wɪtʃ; (US) hwɪtʃ	pron. adj.	那(哪)一个；那(哪)一些 a.这(哪)个；这(哪)些；无论哪个(些	404	15	2008/2009/2010/2011/2012/2013/2014/2015/2016/2017/2018/2019/2020/2021/2022	which:404
46	3136	there	ðeə(r)	int. n. adv.	那！你瞧（表示引起注意） n. 那里，那儿 ad. 在那里，往那里；（作引导词）表”存在"	401	15	2008/2009/2010/2011/2012/2013/2014/2015/2016/2017/2018/2019/2020/2021/2022	there:401
47	3534	year	jɪə(r)	n.	年	401	15	2008/2009/2010/2011/2012/2013/2014/2015/2016/2017/2018/2019/2020/2021/2022	years:214 year:187
48	2132	other	ˈʌðə(r)	pron. adj.	别人，别的东西 a. 别的,另外的	396	15	2008/2009/2010/2011/2012/2013/2014/2015/2016/2017/2018/2019/2020/2021/2022	other:286 others:110
49	1585	how	haʊ	adv.	怎样,如何；多少；多么	391	15	2008/2009/2010/2011/2012/2013/2014/2015/2016/2017/2018/2019/2020/2021/2022	how:391
50	3504	work	wɜːk	n. vi.	工作,劳动,事情 vi. 工作;(机器、器官等)运转,活动	388	15	2008/2009/2010/2011/2012/2013/2014/2015/2016/2017/2018/2019/2020/2021/2022	work:256 working:92 worked:40
51	2851	so	səʊ	adv. conj.	如此，这么；非常；同样 conj. 因此，所以	381	15	2008/2009/2010/2011/2012/2013/2014/2015/2016/2017/2018/2019/2020/2021/2022	so:381
52	2869	some	sʌm	adj. pron.	一些，若干；有些；某一 pron. 若干，一些	374	15	2008/2009/2010/2011/2012/2013/2014/2015/2016/2017/2018/2019/2020/2021/2022	some:374
53	3523	would	wəd	v.	（will的过去时）将会，打算，想要，过去常常	369	15	2008/2009/2010/2011/2012/2013/2014/2015/2016/2017/2018/2019/2020/2021/2022	would:369
54	2030	new	njuː; (US) nuː	adj.	新的；新鲜的	365	15	2008/2009/2010/2011/2012/2013/2014/2015/2016/2017/2018/2019/2020/2021/2022	new:363 newer:2
55	891	day	deɪ	n.	（一）天，（一）日；白天	351	15	2008/2009/2010/2011/2012/2013/2014/2015/2016/2017/2018/2019/2020/2021/2022	day:248 days:103
56	3122	than	ðen	conj.	比	350	15	2008/2009/2010/2011/2012/2013/2014/2015/2016/2017/2018/2019/2020/2021/2022	than:350
57	2137	our	ˈaʊə(r)	pron.	我们的	341	14	2008/2010/2011/2012/2013/2014/2015/2016/2017/2018/2019/2020/2021/2022	our:341
58	1533	help	help	n. vt.	帮助，帮忙	326	15	2008/2009/2010/2011/2012/2013/2014/2015/2016/2017/2018/2019/2020/2021/2022	help:232 helped:37 helping:26 helps:24
59	1807	like	laɪk	prep. vt.	像，跟…一样 vt. 喜欢，喜爱	314	15	2008/2009/2010/2011/2012/2013/2014/2015/2016/2017/2018/2019/2020/2021/2022	like:282 liked:26 likes:6
60	1727	just	dʒʌst	adv. adj.	刚才；恰好；不过；仅 a. 公正的	279	14	2009/2010/2011/2012/2013/2014/2015/2016/2017/2018/2019/2020/2021/2022	just:279
61	1886	me	miː	pron.	我（宾格	276	15	2008/2009/2010/2011/2012/2013/2014/2015/2016/2017/2018/2019/2020/2021/2022	me:276
62	3405	want	wɔnt; (US) wɔːnt	vt.	想,想要,需要,必要	271	15	2008/2009/2010/2011/2012/2013/2014/2015/2016/2017/2018/2019/2020/2021/2022	want:176 wanted:57 wants:33 wanting:5
63	3420	way	weɪ	n.	路，路线；方式，手段	270	15	2008/2009/2010/2011/2012/2013/2014/2015/2016/2017/2018/2019/2020/2021/2022	way:210 ways:60
64	1676	into	ˈɪntʊ	prep.	到…里;向内；变成	267	15	2008/2009/2010/2011/2012/2013/2014/2015/2016/2017/2018/2019/2020/2021/2022	into:267
65	3334	use	juːz	n. vt.	利用,使用,应用	264	15	2008/2009/2010/2011/2012/2013/2014/2015/2016/2017/2018/2019/2020/2021/2022	use:183 using:64 uses:17
66	3511	world	wɜːld	n.	世界	264	14	2008/2010/2011/2012/2013/2014/2015/2016/2017/2018/2019/2020/2021/2022	world:256 worlds:8
67	1831	look	lʊk	n. v.	看，瞧 v. 看，观看 v. link 看起来	252	15	2008/2009/2010/2011/2012/2013/2014/2015/2016/2017/2018/2019/2020/2021/2022	looking:100 look:85 looked:47 looks:20
68	1274	first	fɜːst	num. adj. adv. n.	第一 a.& ad. 第一；首次；最初 n. 开始；开端	247	15	2008/2009/2010/2011/2012/2013/2014/2015/2016/2017/2018/2019/2020/2021/2022	first:247
69	1884	May	meɪ	n.	5月	242	15	2008/2009/2010/2011/2012/2013/2014/2015/2016/2017/2018/2019/2020/2021/2022	may:242
70	2769	show	ʃəʊ	n.	展示,展览（会）;演出	241	15	2008/2009/2010/2011/2012/2013/2014/2015/2016/2017/2018/2019/2020/2021/2022	show:117 shows:69 showed:33 showing:22
71	1214	family	ˈfæmɪlɪ	n.	家庭；家族；子女	235	15	2008/2009/2010/2011/2012/2013/2014/2015/2016/2017/2018/2019/2020/2021/2022	family:203 families:32
72	2020	need	niːd	n. aux. v.	需要,需求aux.& v.需要,必须	232	15	2008/2009/2010/2011/2012/2013/2014/2015/2016/2017/2018/2019/2020/2021/2022	need:165 needs:38 needed:29
73	2041	no	nəʊ	adv. adj.	不,不是 a.没有,无,不；No.(缩) = number	231	15	2008/2009/2010/2011/2012/2013/2014/2015/2016/2017/2018/2019/2020/2021/2022	no:231
74	2108	only	ˈəʊnlɪ	adj. adv.	惟一的，仅有的 ad. 仅仅，只，才	231	15	2008/2009/2010/2011/2012/2013/2014/2015/2016/2017/2018/2019/2020/2021/2022	only:231
75	3133	then	ðen	adv.	当时,那时,然后,那么	228	15	2008/2009/2010/2011/2012/2013/2014/2015/2016/2017/2018/2019/2020/2021/2022	then:228
76	3143	thing	θɪŋ	n.	东西；(复)物品，用品；事情，事件；think(thought, thought	228	15	2008/2009/2010/2011/2012/2013/2014/2015/2016/2017/2018/2019/2020/2021/2022	things:164 thing:64
77	439	book	bʊk	n. v.	书；本子 v. 预定，定（房间、车票等	225	14	2008/2010/2011/2012/2013/2014/2015/2016/2017/2018/2019/2020/2021/2022	book:133 books:86 booked:4 booking:2
78	2987	student	ˈstjuːdənt	n.	学生	223	14	2008/2010/2011/2012/2013/2014/2015/2016/2017/2018/2019/2020/2021/2022	students:160 student:63
79	1693	its	ɪts	pron.	它的	219	15	2008/2009/2010/2011/2012/2013/2014/2015/2016/2017/2018/2019/2020/2021/2022	its:219
80	1562	home	həʊm	n. adv.	家 ad. 到家；回家	216	15	2008/2009/2010/2011/2012/2013/2014/2015/2016/2017/2018/2019/2020/2021/2022	home:192 homes:22 homed:2
81	91	after	ˈɑːftə(r)	adv. prep. conj.	在后；后来prep. 在…之后；在 后面 conj. 在…以后	214	15	2008/2009/2010/2011/2012/2013/2014/2015/2016/2017/2018/2019/2020/2021/2022	after:214
82	666	city	ˈsɪtɪ	n.	市，城市，都市	209	15	2008/2009/2010/2011/2012/2013/2014/2015/2016/2017/2018/2019/2020/2021/2022	city:139 cities:70
83	3469	why	waɪ; (US) hwaɪ	adv. int.	/ int. 为什么, 你难道不知道（表示反驳、不耐烦等	203	15	2008/2009/2010/2011/2012/2013/2014/2015/2016/2017/2018/2019/2020/2021/2022	why:203
84	374	before	bɪˈfɔː(r)	prep. adv. conj.	在…以前；在…前面 ad. 以前 conj. 在…之前	200	15	2008/2009/2010/2011/2012/2013/2014/2015/2016/2017/2018/2019/2020/2021/2022	before:200
85	2101	old	əʊld	adj.	老的，旧的；Olympic(s	197	14	2008/2010/2011/2012/2013/2014/2015/2016/2017/2018/2019/2020/2021/2022	old:117 older:62 oldest:18
86	611	change	tʃeɪndʒ	n. v.	零钱；找头v. 改变，变化；更换；兑换	195	15	2008/2009/2010/2011/2012/2013/2014/2015/2016/2017/2018/2019/2020/2021/2022	change:93 changed:43 changing:38 changes:21
87	2067	now	naʊ	adv.	现在	195	15	2008/2009/2010/2011/2012/2013/2014/2015/2016/2017/2018/2019/2020/2021/2022	now:195
88	3456	where	weə(r); (US) hweər	adv.	在哪里；往哪里	195	15	2008/2009/2010/2011/2012/2013/2014/2015/2016/2017/2018/2019/2020/2021/2022	where:195
89	1262	find	faɪnd	vt.	(found, found) vt. 找到，发现，感到	194	15	2008/2009/2010/2011/2012/2013/2014/2015/2016/2017/2018/2019/2020/2021/2022	find:174 finds:15 finding:5
90	137	also	ˈɔːlsəʊ	adv.	也	193	15	2008/2009/2010/2011/2012/2013/2014/2015/2016/2017/2018/2019/2020/2021/2022	also:193
91	1765	last	lɑːst; (US) læst	adj. adv. n. v.	最近刚过去;最后的ad.最近刚过去;最后地 n.最后v.持续	193	15	2008/2009/2010/2011/2012/2013/2014/2015/2016/2017/2018/2019/2020/2021/2022	last:175 lasts:8 lasting:5 lasted:3
92	2152	over	ˈəʊvə(r)	prep. adv.	在…上方,越过,遍及 ad. 翻倒,遍布,越过,结束	192	14	2008/2010/2011/2012/2013/2014/2015/2016/2017/2018/2019/2020/2021/2022	over:192
93	3139	these	ðiːz	adj. pron.	这些	191	15	2008/2009/2010/2011/2012/2013/2014/2015/2016/2017/2018/2019/2020/2021/2022	these:191
94	2184	paragraph	ˈpærəɡrɑːf; (US) ˈpærəgræf	n.	（文章的）段落	184	15	2008/2009/2010/2011/2012/2013/2014/2015/2016/2017/2018/2019/2020/2021/2022	paragraph:180 paragraphs:4
95	2938	start	stɑːt	v.	开始，着手；出发	183	13	2010/2011/2012/2013/2014/2015/2016/2017/2018/2019/2020/2021/2022	start:89 started:53 starting:27 starts:14
96	1830	long	lɔŋ; (US) lɔːŋ	adj. adv.	长的，远 ad. 长久	182	15	2008/2009/2010/2011/2012/2013/2014/2015/2016/2017/2018/2019/2020/2021/2022	long:135 longer:40 longest:3 longing:2
97	2766	should	ʃʊd	v. aux.	mod. 应当，应该，会 v. aux.会,应该（shall的过去时态	182	13	2008/2010/2011/2013/2014/2015/2016/2017/2018/2019/2020/2021/2022	should:182
98	3503	word	wɜːd	n.	词，单词；话	182	14	2008/2009/2010/2011/2012/2013/2014/2015/2016/2017/2018/2019/2020/2021	words:109 word:73
99	3273	two	tuː	num.	二	181	15	2008/2009/2010/2011/2012/2013/2014/2015/2016/2017/2018/2019/2020/2021/2022	two:181
100	3072	talk	tɔːk	n. v.	谈话,讲话,演讲,交谈	180	15	2008/2009/2010/2011/2012/2013/2014/2015/2016/2017/2018/2019/2020/2021/2022	talk:120 talking:42 talked:11 talks:7
101	283	author	ˈɔːθə(r)	n.	作者，作家	179	15	2008/2009/2010/2011/2012/2013/2014/2015/2016/2017/2018/2019/2020/2021/2022	author:172 authors:7
102	365	because	bɪˈkɔz; (US) bɪˈkɔːz	conj.	因为；become (became, be come	178	15	2008/2009/2010/2011/2012/2013/2014/2015/2016/2017/2018/2019/2020/2021/2022	because:178
103	1310	food	fuːd	n.	食物，食品	178	13	2008/2010/2011/2012/2014/2015/2016/2017/2018/2019/2020/2021/2022	food:171 foods:7
104	3259	try	truːθ	v.	试，试图，努力	177	15	2008/2009/2010/2011/2012/2013/2014/2015/2016/2017/2018/2019/2020/2021/2022	try:88 trying:49 tried:34 tries:6
105	3120	text	tekst	n.	文本，课文	176	14	2009/2010/2011/2012/2013/2014/2015/2016/2017/2018/2019/2020/2021/2022	text:173 texts:3
106	3359	very	ˈverɪ	adv.	很，非常	175	15	2008/2009/2010/2011/2012/2013/2014/2015/2016/2017/2018/2019/2020/2021/2022	very:175
107	1552	him	hɪm	pron.	他（宾格	173	15	2008/2009/2010/2011/2012/2013/2014/2015/2016/2017/2018/2019/2020/2021/2022	him:173
108	304	back	bæk	adv. adj. n.	回（原处）；向后 a. 后面的 n. 背后，后部；背	172	14	2008/2010/2011/2012/2013/2014/2015/2016/2017/2018/2019/2020/2021/2022	back:166 backed:4 backing:2
109	2273	place	pleɪs	n. v.	地方，处所 v. 放置，安置，安排	171	15	2008/2009/2010/2011/2012/2013/2014/2015/2016/2017/2018/2019/2020/2021/2022	place:114 places:45 placed:11 placing:1
110	2831	small	smɔːl	adj.	小的，少的	168	15	2008/2009/2010/2011/2012/2013/2014/2015/2016/2017/2018/2019/2020/2021/2022	small:148 smaller:18 smallest:2
111	1145	even	ˈiːv(ə)n	adv.	甚至，连（…都）；更	167	14	2008/2010/2011/2012/2013/2014/2015/2016/2017/2018/2019/2020/2021/2022	even:167
112	1760	language	ˈlæŋɡwɪdʒ	n.	语言	167	13	2008/2009/2010/2011/2012/2014/2015/2016/2017/2018/2019/2020/2021	language:114 languages:53
113	2282	play	pleɪ	v. n.	玩；打（球）；游戏；播放 n. 玩耍，戏剧	167	13	2010/2011/2012/2013/2014/2015/2016/2017/2018/2019/2020/2021/2022	play:89 playing:39 played:21 plays:18
114	1359	friend	frend	n.	朋友	166	13	2009/2010/2011/2012/2013/2014/2015/2016/2017/2019/2020/2021/2022	friends:112 friend:54
115	1025	down	daʊn	prep. adv.	沿着，沿…而下 ad. 向下	165	14	2009/2010/2011/2012/2013/2014/2015/2016/2017/2018/2019/2020/2021/2022	down:161 downer:4
116	1059	each	iːtʃ	adj. pron.	每人.每个.每件	165	15	2008/2009/2010/2011/2012/2013/2014/2015/2016/2017/2018/2019/2020/2021/2022	each:165
117	3161	through	θruː	prep. adv.	穿（通）过;从始至终 ad.穿(通)过;自始至终,全部	165	15	2008/2009/2010/2011/2012/2013/2014/2015/2016/2017/2018/2019/2020/2021/2022	through:165
118	2666	school	skuːl	n.	学校	164	14	2008/2009/2010/2011/2012/2013/2014/2015/2016/2017/2018/2019/2020/2022	school:143 schools:20 schooling:1
119	247	ask	ɑːsk	v.	问；请求，要求；邀请	160	15	2008/2009/2010/2011/2012/2013/2014/2015/2016/2017/2018/2019/2020/2021/2022	asked:78 ask:67 asking:10 asks:5
120	2989	study	ˈstʌdɪ	v. n.	学习；研究 n. 书房	159	14	2008/2010/2011/2012/2013/2014/2015/2016/2017/2018/2019/2020/2021/2022	study:95 studies:36 studying:17 studied:11
121	1336	found	faʊnd	vt.	成立，建立	158	15	2008/2009/2010/2011/2012/2013/2014/2015/2016/2017/2018/2019/2020/2021/2022	found:145 founded:10 founder:3
122	3461	while	waɪl; (US) hwaɪl	conj. n.	在…的时候,和…同时 n. 一会儿，一段时间	154	15	2008/2009/2010/2011/2012/2013/2014/2015/2016/2017/2018/2019/2020/2021/2022	while:154
123	537	call	kɔːl	n. v.	喊，叫；电话，通话 v. 称呼；呼唤；喊，叫	153	14	2008/2010/2011/2012/2013/2014/2015/2016/2017/2018/2019/2020/2021/2022	called:67 call:58 calling:13 calls:13
124	2072	number	ˈnʌmbə(r)	n.	数,数字,号码,数量	152	15	2008/2009/2010/2011/2012/2013/2014/2015/2016/2017/2018/2019/2020/2021/2022	number:118 numbers:33 numbered:1
125	2188	parent	ˈpeərənt	n.	父(母)，双亲	149	14	2008/2009/2010/2012/2013/2014/2015/2016/2017/2018/2019/2020/2021/2022	parents:123 parent:26
126	2956	still	stɪl	adj. adv.	不动的,平静的ad.仍然,还	147	15	2008/2009/2010/2011/2012/2013/2014/2015/2016/2017/2018/2019/2020/2021/2022	still:147
127	3152	those	ðəʊz	adj. pron.	那些	147	13	2009/2010/2011/2013/2014/2015/2016/2017/2018/2019/2020/2021/2022	those:147
128	2159	own	əʊn	adj. v.	自己的 v. 拥有,所有	146	15	2008/2009/2010/2011/2012/2013/2014/2015/2016/2017/2018/2019/2020/2021/2022	own:134 owned:9 owns:3
129	1985	move	muːv	v.	移动，搬动，搬家	143	15	2008/2009/2010/2011/2012/2013/2014/2015/2016/2017/2018/2019/2020/2021/2022	move:59 moved:42 moving:35 moves:7
130	557	car	kɑː(r)	n.	汽车，小卧车	142	13	2008/2010/2011/2012/2013/2014/2015/2016/2017/2018/2019/2020/2022	car:77 cars:46 caring:12 cares:5
131	1735	kid	kɪd	n.	小孩	142	12	2008/2010/2012/2014/2015/2016/2017/2018/2019/2020/2021/2022	kids:128 kid:14
132	3264	turn	tɜːn	v. n.	旋转，翻转，转变，转弯 n. 轮流，（轮流的）顺序	142	14	2009/2010/2011/2012/2013/2014/2015/2016/2017/2018/2019/2020/2021/2022	turn:62 turned:51 turning:18 turns:9
133	1463	group	ɡruːp	n.	组，群；grow (grew, grown	141	13	2009/2010/2011/2013/2014/2015/2016/2017/2018/2019/2020/2021/2022	group:78 groups:59 grouped:2 grouping:2
134	2238	person	ˈpɜːs(ə)n	n.	人	141	14	2008/2009/2010/2011/2012/2013/2015/2016/2017/2018/2019/2020/2021/2022	person:127 persons:14
135	3542	young	jʌŋ	adj.	年轻的	140	14	2008/2010/2011/2012/2013/2014/2015/2016/2017/2018/2019/2020/2021/2022	young:124 younger:14 youngest:2
136	230	around	əˈraʊnd	adv. prep.	在周围；在附近prep. 在……周围；大约	139	14	2008/2010/2011/2012/2013/2014/2015/2016/2017/2018/2019/2020/2021/2022	around:139
137	3416	water	ˈwɔːtə(r)	n. v.	水v. 浇水	138	14	2008/2009/2010/2011/2012/2014/2015/2016/2017/2018/2019/2020/2021/2022	water:133 waters:5
138	3443	well	wel	adv. adj. int. n.	(better, best) ad. 好,令人满意地,完全地 a.好的,,健康的int. 表示惊讶同意或犹豫等,亦用于接话语;好吧,那么,哎呀 n. 井	137	15	2008/2009/2010/2011/2012/2013/2014/2015/2016/2017/2018/2019/2020/2021/2022	well:135 wells:2
139	959	different	ˈdɪfrənt	adj.	不同的，有差异的	136	14	2008/2010/2011/2012/2013/2014/2015/2016/2017/2018/2019/2020/2021/2022	different:136
140	1150	every	ˈevrɪ	adj.	每一，每个的	135	15	2008/2009/2010/2011/2012/2013/2014/2015/2016/2017/2018/2019/2020/2021/2022	every:135
141	3210	tour	tʊə(r)	n.	参观, 观光, 旅行	135	7	2010/2015/2016/2017/2018/2020/2022	tour:115 tours:12 touring:4 toured:4
142	1452	great	ɡreɪt	adj. adv.	伟大的,重要的,好极了 ad. （口语）好极了，很好	133	15	2008/2009/2010/2011/2012/2013/2014/2015/2016/2017/2018/2019/2020/2021/2022	great:113 greater:11 greatest:9
143	1581	hour	ˈaʊə(r)	n.	小时	132	15	2008/2009/2010/2011/2012/2013/2014/2015/2016/2017/2018/2019/2020/2021/2022	hours:83 hour:49
144	2872	something	ˈsʌmθɪŋ	pron.	某事；某物	132	14	2008/2009/2010/2011/2012/2013/2014/2015/2016/2017/2018/2020/2021/2022	something:132
145	175	another	əˈnʌðə(r)	adj. pron.	再一；另一；别的；不同的 pron. 另一个	131	15	2008/2009/2010/2011/2012/2013/2014/2015/2016/2017/2018/2019/2020/2021/2022	another:131
146	1246	few	fjuː	pron.	不多；少数 不多的；少数的	130	15	2008/2009/2010/2011/2012/2013/2014/2015/2016/2017/2018/2019/2020/2021/2022	few:93 fewer:37
147	1582	house	haʊs	n.	房子；住宅	130	14	2008/2010/2011/2012/2013/2014/2015/2016/2017/2018/2019/2020/2021/2022	house:99 houses:24 housing:7
148	1547	high	haɪ	adj. adv.	高的;高度的 ad. 高地	129	13	2008/2010/2011/2012/2014/2015/2016/2017/2018/2019/2020/2021/2022	high:85 higher:28 highest:16
149	3198	too	təˈnaɪt	adv.	也,还,又,太,过分,很,非常	128	15	2008/2009/2010/2011/2012/2013/2014/2015/2016/2017/2018/2019/2020/2021/2022	too:128
150	3568	buy	baɪ	vt.	买	125	13	2008/2010/2011/2012/2013/2014/2015/2016/2017/2018/2019/2020/2021	buy:57 buying:32 bought:29 buys:7
151	1178	experience	ɪkˈspɪərɪəns	n.	经验；经历	124	15	2008/2009/2010/2011/2012/2013/2014/2015/2016/2017/2018/2019/2020/2021/2022	experience:88 experiences:17 experienced:13 experiencing:6
152	2110	open	ˈəʊpən	adj. vt.	开着的,开的 vt.开,打开	123	12	2008/2010/2011/2013/2014/2015/2016/2017/2018/2019/2020/2021	open:83 opened:29 opens:11
153	2278	plant	plɑːnt; (US) ˈplænt	vt. n.	种植，播种 n. 植物	123	9	2008/2010/2011/2014/2016/2017/2018/2019/2020	plants:72 plant:38 planted:12 planting:1
154	2793	since	sɪns	adv. conj. prep.	从那时以来 conj. 从…以来，…以后，由于 prep. 从…以来	122	14	2008/2009/2010/2011/2012/2013/2014/2016/2017/2018/2019/2020/2021/2022	since:122
155	2386	problem	ˈprɔbləm	n.	问题，难题	121	14	2008/2010/2011/2012/2013/2014/2015/2016/2017/2018/2019/2020/2021/2022	problem:69 problems:52
156	3380	visit	ˈviːzə	n. vt.	参观，访问，拜访	121	14	2008/2010/2011/2012/2013/2014/2015/2016/2017/2018/2019/2020/2021/2022	visit:94 visiting:10 visits:9 visited:8
157	1620	important	ɪmˈpɔːtənt	adj.	重要的	119	15	2008/2009/2010/2011/2012/2013/2014/2015/2016/2017/2018/2019/2020/2021/2022	important:119
158	2193	part	pɑːt	n. adj. v.	部分；成分；角色；部件；零件 a. 局部的；部分的 v. 分离；分开；分割	117	14	2008/2010/2011/2012/2013/2014/2015/2016/2017/2018/2019/2020/2021/2022	part:87 parts:28 parted:2
159	381	being	ˈbiːɪŋ	n.	物；生物；人	115	15	2008/2009/2010/2011/2012/2013/2014/2015/2016/2017/2018/2019/2020/2021/2022	being:109 beings:6
160	2096	often	ˈɔf(ə)n; (US) ˈɔːfn	adv.	经常，常常	115	15	2008/2009/2010/2011/2012/2013/2014/2015/2016/2017/2018/2019/2020/2021/2022	often:115
161	2604	room	rʊm	n.	房间,室;空间;地方	115	12	2010/2011/2012/2013/2014/2015/2016/2017/2018/2020/2021/2022	room:93 rooms:22
162	2898	special	ˈspeʃ(ə)l	adj.	特别的，专门的	115	14	2008/2009/2010/2011/2012/2013/2014/2015/2016/2017/2018/2019/2020/2022	special:113 specials:2
163	31	according to	əˈkɔːdɪŋ tʊ	adv.	按照，根据	114	0		according to:114
164	1641	information	ɪnfəˈmeɪʃ(ə)n	n.	信息	114	14	2008/2009/2010/2011/2012/2013/2014/2015/2016/2017/2018/2019/2020/2021	information:113 informations:1
165	237	art	ɑːt	n.	艺术，美术；技艺	112	13	2008/2010/2011/2012/2013/2014/2015/2016/2018/2019/2020/2021/2022	art:82 arts:30
166	1820	live	lɪv	vi. adj.	生活;居住;活着 a. 活的,活着的;实况,现场（直播）的	112	14	2008/2010/2011/2012/2013/2014/2015/2016/2017/2018/2019/2020/2021/2022	live:81 lived:31
167	2646	same	seɪm	n.	同样的事a同样的,同一	112	13	2009/2010/2011/2012/2013/2014/2015/2017/2018/2019/2020/2021/2022	same:112
168	1390	garden	ˈɡɑːd(ə)n	n.	花园，果园，菜园	111	10	2010/2011/2012/2014/2015/2016/2017/2018/2019/2020	garden:72 gardens:39
169	1628	include	ɪnˈkluːd	vt.	包含，包括	111	12	2008/2009/2011/2012/2013/2014/2015/2016/2017/2018/2020/2022	including:43 include:30 includes:23 included:15
170	1835	lot	lɔt	n.	许多，好些	110	15	2008/2009/2010/2011/2012/2013/2014/2015/2016/2017/2018/2019/2020/2021/2022	lot:93 lots:17
171	2702	seem	siːm	v.	似乎，好像	110	14	2008/2010/2011/2012/2013/2014/2015/2016/2017/2018/2019/2020/2021/2022	seem:49 seems:35 seemed:26
172	2966	story	ˈstɔːrɪ	n.	故事，小说	110	13	2008/2010/2011/2012/2013/2014/2015/2016/2017/2018/2019/2020/2022	story:55 stories:55
173	3001	such	sʌtʃ	adv. pron. adj.	那么 pron. （泛指）人，事物 a.这样的，那样的	110	14	2008/2009/2010/2011/2012/2013/2014/2015/2016/2017/2018/2019/2020/2022	such:110
174	522	business	ˈbɪznɪs	n.	（本分）工作，职业；职责；生意，交易；事业；businessman (pl. businessmen	109	12	2008/2010/2011/2012/2013/2014/2015/2016/2018/2019/2020/2021	business:91 businesses:18
175	2671	science	ˈsaɪəns	n.	科学，自然科学	109	12	2008/2010/2011/2012/2013/2014/2016/2017/2018/2019/2020/2021	science:105 sciences:4
176	183	any	ˈenɪ	pron.	（无论）哪一个；哪些 任何的；（用于疑问句、否定句）一些；什么	108	14	2008/2010/2011/2012/2013/2014/2015/2016/2017/2018/2019/2020/2021/2022	any:108
177	298	away	əˈweɪ	adv.	离开；远离	108	13	2008/2010/2011/2012/2013/2014/2015/2016/2017/2018/2019/2020/2021	away:108
178	3236	travel	ˈtræv(ə)l	n. vi.	旅行	108	12	2008/2010/2011/2012/2014/2015/2016/2017/2018/2020/2021/2022	travel:71 traveling:15 traveled:11 travelled:5
179	644	Chinese	tʃaɪˈniːz	adj. n.	中国的；中国人的；中国话的，汉语的 n.中国人；中国话，汉语，中文	107	12	2009/2010/2012/2013/2014/2015/2016/2017/2018/2019/2020/2022	chinese:107
180	1063	early	ɜːlɪ	adj. adv.	早的 ad. 早地	107	13	2009/2010/2011/2012/2013/2014/2015/2016/2017/2018/2019/2021/2022	early:88 earlier:15 earliest:4
181	1308	following	ˈfɔləʊwɪŋ	adj.	接着的；以下的	107	15	2008/2009/2010/2011/2012/2013/2014/2015/2016/2017/2018/2019/2020/2021/2022	following:107
182	2538	remember	rɪˈmembə(r)	v.	记得，想起	107	15	2008/2009/2010/2011/2012/2013/2014/2015/2016/2017/2018/2019/2020/2021/2022	remember:84 remembered:17 remembering:5 remembers:1
183	1586	however	haʊˈevə(r)	adv. conj.	可是 conj. 然而，可是，尽管如此	106	15	2008/2009/2010/2011/2012/2013/2014/2015/2016/2017/2018/2019/2020/2021/2022	however:106
184	398	between	bɪˈtwiːn	prep.	在（两者）之间；在…中间	105	15	2008/2009/2010/2011/2012/2013/2014/2015/2016/2017/2018/2019/2020/2021/2022	between:105
185	2002	name	neɪm	n. vt.	名字,姓名,名称 vt. 命名,名叫	105	13	2009/2010/2011/2012/2013/2014/2015/2016/2017/2018/2019/2020/2022	name:52 names:29 named:23 naming:1
186	2089	off	ˈɔf; (US) ɔːf	prep.	离开,脱离,（走）开	105	14	2008/2009/2010/2011/2013/2014/2015/2016/2017/2018/2019/2020/2021/2022	off:105
187	2275	plan	plæn	n. v.	计划，打算	105	12	2010/2011/2013/2014/2015/2016/2017/2018/2019/2020/2021/2022	plan:43 planning:25 plans:15 planned:15
188	2412	public	ˈpʌblɪk	adj. n.	公共,公众的 n. 公众	105	11	2011/2013/2014/2015/2016/2017/2018/2019/2020/2021/2022	public:105
189	152	American	əˈmerɪkən	adj. n.	美国的；美国人的n. 美国人	104	11	2008/2010/2011/2012/2014/2015/2016/2017/2019/2021/2022	american:74 americans:30
190	1118	enjoy	ɪnˈdʒɔɪ	vt.	欣赏；享受乐趣；喜欢	104	13	2008/2009/2010/2011/2012/2013/2016/2017/2018/2019/2020/2021/2022	enjoy:71 enjoyed:24 enjoying:6 enjoys:3
191	1928	might	maɪt	v. aux.	(may的过去式，助动词) 可能，也许，或许	104	12	2010/2011/2012/2013/2014/2015/2016/2017/2018/2019/2020/2022	might:104
192	3157	three	θriː	num.	三	103	13	2009/2010/2011/2012/2013/2014/2015/2016/2017/2018/2019/2020/2022	three:103
193	3335	used	juːzd	adj.	用过的;旧的;二手的	103	14	2008/2009/2010/2011/2012/2013/2015/2016/2017/2018/2019/2020/2021/2022	used:103
194	95	age	eɪdʒ	n.	年龄；时代	102	11	2010/2011/2012/2014/2016/2017/2018/2019/2020/2021/2022	age:64 ages:22 aged:14 aging:2
195	829	country	ˈkʌntrɪ	n.	国家；农村，乡下	102	13	2008/2010/2011/2012/2013/2014/2015/2016/2017/2018/2019/2020/2022	country:59 countries:43
196	3225	train	treɪn	n. v.	火车 v. 培训,训练	102	13	2009/2010/2011/2012/2013/2014/2015/2016/2017/2018/2019/2020/2022	train:67 trains:22 trained:13
197	3399	walk	wɔːk	n. v.	步行；散步	102	14	2008/2010/2011/2012/2013/2014/2015/2016/2017/2018/2019/2020/2021/2022	walk:43 walking:42 walked:12 walks:3
198	143	always	ˈɔːlweɪz	adv.	总是；一直；永远	101	14	2008/2010/2011/2012/2013/2014/2015/2016/2017/2018/2019/2020/2021/2022	always:101
199	3119	test	test	vt. n.	测试, 考查，试验	101	13	2010/2011/2012/2013/2014/2015/2016/2017/2018/2019/2020/2021/2022	test:55 tests:23 tested:18 testing:5
200	3154	thought	θɔːt	n.	思考,思想;念头	101	14	2008/2009/2010/2011/2012/2013/2014/2015/2016/2017/2019/2020/2021/2022	thought:85 thoughts:16
201	1605	idea	aɪˈdɪə	n.	主意,意见,打算,想法	100	14	2009/2010/2011/2012/2013/2014/2015/2016/2017/2018/2019/2020/2021/2022	idea:71 ideas:29
202	1840	love	lʌv	n. vt.	爱；热爱;很喜欢	100	13	2008/2009/2010/2011/2013/2015/2016/2017/2018/2019/2020/2021/2022	love:67 loved:26 loves:7
203	2033	next	nekst	adj. adv. n.	最近的，紧挨着的，隔壁的；下一次 ad. 随后，然后，下一步 n. 下一个人（东西	100	14	2008/2010/2011/2012/2013/2014/2015/2016/2017/2018/2019/2020/2021/2022	next:100
204	2408	provide	prəˈvaɪd	vt.	提供	100	13	2008/2010/2011/2013/2014/2015/2016/2017/2018/2019/2020/2021/2022	provides:28 provide:28 provided:28 providing:16
205	1708	job	dʒɔb	n.	（一份）工作	98	13	2008/2010/2011/2013/2014/2015/2016/2017/2018/2019/2020/2021/2022	job:63 jobs:35
206	1972	mother	ˈmʌðə(r)	n.	母亲	98	14	2008/2009/2010/2011/2012/2013/2014/2015/2016/2017/2018/2019/2020/2021	mother:86 mothers:12
207	2479	reading	ʃɜːt	n.	阅读；朗读	98	10	2008/2010/2011/2012/2013/2014/2016/2018/2019/2020	reading:98
208	2548	report	rɪˈpɔːt	n. v.	报道，报告	98	13	2010/2011/2012/2013/2014/2015/2016/2017/2018/2019/2020/2021/2022	report:52 reported:25 reports:21
209	168	animal	ˈænɪm(ə)l	n.	动物	97	14	2008/2009/2010/2011/2012/2014/2015/2016/2017/2018/2019/2020/2021/2022	animals:63 animal:34
210	1994	music	ˈmjuːzɪk	n.	音乐，乐曲	97	11	2010/2011/2012/2013/2014/2015/2016/2017/2018/2021/2022	music:97
211	3529	write	raɪt	v.	(wrote, written) v. 写，书写；写作，著述	97	13	2008/2009/2010/2011/2013/2014/2016/2017/2018/2019/2020/2021/2022	write:56 written:24 wrote:17
212	2029	never	ˈnevə(r)	adv.	决不，从来没有	96	14	2008/2010/2011/2012/2013/2014/2015/2016/2017/2018/2019/2020/2021/2022	never:96
213	2483	really	ˈrɪəlɪ	adv.	真正地；到底；确实	96	12	2010/2011/2012/2013/2014/2015/2016/2017/2018/2019/2020/2021	really:96
214	734	company	ˈkʌmpənɪ	n.	公司	95	12	2008/2010/2011/2013/2014/2015/2016/2017/2019/2020/2021/2022	company:56 companies:39
215	1221	far	fɑː(r)	adj. adv.	(farther, farthest 或further , furthest) a.& ad. 远的；远地	95	12	2010/2011/2012/2013/2014/2015/2016/2017/2019/2020/2021/2022	far:63 further:24 farther:6 fares:2
216	2385	probably	ˈprɔbəb(ə)lɪ	adv.	很可能，大概	95	13	2008/2010/2011/2012/2013/2014/2016/2017/2018/2019/2020/2021/2022	probably:95
217	1960	money	ˈmʌnɪ	n.	钱；货币	94	14	2008/2010/2011/2012/2013/2014/2015/2016/2017/2018/2019/2020/2021/2022	money:94
218	2211	pay	peɪ	v. n.	(paid, paid) v. 付钱，给…报酬 n. 工资；P.E.(缩) =physical education	94	13	2008/2010/2011/2013/2014/2015/2016/2017/2018/2019/2020/2021/2022	pay:54 paid:19 paying:18 pays:3
219	1050	during	ˈdjʊərɪŋ; (US) ˈdʊərɪŋ	prep.	在…期间；在…过程中	93	15	2008/2009/2010/2011/2012/2013/2014/2015/2016/2017/2018/2019/2020/2021/2022	during:93
220	2739	share	ʃeə(r)	vt.	分享，共同使用	93	11	2012/2013/2014/2015/2016/2017/2018/2019/2020/2021/2022	share:42 sharing:24 shared:20 shares:7
221	1121	enough	ɪˈnʌf	n. adj. adv.	足够；充足 a. 足够；充分的 ad. 足够地；充分地	92	14	2008/2010/2011/2012/2013/2014/2015/2016/2017/2018/2019/2020/2021/2022	enough:92
222	1211	fall	fɔːl	n.	（美）秋季	91	14	2008/2010/2011/2012/2013/2014/2015/2016/2017/2018/2019/2020/2021/2022	fall:46 fell:17 falling:14 falls:8
223	3312	university	juːnɪˈvɜːsɪtɪ	n.	大学	91	10	2010/2011/2013/2014/2015/2016/2017/2018/2020/2022	university:77 universities:14
224	1301	fly	ˈfluːənt	n.	飞行；苍蝇；fly (flew, flown	90	10	2010/2011/2012/2013/2014/2015/2016/2017/2020/2022	flying:46 fly:26 flew:10 flies:8
225	2588	right	raɪt	n. adj. adv.	权利 a.对,正确的 ad. 正确地,恰恰,完全地 a. 右,右边的	89	14	2008/2009/2010/2011/2013/2014/2015/2016/2017/2018/2019/2020/2021/2022	right:89
226	2947	stay	steɪ	n. vi.	停留，逗留，呆	89	14	2008/2010/2011/2012/2013/2014/2015/2016/2017/2018/2019/2020/2021/2022	stay:57 staying:20 stayed:12
227	1110	end	end	n. v.	末尾；终点；结束 v. 结束，终止	88	14	2009/2010/2011/2012/2013/2014/2015/2016/2017/2018/2019/2020/2021/2022	end:60 ended:15 ends:13
228	1944	minute	ˈmɪnɪt	n.	分钟;一会儿，瞬间	88	12	2008/2010/2011/2012/2013/2014/2015/2016/2017/2018/2019/2021	minutes:78 minute:10
229	1073	easy	ˈiːzɪ	adj.	容易的，不费力的	87	13	2008/2010/2011/2012/2013/2015/2016/2017/2018/2019/2020/2021/2022	easy:75 easier:8 easiest:4
230	2558	research	rɪˈsɜːtʃ	n.	研究，调查	87	12	2010/2011/2012/2013/2014/2015/2016/2017/2018/2019/2020/2022	research:72 researcher:13 researched:2
231	3623	spend	spend	v.	花费（钱、时间）；度过	87	14	2008/2009/2010/2011/2013/2014/2015/2016/2017/2018/2019/2020/2021/2022	spend:46 spent:22 spending:15 spends:4
232	509	building	ˈbɪldɪŋ	n.	建筑物；房屋；大楼	86	14	2008/2009/2010/2011/2012/2014/2015/2016/2017/2018/2019/2020/2021/2022	building:58 buildings:28
233	1038	drink	drɪŋk	n.	饮料；喝酒 ；drink(drank,drunk	86	14	2008/2010/2011/2012/2013/2014/2015/2016/2017/2018/2019/2020/2021/2022	drinks:49 drink:24 drinking:12 drank:1
234	1786	left	left	adj. adv. n.	左边的 ad.向左 n.左,左边	86	13	2008/2010/2012/2013/2014/2015/2016/2017/2018/2019/2020/2021/2022	left:86
235	402	big	bɪɡ	adj.	大的	84	12	2008/2010/2011/2012/2013/2014/2015/2016/2018/2019/2020/2021	big:84
236	2720	service	ˈsɜːvɪs	n.	服务	84	12	2008/2010/2011/2013/2014/2015/2016/2017/2018/2019/2020/2022	services:47 service:37
237	2871	someone	ˈsʌmwʌn	pron.	某一个人	84	14	2008/2009/2010/2011/2012/2013/2014/2015/2017/2018/2019/2020/2021/2022	someone:84
238	2961	stop	stɔp	n. v.	停；（停车）站 v. 停，停止，阻止	84	12	2008/2010/2011/2013/2014/2015/2016/2017/2018/2019/2020/2021	stop:56 stopped:20 stops:7 stopping:1
239	3187	today	təʊst	adv. n.	今天;现在,当前	84	14	2008/2009/2010/2011/2012/2013/2014/2016/2017/2018/2019/2020/2021/2022	today:84
240	643	China	ˈtʃaɪnə	n.	* n. 中国	83	13	2009/2010/2012/2013/2014/2015/2016/2017/2018/2019/2020/2021/2022	china:83
241	945	develop	dɪˈveləp	v. vt.	（使）发展；（使）发达；（使）发育；开发 vt. 冲洗（照片	83	13	2008/2009/2010/2011/2013/2014/2015/2016/2017/2018/2019/2020/2021	develop:44 developed:19 developing:17 develops:3
242	1822	living	ˈlɪvɪŋ	adj. n.	活着的 n. 生计	83	13	2008/2010/2011/2013/2014/2015/2016/2017/2018/2019/2020/2021/2022	living:83
243	2036	night	naɪt	n.	夜；夜间	83	12	2008/2010/2011/2013/2014/2015/2016/2017/2018/2019/2020/2022	night:77 nights:6
244	1485	hand	hænd	n. v.	手；指针 v. 递；给；交付 交上；交进	82	14	2008/2009/2010/2012/2013/2014/2015/2016/2017/2018/2019/2020/2021/2022	hand:38 hands:32 handed:9 handing:3
245	1498	hard	hɑːd	adv. adj.	努力地；使劲；猛烈地 a.硬的；困难的；艰难的	82	15	2008/2009/2010/2011/2012/2013/2014/2015/2016/2017/2018/2019/2020/2021/2022	hard:74 harder:6 harding:2
246	2810	skill	skiː	n.	技能，技巧	82	13	2008/2009/2010/2012/2013/2014/2015/2016/2017/2018/2019/2020/2022	skills:65 skill:17
247	2877	soon	sʌn	adv.	不久,很快,一会儿	82	13	2008/2009/2010/2012/2013/2014/2015/2017/2018/2019/2020/2021/2022	soon:79 sooner:3
248	935	design	dɪˈzaɪn	n. vt.	设计，策划 图案，图样，样式	81	12	2010/2011/2012/2014/2015/2016/2017/2018/2019/2020/2021/2022	design:35 designed:19 designs:15 designing:6
249	1538	here	hɪə(r)	adv.	这里，在这里；向这里	80	15	2008/2009/2010/2011/2012/2013/2014/2015/2016/2017/2018/2019/2020/2021/2022	here:80
250	3087	teacher	ˈtiːtʃə(r)	n.	教师，教员	80	14	2009/2010/2011/2012/2013/2014/2015/2016/2017/2018/2019/2020/2021/2022	teacher:47 teachers:33
251	3396	wait	weɪt	vi.	等，等候	80	14	2008/2010/2011/2012/2013/2014/2015/2016/2017/2018/2019/2020/2021/2022	wait:32 waiting:32 waited:10 waits:6
252	3545	yourself	jɔːˈself; (US) jʊərˈself	pron.	你自己	80	12	2008/2009/2011/2012/2014/2015/2016/2017/2018/2019/2020/2021	yourself:80
253	1668	interest	ˈɪntrəst	n.	兴趣，趣味;利息	79	14	2008/2009/2010/2011/2012/2013/2014/2015/2016/2017/2018/2019/2021/2022	interest:42 interested:33 interests:4
254	1992	museum	mjuːˈzɪəm	n.	博物馆，博物院	79	9	2010/2012/2013/2014/2015/2017/2018/2020/2022	museum:54 museums:25
255	861	culture	ˈkʌltʃə(r)	n.	文化	78	13	2008/2009/2010/2011/2012/2014/2015/2016/2017/2018/2019/2020/2022	culture:44 cultures:34
256	1739	kind	kaɪnd	n. adj.	种;类 a. 善良,友好的	78	14	2008/2010/2011/2012/2013/2014/2015/2016/2017/2018/2019/2020/2021/2022	kind:61 kinds:17
257	2091	offer	ˈɔfə(r); (US) ɔːfər	n. vt.	提供；建议	78	12	2010/2011/2012/2013/2014/2015/2016/2017/2018/2019/2020/2022	offer:36 offers:24 offering:10 offered:8
258	2360	present	ˈprez(ə)nt	adj. n. vt.	出现的，出席的 n. 礼物，赠品 vt. 呈奉，奉送	78	13	2008/2010/2011/2012/2013/2014/2015/2016/2017/2018/2019/2020/2022	present:41 presents:17 presented:9 presenting:6
259	990	discover	dɪˈskʌvə(r)	vt.	发现	77	13	2008/2010/2011/2012/2014/2015/2016/2017/2018/2019/2020/2021/2022	discover:39 discovered:34 discovering:2 discovers:2
260	1017	dog	dɔɡ; (US) dɔːɡ	n.	狗	77	6	2010/2016/2018/2019/2020/2022	dog:38 dogs:38 dogged:1
261	1162	example	ɪɡˈzɑːmp(ə)l; (US) ɪɡˈzæmpl	n.	例子；榜样	77	13	2008/2009/2010/2011/2012/2013/2014/2015/2016/2017/2018/2019/2020	example:59 examples:18
262	1471	guide	ɡaɪd	n.	向导，导游者	77	11	2010/2011/2012/2013/2014/2015/2017/2018/2019/2020/2022	guide:41 guided:19 guides:15 guiding:2
263	1825	local	ˈləʊk(ə)l	adj.	当地的；地方的	77	10	2010/2014/2015/2016/2017/2018/2019/2020/2021/2022	local:68 locals:9
264	1963	month	mʌnθ	n.	月，月份	77	13	2008/2009/2010/2011/2013/2014/2015/2016/2017/2018/2019/2020/2022	months:46 month:31
265	3605	phone	fəʊn	n. v.	电话，电话机；打电话	77	11	2008/2009/2010/2011/2014/2016/2018/2019/2020/2021/2022	phone:63 phones:14
266	2574	return	rɪˈtɜːn	v.	归还	77	15	2008/2009/2010/2011/2012/2013/2014/2015/2016/2017/2018/2019/2020/2021/2022	return:29 returned:26 returning:13 returns:9
267	3188	together	təʊst	adv.	一起，共同	77	13	2008/2009/2010/2011/2012/2013/2015/2017/2018/2019/2020/2021/2022	together:77
268	223	area	ˈeərɪə	n.	面积；地域，地方，区域；范围，领域	76	13	2008/2009/2010/2011/2012/2014/2015/2016/2017/2019/2020/2021/2022	area:40 areas:36
269	1411	girl	ɡɜːl	n.	女孩；give (gave, given	76	12	2009/2010/2011/2012/2014/2015/2016/2018/2019/2020/2021/2022	girls:43 girl:33
270	2855	social	ˈsəʊʃ(ə)l	adj.	社会的；社交的	76	12	2008/2009/2012/2014/2015/2016/2017/2018/2019/2020/2021/2022	social:76
271	3571	choose	tʃuːz	vt.	选择	75	12	2008/2010/2013/2014/2015/2016/2017/2018/2019/2020/2021/2022	choose:40 chose:14 chosen:8 choosing:8
272	1328	form	fɔːm	n.	表格；形式；结构	75	15	2008/2009/2010/2011/2012/2013/2014/2015/2016/2017/2018/2019/2020/2021/2022	form:40 forms:19 formed:12 forming:4
273	3034	sure	ʃʊə(r)	adj. adv.	确信，肯定 ad. (口语)的确，一定，当然	75	12	2008/2010/2011/2012/2013/2016/2017/2018/2019/2020/2021/2022	sure:75
274	3088	team	tiːm	n.	队，组	75	10	2010/2014/2015/2016/2017/2018/2019/2020/2021/2022	team:69 teams:6
275	3434	week	wiːk	n.	星期，周	75	11	2009/2011/2014/2015/2016/2017/2018/2019/2020/2021/2022	week:52 weeks:23
276	1763	large	lɑːdʒ	adj.	大的；巨大的	74	13	2008/2009/2010/2011/2012/2013/2014/2015/2016/2017/2018/2019/2022	large:74
277	1968	morning	ˈmɔːnɪŋ	n.	早晨，上午	74	10	2010/2012/2014/2015/2016/2017/2018/2020/2021/2022	morning:62 mornings:12
278	3415	watch	wɔtʃ	vt. n.	观看，注视；当心，注意 n. 手表，表	74	15	2008/2009/2010/2011/2012/2013/2014/2015/2016/2017/2018/2019/2020/2021/2022	watch:45 watching:16 watched:10 watches:3
279	3510	works	wɜːks	n.	著作，作品	74	14	2008/2010/2011/2012/2013/2014/2015/2016/2017/2018/2019/2020/2021/2022	works:74
280	302	baby	ˈbeɪbɪ	n.	婴儿	73	10	2008/2009/2010/2013/2015/2016/2017/2018/2021/2022	baby:42 babies:31
281	457	both	bəʊθ	adj. pron.	两；双 pron. 两者；双方	73	12	2008/2009/2010/2012/2013/2014/2016/2017/2018/2020/2021/2022	both:71 bother:2
282	672	class	klɑːs; (US) klæs	n.	（学校的）班；年级；课	73	11	2009/2010/2012/2013/2015/2016/2017/2018/2019/2020/2021	class:58 classes:15
283	903	decide	dɪˈsaɪd	v.	决定；下决心	73	12	2010/2011/2012/2013/2014/2016/2017/2018/2019/2020/2021/2022	decided:43 decide:23 deciding:7
284	1631	increase	ɪnˈkriːs	v. n.	增加，繁殖	73	11	2008/2010/2011/2012/2013/2014/2015/2017/2018/2019/2021	increase:32 increasing:15 increases:13 increased:13
285	1768	later	ˈleɪtə(r)	adj.	晚些的，迟些的	73	14	2009/2010/2011/2012/2013/2014/2015/2016/2017/2018/2019/2020/2021/2022	later:73
286	1808	likely	ˈlaɪklɪ	adj.	很可能的	73	13	2008/2010/2012/2013/2014/2015/2016/2017/2018/2019/2020/2021/2022	likely:73
287	3183	title	ˈtɪʃuː	n.	标题，题目	73	15	2008/2009/2010/2011/2012/2013/2014/2015/2016/2017/2018/2019/2020/2021/2022	title:69 titled:4
288	2571	result	rɪˈzʌlt	n.	结果，效果	72	14	2009/2010/2011/2012/2013/2014/2015/2016/2017/2018/2019/2020/2021/2022	result:37 results:33 resulted:2
289	2657	save	seɪv	vt.	救，挽救，节省；say (said, said	72	13	2008/2010/2011/2013/2014/2015/2016/2017/2018/2019/2020/2021/2022	save:51 saved:12 saving:9
290	3615	sell	sel	v.	卖，售	72	13	2008/2010/2011/2013/2014/2015/2016/2017/2018/2019/2020/2021/2022	sold:28 sell:19 selling:17 sells:8
291	3	able	ˈeɪb(ə)l	adj.	能够；有能力的	71	14	2008/2009/2010/2012/2013/2014/2015/2016/2017/2018/2019/2020/2021/2022	able:71
292	1339	four	fɔː(r)	num.	四	71	14	2009/2010/2011/2012/2013/2014/2015/2016/2017/2018/2019/2020/2021/2022	four:71
293	1556	history	ˈhɪstərɪ	n.	历史，历史学；hit (hit, hit	71	12	2008/2010/2011/2012/2015/2016/2017/2018/2019/2020/2021/2022	history:71
294	833	course	kɔːs	n.	过程；经过；课程	70	11	2008/2010/2011/2012/2013/2015/2016/2017/2018/2019/2022	course:51 courses:19
295	3495	without	wɪˈðaʊt	prep.	没有	70	13	2008/2009/2010/2011/2013/2014/2015/2016/2017/2018/2019/2020/2021	without:70
296	692	close	kləʊz	adj. adv. vt.	亲密的；近，靠近 ad. 近，靠近 vt. 关，关闭	69	12	2008/2009/2010/2011/2014/2015/2016/2017/2018/2019/2020/2022	close:49 closed:10 closing:8 closes:2
297	960	difficult	ˈdɪfɪkəlt	adj.	难；艰难；不易相处	69	12	2008/2010/2011/2012/2013/2014/2016/2017/2018/2019/2020/2021	difficult:69
298	3588	leave	liːv	v.	离开；把……留下；遗忘	69	13	2008/2010/2011/2012/2013/2014/2015/2016/2017/2018/2020/2021/2022	leave:53 leaving:16
299	2784	silence	ˈsaɪləns	n.	安静，沉默	69	8	2009/2011/2012/2013/2016/2017/2018/2021	silence:67 silences:2
300	2822	sleep	sliːp	n.	睡觉；sleep (slept, slept	69	8	2010/2011/2013/2016/2017/2018/2019/2020	sleep:50 sleeping:15 slept:2 sleeper:2
301	110	air	eə(r)	n.	空气；大气	68	9	2008/2010/2015/2016/2017/2019/2020/2021/2022	air:67 airs:1
302	235	arrive	əˈraɪv	vi.	到达；达到	68	13	2009/2010/2011/2012/2013/2014/2015/2016/2017/2018/2020/2021/2022	arrived:38 arrive:24 arriving:6
303	1374	fun	fʌn	n.	有趣的事，娱乐，玩笑	68	11	2008/2011/2012/2013/2015/2016/2017/2018/2020/2021/2022	fun:60 fund:8
304	1570	hope	həʊp	n. v.	希望	68	14	2008/2009/2010/2011/2012/2013/2014/2015/2016/2017/2019/2020/2021/2022	hope:32 hopes:16 hoped:13 hoping:7
305	2481	real	riːl	adj.	真实的，确实的	68	13	2010/2011/2012/2013/2014/2015/2016/2017/2018/2019/2020/2021/2022	real:68
306	2755	shop	ʃɔp	vi. n.	买东西 n. 商店,车间	68	12	2008/2010/2011/2012/2013/2015/2016/2018/2019/2020/2021/2022	shop:53 shops:15
307	3578	dream	driːm	n. v.	梦，梦想；做梦	67	11	2008/2010/2013/2014/2015/2016/2017/2018/2019/2020/2022	dream:33 dreams:30 dreaming:3 dreamed:1
308	1147	event	ɪˈvent	n.	事件，大事	67	11	2010/2011/2012/2013/2016/2017/2018/2019/2020/2021/2022	events:42 event:25
309	1174	expect	ɪkˈspekt	vt.	预料；盼望；认为	67	12	2008/2009/2010/2013/2014/2015/2016/2017/2018/2019/2020/2022	expected:34 expect:26 expecting:6 expects:1
310	1408	gift	ɡɪft	n.	赠品；礼物	67	6	2013/2015/2017/2018/2019/2020	gift:46 gifts:21
311	1480	half	hɑːf; (US) hæf	adj. n.	半，一半，半个	67	12	2010/2011/2012/2013/2014/2015/2017/2018/2019/2020/2021/2022	half:67
312	3095	technology	tekˈnɔlədʒɪ	n.	技术	67	11	2010/2012/2013/2014/2015/2016/2017/2018/2019/2020/2022	technology:57 technologies:10
313	3321	until	ʌnˈtɪl	prep. conj.	直到…为止	67	13	2008/2009/2010/2011/2012/2013/2014/2015/2016/2017/2018/2020/2021	until:67
314	101	ago	əˈɡəʊ	adv.	以前	66	13	2008/2009/2010/2011/2013/2014/2015/2016/2017/2018/2019/2020/2021	ago:66
315	409	bird	bɜːd	n.	鸟	66	6	2010/2011/2012/2014/2021/2022	birds:44 bird:22
316	609	chance	tʃɑːns; (US) tʃæns	n.	机会，可能性	66	11	2008/2010/2012/2013/2014/2015/2016/2018/2019/2020/2022	chance:58 chances:8
317	879	dance	dɑːns; (US) dæns	n. vi.	跳舞	66	6	2010/2011/2013/2017/2018/2022	dance:50 dancing:12 danced:2 dances:2
318	1108	encourage	ɪnˈkʌrɪdʒ	vt.	鼓励	66	14	2008/2010/2011/2012/2013/2014/2015/2016/2017/2018/2019/2020/2021/2022	encourage:43 encouraged:10 encouraging:8 encourages:5
319	1153	everyone	ˈevrɪwʌn	pron.	每人，人人	66	13	2008/2010/2011/2012/2013/2014/2015/2016/2017/2018/2019/2020/2021	everyone:66
320	1179	experiment	ɪkˈsperɪmənt	n.	实验	66	12	2009/2010/2012/2013/2014/2015/2016/2017/2018/2019/2020/2022	experiment:49 experiments:10 experimenting:6 experimented:1
321	1181	explain	ɪksˈpleɪn	vt.	解释，说明	66	13	2009/2010/2011/2012/2013/2015/2016/2017/2018/2019/2020/2021/2022	explains:27 explain:26 explained:11 explaining:2
322	1200	face	feɪs	n. vt.	脸 vt. 面向；面对	66	12	2010/2011/2012/2013/2014/2016/2017/2018/2019/2020/2021/2022	face:44 faced:9 facing:7 faces:6
323	1513	head	hed	n. adj. v.	头；头脑(像)；才智；首脑；源头；标题 a. 头部的；主要的；首席的 v. 率领；加标题；用头顶；出发；(船等)驶向	66	12	2010/2011/2012/2013/2014/2015/2016/2017/2018/2019/2021/2022	head:43 heading:10 headed:8 heads:5
324	2092	office	ˈɔfɪs; (US) ˈɔːfɪs	n.	办公室	66	10	2008/2010/2011/2013/2016/2017/2018/2019/2020/2021	office:56 offices:10
325	2198	party	ˈpɑːtɪ	n.	聚会，晚会；党派	66	9	2009/2011/2012/2014/2016/2017/2018/2020/2021	party:47 parties:19
326	2244	pet	pet	n.	宠物，爱畜	66	6	2010/2012/2014/2016/2017/2019	pets:26 pet:25 peter:15
327	2427	purpose	ˈpɜːpəs	n.	目的，意图	66	12	2008/2009/2010/2011/2012/2013/2016/2017/2018/2019/2020/2022	purpose:61 purposes:5
328	2555	require	rɪˈkwaɪə(r)	vt.	需求；要求	66	11	2010/2013/2014/2015/2016/2017/2018/2019/2020/2021/2022	requires:26 required:22 require:16 requiring:2
329	2977	street	striːt	n.	街，街道	66	12	2008/2009/2010/2011/2013/2014/2015/2016/2018/2019/2020/2021	street:46 streets:20
330	93	again	əˈɡeɪn	adv.	再一次；再，又	65	11	2009/2010/2011/2013/2014/2015/2016/2018/2019/2020/2021	again:65
331	1494	happen	ˈhæpən	vi.	（偶然）发生	65	12	2009/2010/2011/2012/2013/2015/2016/2017/2018/2019/2020/2022	happened:30 happen:23 happens:7 happening:5
332	2199	pass	pɑːs; (US) pæs	vt.	传，递；经过；通过	65	11	2008/2010/2011/2012/2013/2014/2015/2016/2017/2018/2020	passed:32 passing:12 pass:12 passes:9
333	2934	stand	stænd	n.	站；立；停止；立场；地位；台；坛；摊；stand (stood, stood	65	13	2008/2010/2011/2012/2014/2015/2016/2017/2018/2019/2020/2021/2022	stand:34 standing:14 stood:11 stands:6
334	240	artist	ˈɑːtɪst	n.	艺术家	64	11	2010/2011/2012/2013/2014/2015/2017/2019/2020/2021/2022	artists:32 artist:32
335	384	believe	bɪˈliːv	v.	相信，认为	64	11	2008/2010/2011/2012/2013/2014/2016/2018/2019/2020/2022	believe:43 believed:21
336	844	create	kriːˈeɪt	vt.	创造； 造成	64	10	2010/2011/2012/2014/2015/2016/2017/2018/2019/2020	create:32 creating:13 created:13 creates:6
337	2440	question	ˈkwestʃ(ə)n	vt. n.	询问 n. 问题	64	11	2010/2011/2013/2014/2015/2017/2018/2019/2020/2021/2022	question:31 questions:31 questioned:2
338	2873	sometimes	ˈsʌmtaɪmz	adv.	有时	64	12	2008/2009/2010/2011/2012/2013/2015/2016/2017/2018/2019/2020	sometimes:64
339	2882	sound	saʊnd	vi. n.	听起来,发出声音n.声音	64	12	2009/2010/2011/2012/2013/2014/2015/2016/2017/2019/2020/2022	sound:32 sounds:30 sounded:2
340	1624	improve	ɪmˈpruːv	vt.	改进，更新	63	13	2008/2010/2011/2013/2014/2015/2016/2017/2018/2019/2020/2021/2022	improve:32 improved:15 improves:9 improving:7
341	560	care	keə(r)	n. v.	照料，保护；小心v. 介意……，在乎；关心	62	14	2008/2009/2010/2011/2012/2013/2014/2015/2016/2017/2019/2020/2021/2022	care:55 career:7
342	1225	fast	fɑːst; (US) fæst	adj. adv.	快的，迅速的；紧密的 ad. 快地，迅速地；紧密地	62	11	2010/2011/2012/2013/2015/2016/2017/2018/2019/2020/2022	fast:31 faster:24 fastest:5 fasting:1
343	2621	rule	ruːl	n. vt.	规则,规定 vt.统治,支配	62	11	2012/2013/2014/2015/2016/2017/2018/2019/2020/2021/2022	rules:38 rule:22 ruled:2
344	2632	safe	seɪf	adj. n.	安全的 n. 保险柜	62	10	2008/2011/2013/2014/2016/2017/2019/2020/2021/2022	safe:57 saves:5
345	2710	sense	sens	n.	感觉，意识	62	11	2010/2011/2013/2014/2016/2017/2018/2019/2020/2021/2022	sense:44 senses:15 sensed:3
346	3065	table	ˈteɪb(ə)l	n.	桌子，表格	62	11	2010/2011/2012/2015/2016/2017/2018/2019/2020/2021/2022	table:38 tables:24
347	688	climb	klaɪm	v.	爬，攀登	61	8	2008/2010/2011/2014/2016/2018/2019/2022	climb:33 climbing:21 climbed:6 climber:1
348	1080	education	edjʊˈkeɪʃ(ə)n	n.	教育，培养	61	12	2008/2010/2011/2013/2014/2015/2016/2017/2018/2019/2020/2022	education:61
349	1082	effort	ˈefət	n.	努力，艰难的尝试	61	10	2009/2010/2012/2014/2016/2017/2018/2019/2020/2022	effort:33 efforts:28
350	1590	human	ˈhjuːmən	adj.	人的，人类的	61	13	2008/2009/2010/2011/2012/2014/2015/2016/2017/2018/2019/2020/2022	human:39 humans:22
351	3409	warm	wɔːm	adj.	暖和的,温暖的;热情的	61	12	2008/2009/2010/2011/2014/2015/2016/2017/2018/2019/2020/2021	warm:42 warming:13 warms:3 warmed:2
352	795	continue	kənˈtɪnjuː	vi.	继续	60	12	2008/2009/2010/2011/2012/2013/2014/2016/2017/2018/2021/2022	continue:39 continues:9 continued:7 continuing:5
353	3574	cost	kɒst	v. n.	值（多少钱）；花费 n. 费用；代价	60	12	2008/2010/2011/2013/2014/2015/2016/2017/2018/2019/2020/2022	cost:44 costs:16
354	1932	million	ˈmɪlɪən	num. n.	百万 n. 百万个（人或物	60	11	2010/2011/2013/2014/2015/2016/2017/2018/2020/2021/2022	million:39 millions:21
355	2005	national	ˈnæʃən(ə)l	adj.	国家的,全国性的，民族的	60	12	2008/2011/2013/2014/2015/2016/2017/2018/2019/2020/2021/2022	national:60
356	2104	once	wʌns	n. adv. conj.	一次,一度,从前 conj. 一旦	60	14	2009/2010/2011/2012/2013/2014/2015/2016/2017/2018/2019/2020/2021/2022	once:60
357	2279	plastic	ˈplæstɪk	adj.	塑料的	60	6	2016/2017/2018/2019/2021/2022	plastic:56 plastics:4
358	2484	reason	ˈriːz(ə)n	vi. n.	评理,劝说n.理由,原因	60	12	2009/2010/2011/2012/2013/2014/2015/2016/2017/2018/2019/2020	reason:42 reasons:18
359	2496	record	ˈrekɔːd; (US) ˈrekərd	n.	记录；唱片	60	9	2010/2011/2013/2014/2015/2016/2017/2019/2020	record:27 records:13 recorded:12 recording:8
360	2941	state	steɪt	n.	状态； 情形；国家，（美国的）州	60	11	2010/2011/2012/2013/2014/2015/2016/2017/2018/2020/2021	state:33 states:22 stated:5
361	3381	visitor	ˈvɪzɪtə(r)	n.	访问者，参观者	60	11	2008/2010/2011/2012/2014/2015/2016/2018/2019/2020/2021	visitors:45 visitor:15
362	466	box	bɔks	n.	盒子，箱子	59	7	2008/2010/2011/2016/2018/2020/2022	box:41 boxes:18
363	3570	catch	kætʃ	vt.	接住；抓住；赶上；染上（疾病）	59	13	2008/2010/2011/2012/2013/2014/2015/2016/2017/2019/2020/2021/2022	caught:29 catch:22 catcher:4 catching:3
364	1657	instead	ɪnˈsted	adv.	代替，顶替	59	11	2008/2010/2013/2014/2015/2016/2017/2018/2019/2020/2022	instead:59
365	1842	low	ləʊ	adj. adv.	低；矮	59	13	2008/2010/2011/2012/2013/2014/2015/2017/2018/2019/2020/2021/2022	low:30 lower:24 lowest:5
366	2315	popular	ˈpɔpjʊlə(r)	adj.	流行,大众,受欢迎的	59	12	2010/2011/2012/2013/2014/2015/2016/2017/2018/2019/2020/2021	popular:59
367	3291	underline	ʌndəˈlaɪn	v.	在…下划线；understand (understood, understood	59	13	2008/2009/2010/2013/2014/2015/2016/2017/2018/2019/2020/2021/2022	underlined:59
368	128	allow	əˈlaʊ	vt.	允许，准许	58	11	2008/2011/2013/2014/2015/2016/2017/2018/2019/2020/2021	allowed:25 allow:20 allows:9 allowing:4
369	730	communication	kəmjuːnɪˈkeɪʃ(ə)n	n.	交际,交往;通讯	58	12	2009/2010/2012/2013/2015/2016/2017/2018/2019/2020/2021/2022	communication:51 communications:7
370	1202	fact	fækt	n.	事实，现实	58	15	2008/2009/2010/2011/2012/2013/2014/2015/2016/2017/2018/2019/2020/2021/2022	fact:46 facts:12
371	1280	five	faɪv	num.	五	58	11	2010/2011/2013/2014/2015/2016/2017/2018/2019/2020/2022	five:58
372	1934	mind	maɪnd	n. v.	思想,想法 v.介意,关心	58	13	2008/2009/2010/2011/2012/2013/2014/2015/2016/2017/2019/2020/2022	mind:44 minds:14
373	2031	news	njuːz; (US) nuːz	n.	新闻，消息	58	9	2008/2012/2015/2016/2017/2018/2020/2021/2022	news:58
374	2226	percent	pəˈsent	n.	百分之……	58	8	2013/2014/2015/2016/2018/2019/2020/2021	percent:58
375	2673	scientist	ˈsaɪəntɪst	n.	科学家	58	7	2011/2012/2014/2016/2017/2019/2020	scientists:46 scientist:12
376	144	am	æm	v.	be的人称形式之一 ；ａ.m./A.M.	57	10	2008/2010/2011/2013/2014/2015/2016/2018/2019/2020	am:57
377	713	collect	kəˈlekt	vt.	收集，搜集	57	11	2008/2009/2010/2014/2016/2017/2018/2019/2020/2021/2022	collected:25 collect:18 collecting:9 collects:5
378	886	data	ˈdeɪtə	n.	资料，数据	57	9	2012/2013/2016/2017/2018/2019/2020/2021/2022	data:57
379	896	deal	diːl	n.	量，数额；交易	57	13	2008/2010/2011/2012/2013/2014/2015/2016/2017/2018/2020/2021/2022	deal:35 dealing:11 deals:7 dealt:4
380	1259	film	fɪlm	n. vt.	电影；影片；胶卷vt. 拍摄，把……拍成电影	57	9	2011/2012/2013/2014/2016/2017/2018/2020/2022	film:39 films:10 filmed:8
381	1481	hall	hɔːl	n.	大厅,会堂,礼堂;过道	57	9	2010/2011/2013/2016/2018/2019/2020/2021/2022	hall:54 halls:3
382	1580	hotel	həʊˈtel	n.	旅馆，饭店，宾馆	57	6	2010/2011/2014/2015/2016/2021	hotel:42 hotels:15
383	1794	letter	ˈletə(r)	n.	信；字母	57	10	2008/2010/2011/2013/2014/2016/2019/2020/2021/2022	letter:36 letters:21
384	1805	light	laɪt	n. vt. adj.	光，光亮；灯，灯光 vt. 点（火），点燃 a. 明亮的；轻的；浅色的	57	12	2008/2011/2012/2013/2014/2015/2016/2017/2018/2019/2020/2021	lights:27 light:26 lighting:4
385	2009	natural	ˈnætʃər(ə)l	adj.	自然的	57	12	2009/2010/2012/2014/2015/2016/2017/2018/2019/2020/2021/2022	natural:57
386	2316	population	pɔpjʊˈleɪʃ(ə)n	n.	人口，人数	57	10	2010/2011/2014/2016/2017/2018/2019/2020/2021/2022	population:48 populations:9
387	2342	power	ˈpaʊdə(r)	n.	力，动力，电力	57	11	2010/2011/2013/2014/2015/2016/2017/2018/2019/2020/2022	power:51 powers:4 powered:2
388	2477	reach	riːtʃ	v.	到达，伸手(脚)够到	57	13	2008/2010/2011/2012/2013/2014/2016/2017/2018/2019/2020/2021/2022	reached:24 reach:21 reaches:9 reaching:3
389	2953	step	step	n. vi.	脚步,台阶,梯级 vi.走,跨步	57	12	2008/2010/2012/2013/2015/2016/2017/2018/2019/2020/2021/2022	step:30 steps:17 stepping:7 stepped:3
390	3486	winter	ˈwɪntə(r)	n.	冬天，冬季	57	10	2008/2009/2010/2013/2015/2018/2019/2020/2021/2022	winter:56 winters:1
391	196	appear	əˈpɪə(r)	vi.	出现	56	10	2008/2011/2013/2015/2016/2017/2018/2019/2020/2021	appear:25 appeared:16 appears:14 appearing:1
392	468	boy	bɔɪ	n.	男孩	56	10	2009/2010/2011/2012/2013/2014/2016/2018/2020/2021	boy:38 boys:18
393	1168	exercise	ˈeksəsaɪz	n. vi.	锻炼，做操；练习，习题 vi. 锻炼	56	9	2008/2010/2011/2016/2017/2018/2019/2020/2022	exercise:45 exercises:5 exercising:3 exercised:3
394	1421	goal	ɡəʊl	n.	（足球）球门，目标	56	7	2013/2015/2016/2017/2019/2020/2021	goal:38 goals:18
395	1710	join	dʒɔɪn	v.	参加,加入;连接;会合	56	10	2010/2011/2013/2014/2015/2016/2017/2018/2020/2021	join:35 joined:16 joining:4 joins:1
396	2127	order	ˈɔːdə(r)	n.	顺序	56	10	2009/2010/2011/2013/2015/2016/2017/2018/2020/2022	order:43 ordered:6 ordering:4 orders:3
397	3014	summer	ˈsʌmə(r)	n.	夏天，夏季	56	7	2009/2013/2016/2017/2018/2019/2020	summer:56
398	3153	though	ðəʊ	conj.	虽然，可是	56	13	2008/2009/2010/2011/2012/2013/2015/2016/2017/2019/2020/2021/2022	though:56
399	136	already	ɔːlˈredɪ	adv.	已经	55	14	2009/2010/2011/2012/2013/2014/2015/2016/2017/2018/2019/2020/2021/2022	already:55
400	275	attention	əˈtenʃ(ə)n	n.	注意，关心	55	12	2008/2010/2011/2012/2013/2014/2015/2018/2019/2020/2021/2022	attention:55
401	1216	famous	ˈfeɪməs	adj.	著名的	55	11	2008/2010/2011/2012/2013/2015/2016/2017/2018/2019/2020	famous:55
402	1238	feeling	ˈfiːlɪŋ	n.	感情；感觉	55	13	2008/2009/2010/2011/2012/2014/2015/2016/2017/2018/2019/2020/2021	feeling:37 feelings:18
403	1347	free	friː	adj.	自由，空闲的；免费的	55	11	2008/2009/2011/2013/2014/2015/2016/2017/2018/2019/2022	free:51 freed:2 frees:1 freeing:1
404	1677	introduce	ɪntrəˈdjuːs; (US) -duːs	vt.	介绍	55	13	2008/2009/2010/2011/2013/2015/2016/2017/2018/2019/2020/2021/2022	introduced:24 introduce:23 introducing:5 introduces:3
405	2190	park	ˈpærɪs	n.	公园	55	10	2010/2011/2013/2016/2017/2018/2019/2020/2021/2022	park:34 parks:19 parker:2
406	1020	door	dɔː(r)	n.	门	54	10	2008/2011/2013/2014/2016/2017/2019/2020/2021/2022	door:43 doors:11
407	1519	health	helθ	n.	健康，卫生	54	14	2008/2010/2011/2012/2013/2014/2015/2016/2017/2018/2019/2020/2021/2022	health:54
408	1795	level	ˈlev(ə)l	n.	水平线，水平	54	9	2010/2011/2013/2014/2015/2018/2020/2021/2022	level:32 levels:22
409	1828	London	ˈlʌnd(ə)n	n.	伦敦	54	10	2010/2011/2012/2015/2016/2017/2018/2020/2021/2022	london:54
410	2567	rest	rest	n. vi.	休息；剩余的部分，其余的人（物） vi. 休息，歇息	54	14	2008/2010/2011/2012/2013/2014/2015/2016/2017/2018/2019/2020/2021/2022	rest:47 resting:3 rests:2 rested:2
411	3038	surprise	səˈpraɪz	vt. n.	使惊奇,使诧异 n. 惊奇,诧异	54	11	2008/2010/2012/2013/2014/2015/2018/2019/2020/2021/2022	surprised:28 surprise:18 surprising:8
412	3247	trip	trɪp	n.	旅行，旅程	54	10	2010/2013/2015/2016/2017/2018/2019/2020/2021/2022	trip:47 trips:7
413	3289	under	ˈʌndə(r)	adv. prep.	在…下面，向…下面	54	12	2008/2009/2010/2014/2015/2016/2017/2018/2019/2020/2021/2022	under:54
414	153	among	əˈmʌŋ	prep.	在…中间；在（三个以上）之间	53	11	2010/2011/2013/2014/2015/2016/2017/2018/2019/2020/2021	among:53
415	597	century	ˈsentʃərɪ	n.	世纪，百年	53	9	2010/2011/2013/2014/2015/2017/2019/2020/2021	century:36 centuries:17
416	710	cold	kəʊld	adj. n.	冷的，寒的 n. 寒冷；感冒，伤风	53	12	2008/2010/2011/2012/2013/2014/2015/2016/2019/2020/2021/2022	cold:53
417	931	describe	dɪˈskraɪb	vt.	描写，叙述	53	13	2008/2009/2010/2011/2012/2013/2014/2015/2016/2018/2019/2020/2021	describes:19 described:19 describe:10 describing:5
418	1889	means	miːnz	n.	方法，手段；财产	53	13	2008/2009/2010/2011/2012/2013/2014/2016/2018/2019/2020/2021/2022	means:53
419	1916	message	ˈmesɪdʒ	n.	消息，音信	53	11	2008/2011/2012/2013/2015/2016/2017/2018/2020/2021/2022	message:35 messages:16 messaging:2
420	1954	model	ˈmɔd(ə)l	n.	模型,原形,范例,模范	53	9	2011/2012/2014/2015/2016/2017/2018/2019/2020	model:28 models:24 modeling:1
421	2182	paper	ˈpeɪpə(r)	n.	纸；报纸	53	8	2010/2013/2014/2015/2016/2018/2019/2021	paper:27 papers:26
422	2389	produce	prəˈdjuːs; (US) -ˈduːs	vt.	生产；制造	53	11	2008/2010/2011/2013/2014/2015/2016/2017/2019/2020/2022	produce:25 producing:13 produced:12 produces:3
423	2393	professor	prəˈfesə(r)	n.	教授	53	8	2010/2011/2014/2015/2017/2018/2019/2020	professor:43 professors:10
424	3274	type	ˈtaɪp	vt.	打字	53	11	2008/2010/2012/2013/2014/2015/2016/2017/2018/2019/2021	type:20 types:20 typing:10 typed:3
425	568	carry	ˈkærɪ	vt.	拿，搬，带，提，抬，背，抱，运等	52	15	2008/2009/2010/2011/2012/2013/2014/2015/2016/2017/2018/2019/2020/2021/2022	carry:28 carried:16 carries:4 carrying:4
426	728	common	ˈkɔmən	adj.	普通，一般；共有的	52	10	2010/2013/2014/2015/2016/2017/2018/2019/2020/2021	common:51 commons:1
427	1169	exhibition	eksɪˈbɪʃ(ə)n	n.	展览；展览会	52	8	2008/2010/2013/2014/2015/2019/2020/2022	exhibition:44 exhibitions:8
428	2208	patient	ˈpeɪʃ(ə)nt	n.	病人	52	8	2010/2012/2013/2016/2018/2019/2020/2021	patient:27 patients:25
429	2358	prepare	prɪˈpeə(r)	vt.	准备,预备,调制,配制	52	11	2010/2011/2012/2014/2015/2016/2017/2018/2019/2020/2021	prepared:20 prepare:18 preparing:12 prepares:2
430	3007	suggest	səˈdʒest; (US) səɡˈdʒest	vt.	建议，提议	52	12	2008/2010/2011/2012/2013/2015/2016/2017/2018/2020/2021/2022	suggest:26 suggested:14 suggests:8 suggesting:4
431	3031	support	səˈpɔːt	vt. n.	支持，赞助	52	13	2008/2010/2011/2012/2013/2014/2015/2016/2017/2018/2019/2020/2022	support:42 supported:7 supports:2 supporter:1
432	48	act	ækt	n. v.	法令，条例 v. （戏）表演，扮演（角色），演出（戏）；行动，做事	51	12	2008/2009/2011/2012/2013/2014/2016/2017/2018/2019/2020/2021	act:31 acting:12 acted:5 acts:3
433	51	activity	ækˈtɪvɪtɪ	n.	活动	51	9	2012/2013/2014/2016/2017/2018/2020/2021/2022	activities:30 activity:21
434	74	adult	ˈædʌlt	n.	成年人	51	9	2009/2010/2012/2014/2016/2017/2018/2020/2022	adult:27 adults:24
435	809	cook	kʊk	n. v.	炊事员,厨师 v.烹调,做饭	51	7	2009/2013/2014/2016/2017/2018/2020	cooking:26 cook:21 cooked:4
436	1081	effect	ɪˈfekt	n.	效果；作用	51	10	2010/2012/2013/2015/2016/2017/2018/2019/2020/2021	effect:33 effects:18
437	1382	future	ˈfjuːtʃə(r)	n.	将来	51	13	2008/2009/2010/2012/2014/2015/2016/2017/2018/2019/2020/2021/2022	future:51
438	1387	game	ɡeɪm	n.	游戏；运动；比赛	51	10	2010/2012/2013/2014/2015/2016/2018/2020/2021/2022	games:28 game:23
439	1871	market	ˈmɑːkɪt	n.	市场，集市	51	10	2010/2011/2013/2014/2015/2017/2018/2019/2020/2022	market:39 markets:8 marketing:4
440	1946	miss	mɪs	vt.	失去，错过，缺；Miss.	51	14	2008/2009/2010/2011/2013/2014/2015/2016/2017/2018/2019/2020/2021/2022	miss:25 missed:15 missing:9 misses:2
441	2012	near	nɪə(r)	adj. adv. prep.	近的 ad. 附近，邻近 prep. 在……附近，靠近	51	13	2008/2009/2010/2011/2012/2013/2014/2016/2017/2018/2019/2020/2021	near:40 nearest:11
442	2257	picture	ˈpɪktʃə(r)	n.	图片，画片，照片	51	13	2008/2011/2012/2013/2014/2015/2016/2017/2018/2019/2020/2021/2022	pictures:27 picture:23 pictured:1
443	2526	relationship	rɪˈleɪʃənʃɪp	n.	关系	51	11	2009/2010/2011/2014/2015/2016/2017/2018/2019/2020/2021	relationship:35 relationships:16
444	2594	road	rəʊd	n.	路，道路	51	8	2009/2010/2011/2015/2016/2017/2019/2022	road:46 roads:5
445	3241	tree	triː	n.	树	51	9	2010/2012/2014/2015/2016/2017/2018/2019/2020	trees:39 tree:12
446	132	along	əˈlɔŋ; (US) əˈlɔŋ	adv. prep.	向前；和…一起；一同 prep. 沿着；顺着	50	11	2010/2011/2012/2013/2014/2015/2016/2017/2019/2020/2022	along:50
447	477	break	breɪk	n.	间隙；break (broke, bro ken	50	13	2009/2010/2011/2012/2013/2014/2015/2016/2017/2019/2020/2021/2022	break:28 broke:9 breaking:7 breaks:6
448	694	clothes	klɔðz; (US) kləʊz	n.	衣服；各种衣物	50	12	2009/2010/2011/2012/2013/2015/2016/2017/2019/2020/2021/2022	clothes:50
449	806	conversation	kɔnvəˈseɪʃ(ə)n	n.	谈话，交谈	50	10	2009/2010/2012/2013/2014/2016/2017/2018/2020/2021	conversation:33 conversations:17
450	1166	excite	ɪkˈsaɪt	vt.	使兴奋，使激动	50	14	2009/2010/2011/2012/2013/2014/2015/2016/2017/2018/2019/2020/2021/2022	exciting:26 excited:20 excite:3 excites:1
451	1887	meal	miːl	n.	一餐（饭） ；mean(meant,meant	50	13	2008/2010/2011/2013/2014/2015/2016/2017/2018/2019/2020/2021/2022	meal:27 meals:23
452	2259	piece	paɪ	n.	一块（片，张，件…	50	13	2008/2010/2011/2012/2013/2014/2015/2016/2017/2018/2019/2020/2021	pieces:28 piece:22
453	2298	point	pɔɪnt	v. n.	指，指向 n. 点；分数	50	13	2008/2009/2011/2013/2014/2015/2016/2017/2018/2019/2020/2021/2022	point:33 points:13 pointed:4
454	3616	send	send	vt.	送，寄；派遣	50	14	2008/2009/2010/2011/2012/2013/2014/2015/2016/2017/2019/2020/2021/2022	sent:18 send:16 sending:10 sends:6
455	2809	ski	skiː	n. vi.	滑雪板；滑雪	50	4	2010/2012/2015/2019	ski:38 skiing:6 skies:4 skied:2
456	3208	touch	tʌtʃ	vt.	触摸，接触	50	11	2008/2010/2011/2012/2013/2015/2017/2018/2019/2020/2022	touch:35 touched:8 touching:7
457	3254	true	truː	adj.	真的，真实的；忠诚的	50	14	2008/2009/2010/2011/2012/2014/2015/2016/2017/2018/2019/2020/2021/2022	true:50
458	3458	whether	ˈweðə(r); (US) ˈhweðər	conj.	是否	50	11	2010/2011/2013/2014/2015/2016/2017/2018/2019/2020/2022	whether:50
459	47	across	əˈkrɔs	prep.	横过，穿过	49	12	2008/2010/2011/2012/2013/2014/2016/2017/2018/2019/2021/2022	across:49
460	593	cent	sent	n.	美分（100 cents = 1 dollar	49	7	2011/2014/2015/2017/2018/2019/2021	center:45 cents:4
461	801	control	kənˈtrol	vt. n.	控制	49	10	2008/2012/2013/2014/2016/2017/2018/2019/2020/2021	control:38 controlling:4 controlled:4 controls:3
462	1015	doctor	ˈdɔktə(r)	n.	医生，大夫；博士	49	9	2010/2011/2013/2016/2017/2018/2019/2021/2022	doctor:37 doctors:12
463	1186	explore	ɪkˈsplɔː(r)	v.	探险	49	8	2014/2015/2017/2018/2019/2020/2021/2022	explore:29 exploring:13 explored:6 explores:1
464	1275	fish	fɪʃ	n. vi.	鱼；鱼肉 vi. 钓鱼；捕鱼	49	6	2010/2014/2016/2017/2018/2020	fish:43 fishing:5 fishes:1
465	1759	land	lænd	n. v.	陆地,土地v.登岸(陆)降落	49	11	2009/2010/2011/2013/2015/2016/2017/2019/2020/2021/2022	land:28 landing:13 landed:6 lands:2
466	1782	learned	ˈlɜːnɪd	adj.	有才华的；博学的	49	10	2010/2011/2012/2013/2014/2015/2017/2018/2020/2022	learned:49
467	1800	library	ˈlaɪbrərɪ; (US) ˈlaɪbrerɪ	n.	图书馆，图书室	49	6	2010/2012/2014/2018/2019/2020	library:34 libraries:15
468	1815	list	lɪst	n.	一览表，清单	49	8	2008/2011/2013/2016/2018/2019/2020/2021	list:33 listed:9 lists:4 listing:3
469	1931	milk	mɪlk	n. vt.	牛奶 vt. 挤奶	49	5	2010/2011/2012/2020/2021	milk:47 milked:2
470	2174	painting	ˈpeɪntɪŋ	n.	油画，水彩画	49	5	2012/2013/2015/2018/2020	paintings:29 painting:20
471	2326	possible	ˈpɔsɪb(ə)l	adj.	可能的	49	13	2008/2009/2010/2011/2012/2013/2016/2017/2018/2019/2020/2021/2022	possible:49
472	2464	raise	reɪz	vt.	使升高； 饲养	49	9	2010/2014/2015/2016/2017/2018/2019/2020/2022	raise:17 raising:17 raised:8 raises:7
473	2506	refer	rɪˈfɜː(r)	vi.	谈到,提到,涉及,有关	49	13	2009/2010/2011/2012/2013/2014/2015/2016/2017/2018/2019/2020/2022	refer:33 refers:11 referred:3 referring:2
474	2694	second	ˈsekənd	n. num. adj.	秒 num.第二a.第二的	49	14	2008/2009/2010/2011/2013/2014/2015/2016/2017/2018/2019/2020/2021/2022	second:39 seconds:10
475	2890	space	speɪs	n.	空间	49	10	2008/2010/2011/2013/2017/2018/2019/2020/2021/2022	space:42 spaces:5 spaced:2
476	2964	store	stɔː(r)	n. vt.	商店 vt. 储藏，存储	49	11	2009/2010/2011/2012/2013/2014/2015/2016/2017/2019/2020	store:31 stores:8 stored:7 storing:3
477	3144	thinking	ˈθɪŋkɪŋ	n.	思索;见解;想法	49	11	2008/2010/2011/2013/2014/2015/2016/2017/2018/2020/2021	thinking:49
478	130	almost	ˈɔːlməʊst	adv.	几乎，差不多	48	10	2008/2010/2011/2012/2013/2016/2018/2019/2020/2021	almost:48
479	606	challenge	ˈtʃælɪndʒ	n.	挑战(性	48	11	2010/2011/2013/2014/2016/2017/2018/2019/2020/2021/2022	challenge:39 challenges:7 challenged:2
480	871	customer	ˈkʌstəmə(r)	n.	（商店）顾客，主顾	48	9	2010/2011/2013/2014/2015/2016/2019/2020/2022	customers:37 customer:11
481	1149	ever	ˈevə(r)	adv.	曾经；无论何时	48	13	2008/2010/2012/2013/2014/2015/2016/2017/2018/2019/2020/2021/2022	ever:48
482	1154	everything	ˈevrɪθɪŋ	pron.	每件事，事事	48	9	2008/2010/2011/2012/2015/2016/2018/2020/2021	everything:48
483	1603	ice	aɪs	n.	冰	48	10	2009/2010/2011/2014/2015/2016/2017/2018/2020/2022	ice:48
484	2062	nothing	ˈnʌθɪŋ	n. adv.	没有东西,没有什么 adv.一点也不；并不	48	11	2008/2011/2012/2013/2014/2015/2016/2017/2018/2020/2022	nothing:48
485	2435	quality	ˈkwɔlɪtɪ	n.	质量，性质	48	9	2010/2013/2015/2016/2017/2018/2019/2020/2022	quality:34 qualities:14
486	2505	reduce	rɪˈdjuːs; (US) -ˈduːs	vt.	减少，缩减	48	12	2010/2012/2013/2014/2015/2016/2017/2018/2019/2020/2021/2022	reduce:31 reduced:13 reducing:4
487	2834	smile	smaɪl	n. v.	微笑	48	8	2008/2010/2011/2016/2017/2018/2020/2022	smile:22 smiling:14 smiled:10 smiles:2
488	2875	son	sʌn	n.	儿子	48	13	2008/2009/2010/2011/2012/2013/2014/2016/2017/2018/2019/2020/2022	son:43 sons:5
489	3221	tradition	trəˈdɪʃ(ə)n	n.	传统，风俗	48	8	2014/2015/2016/2017/2018/2019/2020/2022	traditions:30 tradition:18
490	3227	training	ˈtreɪnɪŋ	n.	培训	48	7	2010/2011/2013/2015/2016/2019/2020	training:48
491	3257	trust	trʌst	vt.	相信，信任，信赖	48	11	2010/2011/2012/2013/2014/2015/2016/2018/2019/2021/2022	trust:44 trusted:4
492	58	add	æd	vt.	添加，增加	47	9	2010/2011/2014/2016/2017/2018/2019/2020/2022	add:20 added:17 adding:8 adds:2
493	1302	focus	ˈfəʊkəs	v. n.	/ n.集中（注意力，精力）于，焦点，中心点	47	10	2011/2013/2014/2015/2016/2017/2018/2019/2020/2021	focus:31 focused:11 focusing:4 focuses:1
494	1869	march	mɑːtʃ	n.	游行，行进	47	9	2010/2011/2014/2015/2016/2017/2018/2020/2022	march:45 marched:2
495	2370	price	praɪs	n.	价格，价钱	47	10	2008/2010/2011/2013/2015/2016/2017/2019/2020/2022	price:27 prices:18 priced:2
496	2774	side	ˈsɪknɪs	n.	边，旁边，面，侧面；sideroad (AmE sidewalk) n.人行道	47	12	2008/2009/2010/2011/2012/2013/2015/2016/2017/2019/2020/2022	side:38 sides:9
497	2936	star	stɑː(r)	n.	星，恒星	47	11	2009/2010/2012/2013/2016/2017/2018/2019/2020/2021/2022	stars:17 star:17 stared:8 stares:2
498	2999	success	səkˈses	n.	成功	47	11	2010/2011/2012/2013/2014/2015/2016/2017/2018/2019/2022	success:47
499	3401	wall	wɔːl	n.	墙	47	9	2008/2010/2011/2013/2015/2017/2018/2020/2021	wall:26 walls:15 waller:4 walled:2
500	682	clear	klɪə(r)	adj.	清晰；明亮的；清楚的	46	14	2008/2009/2010/2011/2012/2014/2015/2016/2017/2018/2019/2020/2021/2022	clear:41 cleared:3 clears:2
501	715	college	ˈkɔlɪdʒ	n.	学院；专科学校	46	11	2008/2012/2013/2014/2015/2016/2017/2018/2019/2021/2022	college:41 colleges:5
502	749	computer	kəmˈpjuːtə(r)	n.	电子计算机	46	9	2008/2010/2011/2013/2015/2016/2018/2019/2020	computer:34 computers:12
503	958	difference	ˈdɪfrəns	n.	不同	46	10	2010/2011/2012/2013/2015/2016/2017/2019/2020/2021	differences:23 difference:23
504	1197	eye	aɪ	n.	眼睛	46	12	2008/2009/2010/2011/2012/2013/2015/2016/2017/2018/2019/2022	eyes:34 eye:12
505	1431	government	ˈɡʌvənmənt	n.	政府	46	9	2008/2010/2011/2014/2016/2017/2018/2019/2022	government:39 governments:7
506	1766	late	leɪt	adj. adv.	晚的,迟的ad.晚地,迟地	46	11	2010/2011/2013/2014/2015/2017/2018/2019/2020/2021/2022	late:46
507	1783	least	liːst	n.	最少，最少量	46	12	2008/2009/2010/2012/2013/2014/2015/2016/2018/2019/2020/2021	least:46
508	1881	matter	ˈmætə(r)	n. vi.	要紧事，要紧, 事情；问题 vi. 要紧，有重大关系	46	11	2011/2013/2014/2015/2016/2017/2018/2019/2020/2021/2022	matter:33 matters:9 mattered:4
509	2032	newspaper	njuːz; (US) nuːz	n.	报纸	46	6	2008/2011/2014/2015/2019/2020	newspapers:28 newspaper:18
510	2204	past	pɑːst; (US) pæst	adv. n. prep.	过 n.过去，昔日，往事 prep. 过…，走过某处	46	15	2008/2009/2010/2011/2012/2013/2014/2015/2016/2017/2018/2019/2020/2021/2022	past:46
511	2942	station	ˈsteɪʃ(ə)n	n.	站，所，车站；电台	46	9	2011/2013/2014/2015/2016/2018/2019/2020/2021	station:34 stations:12
512	3216	town	taʊn	n.	城镇，城	46	8	2010/2011/2013/2015/2017/2018/2019/2020	town:36 towns:10
513	3530	writing	raɪt	n.	书写，写	46	10	2010/2011/2013/2014/2016/2017/2018/2019/2020/2022	writing:46
514	1456	green	ɡriːn	adj. n.	绿色的；青的 n. 绿色	45	8	2008/2010/2012/2013/2014/2015/2019/2020	green:40 greener:4 greens:1
515	2148	outside	aʊtˈsaɪd	n. adv. prep.	外面 ad. 在外面；向外面 prep. 在…外面	45	11	2008/2009/2010/2011/2015/2016/2017/2018/2019/2020/2021	outside:45
516	2397	project	ˈprɔdʒekt	n.	工程	45	7	2010/2013/2014/2015/2017/2019/2020	project:35 projects:10
517	2568	restaurant	ˈrestərɔnt; (US) ˈrestərənt	n.	饭馆, 饭店	45	10	2010/2011/2012/2013/2014/2015/2016/2018/2019/2022	restaurant:28 restaurants:17
518	2760	short	ʃɔːt	adj.	短的；矮的	45	12	2008/2009/2010/2011/2012/2014/2015/2016/2017/2018/2019/2020	short:43 shorter:2
519	3132	themselves	ðəmˈselvz	pron.	他/她/它们自己	45	10	2010/2011/2012/2013/2014/2015/2016/2017/2019/2021	themselves:45
520	292	available	əˈveɪləbl	adj.	可获得的，有空的	44	10	2008/2010/2011/2012/2014/2016/2017/2018/2019/2022	available:44
521	1228	father	ˈfɑːðə(r)	n.	父亲	44	10	2008/2010/2011/2012/2013/2014/2017/2018/2020/2022	father:43 fathers:1
522	1373	full	fʊl	adj.	满的，充满的；完全的	44	14	2009/2010/2011/2012/2013/2014/2015/2016/2017/2018/2019/2020/2021/2022	full:44
523	1702	jazz	dʒæz	n.	爵士音乐，爵士舞曲	44	3	2016/2017/2022	jazz:44
524	1903	memory	ˈmemərɪ	n.	回忆，记忆	44	8	2008/2011/2012/2013/2015/2016/2017/2022	memory:26 memories:18
525	2229	perform	pəˈfɔːm	v.	表演，履行；行动	44	11	2009/2010/2012/2013/2014/2016/2017/2018/2019/2020/2022	perform:19 performed:12 performing:11 performs:2
526	2390	product	ˈprɔdʌkt	n.	产品，制品	44	9	2010/2011/2013/2014/2018/2019/2020/2021/2022	products:24 product:20
527	2450	race	reɪs	n. v.	种族，民族 v. （速度）竞赛，比赛 n. 赛跑，竞赛	44	6	2008/2013/2014/2015/2020/2021	race:41 races:2 racing:1
528	366	bed	bed	n.	床	43	9	2010/2011/2012/2014/2015/2016/2017/2020/2021	bed:22 beds:19 bedding:2
529	759	condition	kənˈdɪʃ(ə)n	n.	条件，状况	43	9	2009/2013/2014/2015/2016/2017/2020/2021/2022	conditions:27 condition:8 conditioned:4 conditioner:2
530	1123	enter	ˈentə(r)	vt.	进入	43	10	2008/2010/2011/2012/2013/2014/2015/2017/2018/2021	enter:26 entered:10 enters:4 entering:3
531	1131	environment	ɪnˈvaɪərənmənt	n.	环境	43	10	2012/2013/2014/2015/2016/2018/2019/2020/2021/2022	environment:41 environments:2
532	1258	fill	fɪl	vt.	填空，装满	43	10	2008/2010/2011/2015/2016/2017/2018/2019/2020/2021	filled:22 fill:13 filling:6 fills:2
533	1307	follow	ˈfɔləʊ	vt.	跟随；仿效；跟得上	43	12	2008/2009/2010/2011/2012/2014/2015/2016/2018/2019/2020/2021	follow:18 follows:11 followed:10 follower:4
534	1497	happy	ˈhæpɪ	adj.	幸福；快乐的，高兴的；harbour (美harbor	43	10	2009/2010/2011/2012/2013/2014/2015/2017/2019/2020	happy:31 happier:9 happiest:3
535	1560	holiday	ˈhɔlɪdɪ	n.	假日；假期	43	8	2010/2013/2014/2015/2016/2017/2018/2020	holiday:37 holidays:6
536	1689	island	ˈaɪlənd	n.	岛	43	8	2010/2011/2012/2015/2016/2017/2020/2022	island:32 islands:11
537	1736	kill	kɪl	v.	杀死，弄死	43	9	2008/2010/2011/2014/2016/2017/2018/2019/2021	kill:16 killed:12 killing:12 killer:3
538	1930	mile	maɪl	n.	英里	43	9	2010/2013/2014/2015/2016/2017/2018/2019/2020	miles:34 mile:9
539	2313	poor	pʊə(r)	adj.	贫穷；可怜；不好的,差的	43	9	2010/2011/2012/2013/2014/2015/2016/2018/2019	poor:38 poorest:3 poorer:2
540	2480	ready	ˈredɪ	adj.	准备好的	43	10	2011/2013/2014/2015/2016/2017/2018/2019/2020/2021	ready:41 readying:2
541	2536	remain	rɪˈmeɪn	vt. vi.	余下,留下vi.保持,仍是	43	14	2008/2009/2010/2011/2012/2014/2015/2016/2017/2018/2019/2020/2021/2022	remained:13 remains:12 remain:10 remaining:8
542	2624	running	ˈrʌnɪŋ	n.	跑步	43	8	2008/2010/2014/2015/2017/2018/2019/2020	running:43
543	2800	situation	sɪtjʊˈeɪʃ(ə)n	n.	形势，情况	43	9	2008/2011/2012/2013/2014/2015/2018/2019/2021	situation:38 situations:5
544	2832	smart	smɑːt	adj.	灵巧的，伶俐的；（人、服装等）时髦的，帅的；smell (smelt, smelt 或-ed,-ed	43	7	2012/2013/2017/2018/2019/2021/2022	smart:38 smarter:5
545	2980	stress	stres	n. v.	精神压力，心理负担 v. 强调，重读	43	7	2009/2010/2012/2016/2017/2019/2020	stress:32 stressed:7 stresses:4
546	3203	top	tɔp	n.	顶部,（物体的）上面	43	11	2008/2010/2013/2014/2015/2016/2017/2018/2019/2020/2022	top:40 tops:3
547	3340	usually	ˈjuːʒʊəlɪ	adv.	通常，经常	43	13	2008/2009/2010/2011/2012/2013/2014/2016/2017/2018/2019/2020/2022	usually:43
548	176	answer	ˈɑːnsə(r); (US) ˈænsər	n. v.	回答,答复;回信;答案 v.回答,答复;回信;（作出）答案	42	11	2008/2010/2011/2012/2013/2014/2016/2017/2019/2020/2021	answer:30 answers:7 answering:4 answered:1
549	393	benefit	ˈbenɪfɪt	n. v.	/ v.优势,益处,使…受益	42	8	2010/2011/2017/2018/2019/2020/2021/2022	benefits:29 benefit:12 benefited:1
550	837	cover	ˈkʌvə(r)	n. v.	盖子；罩 v. 覆盖，遮盖；掩盖	42	12	2008/2010/2011/2012/2013/2016/2017/2018/2019/2020/2021/2022	covered:19 cover:16 covering:4 covers:3
551	1683	invite	ɪnˈvaɪt	vt.	邀请，招待	42	10	2010/2011/2012/2014/2016/2017/2018/2019/2021/2022	invited:18 invite:14 invites:8 inviting:2
552	1732	key	kiː	n.	钥匙;答案;键;关键	42	9	2008/2010/2011/2013/2016/2017/2018/2019/2022	key:36 keys:6
553	1848	machine	məˈʃiːn	n.	机器	42	5	2010/2014/2016/2018/2020	machines:26 machine:16
554	1901	member	ˈmembə(r)	n.	成员，会员	42	9	2010/2011/2013/2015/2016/2017/2018/2019/2021	members:24 member:18
555	2399	promote	prəˈməʊt	v.	促进,推动,促销,晋升	42	8	2011/2014/2015/2016/2019/2020/2021/2022	promote:29 promoted:7 promoting:4 promotes:2
556	2585	rich	rɪtʃ	adj.	富裕的，有钱的；rid (rid, rid / ridded, ridded	42	10	2010/2011/2012/2013/2015/2016/2017/2018/2019/2020	rich:37 riches:2 richer:2 richest:1
557	2729	several	ˈsevr(ə)l	pron. adj.	几个,数个 a.若干	42	12	2009/2011/2012/2013/2014/2015/2016/2017/2018/2019/2020/2021	several:42
558	3367	view	vjuː	n.	看法,见解;风景,景色	42	8	2010/2013/2014/2016/2018/2019/2020/2021	view:26 viewing:7 views:6 viewed:3
559	3464	white	waɪt; (US) hwaɪt	adj. n.	白色的 n. 白色	42	10	2009/2010/2011/2012/2013/2016/2017/2020/2021/2022	white:42
560	139	although	ɔːlˈðəʊ	conj.	虽然，尽管	41	12	2008/2010/2011/2012/2013/2014/2015/2016/2017/2018/2020/2022	although:41
561	742	complete	kəmˈpliːt	adj. vt.	完成vt. 完成，结束	41	11	2008/2010/2012/2013/2014/2015/2016/2017/2018/2021/2022	complete:30 completed:8 completing:3
562	946	development	dɪˈveləpmənt	n.	发展，发达，发育，开发	41	12	2008/2010/2011/2012/2014/2015/2016/2017/2018/2019/2020/2022	development:41
563	1324	forget	fəˈrevə(r)	v.	(forgot, forgotten) v. 忘记；忘掉	41	14	2008/2009/2010/2011/2012/2013/2014/2015/2017/2018/2019/2020/2021/2022	forget:27 forgot:7 forgotten:7
564	1355	fresh	freʃ	adj.	新鲜的	41	6	2012/2015/2016/2018/2019/2022	fresh:41
565	1523	heart	hɑːt	n.	心.心脏, 纸牌中的红桃	41	10	2008/2010/2014/2016/2017/2018/2019/2020/2021/2022	heart:40 hearts:1
566	2200	passage	ˈpæsɪdʒ	n.	（文章等的）一节，一段；通道；走廊	41	9	2008/2009/2010/2011/2013/2014/2015/2016/2020	passage:41
567	2239	personal	ˈpɜːsən(ə)l	adj.	个人的，私人的	41	10	2008/2010/2012/2013/2014/2015/2016/2018/2019/2021	personal:41
568	2458	railway	ˈreɪlweɪ	n.	铁路；铁道	41	3	2010/2017/2022	railway:32 railways:9
569	2719	serve	sɜːv	vt.	招待（顾客等）,服务	41	10	2008/2010/2011/2013/2014/2015/2016/2017/2018/2020	served:13 serves:11 serve:11 serving:6
570	2780	sign	saɪn	n.	符号，标记	41	8	2010/2011/2015/2016/2017/2018/2020/2022	sign:21 signed:9 signs:9 signing:2
571	2789	similar	ˈsɪmɪlə(r)	adj.	相似的，像	41	9	2010/2012/2013/2014/2017/2018/2020/2021/2022	similar:41
572	2792	simply	ˈsɪmplɪ	adv.	简单地,(加强语气)的确	41	11	2011/2013/2014/2015/2016/2017/2018/2019/2020/2021/2022	simply:41
573	3015	sun	sʌn	n.	太阳，阳光	41	8	2008/2009/2010/2014/2015/2019/2020/2022	sun:41
574	3348	value	ˈvæljuː	n.	价值，益处	41	11	2008/2009/2010/2011/2012/2013/2016/2017/2018/2019/2020	value:26 values:12 valued:3
575	3350	variety	vəˈraɪətɪ	n.	种种，种类	41	11	2008/2009/2011/2012/2013/2015/2016/2017/2018/2019/2020	variety:31 varieties:10
576	24	accept	əkˈsept	vt.	接受	40	11	2008/2010/2011/2014/2015/2016/2017/2018/2020/2021/2022	accept:24 accepted:14 accepting:2
577	94	against	əˈɡeɪnst	prep.	对着，反对	40	9	2010/2011/2012/2013/2015/2016/2017/2019/2021	against:40
578	186	anyone	ˈenɪwʌn	pron.	任何人，无论谁	40	9	2008/2010/2011/2014/2016/2017/2020/2021/2022	anyone:40
579	623	check	tʃek	n. vt.	检查；批改 vt. 校对，核对； 检查；批改	40	10	2008/2010/2013/2014/2015/2016/2017/2019/2020/2022	check:21 checking:9 checked:8 checks:2
580	778	consider	kənˈsɪdə(r)	vt.	考虑	40	13	2009/2010/2011/2013/2014/2015/2016/2017/2018/2019/2020/2021/2022	consider:19 considered:17 considering:3 considers:1
581	1039	driver	ˈdraɪvə(r)	n.	司机，驾驶员	40	6	2010/2011/2013/2014/2016/2017	drivers:22 driver:18
582	1116	engineer	endʒɪˈnɪə(r)	n.	工程师；技师	40	7	2009/2010/2015/2017/2019/2020/2022	engineers:23 engineering:9 engineer:8
583	1141	especially	ɪˈspeʃəlɪ	adv.	特别，尤其	40	10	2008/2010/2012/2013/2014/2015/2016/2018/2019/2021	especially:40
584	1369	fruit	fruːt	n.	水果；果实	40	8	2011/2014/2016/2018/2019/2020/2021/2022	fruit:24 fruits:16
585	1385	gallery	ˈɡælərɪ	n.	画廊；美术品陈列室	40	6	2008/2011/2013/2014/2020/2022	gallery:36 galleries:4
586	1462	ground	ɡraʊnd	n.	地面	40	7	2009/2010/2012/2013/2017/2020/2021	ground:40
587	1669	interesting	ˈɪntrətɪŋ	adj.	有趣的	40	11	2009/2010/2011/2012/2013/2016/2017/2018/2019/2020/2021	interesting:40
588	1793	lesson	ˈles(ə)n	n.	课；功课；教训；let (let, let	40	10	2010/2011/2012/2013/2014/2015/2016/2017/2018/2020	lesson:22 lessons:18
589	1855	main	meɪn	adj.	主要的	40	12	2008/2010/2011/2012/2013/2014/2015/2016/2018/2020/2021/2022	main:40
590	1919	method	ˈmeθəd	n.	方法，办法；metre (美meter	40	10	2010/2011/2013/2015/2016/2017/2018/2019/2020/2022	methods:20 method:20
591	2189	Paris	ˈpærɪs	n.	巴黎	40	4	2015/2017/2018/2020	paris:40
592	2225	per	pə(r)	prep.	每，每一	40	8	2010/2013/2015/2016/2017/2018/2020/2022	per:40
593	2691	season	ˈsiːz(ə)n	n.	季；季节	40	7	2010/2013/2015/2016/2019/2020/2022	season:30 seasons:6 seasoned:2 seasoning:2
594	2801	six	sɪks	num.	六	40	11	2010/2011/2012/2014/2015/2016/2017/2019/2020/2021/2022	six:40
595	2915	sport	spɔːt	n.	体育运动，锻炼；(复，英)运动会	40	11	2008/2010/2013/2014/2016/2017/2018/2019/2020/2021/2022	sport:20 sports:18 sporting:2
596	3006	sugar	ˈʃʊɡə(r)	n.	糖	40	6	2010/2012/2013/2018/2020/2022	sugar:40
597	583	cause	kɔːz	n. vt.	原因，起因 vt. 促使，引起，使发生	39	13	2008/2011/2012/2013/2014/2015/2016/2017/2018/2019/2020/2021/2022	cause:20 caused:12 causes:7
598	603	chair	tʃeə(r)	n.	椅子	39	6	2011/2013/2014/2016/2017/2020	chair:33 chairs:6
599	647	choice	tʃɔɪs	n.	选择；抉择	39	7	2008/2010/2012/2014/2015/2016/2018	choices:23 choice:16
600	1117	English	ˈɪŋɡlɪʃ	adj. n.	英国的，英国人的，英语的 n. 英语	39	6	2010/2011/2014/2018/2019/2022	english:39
601	1243	festival	ˈfestɪvəl	adj.	节日的，喜庆的	39	8	2011/2013/2014/2016/2017/2018/2020/2022	festival:37 festivals:2
602	1520	healthy	ˈhelθɪ	adj.	健康的，健壮的	39	10	2010/2014/2015/2016/2017/2018/2019/2020/2021/2022	healthy:30 healthier:9
603	2288	please	pliːz	v.	请,使人高兴,使人满意	39	6	2008/2011/2014/2016/2017/2020	please:37 pleases:2
604	2488	receive	rɪˈsiːv	v.	收到，得到	39	12	2009/2010/2011/2012/2013/2015/2016/2017/2018/2019/2020/2021	received:19 receive:13 receiving:4 receives:3
605	3539	yet	jet	adv.	尚，还，仍然	39	10	2010/2011/2013/2014/2015/2016/2017/2020/2021/2022	yet:39
606	2	ability	əˈbɪlɪtɪ	n.	能力；才能	38	9	2009/2010/2012/2014/2016/2019/2020/2021/2022	ability:34 abilities:4
607	131	alone	əˈləʊn	adj.	单独的，孤独的	38	8	2010/2011/2014/2016/2017/2018/2019/2022	alone:38
608	523	busy	ˈbɪzɪ	adj.	忙（碌）的	38	7	2008/2010/2013/2014/2017/2018/2022	busy:36 busier:2
609	599	certain	ˈsɜːt(ə)n	adj.	（未指明真实名称的）某…；确定的，无疑的；一定会…	38	9	2010/2013/2014/2015/2016/2017/2019/2020/2021	certain:38
610	706	coffee	ˈkɔfɪ; (US) ˈkɔːfɪ	n.	咖啡	38	6	2010/2015/2016/2017/2018/2021	coffee:38
611	714	collection	kəˈlekʃ(ə)n	n.	收藏品，收集物	38	8	2008/2010/2012/2013/2014/2016/2020/2022	collections:21 collection:17
612	1316	force	fɔːs	vt.	强迫，迫使	38	12	2009/2010/2011/2013/2014/2015/2016/2017/2019/2020/2021/2022	forced:26 force:8 forcing:3 forces:1
613	1816	listen	ˈlɪs(ə)n	vi.	听,仔细听	38	11	2008/2011/2012/2013/2014/2015/2016/2017/2018/2019/2022	listening:15 listen:15 listened:5 listener:2
614	2045	noise	nɔɪz	n.	声音，噪声，喧闹声	38	6	2011/2014/2015/2017/2018/2021	noise:35 noises:3
615	2398	promise	ˈprɔmɪs	n. vi.	答应，允诺	38	13	2008/2010/2011/2012/2013/2014/2015/2016/2018/2019/2020/2021/2022	promise:22 promised:8 promising:7 promises:1
616	2984	strong	strɔŋ; (US) strɔːɡ	adj.	强(壮)的；坚固的；强烈的；坚强的	38	11	2008/2010/2011/2012/2013/2015/2016/2017/2019/2020/2021	strong:28 stronger:7 strongest:3
617	3080	task	tɑːsk; (US) tæsk	n.	任务, 工作	38	9	2009/2010/2011/2013/2016/2017/2020/2021/2022	task:21 tasks:17
618	3440	weight	weɪt	n.	重，重量	38	10	2010/2011/2012/2013/2014/2015/2017/2020/2021/2022	weight:36 weighting:2
619	78	advertise	ˈædvətaɪz	vt.	为……做广告	37	3	2011/2017/2019	advertising:31 advertise:4 advertised:2
620	295	avoid	əˈvɔɪd	v.	避免，躲开，逃避；awake (awoke, awoken	37	9	2013/2014/2015/2016/2017/2018/2019/2021/2022	avoid:26 avoided:7 avoiding:4
621	538	calm	kɑːm; (US) kɑːlm	adj. v.	镇静,沉着的 v.镇静沉着	37	13	2008/2009/2010/2011/2012/2013/2014/2016/2017/2018/2019/2021/2022	calm:27 calmed:5 calming:3 calmer:2
622	559	card	kɑːd	n.	卡片；名片；纸牌	37	8	2009/2010/2013/2014/2015/2016/2018/2022	card:23 cards:14
623	1600	husband	ˈhʌzbənd	n.	丈夫	37	10	2009/2010/2011/2012/2013/2014/2015/2018/2019/2020	husband:36 husbands:1
624	1775	law	lɔː	n.	法律，法令；定律	37	7	2010/2011/2012/2013/2014/2016/2020	law:32 laws:5
625	2233	perhaps	pəˈhæps	adv.	可能，或	37	11	2008/2010/2011/2013/2014/2017/2018/2019/2020/2021/2022	perhaps:37
626	2391	production	prəˈdʌkʃ(ə)n	n.	生产；制造	37	8	2010/2011/2013/2017/2018/2019/2020/2022	production:29 productions:8
627	2447	quite	kwaɪt	adv.	完全，十分	37	10	2008/2009/2010/2011/2012/2013/2016/2017/2018/2019	quite:37
628	2503	red	red	n. adj.	红色 a.红色的	37	7	2010/2012/2013/2015/2017/2018/2020	red:37
629	2658	saying	ˈseɪɪŋ	n.	说，俗话，谚语	37	8	2010/2011/2013/2015/2017/2018/2020/2021	saying:37
630	3081	taste	teɪst	n. vt.	品尝, 尝味；味道 vt. 品尝, 尝味	37	9	2008/2010/2013/2014/2015/2016/2017/2018/2021	taste:30 tastes:4 tasting:2 tasted:1
631	201	apple	ˈæp(ə)l	n.	苹果	36	3	2015/2016/2020	apple:21 apples:15
632	281	audience	ˈɔːdɪəns	n.	观众，听众	36	6	2011/2013/2014/2017/2019/2022	audience:34 audiences:2
633	1098	elephant	ˈelɪfənt	n.	象	36	4	2011/2014/2016/2020	elephants:28 elephant:8
634	1146	evening	ˈiːvnɪŋ	n.	傍晚，晚上	36	8	2008/2010/2011/2014/2015/2016/2018/2020	evening:34 evenings:2
635	1908	mention	ˈmenʃ(ə)n	n. vt.	提及；记载 vt. 提到，说起；提名表扬	36	9	2008/2010/2011/2012/2013/2014/2016/2019/2021	mentioned:20 mention:13 mentioning:3
636	2322	position	pəˈzɪʃ(ə)n	n.	位置	36	10	2008/2010/2011/2012/2013/2014/2018/2019/2021/2022	position:25 positions:8 positioned:3
637	3565	bike	baɪk	n.	自行车	35	4	2013/2014/2018/2021	bike:30 bikes:3 biking:2
638	571	case	keɪs	n.	情况；病例；案件；真相 n. 箱；盒；容器	35	9	2010/2011/2012/2014/2016/2017/2020/2021/2022	case:23 cases:12
639	698	club	klʌb	n.	俱乐部；纸牌中的梅花	35	9	2010/2011/2013/2015/2016/2017/2019/2021/2022	club:35
640	911	deep	diːp	adj. adv.	深 ad. 深；深厚	35	10	2009/2011/2012/2013/2016/2017/2018/2019/2020/2022	deep:26 deeper:7 deepest:2
641	1100	else	els	adv.	别的，其他的	35	11	2010/2011/2013/2014/2015/2016/2017/2018/2019/2020/2022	else:35
642	1399	generation	dʒenəˈreɪʃ(ə)n	n.	代，一代	35	10	2010/2011/2014/2015/2016/2017/2018/2020/2021/2022	generations:19 generation:16
643	2026	nest	nest	n.	巢；窝	35	4	2012/2014/2017/2022	nest:28 nests:5 nested:2
644	2080	object	ˈɔbdʒɪkt	n.	物，物体；宾语	35	8	2008/2012/2013/2014/2015/2018/2020/2022	objects:29 object:6
645	2665	schedule	ˈʃedjuːl; (US) ˈskedʒʊl	n. v.	工作计划，日程安排v. 安排时间，预定	35	7	2008/2014/2016/2017/2019/2020/2022	schedule:25 scheduled:6 schedules:4
646	2972	strange	streɪndʒ	adj.	奇怪,奇特的,陌生的	35	11	2010/2011/2012/2014/2015/2016/2017/2019/2020/2021/2022	strange:35
647	3494	within	wɪˈðɪn	prep.	在……里面	35	11	2008/2010/2011/2013/2014/2015/2016/2017/2019/2020/2021	within:35
648	204	apply	əˈplaɪ	v.	申请	34	9	2011/2013/2015/2016/2017/2018/2019/2020/2022	apply:23 applying:5 applied:4 applies:2
649	641	childhood	ˈtʃaɪldhʊd	n.	幼年时代，童年	34	6	2008/2011/2012/2016/2021/2022	childhood:34
650	904	decision	dɪˈsɪʒ(ə)n	n.	决定；决心	34	10	2008/2011/2013/2014/2015/2016/2017/2018/2019/2022	decision:23 decisions:11
651	1379	fur	fɜː(r)	n.	毛皮；皮子	34	4	2008/2010/2014/2020	fur:34
652	1846	lunch	lʌntʃ	n.	午餐，午饭	34	8	2008/2010/2013/2016/2017/2018/2019/2022	lunch:32 lunching:2
653	1956	modern	ˈmɔd(ə)n	adj.	现代的	34	8	2011/2013/2015/2016/2017/2018/2021/2022	modern:34
654	2404	protect	prəˈtekt	vt.	保护	34	12	2010/2011/2012/2013/2014/2015/2016/2017/2018/2019/2021/2022	protect:24 protected:6 protecting:3 protects:1
655	2472	rather	ˈrɑːðə; (US) ˈræðər	adv.	相当，宁可	34	10	2008/2010/2011/2012/2014/2015/2016/2018/2020/2021	rather:34
656	2847	snow	snəʊ	n. vi.	雪 vi.下雪	34	9	2008/2009/2010/2012/2018/2019/2020/2021/2022	snow:34
657	3000	successful	səkˈsesfʊl	adj.	成功的,有成就的	34	10	2008/2010/2011/2013/2014/2015/2016/2018/2019/2021	successful:34
658	3630	throw	θrəʊ	v.	投，掷，扔	34	6	2010/2013/2014/2018/2020/2021	throw:10 throwing:8 threw:7 thrown:6
659	3218	track	træk	n.	轨道；田径	34	10	2010/2011/2013/2015/2016/2017/2018/2019/2020/2022	track:20 tracks:6 tracked:5 tracking:3
660	3250	trouble	ˈtrʌb(ə)l	vt. n.	使苦恼,使忧虑,使麻烦 n.问题,疾病,烦恼,麻烦	34	10	2009/2010/2011/2012/2014/2015/2016/2018/2019/2021	trouble:21 troubled:7 troubling:3 troubles:3
661	3308	unit	ˈjuːnɪt	n.	单元，单位	34	10	2008/2010/2011/2014/2015/2016/2017/2018/2020/2022	united:27 unit:4 units:3
662	278	attract	əˈtrækt	v.	吸引，引起	33	9	2008/2011/2012/2013/2014/2016/2017/2018/2019	attracted:13 attract:12 attracts:5 attracting:3
663	968	dinner	ˈdɪnə(r)	n.	正餐，宴会	33	7	2010/2011/2013/2015/2016/2018/2021	dinner:33
664	984	disappear	dɪsəˈpɪə(r)	vi.	消失	33	9	2010/2011/2014/2016/2017/2018/2019/2020/2021	disappear:20 disappearing:7 disappeared:6
665	1128	entrance	ˈentrəns	n.	入口；入场；进入的权利;入学许可	33	8	2008/2013/2015/2016/2017/2020/2021/2022	entrance:31 entrances:2
666	1227	fat	fæt	n. adj.	脂肪 a. 胖的；肥的	33	6	2010/2015/2016/2017/2018/2020	fat:29 fats:4
667	1266	finish	ˈfɪnɪʃ	v.	结束；做完	33	9	2010/2011/2012/2013/2014/2015/2016/2019/2020	finished:14 finishing:11 finish:8
668	1361	friendship	ˈfrendʃɪp	n.	友谊，友情	33	9	2010/2011/2012/2013/2015/2016/2017/2019/2022	friendship:20 friendships:13
669	1477	habit	ˈhæbɪt	n.	习惯，习性	33	7	2010/2013/2014/2015/2016/2018/2019	habits:23 habit:10
670	3585	hide	haɪd	v.	躲藏；隐瞒（hid, hidden）	33	9	2010/2011/2012/2014/2016/2017/2019/2020/2022	hiding:11 hide:9 hidden:8 hid:3
671	1567	honey	ˈhʌni	n.	蜂蜜	33	1	2012	honey:33
672	1713	journey	ˈdʒɜːnɪ	n.	旅行，路程	33	7	2010/2013/2016/2018/2019/2020/2022	journey:31 journeys:2
673	2118	opinion	əˈpɪnjən	n.	看法，见解	33	9	2008/2010/2012/2013/2017/2018/2019/2020/2021	opinion:17 opinions:16
674	2490	recent	ˈriːsənt	adj.	近来的，最近的	33	10	2010/2011/2015/2016/2017/2018/2019/2020/2021/2022	recent:33
675	2935	standard	ˈstændəd	n. adj.	标准（的	33	6	2010/2011/2013/2014/2017/2021	standards:17 standard:16
676	2973	stranger	ˈstreɪndʒə(r)	n.	陌生人，外人	33	8	2010/2011/2012/2014/2016/2018/2020/2021	strangers:17 stranger:16
677	2978	strength	streŋθ	n.	力量，力气	33	8	2011/2013/2014/2015/2017/2018/2019/2020	strength:19 strengths:14
678	3063	system	ˈsɪstəm	n.	体系；系统	33	7	2009/2010/2011/2013/2017/2019/2020	system:23 systems:10
679	3217	toy	tɔɪ	n.	玩具, 玩物	33	8	2008/2012/2014/2015/2016/2018/2020/2022	toys:21 toy:12
680	3222	traditional	trəˈdɪʃ(ə)n	adj.	传统的，风俗的	33	8	2009/2010/2015/2016/2018/2020/2021/2022	traditional:33
681	3429	weather	weə(r)	n.	天气	33	11	2008/2010/2011/2012/2013/2014/2015/2016/2019/2020/2021	weather:33
682	3424	website	websaɪt	n.	网络	33	11	2008/2010/2012/2014/2015/2016/2017/2018/2019/2021/2022	website:29 websites:4
683	3441	welcome	ˈwelkəm	n. v. adj.	欢迎 a. 受欢迎的	33	10	2008/2010/2012/2015/2017/2018/2019/2020/2021/2022	welcome:20 welcomed:10 welcoming:3
684	102	agree	əˈɡriː	v.	同意；应允	32	8	2010/2011/2013/2016/2018/2019/2020/2022	agreed:20 agree:12
685	363	beautiful	ˈbjuːtɪf(ə)l	adj.	美，美丽，美观的	32	11	2008/2010/2011/2014/2015/2016/2017/2018/2019/2020/2022	beautiful:32
686	383	belief	bɪˈliːf	n.	信条，信念	32	11	2008/2010/2011/2012/2013/2014/2017/2018/2019/2021/2022	belief:14 believes:13 beliefs:5
687	680	clean	kliːn	vt. adj.	弄干净，擦干净 a. 清洁的，干净的	32	9	2011/2013/2014/2015/2016/2018/2019/2020/2021	clean:20 cleaning:6 cleaned:3 cleans:2
688	735	compare	kəmˈpeə(r)	vt.	比较，对照	32	8	2008/2012/2013/2016/2018/2019/2020/2021	compared:19 comparing:7 compare:6
689	1090	either	ˈaɪðə(r)	adj. conj. adv.	两方任一方的；二者之一 conj. 二者之一；要么……；ad.	32	11	2008/2009/2010/2011/2012/2013/2014/2015/2016/2017/2019	either:32
690	1180	expert	ˈekspɜːt	n.	专家，能手	32	9	2011/2013/2014/2015/2016/2017/2018/2019/2020	experts:22 expert:10
691	1639	influence	ˈɪnflʊəns	n. v.	影响	32	7	2008/2012/2015/2016/2019/2021/2022	influence:17 influenced:9 influences:6
692	1810	line	laɪn	n. v.	绳索，线，排，行，线路 v. 画线于，（使）成行	32	9	2008/2010/2012/2013/2017/2018/2019/2020/2022	line:19 lines:13
693	1896	medical	ˈmedɪk(ə)l	adj.	医学的，医疗的	32	10	2010/2012/2013/2016/2017/2018/2019/2020/2021/2022	medical:32
694	2016	necessary	ˈnesəsərɪ; (US) ˈnesəserɪ	adj.	必需的，必要的	32	11	2008/2010/2011/2012/2015/2016/2017/2018/2019/2020/2021	necessary:32
695	2094	official	əˈfɪʃ(ə)l; (US) ˈɔːf-	n. adj.	（公司、团体或政府）官员 ,高级职员 a.官方,政府的	32	9	2013/2014/2015/2016/2017/2019/2020/2021/2022	official:22 officials:10
696	2352	prefer	prɪˈfɜː(r)	vt.	宁愿（选择）,更喜欢	32	10	2008/2010/2011/2013/2016/2018/2019/2020/2021/2022	prefer:20 preferred:8 preferring:2 prefers:2
697	2528	relax	rɪˈlæks	v.	（使）放松，轻松	32	8	2009/2010/2012/2013/2015/2016/2018/2020	relaxed:11 relax:11 relaxing:10
698	2546	replace	rɪˈpleɪs	vt.	取代	32	10	2012/2013/2015/2016/2017/2018/2019/2020/2021/2022	replace:17 replaced:10 replaces:3 replacing:2
699	2593	river	ˈrɪvə(r)	n.	江；河；水道；巨流	32	6	2010/2011/2014/2015/2018/2020	river:27 rivers:5
700	2600	role	rəʊl	n.	角色	32	7	2009/2011/2013/2015/2017/2018/2020	role:30 roles:2
701	2625	rush	rʌʃ	vi.	冲，奔跑	32	10	2008/2010/2011/2014/2015/2016/2018/2020/2021/2022	rush:16 rushed:10 rushing:6
702	2633	safety	ˈseɪftɪ	n.	安全，保险	32	8	2008/2010/2013/2017/2018/2020/2021/2022	safety:32
703	2663	scene	sɪːn	n.	（戏剧、电影等的）一场，场景，布景	32	6	2012/2016/2017/2018/2020/2021	scene:26 scenes:6
704	2696	secret	ˈsiːkrɪt	n.	秘密，内情	32	7	2010/2012/2013/2016/2018/2019/2020	secret:27 secrets:5
705	2738	shape	ʃeɪp	n. v.	形状，外形 v. 使成型，制造，塑造	32	7	2011/2012/2013/2015/2018/2020/2022	shape:19 shapes:8 shaped:5
706	2926	stadium	ˈsteɪdɪəm	n.	（露天）体育场	32	1	2021	stadium:20 stadiums:12
707	3106	tend	tend	v.	往往会，常常就，倾向，趋于	32	7	2013/2015/2016/2018/2019/2020/2021	tended:16 tend:15 tends:1
708	3199	tool	tuːl	n.	工具，器具；tooth (复 teeth	32	9	2009/2010/2011/2013/2014/2017/2019/2020/2022	tools:19 tool:13
709	3386	voice	vɔɪs	n.	说话声; 语态	32	10	2009/2011/2012/2013/2014/2016/2017/2020/2021/2022	voice:25 voices:5 voicing:2
710	3466	whole	həʊl	adj.	整个的	32	9	2008/2010/2012/2013/2016/2017/2018/2020/2022	whole:32
711	3484	wing	wɪŋ	n.	机翼，翅膀	32	4	2010/2013/2017/2020	wing:22 wings:10
712	154	amount	əˈmaʊnt	n. v.	/ v. 金额，数量，总计	31	10	2008/2010/2014/2016/2017/2018/2019/2020/2021/2022	amount:23 amounts:7 amounted:1
713	380	behind	bɪˈhaɪnd	prep. adv.	(表示位置)在…后面 ad. 在后面；向后	31	10	2010/2011/2013/2014/2016/2017/2018/2019/2020/2022	behind:31
714	754	concern	kənˈsɜːn	v. n.	/ n. 涉及，关心	31	8	2011/2013/2016/2017/2018/2019/2020/2022	concerned:11 concern:10 concerns:9 concerning:1
715	771	connect	kəˈnekt	v.	连接，把…联系起来	31	9	2009/2010/2011/2013/2014/2015/2017/2018/2019	connect:17 connected:11 connecting:3
716	877	damage	ˈdæmɪdʒ	n. vt.	毁坏，损害	31	7	2011/2014/2016/2017/2019/2020/2021	damage:20 damaged:6 damaging:5
717	889	daughter	ˈdɔːtə(r)	n.	女儿	31	7	2010/2012/2014/2015/2016/2018/2020	daughter:19 daughters:12
718	1177	expensive	ɪkˈspensɪv	adj.	昂贵的	31	9	2008/2011/2013/2014/2016/2017/2018/2019/2022	expensive:31
719	1224	farmer	ˈfɑːmə(r)	n.	农民	31	9	2010/2011/2014/2015/2016/2017/2018/2019/2020	farmers:25 farmer:6
720	1424	gold	ɡəʊld	n.	黄金 a 金的，黄金的	31	6	2008/2010/2015/2016/2018/2019	gold:31
721	1750	knowledge	ˈnɔlɪdʒ	n.	知识，学问	31	8	2008/2011/2013/2014/2015/2016/2018/2020	knowledge:30 knowledges:1
722	1860	manage	ˈmænɪdʒ	v.	管理；设法对付	31	10	2008/2009/2010/2011/2014/2016/2017/2018/2019/2020	managed:13 manage:8 managing:6 manages:4
723	1945	mirror	ˈmɪrə(r)	n.	镜子	31	5	2011/2012/2018/2019/2021	mirror:21 mirrors:10
724	1962	monkey	ˈmʌŋkɪ	n.	猴子	31	4	2018/2019/2020/2022	monkeys:28 monkey:3
725	2063	notice	ˈnəʊtɪs	n. vt.	布告，通告；注意 vt. 注意，注意到	31	9	2008/2011/2012/2013/2014/2015/2016/2019/2021	noticed:20 notice:11
726	2430	puzzle	ˈpʌz(ə)l	n.	难题,（字、画）谜	31	2	2020/2021	puzzles:20 puzzle:11
727	2790	simple	ˈsɪmp(ə)l	adj.	简单的，简易的	31	11	2010/2012/2014/2015/2016/2017/2018/2019/2020/2021/2022	simple:31
728	2806	size	sɪksˈtiːnθ	n.	尺寸，大小	31	11	2008/2009/2010/2011/2012/2013/2014/2015/2017/2018/2021	size:31
729	2902	speed	spiːd	n. v.	速度 v. （使）加速	31	8	2010/2011/2013/2017/2018/2019/2020/2022	speed:28 speeds:2 speeding:1
730	2991	style	staɪl	n.	方式，作风，款式	31	11	2010/2011/2012/2013/2015/2016/2017/2018/2019/2020/2021	style:22 styles:7 styling:2
731	3169	ticket	ˈtɪkɪt	n.	票；卷	31	6	2011/2013/2014/2016/2017/2020	ticket:21 tickets:10
732	3444	west	west	adj. adv. n.	(在)西；向西,从西来的 ad. 在西方,向西方 n.西部；西方	31	7	2008/2010/2013/2014/2018/2019/2022	west:31
733	3479	wind	wɪnd	n.	风 ；wind(wound,wound	31	6	2008/2010/2011/2012/2015/2016	wind:25 winding:5 winds:1
734	3481	window	ˈwɪndəʊ	n.	窗户；计算机的窗	31	8	2010/2014/2015/2016/2018/2019/2020/2021	window:23 windows:8
735	418	black	blæk	n. adj.	黑色 a. 黑色的	30	5	2009/2010/2013/2017/2021	black:30
736	541	camp	kæmp	n. vi.	（夏令）营 vi.野营,宿营	30	4	2014/2017/2018/2019	camping:18 camps:6 camp:4 camper:2
737	993	discuss	dɪsˈkʌs	vt.	讨论，议论	30	10	2008/2010/2011/2013/2016/2017/2018/2019/2020/2021	discuss:13 discussed:10 discussing:7
738	1256	figure	ˈfɪɡə(r); (US) ˈfɪgjər	n. vt.	数字；数目；图；图形；（人的）身型；人物；（绘画、雕刻）人物像 vt.（美口语）认为，判断.（在心里）想像，描绘	30	9	2008/2011/2012/2015/2016/2018/2019/2020/2022	figure:18 figured:7 figures:4 figuring:1
739	1746	kite	kaɪt	n.	风筝	30	2	2011/2012	kite:20 kites:10
740	1809	limit	ˈlɪmɪt	vt.	限制；减少	30	9	2008/2009/2011/2012/2016/2017/2018/2020/2021	limited:17 limit:11 limits:1 limiting:1
741	1865	map	mæp	n.	地图	30	4	2010/2011/2012/2018	map:26 maps:4
742	1880	material	məˈtɪərɪəl	n.	材料，原料	30	8	2008/2011/2012/2013/2014/2017/2018/2019	materials:25 material:5
743	1987	movie	ˈmuːvɪ	n.	（口语）电影；Mr. (mister	30	5	2009/2015/2016/2017/2019	movie:26 movies:4
744	2175	pair	peə(r)	n.	一双，一对	30	7	2011/2012/2013/2014/2015/2020/2021	pair:18 pairs:12
745	2230	performance	pəˈfɔːm	n.	演出，表演	30	6	2011/2012/2013/2016/2020/2022	performance:15 performances:15
746	2264	pilot	ˈpaɪlət	n.	飞行员	30	4	2013/2017/2019/2022	pilot:16 pilots:14
747	2564	respect	rɪˈspekt	vt. n.	尊敬，尊重	30	9	2009/2010/2011/2012/2013/2015/2016/2021/2022	respect:17 respected:12 respects:1
748	2592	risk	rɪsk	n. v.	/ v. 危险，风险，冒险	30	9	2014/2015/2016/2017/2018/2019/2020/2021/2022	risk:25 risks:3 risking:2
749	2778	sight	saɪ	n.	情景，风景；视力	30	8	2010/2011/2013/2015/2017/2018/2019/2020	sight:27 sights:3
750	3011	suitable	ˈsjuːtəb(ə)l	adj.	合适的，适宜的	30	11	2008/2011/2012/2013/2015/2016/2017/2018/2019/2020/2022	suitable:30
751	3086	tea	tiː	n.	茶；茶叶 ；teach(taught,taught	30	4	2010/2011/2013/2022	tea:30
752	3369	village	ˈvɪlɪdʒ	n.	村庄，乡村	30	7	2010/2012/2014/2015/2016/2019/2020	village:22 villages:8
753	3390	volunteer	vɔlənˈtɪə(r)	n. v.	/ v. 义工，自愿者，无偿做	30	5	2016/2017/2019/2021/2022	volunteers:13 volunteer:12 volunteering:4 volunteered:1
754	3473	wild	waɪld	adj.	未开发的，荒凉的；野生的，野的	30	8	2012/2013/2014/2016/2018/2020/2021/2022	wild:28 wildest:1 wilder:1
755	3497	wonder	ˈwʌndə(r)	v. n.	对…疑惑，感到惊奇,想知道 n. 惊讶,惊叹;奇迹	30	9	2009/2010/2012/2013/2014/2015/2016/2019/2020	wonder:14 wondered:7 wondering:5 wonders:4
756	49	action	ˈækʃ(ə)n	n.	行动	29	7	2010/2011/2013/2014/2015/2021/2022	action:19 actions:10
757	52	actor	ˈæktə(r)	n.	男演员	29	4	2012/2016/2017/2020	actor:16 actors:13
758	218	April	ˈeɪpr(ə)l	n.	4月	29	6	2010/2014/2017/2018/2020/2022	april:29
759	356	beach	biːtʃ	n.	海滨，海滩	29	8	2008/2010/2012/2015/2019/2020/2021/2022	beach:19 beaches:10
760	470	brain	breɪn	n.	脑（子	29	9	2009/2011/2013/2015/2016/2017/2018/2019/2020	brain:19 brains:10
761	617	charge	tʃɑːdʒ	v. n.	要求收费；索价；将(电池)充电 n. 费用；价钱	29	9	2008/2013/2014/2015/2016/2017/2018/2019/2022	charge:14 charges:10 charged:4 charging:1
762	719	comedy	ˈkɔmədɪ	n.	喜剧	29	4	2016/2017/2019/2022	comedy:23 comedies:6
763	1065	earth	ɜːθ	n.	地球；土，泥；大地	29	6	2008/2010/2014/2015/2016/2020	earth:29
764	1190	express	ɪkˈspres	vt. n.	表达；表示；表情 n. 快车，特快专递	29	11	2008/2010/2012/2014/2015/2016/2017/2018/2019/2020/2021	express:25 expressed:2 expresses:2
765	1249	field	fiːld	n.	田地；牧场；场地	29	8	2010/2013/2014/2016/2018/2019/2020/2021	field:19 fields:10
766	1254	fight	faɪt	n.	打仗（架），争论	29	10	2011/2012/2013/2014/2015/2016/2017/2018/2020/2021	fight:15 fighting:11 fought:3
767	1366	front	frʌnt	adj. n.	前面的；前部的 n. 前面；前部；前线	29	10	2008/2010/2011/2012/2014/2016/2018/2019/2020/2022	front:29
768	1524	heat	hiːt	n. vt.	热 vt. 把……加热	29	6	2008/2009/2015/2017/2020/2021	heat:23 heated:3 heating:3
769	1670	international	ɪntəˈnæʃən(ə)l	adj.	国际的	29	8	2010/2012/2017/2018/2019/2020/2021/2022	international:29
770	1675	interview	ˈɪntəvjuː	n. vt.	采访,会见,面试	29	6	2008/2013/2017/2018/2019/2021	interview:16 interviews:8 interviewer:5
771	1888	meaning	ˈmiːnɪŋ	n.	意思，含意	29	9	2010/2011/2012/2013/2015/2016/2020/2021/2022	meaning:22 meanings:7
772	2130	organization	ɔːɡənaɪˈzeɪʃ(ə)n	n.	组织，机构	29	6	2013/2014/2015/2017/2020/2021	organization:17 organizations:12
773	2165	pack	pæk	n. v.	包,捆;（猎犬、野兽的）一群 v.(为运输或储存而)打包	29	10	2008/2010/2013/2015/2016/2017/2019/2020/2021/2022	packed:15 pack:8 packs:4 packing:2
774	2255	pick	pɪk	v.	拾起，采集；挑选	29	11	2009/2012/2013/2015/2016/2017/2018/2019/2020/2021/2022	pick:19 picked:4 picking:3 picks:3
775	2343	powerful	ˈpaʊəfʊl	adj.	效力大的，强有力的，强大的	29	7	2010/2011/2012/2013/2015/2016/2018	powerful:29
776	2509	reflect	rɪˈflekt	v.	反映，反射	29	9	2008/2010/2011/2014/2015/2018/2019/2020/2022	reflected:14 reflect:12 reflecting:2 reflects:1
777	2524	relate	rɪˈleɪt	vi.	有关； 涉及	29	9	2009/2010/2012/2013/2014/2016/2018/2019/2022	related:17 relate:5 relates:5 relating:2
778	2688	search	sɜːtʃ	n. v.	搜寻，搜查	29	8	2011/2013/2014/2017/2018/2019/2020/2022	searched:11 search:10 searching:5 searches:3
779	2692	seat	siːt	n.	座位，座	29	7	2010/2013/2016/2017/2019/2021/2022	seats:16 seat:11 seating:2
780	3017	Sunday	ˈsʌndeɪ	n.	星期日	29	8	2011/2013/2014/2015/2017/2018/2020/2022	sunday:25 sundays:4
781	3109	ten	ten	num.	十	29	7	2009/2010/2013/2014/2015/2018/2020	ten:26 tens:3
782	3243	trend	trend	n.	趋势，倾向，动态	29	7	2011/2014/2016/2017/2018/2019/2020	trend:27 trends:2
783	3292	understanding	ʌndəˈstændɪŋ	n.	领会;理解；undertake (undertook, undertaken	29	8	2010/2011/2013/2014/2016/2018/2019/2020	understanding:29
784	39	achieve	əˈtʃiːv	vt.	达到，取得	28	6	2013/2014/2015/2016/2019/2022	achieve:18 achieved:7 achieving:3
785	69	admit	ədˈmɪt	vt.	承认，准许（入场，入学，入会	28	7	2009/2013/2018/2019/2020/2021/2022	admit:16 admitted:9 admits:2 admitting:1
786	1549	hill	hɪl	n.	小山;丘陵;土堆;斜坡	28	6	2010/2017/2018/2019/2020/2022	hill:15 hills:13
787	1895	media	ˈmiːdɪə	n.	大众传播媒介	28	7	2013/2016/2018/2019/2020/2021/2022	media:28
788	1899	meeting	ˈmiːtɪŋ	n.	会,集会,会见,汇合点	28	8	2009/2010/2011/2013/2017/2018/2019/2022	meeting:18 meetings:10
789	2639	sale	seɪl	n.	卖，出售	28	9	2010/2011/2012/2013/2014/2016/2017/2019/2020	sales:19 sale:9
790	2682	screen	skriːn	n.	幕，荧光屏	28	9	2008/2009/2011/2012/2013/2015/2017/2018/2019	screen:24 screening:2 screens:2
791	2722	settle	ˈset(ə)l	vi.	安家，定居	28	7	2010/2014/2016/2017/2018/2021/2022	settled:15 settle:9 settling:4
792	2916	spot	spɔt	n. v.	斑点，污点；场所，地点 v. 沾上污渍，弄脏	28	6	2009/2013/2015/2018/2020/2021	spots:18 spot:5 spotted:5
793	3181	tired	ˈtaɪəd	adj.	疲劳的，累的	28	7	2008/2010/2011/2012/2016/2017/2018	tired:28
794	3239	treat	triːt	vt.	对待，看待	28	8	2009/2010/2011/2012/2013/2016/2020/2022	treated:17 treat:7 treating:2 treats:2
795	3355	vegetable	ˈvedʒɪtəb(ə)l	n.	蔬菜	28	6	2011/2013/2015/2016/2017/2020	vegetables:18 vegetable:10
796	75	advance	ədˈvɑːns; (US) ədˈvæns	v.	推进，促进；前进	27	9	2010/2012/2013/2014/2016/2017/2018/2019/2022	advanced:12 advance:11 advances:4
797	151	America	əˈmerɪkə	n.	* n. 美国；美洲	27	5	2010/2014/2016/2018/2019	america:25 americas:2
798	271	attack	əˈtæk	vt. n.	/ n. 攻击，袭击	27	8	2010/2012/2014/2015/2017/2019/2021/2022	attack:16 attacked:4 attacking:3 attacker:2
799	519	bus	bʌs	n.	公共汽车	27	6	2010/2011/2014/2016/2020/2021	bus:23 bused:2 buses:2
800	553	capital	ˈkæpɪt(ə)l	n.	首都.省会.大写；资本	27	5	2008/2010/2013/2018/2020	capital:27
801	646	chocolate	ˈtʃɔklət	n.	巧克力	27	2	2010/2013	chocolate:21 chocolates:6
802	812	cool	kuːl	adj.	凉的，凉爽的；酷	27	9	2008/2009/2010/2011/2015/2016/2018/2019/2021	cool:18 coolest:3 cooling:2 cooler:2
803	888	date	deɪt	n.	日期；约会 n.枣	27	4	2015/2017/2020/2022	date:16 dates:5 dating:4 dated:2
804	928	depend	dɪˈpend	vi.	依靠，依赖，指望；取决于	27	10	2008/2010/2012/2013/2015/2018/2019/2020/2021/2022	depending:11 depends:9 depend:5 depended:2
805	1064	earn	ɜːn	vt.	挣得，赚得	27	8	2010/2011/2013/2015/2017/2018/2020/2022	earn:17 earning:5 earned:5
806	1233	fear	fɪə(r)	n.	害怕；恐惧； 担忧	27	8	2008/2010/2013/2015/2017/2019/2020/2022	fear:21 feared:4 fears:2
807	1291	flight	flaɪt	n.	航班 n. 楼梯的一段	27	6	2008/2011/2013/2016/2017/2019	flight:25 flights:2
808	1398	general	ˈdʒenər(ə)l	adj.	大体，笼统的，总的	27	9	2011/2012/2013/2014/2015/2016/2018/2020/2022	general:27
809	1857	major	ˈmeɪdʒə(r)	adj.	较大的；主要的	27	8	2008/2013/2015/2017/2018/2020/2021/2022	major:27
810	2010	nature	ˈneɪtʃə(r)	n.	自然, 性质，种类	27	8	2010/2015/2016/2017/2018/2019/2020/2021	nature:27
811	2160	owner	ˈəʊnə(r)	n.	物主，所有人	27	6	2010/2011/2016/2017/2018/2019	owner:18 owners:9
812	2414	publish	ˈpʌblɪʃ	vt.	出版，发行	27	6	2011/2014/2016/2018/2020/2021	published:24 publisher:2 publishing:1
813	2457	rail	reɪl	n.	铁路	27	5	2010/2018/2020/2021/2022	rail:27
814	2541	remove	rɪˈmuːv	vt.	移动，拿走，脱掉（衣服等	27	10	2010/2011/2013/2015/2016/2017/2018/2020/2021/2022	remove:13 removed:7 removing:4 removes:3
815	2554	request	rɪˈkwest	n.	请求，要求的事物	27	7	2011/2014/2017/2019/2020/2021/2022	request:14 requests:11 requested:2
816	2561	reserve	rɪˈzɜːv	n. v.	储备；预定	27	7	2010/2013/2014/2017/2018/2020/2021	reserve:19 reserved:4 reserves:4
817	2580	reward	rɪˈwɔːd	n.	奖赏	27	7	2013/2014/2016/2018/2019/2020/2021	reward:12 rewarded:8 rewards:5 rewarding:2
818	2830	slow	slɪp	adv.	慢慢地，缓慢地	27	8	2010/2011/2013/2015/2017/2018/2019/2020	slow:16 slowing:5 slower:5 slows:1
819	3035	surface	ˈsɜːfɪs	n.	表面	27	8	2008/2009/2011/2016/2017/2018/2019/2021	surface:17 surfaces:10
820	3114	term	tɜːm	n.	学期;术语;条款;项	27	7	2013/2014/2015/2016/2017/2019/2021	term:21 terms:6
821	3123	thank	θæŋk	vt. n.	感谢，致谢，道谢 n. （复）感谢，谢意	27	10	2008/2010/2011/2014/2015/2016/2018/2019/2020/2021	thanks:13 thank:12 thanked:2
822	3162	throughout	θruːˈaʊt	prep.	遍及，贯穿；throw(threw,thrown	27	8	2011/2012/2017/2018/2019/2020/2021/2022	throughout:27
823	3206	total	ˈtəʊt(ə)l	adj. n. v.	总数的;总括的;完全的,全然的 n.合计,总计 v.合计为	27	7	2013/2014/2015/2016/2018/2020/2021	total:26 totalling:1
824	3212	tourist	ˈtʊərɪst	n.	旅行者，观光者	27	9	2010/2012/2015/2016/2017/2018/2019/2021/2022	tourist:14 tourists:13
825	3519	worth	wɜːθ	adj.	有…的价值,值得…的	27	9	2010/2013/2014/2015/2016/2018/2019/2020/2021	worth:27
826	68	admission	ədˈmɪʃ(ə)n	n.	准入, 接纳	26	7	2010/2015/2018/2019/2020/2021/2022	admission:22 admissions:4
827	173	annoy	əˈnɔɪ	vt.	（使）烦恼	26	9	2009/2015/2016/2017/2018/2019/2020/2021/2022	annoying:17 annoyed:7 annoys:2
828	187	anything	ˈenɪθɪŋ	pron.	什么事（物）；任何事（物	26	9	2010/2011/2012/2013/2015/2016/2017/2018/2020	anything:26
829	376	beginning	bɪˈɡɪnɪŋ	n.	开始，开端	26	9	2010/2011/2013/2014/2015/2016/2019/2020/2021	beginning:25 beginnings:1
830	430	blue	bluː	n. adj.	蓝色 a.蓝色的 a. 悲伤的；沮丧的	26	6	2010/2012/2015/2019/2020/2021	blue:26
831	862	cup	kʌp	n.	茶杯	26	5	2010/2011/2013/2017/2021	cup:21 cups:5
832	975	director	dɪˈrektə(r)	n.	所长，处长，主任；董事；导演	26	9	2010/2011/2012/2014/2016/2017/2018/2019/2020	director:26
833	1001	distance	ˈdɪstəns	n.	距离	26	7	2010/2012/2013/2014/2015/2017/2020	distance:22 distances:4
834	1068	easily	ˈiːzɪlɪ	adv.	容易地	26	12	2008/2010/2011/2012/2013/2014/2015/2016/2018/2019/2020/2022	easily:26
835	1223	farm	fɑːm	n.	农场；农庄	26	8	2008/2009/2010/2011/2014/2015/2017/2019	farm:19 farming:5 farms:2
836	1237	fee	fiː	n.	费，费用；feed (fed, fed	26	5	2010/2014/2015/2017/2018	feed:14 fees:10 fee:2
837	1593	hundred	ˈhʌndrəd	num.	百	26	10	2010/2011/2013/2014/2015/2016/2017/2018/2019/2020	hundreds:20 hundred:6
838	1671	internet	ˈɪntənet	n.	互联网，英特网	26	6	2012/2013/2014/2015/2016/2017	internet:26
839	1958	moment	ˈməʊmənt	n.	片刻，瞬间	26	9	2008/2011/2013/2014/2015/2017/2018/2019/2022	moment:24 moments:2
840	2201	passenger	ˈpæsɪndʒə(r)	n.	乘客，旅客	26	5	2011/2014/2016/2017/2022	passenger:22 passengers:4
841	2368	prevent	prɪˈvent	vt.	防止, 预防	26	9	2008/2011/2012/2013/2014/2015/2016/2017/2018	prevent:19 prevented:5 preventing:2
842	2543	repair	rɪˈpeə(r)	n. vt.	修理；修补	26	8	2011/2013/2014/2015/2017/2019/2020/2022	repair:15 repaired:6 repairing:5
843	2717	serious	ˈsɪərɪəs	adj.	严肃的,严重的,认真的	26	11	2008/2011/2013/2014/2015/2016/2017/2018/2019/2020/2022	serious:26
844	2885	south	ˈsaʊə(r)	adj. adv. n.	南(方)的；向南的；从南来的 ad. 在南方；向南方；自南方 n. 南；南方；南风；南部	26	8	2011/2014/2016/2018/2019/2020/2021/2022	south:26
845	2918	spread	spred	v.	延伸； 展开	26	6	2010/2011/2016/2018/2019/2020	spread:18 spreading:7 spreads:1
846	2988	studio	ˈstjuːdɪəʊ	n.	工作室，演播室	26	5	2012/2017/2018/2019/2020	studio:26
847	2992	subject	ˈsʌbdʒɪkt	adj. vt. n.	隶属的；受支配的；易受…的；在…条件下 vt. 使隶属；使服从；使受到 n. 题目；主题；学科；主语；主体	26	9	2008/2009/2010/2011/2012/2015/2019/2020/2022	subject:20 subjects:6
848	3155	thousand	ˈθaʊzənd	num.	千	26	8	2008/2010/2014/2016/2017/2018/2020/2021	thousands:21 thousand:5
849	3223	traffic	ˈtræfɪk	n.	交通，来往车辆	26	6	2008/2011/2013/2017/2020/2022	traffic:26
850	80	advice	ədˈvaɪs	n.	忠告，劝告，建议	25	9	2008/2010/2011/2012/2013/2016/2017/2018/2019	advice:25
851	106	ahead	əˈhed	adv.	在前，向前	25	7	2010/2011/2012/2014/2016/2018/2022	ahead:25
852	209	approach	əˈprəʊtʃ	n. v.	/ v. 靠近，接近，建议，要求	25	7	2010/2013/2016/2017/2018/2021/2022	approach:12 approaches:6 approaching:4 approached:3
853	238	article	ˈɑːtɪk(ə)l	n.	文章;东西,物品;冠词	25	5	2008/2012/2014/2016/2020	articles:16 article:9
854	631	chemical	ˈkemɪk(ə)l	adj. n.	化学的 n. 化学品	25	7	2008/2013/2014/2015/2016/2017/2020	chemicals:17 chemical:8
855	936	desire	dɪˈzaɪə(r)	vt. n.	要求；期望	25	7	2015/2016/2018/2019/2020/2021/2022	desire:20 desires:3 desired:2
856	937	desk	desk	n.	书桌，写字台	25	5	2008/2011/2016/2017/2019	desk:25
857	973	direct	dɪˈrekt	adj. vt.	/ vt. 直接的；直达的；直截了当的 指挥；指导；监督；管理；指挥（演奏）；导演（电影	25	6	2010/2016/2017/2019/2020/2022	directs:11 direct:7 directing:4 directed:3
858	980	disabled	dɪsˈeɪb(ə)ld	adj.	残废的，残疾的	25	6	2010/2011/2013/2014/2016/2019	disabled:25
859	1335	forward	ˈfɔːwəd	adv.	将来.今后.向前，前进	25	10	2008/2010/2012/2013/2014/2016/2017/2018/2019/2022	forward:25
860	1575	hospital	ˈhɔspɪt(ə)l	n.	医院	25	8	2010/2013/2016/2017/2018/2019/2020/2022	hospital:25
861	1638	industry	ˈɪndəstrɪ	n.	工业，产业	25	6	2010/2011/2013/2017/2018/2022	industry:21 industries:4
862	1652	inside	ɪnˈsaɪd	prep. adv.	在…里面 ad.在里面	25	8	2008/2012/2014/2016/2017/2019/2021/2022	inside:25
863	1986	movement	ˈmuːvmənt	n.	运动，活动	25	7	2011/2014/2016/2017/2019/2021/2022	movement:23 movements:2
864	2014	nearly	ˈnɪəlɪ	adv.	将近，几乎	25	8	2010/2012/2014/2015/2017/2018/2019/2022	nearly:25
865	2053	north	nɔːθ	adj. adv. n.	北的;朝北的;从北来的 ad.向（在,从）北方 n.北;北方;北部	25	9	2010/2011/2013/2014/2015/2016/2017/2018/2019	north:25
866	2164	pacific	pəˈsɪfɪk	adj.	太平洋的	25	4	2012/2016/2017/2018	pacific:25
867	2209	pattern	ˈpæt(ə)n	n.	式样	25	7	2011/2012/2013/2016/2018/2019/2021	patterns:16 pattern:9
868	3073	tall	tɔːl	adj.	高的	25	7	2009/2010/2011/2013/2015/2017/2021	tall:23 taller:2
869	3145	third	θɜːd	num.	第三	25	7	2009/2010/2013/2016/2020/2021/2022	third:23 thirds:2
870	3192	tomato	təˈmɑːtəʊ; (US) təˈmeɪtəʊ	n.	西红柿，番茄	25	4	2011/2014/2015/2020	tomatoes:20 tomato:5
871	3204	topic	ˈtɔpɪk	n.	题目，话题	25	6	2014/2015/2016/2018/2019/2021	topic:21 topics:4
872	3338	user	ˈjuːzə	n.	使用者；用户	25	8	2010/2011/2014/2015/2018/2019/2020/2021	users:21 user:4
873	3436	weekend	wiːkˈend	n.	周末	25	7	2011/2014/2015/2017/2018/2019/2022	weekend:17 weekends:8
874	3445	western	ˈwest(ə)n	adj.	西方的，西部的	25	6	2010/2013/2016/2018/2019/2020	western:25
875	3451	whatever	wɔtˈevə(r)	conj. pron.	无论什么，不管什么	25	8	2008/2012/2013/2015/2016/2018/2020/2021	whatever:25
876	3531	wrong	rɔŋ; (US) rɔːŋ	adj.	错误,不正常,有毛病的	25	10	2008/2009/2010/2011/2012/2013/2014/2016/2018/2021	wrong:25
877	3537	yes	jes	adv.	是，好，同意	25	8	2008/2010/2011/2013/2016/2019/2020/2021	yes:25
878	9	above	əˈbʌv	prep. adj. adv.	在……上面 a. 上面的 ad. 在……之上	24	8	2008/2010/2011/2014/2016/2017/2019/2020	above:24
879	274	attend	əˈtend	v.	看护，照料，服侍；出席，参加	24	9	2009/2013/2015/2016/2017/2018/2019/2020/2022	attend:13 attending:7 attended:3 attends:1
880	326	bank	bæŋk	n.	（河海湖的）岸，堤 n. 银行	24	6	2010/2011/2013/2016/2018/2020	bank:13 banks:9 banking:2
881	370	bee	biː	n.	. 蜜蜂	24	2	2012/2014	bees:22 bee:2
882	399	beyond	bɪˈjɔnd	prep.	(表示位置) 在…的那边	24	7	2010/2013/2014/2016/2018/2020/2021	beyond:24
883	431	board	bɔːd	n. v.	木板；布告牌；委员会；（政府的）部 v. 上（船、火车、飞机	24	8	2013/2014/2016/2018/2019/2020/2021/2022	board:14 boards:6 boarding:2 boarded:2
884	452	born	bɔːn	adj.	出生	24	7	2010/2012/2013/2014/2018/2019/2021	born:24
885	499	brother	ˈbrʌðə(r)	n.	兄；弟	24	5	2009/2010/2011/2015/2016	brother:17 brothers:7
886	831	couple	ˈkʌp(ə)l	n.	夫妇，一对	24	10	2008/2009/2010/2012/2013/2016/2018/2019/2021/2022	couple:22 coupled:2
887	3576	dad	dæd	n.	（口）爸爸	24	7	2010/2014/2015/2016/2017/2019/2020	dad:24
888	902	December	dɪˈsembə(r)	n.	12月	24	7	2010/2011/2015/2016/2017/2019/2022	december:24
889	925	demand	dɪˈmɑːnd; (US) dɪˈmænd	vt.	要求	24	7	2014/2015/2018/2019/2020/2021/2022	demand:8 demanding:8 demands:4 demanded:4
890	961	difficulty	ˈdɪfɪkəltɪ	n.	困难，费力；dig (dug, dug	24	9	2010/2011/2013/2015/2016/2017/2019/2021/2022	difficulty:13 difficulties:11
891	1148	eventually	ɪˈventjʊəlɪ	adv.	最终地	24	8	2010/2015/2017/2018/2019/2020/2021/2022	eventually:24
892	1170	exist	ɪgˈzɪst	vi.	存在	24	8	2010/2011/2013/2014/2015/2016/2018/2020	exist:11 existed:6 existing:5 exists:2
893	1469	guest	ɡest	n.	客人，宾客	24	7	2008/2010/2011/2014/2015/2018/2020	guests:18 guest:6
894	1559	hole	həʊl	n.	洞，坑	24	2	2017/2022	hole:24
895	1614	imagine	ɪˈmædʒɪn	vt.	想像，设想	24	8	2010/2013/2015/2017/2018/2019/2020/2022	imagine:15 imagined:9
896	2000	myself	maɪˈself	pron.	我自己	24	9	2009/2010/2013/2016/2017/2018/2019/2020/2021	myself:24
897	2310	pollution	pəˈluːʃ(ə)n	n.	污染	24	7	2008/2011/2014/2016/2019/2021/2022	pollution:24
898	2365	pressure	ˈpreʃə(r)	n.	压迫,压力,压强	24	5	2008/2010/2012/2019/2021	pressure:22 pressures:2
899	2388	process	ˈprəʊses; (US) ˈprɔses	n. v.	/ v. 过程,加工,处理	24	9	2011/2012/2015/2016/2017/2018/2019/2020/2021	process:19 processes:3 processing:2
900	2407	prove	pruːv	vt.	证明	24	9	2008/2010/2011/2015/2016/2017/2018/2021/2022	prove:10 proved:9 proven:3 proving:2
901	2429	push	pʊʃ	n. v.	推；put (put, put	24	9	2009/2011/2012/2013/2014/2018/2020/2021/2022	push:10 pushed:9 pushing:3 pushes:2
902	2521	regular	ˈreɡjʊlə(r)	adj.	规则的，经常	24	9	2010/2012/2013/2014/2015/2016/2017/2020/2022	regular:24
903	2752	shoe	ʃuː	n.	鞋	24	9	2008/2010/2012/2013/2015/2016/2017/2018/2022	shoes:23 shoe:1
904	3030	supply	səˈplaɪ	vt. n.	供给，供应	24	6	2010/2011/2013/2014/2015/2021	supply:20 supplied:2 supplies:2
905	3084	tax	tæks	n.	税，税款	24	2	2010/2022	tax:24
906	3633	toward(s)	təˈwɔːd	prep.	向，朝，对于	24	0		towards:24
907	3547	youth	juːθ	n.	青春；青年	24	4	2011/2016/2018/2019	youth:24
908	224	argue	ˈɑːɡjuː	vi.	争辩， 争论	23	9	2010/2011/2013/2015/2016/2018/2019/2020/2021	argue:10 argued:6 arguing:5 argues:2
909	277	attitude	ˈætɪtjuːd; (US) ˈætɪtud	n.	态度，看法	23	8	2010/2012/2013/2014/2015/2016/2017/2020	attitude:21 attitudes:2
910	294	average	ˈævərɪdʒ	adj. n.	平均；普通的 n.平均数	23	6	2010/2011/2016/2017/2018/2020	average:23
911	306	background	ˈbækɡraʊnd	n.	背景；backward(s	23	5	2013/2015/2016/2018/2021	background:22 backgrounds:1
912	400	bicycle	ˈbaɪsɪk(ə)l	n.	自行车	23	6	2008/2011/2012/2013/2018/2022	bicycle:23
913	493	british	ˈbrɪtɪʃ	adj.	英国的；大不列颠的；英国人的	23	7	2011/2013/2016/2017/2018/2020/2021	british:23
914	589	celebrate	ˈselɪbreɪt	v.	庆祝	23	8	2009/2010/2011/2015/2017/2018/2020/2022	celebrate:15 celebrated:4 celebrating:4
915	596	central	ˈsentr(ə)l	adj.	中心，中央；主要的；centre (美 center	23	5	2010/2017/2018/2019/2020	central:23
916	677	classroom	ˈklɑːsruːm	n.	教室	23	5	2014/2016/2017/2018/2019	classroom:19 classrooms:4
917	1024	doubt	daʊt	n. v.	怀疑，疑惑	23	8	2011/2015/2016/2017/2018/2020/2021/2022	doubt:12 doubted:7 doubting:2 doubts:2
918	1040	drop	drɔp	n. v.	滴 v.掉下.落下.投递.放弃	23	7	2011/2014/2016/2017/2018/2019/2021	dropped:12 drops:8 drop:2 dropping:1
919	1136	equipment	ɪˈkwɪpmənt	n.	装备，设备	23	7	2010/2013/2014/2015/2017/2019/2021	equipment:23
920	1193	extra	ˈekstrə	adj.	额外的，外加的	23	8	2010/2013/2014/2016/2017/2019/2021/2022	extra:23
921	1205	fail	feɪl	v.	失败；不及格；衰退	23	8	2010/2011/2013/2015/2016/2017/2020/2021	failed:10 fail:9 fails:2 failing:2
922	1489	handle	ˈhænd(ə)l	n. v.	柄，把柄 v. 处理	23	8	2010/2013/2014/2016/2017/2018/2020/2022	handle:16 handles:4 handling:2 handled:1
923	1554	hire	ˈhaɪə(r)	vt.	租用	23	6	2010/2011/2016/2019/2020/2021	hired:10 hiring:8 hire:5
924	1578	hot	hɔt	adj.	热的	23	7	2009/2010/2012/2015/2018/2020/2022	hot:23
925	1619	importance	ɪmˈpɔːt(ə)ns	n.	重要性	23	9	2008/2009/2010/2013/2014/2015/2016/2019/2022	importance:23
926	1870	mark	mɑːk	n. vt.	标记 vt.标明,作记号于	23	6	2010/2011/2014/2017/2020/2022	mark:11 marked:7 marks:3 marking:2
927	2115	operate	ˈɔpəreɪt	v.	做手术，运转；实施，负责, 经营，管理	23	5	2013/2017/2019/2020/2021	operating:11 operate:8 operated:2 operates:2
928	2545	repeat	rɪˈpiːt	vt.	重说，重做	23	6	2009/2011/2013/2017/2018/2021	repeated:14 repeat:6 repeating:3
929	2576	review	rɪˈvjuː	vt. n.	重新调查； 回顾； 复习 n. 复查；复习；评论	23	9	2009/2010/2014/2015/2016/2018/2019/2020/2022	review:14 reviews:6 reviewing:3
930	2611	round	raʊnd	adv. prep. adj.	转过来 prep. 环绕一周，围着 a.圆的；球形的	23	8	2008/2011/2013/2015/2016/2019/2020/2022	round:23
931	2946	status	ˈsteɪtəs	n.	法律地位（身份	23	3	2016/2019/2021	status:23
932	3179	tip	tɪp	n. v.	顶端，尖端；告诫； 提示 (给)小费	23	8	2008/2009/2010/2014/2017/2018/2020/2022	tips:18 tip:5
933	3356	vehicle	ˈviːɪk(ə)l; (US) ˈviːhɪkl	n.	交通工具，车辆	23	3	2016/2017/2021	vehicle:17 vehicles:6
934	311	bag	bæɡ	n.	书包；提包；袋子	22	6	2008/2015/2017/2018/2020/2021	bags:16 bag:6
935	720	comfort	ˈkʌmfət	n.	安慰； 慰问	22	8	2010/2013/2014/2015/2016/2018/2020/2021	comfort:15 comforting:5 comforts:2
936	772	connection	kəˈnekʃ(ə)n	n.	连接物;接触,联系	22	8	2011/2012/2013/2016/2018/2019/2020/2022	connection:18 connections:4
937	1069	east	iːst	adj. adv. n.	东方；东部的；朝东的；从东方来 ad. 在东方；向东方；从东方 n. 东，东方；东部	22	9	2008/2010/2011/2013/2016/2018/2020/2021/2022	east:22
938	1075	edge	edʒ	n.	边缘	22	8	2010/2011/2012/2013/2014/2016/2017/2022	edge:18 edges:4
939	1086	eight	eɪt	num.	八	22	7	2010/2011/2013/2017/2018/2019/2022	eight:22
940	1125	entertainment	entəˈteɪnmənt	n.	娱乐	22	7	2008/2013/2017/2018/2019/2020/2022	entertainment:22
941	1267	fire	ˈfaɪə(r)	n. vi.	火；火炉；火灾 vi. 开火，开（枪，炮等），射击	22	5	2014/2016/2017/2020/2021	fire:20 fires:2
942	1272	firm	fɜːm	n. adj.	公司;企业 a.坚固的,坚定的	22	6	2008/2011/2012/2016/2017/2020	firm:16 firms:6
943	1319	foreign	ˈfɔrən; (US) ˈfɔːrɪn	adj.	外国的	22	6	2010/2014/2017/2018/2020/2022	foreign:22
944	1383	gain	ɡeɪn	vt.	赢得；挣得	22	8	2011/2012/2015/2016/2017/2018/2019/2020	gain:10 gained:7 gaining:5
945	1696	jam	dʒæm	n.	果酱；阻塞	22	8	2008/2011/2014/2015/2016/2017/2019/2022	james:15 jams:5 jammed:2
946	1850	magazine	mæɡəˈziːn	n.	杂志	22	7	2010/2016/2017/2018/2019/2021/2022	magazine:17 magazines:5
947	1964	monument	ˈmɔnjʊmənt	n.	纪念碑，纪念物	22	4	2014/2015/2018/2020	monuments:20 monument:2
948	2008	native	ˈneɪtɪv	adj.	本土的，本国的	22	5	2010/2011/2014/2016/2022	native:21 natives:1
949	2172	paint	peɪnt	n. vt.	油漆 vt.油漆,粉刷,绘画	22	5	2010/2011/2012/2018/2020	painted:11 paint:11
950	2406	proud	praʊd	adj.	自豪的；骄傲的	22	7	2010/2011/2013/2014/2016/2019/2020	proud:22
951	2415	pull	pʊl	n.	拉，拖 n. 拉力，引力	22	8	2009/2010/2011/2012/2014/2016/2017/2020	pull:10 pulled:8 pulling:4
952	3059	symbol	ˈsɪmb(ə)l	n.	象征	22	6	2012/2015/2016/2019/2020/2021	symbols:11 symbol:11
953	3166	thus	ðʌs	adv.	这样；因而	22	9	2009/2010/2011/2012/2015/2016/2017/2019/2020	thus:22
954	3215	tower	ˈtaʊə(r)	n.	塔	22	3	2010/2015/2018	towers:14 tower:8
955	3220	trade	treɪd	n. vt.	贸易 vt.用…进行交换	22	8	2010/2011/2012/2013/2015/2018/2019/2020	trade:15 trading:3 trades:2 traded:2
956	3336	useful	ˈjuːsfʊl	adj.	有用的，有益的	22	9	2008/2013/2014/2016/2017/2018/2020/2021/2022	useful:22
957	3341	vacation	vəˈkeɪʃ(ə)n	n.	假期，休假	22	8	2009/2010/2011/2013/2015/2016/2018/2020	vacation:17 vacations:3 vacationing:2
958	3636	wake	weɪk	v.	醒，醒来；唤醒（woke, woken）	22	9	2008/2011/2012/2013/2017/2018/2020/2021/2022	wake:12 woke:7 wakes:2 waking:1
959	3414	waste	weɪst	n. vt.	浪费	22	6	2010/2014/2017/2018/2019/2021	waste:21 wasted:1
960	3515	worried	ˈwɜrɪd /ˈwʌ-	adj.	担心的，烦恼的	22	9	2010/2013/2014/2015/2016/2018/2020/2021/2022	worried:22
961	77	adventure	ədˈventʃə(r)	n.	冒险； 奇遇	21	6	2010/2015/2016/2018/2020/2021	adventure:15 adventures:4 adventuring:2
962	92	afternoon	ɑːftəˈnuːn	n.	下午，午后；afterward(s	21	9	2011/2012/2013/2014/2015/2016/2018/2019/2021	afternoon:19 afternoons:2
963	162	ancient	ˈeɪnʃənt	adj.	古代的，古老的	21	8	2011/2012/2013/2015/2019/2020/2021/2022	ancient:21
964	296	award	wɔːd	n.	奖品，奖励	21	5	2017/2018/2019/2021/2022	awards:10 award:8 awarded:3
965	690	clock	klɔk	n.	钟	21	7	2008/2011/2012/2013/2015/2017/2018	clock:21
966	875	daily	ˈdeɪlɪ	adj. adv. n.	每日的；日常的 ad. 每天 n. 日报	21	8	2010/2014/2016/2017/2018/2019/2020/2021	daily:21
967	995	disease	dɪˈziːz	n.	病，疾病	21	9	2009/2010/2011/2013/2014/2016/2017/2018/2022	disease:19 diseases:2
968	1156	evidence	ˈevɪdəns	n.	证据，证明	21	7	2009/2011/2015/2016/2018/2019/2022	evidence:21
969	1322	forest	ˈfɔrɪst; (US) ˈfɔːrɪst	n.	森林	21	8	2008/2010/2012/2014/2016/2017/2018/2021	forest:14 forests:7
970	1350	freeze	friːz	vi.	(froze, frozen) vi. 结冰	21	6	2011/2014/2015/2016/2018/2021	frozen:14 freeze:6 froze:1
971	1396	gather	ˈɡæðə(r)	v.	聚集；采集	21	4	2016/2017/2019/2020	gather:8 gathered:8 gathering:5
972	1433	grade	ɡreɪd	n.	等级；（中小学的）学年；成绩，分数	21	6	2011/2012/2015/2018/2019/2021	grade:12 grades:6 graded:3
973	1499	hardly	ˈhɑːdlɪ	adv.	几乎不	21	9	2010/2011/2013/2014/2015/2017/2018/2019/2020	hardly:21
974	1621	impossible	ɪmˈpɔsɪb(ə)l	adj.	不可能的	21	7	2008/2013/2014/2017/2019/2020/2021	impossible:21
975	1812	lion	ˈlaɪən	n.	狮子	21	2	2010/2014	lion:21
976	1885	maybe	ˈmeɪbiː	adv.	可能，大概，也许	21	8	2008/2013/2014/2016/2017/2020/2021/2022	maybe:21
977	3596	mom	mɒm	n.	（美）妈妈	21	5	2008/2013/2014/2015/2020	mom:20 moms:1
978	2034	nice	naɪs	adj.	令人愉快;好的漂亮的	21	8	2011/2013/2015/2016/2018/2019/2020/2021	nice:21
979	2112	opening	ˈəʊpənɪŋ	n.	开放，口子	21	8	2010/2011/2013/2018/2019/2020/2021/2022	opening:19 openings:2
980	2290	pleasure	pliːzd	n.	高兴，愉快	21	7	2008/2010/2011/2014/2016/2018/2020	pleasure:21
981	2339	pound	pəˈtenʃ(ə)l	n.	磅；英镑	21	7	2010/2011/2015/2016/2018/2020/2022	pounds:14 pound:6 pounded:1
982	2383	prize	praɪz	n.	奖赏，奖品	21	4	2011/2014/2016/2018	prize:16 prizes:5
983	2405	protection	prəˈtekʃ(ə)n	n.	保护	21	7	2010/2012/2014/2018/2019/2020/2022	protection:21
984	2410	psychology	saɪˈkɔlədʒɪ	n.	心理学	21	5	2013/2015/2018/2019/2022	psychology:21
985	2535	rely	rɪˈlaɪ	v.	依赖，依靠	21	9	2009/2010/2015/2016/2017/2018/2020/2021/2022	rely:16 relying:4 relies:1
986	2781	signal	ˈsɪɡn(ə)l	n.	信号，暗号	21	6	2009/2016/2017/2018/2020/2022	signals:12 signal:7 signaled:2
987	2796	single	ˈsɪŋɡ(ə)l	adj.	单一的，单个的	21	4	2010/2017/2018/2019	single:21
988	2896	speaker	ˈspiːkə(r)	n.	演讲人，演说家	21	4	2011/2014/2018/2019	speakers:14 speaker:7
989	2900	specific	spɪˈsɪfɪk	adj.	明确的,具体的,独特的	21	8	2014/2015/2016/2018/2019/2020/2021/2022	specific:19 specifics:2
990	3009	suit	suːt	vt. n.	适合 n.一套（衣服	21	6	2010/2011/2013/2016/2018/2020	suit:15 suits:4 suited:2
991	3246	trick	trɪk	n.	诡计，把戏	21	6	2011/2012/2013/2014/2020/2021	trick:11 tricks:10
992	3326	upon	əˈpɔn	prep.	在……上面	21	9	2008/2010/2011/2013/2014/2016/2017/2018/2019	upon:21
993	3491	wish	wɪʃ	n. vt.	愿望，祝愿 vt. 希望，想要，祝愿	21	8	2010/2011/2014/2016/2019/2020/2021/2022	wish:10 wishing:5 wished:5 wishes:1
994	3498	wonderful	ˈwʌndəfʊl	adj.	美妙的，精彩的；了不起的；太好了	21	7	2008/2015/2016/2017/2018/2019/2020	wonderful:21
995	109	aim	eɪm	n. v.	目的；目标 v. 计划，打算；瞄准；针对	20	8	2008/2011/2013/2014/2017/2019/2021/2022	aim:11 aims:5 aimed:4
996	158	analyze	ˈænəlaɪz	v.	分析	20	6	2013/2015/2016/2018/2019/2020	analyzing:9 analyze:6 analyzed:5
997	227	arm	ɑːm	n. v.	臂,支架 v. 以…装备,武装起来n. （美）武器,武力	20	7	2008/2010/2011/2014/2015/2016/2018	arm:12 arms:8
998	336	base	beɪs	n.	根据地，基地（棒球）垒	20	6	2010/2014/2016/2018/2019/2020	based:14 base:6
999	342	basket	ˈbɑːskɪt; (US) ˈbæskɪt	n.	篮子	20	4	2010/2015/2017/2018	basket:16 baskets:4
1000	488	bridge	brɪdʒ	n.	桥	20	6	2011/2013/2016/2017/2018/2020	bridge:13 bridges:7
1001	492	Britain	ˈbrɪtən	n.	* n. 英国；不列颠	20	8	2011/2013/2015/2016/2017/2018/2019/2020	britain:20
1002	540	camera	ˈkæmərə	n.	照相机；摄像机	20	7	2008/2011/2012/2013/2014/2018/2019	cameras:11 camera:9
1003	545	canal	kəˈnæl	n.	运河；水道	20	1	2015	canal:16 canals:4
1004	700	coach	kəʊtʃ	n.	教练；马车；长途车	20	6	2013/2015/2016/2019/2020/2022	coach:12 coaching:4 coaches:4
1005	721	comfortable	ˈkʌmfətəb(ə)l; (US) ˈkʌmfərtəbl	adj.	舒服的；安逸的；舒服自在的	20	6	2013/2016/2017/2018/2021/2022	comfortable:20
1006	761	conduct	ˈkɔndʌkt	vt.	引导，带领	20	9	2009/2012/2013/2014/2015/2016/2017/2018/2020	conducted:12 conduct:5 conducting:3
1007	883	dark	dɑːk	n. adj.	黑暗；暗处；日暮 a. 黑暗的；暗淡的；深色的	20	6	2008/2014/2015/2016/2017/2019	dark:17 darker:3
1008	974	direction	dɪˈrekʃ(ə)n	n.	方向；方位	20	8	2010/2012/2013/2016/2017/2019/2020/2022	direction:17 directions:3
1009	1163	excellent	ˈeksələnt	adj.	极好的，优秀的	20	8	2010/2011/2012/2014/2016/2017/2018/2019	excellent:20
1010	1213	familiar	fəˈmɪlɪə(r)	adj.	熟悉的	20	7	2010/2011/2012/2016/2018/2019/2020	familiar:20
1011	1263	fine	faɪn	adj. n. v.	细的；晴朗的；美好的；（身体）健康的 n.& v. 罚款	20	7	2008/2011/2015/2016/2017/2020/2022	fine:18 fined:2
1012	1278	fit	fɪt	adj. v.	健康的, 适合的 v. （使）适合，安装	20	7	2009/2012/2015/2016/2017/2018/2022	fit:17 fitting:2 fitted:1
1013	1297	flower	ˈflaʊə(r)	n.	花	20	7	2010/2011/2014/2016/2018/2020/2021	flowers:17 flower:3
1014	1356	Friday	ˈfraɪdɪ	n.	星期五	20	7	2008/2011/2013/2014/2017/2018/2020	friday:18 fridays:2
1015	1378	funny	ˈfʌnɪ	adj.	有趣的，滑稽可笑的	20	4	2010/2014/2016/2021	funny:18 funniest:2
1016	1391	gardening	ˈɡɑːdnɪŋ	n.	园艺学	20	5	2011/2014/2016/2017/2018	gardening:20
1017	1616	immediately	ɪˈmiːdɪətlɪ	adv.	立即	20	7	2008/2009/2010/2014/2016/2018/2021	immediately:20
1018	1733	keyboard	kiːbɔːd	n.	键盘	20	1	2019	keyboard:20
1019	1779	leading	ˈliːdɪŋ	adj.	最主要的，第一位的；leaf (复 leaves	20	5	2010/2011/2015/2017/2019	leading:20
1020	2073	nurse	nɜːs	n.	护士；保育员	20	4	2010/2016/2019/2021	nurse:12 nurses:8
1021	2116	operation	ɔpəˈreɪʃ(ə)n	n.	手术，操作	20	5	2012/2013/2016/2021/2022	operation:13 operations:7
1022	2170	pain	peɪn	n.	疼痛，疼	20	5	2012/2013/2014/2017/2018	pain:20
1023	2395	progress	ˈprəʊɡres; (US) ˈprɔɡres	n. vi.	进步,上进vi.进展,进行	20	4	2010/2014/2017/2022	progress:20
1024	2443	quick	kwɪk	adj. adv.	快；敏捷的；急剧的 ad. 快地；敏捷地；急剧地	20	7	2011/2013/2014/2015/2016/2017/2022	quick:20
1025	2466	range	reɪndʒ	n. v.	/ v. 变化，变动，排序	20	7	2013/2015/2016/2018/2019/2020/2021	range:17 ranging:2 ranges:1
1026	2652	Saturday	ˈsætədeɪ	n.	星期六	20	5	2011/2014/2015/2017/2018	saturday:20
1027	2705	select	sɪˈlekt	vt.	选择，挑选，选拔	20	7	2014/2015/2016/2018/2019/2020/2022	selected:10 select:10
1028	3617	shake	ʃeɪk	v.	摇动，震动；握手	20	6	2008/2009/2011/2013/2015/2018	shaking:8 shake:6 shook:3 shakes:3
1029	2858	society	səˈsaɪətɪ	n.	社会	20	6	2010/2011/2012/2015/2020/2022	society:18 societies:2
1030	2901	speech	spiːtʃ	n.	演讲	20	7	2009/2010/2011/2014/2016/2018/2019	speech:16 speeches:4
1031	2960	stone	stəʊn	n.	石头，石料	20	5	2014/2016/2018/2019/2021	stone:14 stones:6
1032	3468	whose	huːz	pron.	谁的	20	7	2010/2011/2016/2018/2019/2020/2022	whose:20
1033	88	afraid	əˈfreɪd	adj.	害怕的；担心	19	6	2008/2009/2010/2011/2013/2018	afraid:19
1034	249	aspect	ˈæspekt	n.	方面，外观，外表	19	6	2010/2011/2013/2017/2020/2022	aspects:12 aspect:7
1035	339	basic	ˈbeɪsɪk	adj.	基本的	19	9	2008/2012/2013/2014/2016/2017/2018/2019/2020	basic:18 basics:1
1036	458	bottle	ˈbɔt(ə)l	n.	瓶子	19	7	2008/2011/2012/2015/2018/2021/2022	bottles:8 bottle:6 bottled:5
1037	478	breakfast	ˈbrekfəst	n.	早餐	19	4	2010/2017/2019/2020	breakfast:18 breakfasted:1
1038	490	bright	braɪt	adj.	明亮的；聪明的	19	7	2008/2010/2012/2016/2017/2018/2020	bright:19
1039	673	classic	ˈklæsɪk	adj.	一流的，典型的，有代表性的	19	6	2013/2014/2016/2017/2020/2022	classic:19
1040	729	communicate	kəˈmjuːnɪkeɪt	v.	交际；传达（感情，信息等	19	9	2009/2012/2014/2015/2016/2017/2018/2020/2022	communicate:12 communicating:5 communicated:2
1041	743	complex	ˈkɔmpleks	adj. n.	/ n. 复杂的，建筑群	19	5	2012/2017/2018/2020/2021	complex:19
1042	901	decade	ˈdekeɪd	n.	十年期	19	7	2010/2012/2013/2014/2016/2018/2020	decades:12 decade:7
1043	916	degree	dɪˈɡriː	n.	程度；度数；学位	19	4	2015/2017/2020/2022	degree:19
1044	955	die	daɪ	v.	死	19	6	2008/2010/2011/2014/2016/2018	died:14 die:5
1045	994	discussion	dɪsˈkʌʃ(ə)n	n.	讨论，辩论	19	6	2011/2013/2016/2018/2019/2021	discussion:17 discussions:2
1046	1045	dry	draɪ	v. adj.	使…干；弄干；擦干 a. 干的；干燥的	19	4	2010/2011/2015/2016	dry:13 dried:3 drier:2 drying:1
1047	1096	electronic	ɪlekˈtrɔnɪk	adj.	电子的	19	6	2010/2012/2014/2015/2016/2018	electronic:17 electronics:2
1048	1155	everywhere	ˈevrɪweə(r)	adv.	到处	19	7	2010/2011/2015/2016/2018/2021/2022	everywhere:19
1049	1236	February	ˈfebruəri	n.	2月	19	7	2014/2015/2016/2017/2018/2020/2022	february:19
1050	1352	French	frentʃ	n.	法语 a法国的；法国人的；法语的	19	3	2015/2016/2020	french:19
1051	1375	function	ˈfʌŋkʃən	n. v.	/ v. 作用,功能,运转	19	7	2008/2012/2017/2018/2020/2021/2022	functions:11 function:8
1052	1394	gas	ɡæs	n.	煤气	19	5	2008/2011/2017/2018/2021	gas:12 gases:7
1053	1415	glass	ɡlɑːs; (US) ɡlæs	n.	玻璃杯,玻璃；(复)眼镜	19	7	2008/2010/2012/2015/2018/2019/2020	glass:16 glasses:3
1054	1665	intelligence	ɪnˈtelɪdʒəns	n.	智力,才智,智慧	19	6	2011/2013/2015/2016/2018/2021	intelligence:19
1055	1694	itself	ɪtˈself	pron.	它自己	19	8	2008/2010/2011/2013/2016/2017/2021/2022	itself:19
1056	1714	joy	dʒɔɪ	n.	欢乐，高兴，乐趣	19	7	2010/2012/2014/2017/2018/2019/2020	joy:19
1057	1771	laugh	lɑːf	n. v.	笑，大笑；嘲笑	19	5	2012/2016/2017/2020/2021	laugh:13 laughed:3 laughing:3
1058	1995	musical	ˈmjuːzɪk(ə)l	adj. n.	音乐的，爱好音乐的 n. 音乐片	19	7	2010/2011/2012/2016/2017/2019/2022	musical:13 musicals:6
1059	2023	neither	ˈnaɪðə(r)	adj.	（两者）都不;也不	19	7	2010/2011/2012/2013/2015/2019/2022	neither:19
1060	2052	normal	ˈnɔːm(ə)l	n. adj.	正常的（状态	19	7	2008/2010/2014/2015/2017/2019/2021	normal:19
1061	2213	peace	piːs	n.	和平	19	6	2008/2011/2015/2016/2019/2020	peace:19
1062	2237	permit	pəˈmɪt	vt. n.	许可,允许;执照 n.许可证	19	5	2008/2012/2016/2017/2019	permit:7 permitted:7 permits:3 permitting:2
1063	2249	physical	ˈfɪzɪk(ə)l	adj.	身体的；物理的	19	5	2012/2013/2016/2017/2020	physical:19
1064	2344	practical	ˈpræktɪk(ə)l	adj.	实际的，适用的；practice(s)e	19	10	2009/2010/2011/2013/2014/2015/2016/2018/2019/2020	practical:19
1065	2527	relative	ˈrelətɪv	n.	亲属，亲戚	19	5	2008/2010/2012/2015/2018	relatives:15 relative:4
1066	2547	reply	rɪˈplaɪ	n.	回答，答复	19	7	2009/2010/2018/2019/2020/2021/2022	replied:10 reply:7 replying:2
1067	2598	rock	rɔk	n. vt.	岩石,大石头vt. 摇,摇晃	19	7	2011/2012/2016/2017/2018/2019/2022	rock:17 rocks:2
1068	2716	September	səpˈtembə(r)	n.	9月	19	4	2014/2016/2019/2021	september:19
1069	2880	sort	sɔːt	n.	]；t. 把…分类，拣选 n. 种类，类别	19	8	2008/2011/2014/2016/2018/2019/2020/2022	sort:12 sorts:5 sorted:2
1070	2921	square	skweə(r)	n. adj.	广场 a. 平方的；方形的，宽而结实的（体格，肩膀	19	4	2008/2013/2015/2019	square:17 squares:2
1071	3094	technique	ˈteknɪk(ə)l	n.	技术;技巧,方法	19	6	2013/2014/2015/2018/2019/2020	techniques:13 technique:6
1072	3137	therefore	ˈðeəfɔː(r)	adv.	因此，所以	19	7	2008/2009/2010/2012/2014/2016/2020	therefore:19
1073	3234	transport	trænsˈpɔːt	n. vt.	运输	19	4	2010/2016/2017/2020	transport:13 transports:3 transported:3
1074	3307	unique	jʊˈniːk	adj.	惟一的,独一无二的	19	6	2013/2015/2017/2018/2019/2021	unique:19
1075	3351	various	ˈveərɪəs	adj.	各种各样的，不同的	19	8	2010/2013/2015/2016/2017/2020/2021/2022	various:19
1076	3418	wave	weɪv	n. v.	（热、光、声等的）波，波浪 v. 挥手，挥动，波动	19	6	2010/2013/2014/2016/2021/2022	waving:8 wave:6 waves:3 waved:2
1077	3472	wife	waɪf	n.	妻子	19	6	2008/2010/2012/2013/2020/2021	wife:19
1078	27	accident	ˈæksɪdənt	n.	事故，意外的事	18	5	2011/2012/2016/2019/2022	accident:14 accidents:4
1079	32	account	əˈkaʊnt	n.	账目;描述	18	6	2013/2014/2016/2018/2020/2021	accounts:9 account:5 accounting:3 accounted:1
1080	81	advise	ədˈvaɪz	vt.	忠告，劝告，建议	18	7	2010/2011/2013/2014/2015/2016/2017	advised:13 advise:5
1081	244	Asia	ˈeɪʃə	n.	* n. 亚洲	18	7	2008/2010/2012/2015/2016/2018/2020	asia:18
1082	248	asleep	əˈsliːp	adj.	睡着的，熟睡	18	3	2011/2013/2016	asleep:18
1083	315	balance	ˈbæləns	n.	平衡	18	5	2010/2016/2017/2018/2022	balance:15 balancing:2 balanced:1
1084	317	ball	bɔːl	n.	球 n. 舞会	18	6	2011/2012/2018/2019/2020/2022	ball:18
1085	543	Canada	ˈkænədə	n.	* n. 加拿大	18	6	2010/2011/2017/2018/2019/2021	canada:18
1086	615	character	ˈkærɪktə(r)	n.	（汉）字.字体；品格	18	8	2009/2010/2011/2013/2014/2016/2017/2019	characters:15 character:3
1087	659	cinema	ˈsɪnəmə	n.	电影院；电影	18	2	2008/2011	cinema:17 cinemas:1
1088	834	court	kɔːt	n.	法庭；法院	18	2	2015/2016	court:18
1089	842	crazy	ˈkreɪzɪ	adj.	疯狂的	18	6	2013/2014/2016/2019/2020/2021	crazy:18
1090	921	delicious	dɪˈlɪʃəs	adj.	美味的，可口的	18	5	2012/2016/2017/2018/2021	delicious:18
1091	991	discovery	dɪˈskʌvərɪ	n.	发现	18	6	2010/2013/2017/2018/2020/2021	discovery:11 discoveries:7
1092	1016	document	ˈdɔkjʊmənt	n.	文件；文献	18	3	2010/2014/2015	documents:12 documenting:4 document:2
1093	1095	electricity	ɪlekˈtrɪsɪtɪ	n.	电；电流	18	4	2010/2011/2018/2020	electricity:18
1094	1140	escape	ɪˈskeɪp	n. vi.	逃跑；逃脱	18	7	2008/2011/2014/2015/2019/2021/2022	escape:9 escaping:5 escaped:4
1095	1189	expose	ɪkˈspəʊz; (US) ekspəˈzeɪ	vt.	揭露	18	6	2013/2014/2018/2020/2021/2022	exposed:12 expose:4 exposing:2
1096	1196	extremely	ɪkˈstriːmlɪ	adv.	极其，非常	18	9	2008/2012/2013/2014/2015/2016/2017/2018/2021	extremely:18
1097	1468	guess	ɡes	vi.	猜	18	5	2011/2019/2020/2021/2022	guess:12 guessing:4 guesses:2
1098	1565	homework	ˈhəʊmwɜːk	n.	家庭作业	18	5	2010/2013/2014/2018/2019	homework:18
1099	1576	host	həʊst	n. v.	主人；节目主持人 v. 做主人招待	18	4	2019/2020/2021/2022	host:11 hosts:3 hosting:2 hosted:2
1100	1589	huge	hjuːdʒ	adj.	巨大的，庞大的	18	8	2010/2012/2013/2015/2018/2019/2021/2022	huge:18
1101	1632	indeed	ɪnˈdiːd	adj.	确实；实在	18	8	2008/2012/2016/2018/2019/2020/2021/2022	indeed:18
1102	1655	inspire	ɪnˈspaɪə(r)	vt.	鼓舞； 激励	18	7	2014/2016/2017/2019/2020/2021/2022	inspired:6 inspire:6 inspiring:4 inspires:2
1103	1666	intend	ɪnˈtend	vt.	想要，打算	18	6	2008/2016/2018/2020/2021/2022	intended:10 intend:4 intends:4
1104	1697	January	ˈdʒænjʊərɪ; (US) ˈdʒænjʊerɪ	n.	1月	18	5	2014/2017/2020/2021/2022	january:18
1105	1745	kitchen	ˈkɪtʃɪn	n.	厨房	18	8	2008/2010/2011/2012/2014/2017/2020/2021	kitchen:18
1106	1863	manner	ˈmænə(r)	n.	方式，态度，举止	18	7	2008/2011/2013/2015/2016/2018/2019	manners:11 manner:7
1107	1879	match	mætʃ	vt. n.	使相配，使成对 n. 比赛，竞赛 n. 火柴	18	8	2009/2010/2011/2017/2018/2019/2020/2021	match:13 matching:5
1108	1961	monitor	ˈmɔnɪtə(r)	n.	（班级内的）班长；纠察生；监视器	18	5	2013/2016/2017/2018/2020	monitors:7 monitor:5 monitored:4 monitoring:2
1109	1974	motivation	məʊtɪˈveɪʃn	n.	（做事的）动机	18	3	2016/2017/2019	motivation:17 motivations:1
1110	2085	occur	əˈkɜː(r)	vi.	发生	18	6	2010/2011/2012/2014/2018/2020	occurred:11 occur:4 occurs:3
1111	2086	ocean	ˈəʊʃ(ə)n	n.	海洋	18	4	2008/2016/2020/2021	ocean:11 oceans:7
1112	2228	perfect	kwestʃəˈneə(r)	adj.	完美的，极好的	18	7	2008/2013/2015/2016/2018/2020/2021	perfect:18
1113	2234	period	ˈpɪərɪəd	n.	时期，时代	18	8	2010/2013/2014/2015/2016/2017/2018/2020	period:12 periods:6
1114	2248	phrase	freɪz	n.	短语；习惯用语	18	7	2011/2012/2015/2016/2017/2019/2020	phrase:16 phrases:2
1115	2287	pleasant	ˈplezənt	adj.	令人愉快的，舒适的	18	6	2008/2010/2011/2016/2018/2021	pleasant:18
1116	2289	pleased	pliːzd	adj.	高兴的	18	8	2009/2010/2011/2012/2013/2014/2016/2021	pleased:18
1117	2550	represent	reprɪˈzent	vt.	代表	18	6	2012/2014/2015/2016/2019/2020	represent:10 represented:5 representing:2 represents:1
1118	2672	scientific	saɪənˈtɪfɪk	adj.	科学的	18	6	2009/2011/2014/2016/2017/2020	scientific:18
1119	2684	sea	siː	n.	海，海洋	18	5	2008/2010/2016/2018/2020	sea:18
1120	2704	seldom	ˈseldəm	adv.	很少，不常	18	6	2008/2010/2013/2015/2016/2019	seldom:18
1121	2713	separate	ˈsepərət	v. adj.	使分开，使分离a. 单独的，分开的	18	7	2010/2013/2016/2017/2018/2020/2022	separate:15 separated:3
1122	2746	sheet	ʃiːt	n.	成幅的薄片，薄板；shelf (复 shelves	18	2	2013/2017	sheet:16 sheets:2
1123	2758	shopping	ˈʃɔpɪŋ	n.	买东西	18	6	2008/2011/2014/2015/2017/2021	shopping:18
1124	2879	sorry	ˈsɔrɪ	adj.	对不起,抱歉;难过的	18	7	2008/2010/2013/2016/2017/2018/2021	sorry:18
1125	2919	spring	sprɪŋ	n.	春天,春季 n. 泉水,泉	18	7	2010/2012/2014/2016/2020/2021/2022	spring:18
1126	2928	stage	steɪdʒ	n.	舞台；阶段	18	6	2012/2015/2016/2017/2018/2022	stage:18
1127	2944	statistics	stəˈtɪstɪks	n.	统计数字，统计资料，统计学	18	4	2015/2016/2019/2020	statistics:18
1128	3290	underground	ʌndəˈɡraʊnd	adj. n.	地下的 n. 地铁	18	7	2009/2010/2011/2013/2016/2017/2020	underground:18
1129	3313	unknown	juːnɪˈvɜːsɪtɪ	adj.	不知道的	18	7	2008/2010/2011/2014/2018/2019/2020	unknown:18
1130	3323	unusual	ʌnˈjuːʒʊəl	adj.	不平常的，异常的	18	6	2009/2010/2012/2013/2018/2020	unusual:18
1131	3470	wide	weə(r); (US) hweər	adj.	宽阔的	18	7	2012/2013/2014/2015/2016/2019/2021	wide:18
1132	3506	worker	ˈwɜːkə(r)	n.	工人；工作者	18	7	2008/2010/2011/2015/2016/2017/2018	workers:12 worker:6
1133	3516	worry	ˈwʌrɪ	n. v.	烦恼,担忧,发怒,困扰	18	6	2010/2012/2014/2016/2018/2021	worry:16 worries:2
1134	181	anxiety	æŋˈzaɪətɪ	n.	担忧，焦虑	17	5	2013/2014/2016/2018/2019	anxiety:15 anxieties:2
1135	217	architecture	ˈɑːkɪtektʃə(r)	n.	建筑学，建筑设计，风格	17	4	2017/2018/2020/2022	architecture:17
1136	427	blood	blʌd	n.	血，血液	17	4	2010/2012/2019/2020	blood:17
1137	446	boot	buːt	n.	长统靴；靴	17	2	2009/2012	boots:17
1138	621	cheap	tʃiːp	adj.	便宜的，贱	17	6	2008/2010/2011/2013/2018/2022	cheap:9 cheaper:6 cheapest:2
1139	665	citizen	ˈsɪtɪz(ə)n	n.	公民；居民	17	6	2010/2011/2014/2017/2018/2019	citizens:11 citizen:6
1140	685	clever	ˈklevə(r)	adj.	聪明的，伶俐的	17	5	2010/2011/2016/2017/2022	clever:15 cleverer:2
1141	712	colleague	ˈkɔliːɡ	n.	同事	17	6	2010/2014/2016/2018/2020/2021	colleagues:13 colleague:4
1142	790	contain	kənˈteɪn	v.	包含；包括；能容纳	17	6	2010/2011/2012/2018/2020/2022	contain:7 contained:4 contains:4 containing:2
1143	793	content	kənˈtent	adj. n.	甘愿的,满意的 n.内容	17	6	2008/2010/2014/2017/2019/2022	content:15 contents:2
1144	813	copy	ˈkɔpɪ	n. v.	抄本，副本；一本（份，册……） v. 抄写；复印；（计算机用语）拷（备 份盘	17	5	2010/2011/2018/2019/2020	copies:9 copy:4 copied:4
1145	865	curious	ˈkjʊərɪəs	adj.	好奇的；奇异的	17	5	2012/2013/2014/2015/2020	curious:17
1146	924	deliver	dɪˈlɪvə(r)	vt.	投递（信件，邮包等	17	5	2010/2011/2014/2016/2018	delivering:8 delivered:7 deliver:2
1147	944	determine	dɪˈtɜːmɪn	vt.	决定；决心	17	7	2008/2011/2012/2017/2018/2019/2021	determined:10 determine:5 determines:2
1148	989	discourage	dɪˈskʌrɪdʒ	vt.	（使）气馁；打消（做…的念头	17	7	2009/2014/2016/2017/2018/2019/2021	discouraged:10 discourage:5 discouraging:2
1149	1019	dollar	dɔl; (US) dɔːl	n.	元（美国、加拿大、澳大利亚等国货币单位	17	7	2010/2013/2015/2016/2017/2018/2020	dollars:12 dollar:5
1150	1036	dress	dres	n. v.	女服，连衣裙；(统指)服装；童装 v. 穿衣；穿着	17	7	2009/2010/2011/2013/2015/2016/2020	dress:13 dressed:4
1151	1055	duty	ˈdjuːtɪ; (US) ˈduːtɪ	n.	责任，义务	17	6	2011/2016/2017/2019/2020/2021	duty:12 duties:5
1152	1103	emergency	ɪˈmɜːdʒənsɪ	n.	紧急情况或状态	17	3	2016/2020/2021	emergency:14 emergencies:3
1153	1161	examine	ɪɡˈzæmɪn	vt.	检查；诊察	17	6	2010/2011/2017/2019/2021/2022	examined:10 examine:6 examining:1
1154	1294	floor	flɔː(r)	n.	地面，地板.（楼房的）层	17	6	2011/2013/2014/2018/2020/2021	floor:15 floors:2
1155	1360	friendly	ˈfrendlɪ	adj.	友好的	17	7	2010/2011/2013/2014/2016/2019/2020	friendly:13 friendlier:4
1156	1419	glove	ɡlʌv	n.	手套	17	2	2009/2013	gloves:17
1157	1464	growth	ɡrəʊθ	n.	生长，增长	17	6	2010/2011/2013/2015/2016/2018	growth:17
1158	1553	himself	hɪmˈself	pron.	他自己	17	6	2010/2011/2013/2016/2019/2020	himself:17
1159	1692	Italy	ˈɪtəlɪ	n.	* n. 意大利	17	4	2010/2011/2020/2022	italy:17
1160	1811	link	lɪŋk	v.	连接； 联系	17	7	2009/2011/2014/2015/2016/2018/2019	link:9 links:5 linking:2 linked:1
1161	1965	moon	muːn	n.	月球；月光；月状物	17	3	2015/2020/2022	moon:16 moons:1
1162	2028	network	ˈnetwɜːk	n.	网络，网状系统	17	7	2010/2011/2015/2016/2017/2018/2019	network:8 networks:5 networking:4
1163	2066	November	nəʊˈvembə(r)	n.	11月	17	5	2011/2015/2016/2018/2022	november:17
1164	2139	ourselves	aʊəˈselvz	pron.	我们自己	17	6	2012/2015/2017/2018/2020/2021	ourselves:17
1165	2195	particular	pəˈtɪkjʊlə(r)	adj.	特殊的，个别的	17	8	2010/2013/2014/2015/2016/2017/2019/2020	particular:17
1166	2206	path	pɑːθ; (US) pæθ	n.	小道，小径	17	6	2011/2012/2013/2015/2018/2019	path:15 paths:2
1167	2363	president	ˈprezɪdənt	n.	总统；主席	17	8	2011/2012/2013/2014/2015/2016/2018/2019	president:14 presidents:3
1168	2366	pretend	ˈpreʃə(r)	vi.	假装，装作	17	6	2010/2011/2013/2020/2021/2022	pretended:9 pretending:5 pretend:3
1169	2515	refuse	rɪˈfjuːz	vi.	拒绝，不愿	17	8	2010/2011/2013/2014/2015/2016/2021/2022	refused:8 refuse:6 refusing:2 refuses:1
1170	2539	remind	rɪˈmaɪnd	vt.	提醒，使记起	17	8	2009/2011/2012/2014/2015/2016/2018/2020	remind:6 reminded:4 reminds:3 reminding:2
1171	2601	roll	rəʊl	v. n.	滚动, 打滚 n. 面包圈，小圆面包；卷状物	17	5	2013/2016/2018/2019/2020	rolling:9 roll:4 rolled:3 rolls:1
1172	2911	spoken	ˈspəʊkən	adj.	口语的；spoken man/ woman (pl. spokemen/ women	17	5	2008/2010/2014/2017/2018	spoken:17
1173	2982	strike	straɪk	v.	（钟）鸣;敲（响）,罢工；strike (struck, struck 或stricken	17	8	2008/2010/2011/2012/2015/2016/2021/2022	striking:7 struck:7 strike:2 strikes:1
1174	3051	swim	swɪm	n.	游泳，游；swim (swam, swum	17	4	2008/2010/2012/2015	swim:9 swum:4 swam:2 swims:2
1175	3057	switch	swɪtʃ	v. n.	/ n. 开关,转换,改变	17	7	2010/2014/2015/2016/2018/2020/2022	switch:6 switching:5 switched:3 switches:3
1176	50	active	ˈæktɪv	adj.	积极的，主动的	16	6	2011/2012/2016/2017/2020/2022	active:16
1177	179	Antarctica	ænˈtɑːktikə	n.	* n. 南极洲	16	2	2016/2022	antarctica:16
1178	216	architect	ˈɑːkɪtekt	n.	建筑师，设计师	16	4	2015/2018/2020/2021	architects:13 architect:3
1179	268	atmosphere	ˈætməsfɪə(r)	n.	大气；气氛	16	4	2008/2016/2019/2021	atmosphere:16
1180	273	attempt	əˈtempt	vt.	试图，尝试	16	7	2010/2012/2013/2016/2019/2020/2021	attempt:7 attempting:5 attempts:4
1181	289	Australia	ɔˈstreɪljə	n.	* n. 澳洲；澳大利亚	16	7	2010/2011/2014/2018/2020/2021/2022	australia:16
1182	345	bath	bɑːθ; (US) bæθ	n.	洗澡；浴室；澡盆	16	5	2010/2014/2015/2018/2022	bath:6 baths:4 bathed:4 bathes:2
1183	360	bear	beə(r)	v. n.	承受，负担，承担；忍受；容忍 n. 熊	16	5	2012/2015/2016/2018/2019	bear:7 bears:5 bearing:2 bore:2
1184	412	birthday	ˈbɜːθdeɪ	n.	生日	16	6	2011/2012/2015/2017/2018/2022	birthday:9 birthdays:7
1185	453	borrow	ˈbɔrəʊ	v.	（向别人）借用；借	16	4	2010/2013/2017/2020	borrowed:8 borrow:4 borrowing:2 borrows:2
1186	561	careful	ˈkeəfʊl	adj.	小心，仔细，谨慎的	16	6	2010/2013/2015/2016/2019/2021	careful:16
1187	591	cell	sel	n.	（监狱的）单人牢房；（修道院等的）单人小室；（蜂巢的）小蜂窝，蜂房；［生物］ 细胞	16	5	2008/2012/2016/2018/2020	cells:10 cell:6
1188	638	chick	tʃɪk	n.	小鸡	16	1	2017	chick:10 chicks:6
1189	767	conflict	ˈkɔnflɪkt	n.	冲突，争执，争论	16	7	2010/2014/2015/2016/2017/2020/2022	conflict:9 conflicts:5 conflicting:2
1190	800	contribution	kɔnˈtrɪbjuːt	n.	贡献	16	6	2009/2015/2016/2018/2021/2022	contribution:9 contributions:7
1191	851	cross	krɔs	adj. n. vt.	脾气不好的，易怒的 n. 十字形的东西 vt. 越过；穿过	16	4	2013/2018/2020/2022	cross:13 crosses:2 crossed:1
1192	857	cry	kraɪ	n. v.	叫喊；哭声 v. 喊叫；哭	16	6	2012/2013/2014/2015/2016/2017	cry:10 crying:6
1193	1281	fix	fɪks	vt.	修理；安装；确定，决定	16	4	2010/2011/2014/2015	fixed:8 fix:6 fixing:2
1194	1363	frighten	ˈfraɪt(ə)n	vt.	使惊恐，吓唬	16	5	2010/2011/2014/2018/2019	frightened:14 frightening:2
1195	1466	guarantee	ɡærənˈtiː	v.	保证，担保	16	5	2013/2014/2019/2020/2022	guarantee:10 guaranteed:4 guarantees:1 guaranteeing:1
1196	1522	hearing	ˈhɪərɪŋ	n.	听力	16	6	2011/2013/2014/2017/2019/2021	hearing:16
1197	1526	heavy	ˈhevɪ	adj.	重的	16	4	2012/2013/2016/2018	heavy:12 heavier:3 heaviest:1
1198	1595	hungry	ˈhʌŋɡrɪ	adj.	（饥）饿的	16	6	2010/2014/2015/2017/2019/2021	hungry:16
1199	1610	ignore	ɪɡˈnɔː(r)	v.	忽视，对…不理会	16	5	2008/2014/2015/2017/2022	ignored:12 ignoring:2 ignore:2
1200	1635	India	ˈɪndɪə	n.	* n. 印度	16	5	2013/2014/2016/2020/2022	india:16
1201	1637	indicate	ˈɪndɪkeɪt	v.	表明，象征，暗示	16	7	2009/2015/2016/2018/2019/2020/2022	indicates:10 indicate:3 indicating:2 indicated:1
1202	1650	insect	ˈɪnsekt	n.	昆虫	16	3	2014/2017/2020	insects:12 insect:4
1203	1752	lack	læk	n. vt.	缺乏，缺少	16	6	2010/2015/2016/2019/2020/2022	lack:15 lacking:1
1204	1788	leg	leɡ	n.	腿；腿脚；支柱	16	7	2008/2011/2012/2014/2018/2020/2022	legs:8 leg:8
1205	1836	loud	laʊd	adj.	大声的	16	6	2012/2014/2015/2017/2018/2021	loud:12 louder:2 loudest:2
1206	1843	luck	lʌk	n.	运气，好运	16	7	2012/2013/2014/2017/2018/2020/2021	luck:16
1207	1926	middle	ˈmɪd(ə)l	n.	中间;当中;中级的	16	8	2010/2011/2014/2017/2018/2019/2020/2022	middle:16
1208	2025	nervous	ˈnɜːvəs	adj.	紧张不安的	16	7	2010/2013/2016/2017/2018/2019/2022	nervous:16
1209	2302	police	pəˈliːs	n.	警察，警务人员；policeman (复-men	16	5	2011/2013/2014/2016/2020	police:15 policing:1
1210	2328	post	pəʊst	n. v.	邮政，邮寄，邮件 v. 投寄； 邮寄	16	5	2011/2014/2016/2017/2018	post:6 posted:6 posts:4
1211	2351	predict	prɪˈdɪkt	v.	预言，预告，预报	16	4	2017/2018/2019/2022	predicted:11 predict:2 predicts:2 predicting:1
1212	2381	private	ˈpraɪvɪt	adj.	私人的	16	5	2010/2013/2016/2019/2020	private:16
1213	2501	recycle	riːˈsaɪk(ə)l	vt.	回收；再循环	16	3	2014/2018/2021	recycling:8 recycled:6 recycle:2
1214	2573	retire	rɪˈtaɪə(r)	v.	退休	16	6	2014/2015/2019/2020/2021/2022	retired:7 retirees:4 retire:3 retiring:2
1215	2620	ruin	ˈruːɪn	vt. n.	（使）毁坏；（使） 毁灭 n. (复) 废墟；遗迹	16	6	2010/2014/2016/2018/2019/2020	ruin:7 ruined:5 ruining:2 ruins:2
1216	2818	sky	skaɪ	n.	天；天空	16	7	2008/2012/2014/2016/2019/2021/2022	sky:16
1217	2870	somebody	ˈsʌmbʌdɪ; ˈsʌmbədɪ	pron.	某人；有人；有名气的人	16	8	2008/2010/2011/2013/2016/2017/2019/2021	somebody:16
1218	2969	straight	streɪt	adj. adv.	一直的，直的 ad. 一直地，直地	16	5	2008/2010/2012/2015/2020	straight:14 straighter:2
1219	2985	struggle	ˈstrʌɡ(ə)l	vi.	斗争	16	6	2009/2013/2014/2016/2017/2018	struggling:8 struggled:5 struggle:3
1220	2998	succeed	səkˈsiːd	vi.	成功	16	7	2010/2011/2012/2013/2015/2019/2020	succeed:11 succeeded:4 succeeding:1
1221	3096	teenager	ˈtiːneɪdʒə(r)	n.	（13～19岁的）青少年，十几岁的少年	16	5	2011/2016/2019/2021/2022	teenager:8 teenagers:8
1222	3406	war	wɔː(r)	n.	战争	16	5	2010/2013/2015/2016/2018	war:11 wars:5
1223	3474	wildlife	ˈwaɪldlaɪf	n.	野生动物	16	5	2010/2011/2017/2021/2022	wildlife:16
1224	15	absorb	əbˈsɔːb	v.	吸收，使全神贯注	15	5	2008/2009/2017/2018/2019	absorbed:8 absorb:6 absorbs:1
1225	3558	ad	æd	n.	广告（advertisement 的缩写）	15	3	2009/2011/2019	ad:15
1226	55	AD	ˌeɪˈdiː	n.	公元	15	3	2009/2011/2019	ad:15
1227	96	agency	ˈeɪdʒənsɪ	n.	代理机构	15	3	2011/2016/2019	agencies:12 agency:3
1228	171	announce	əˈnaʊns	vt.	宣布，宣告	15	6	2009/2010/2011/2017/2018/2022	announced:11 announcing:2 announce:2
1229	234	arrival	əˈraɪv(ə)l	n.	到来，到达	15	5	2014/2015/2018/2020/2021	arrival:13 arrivals:2
1230	255	associate	əˈsəʊʃɪeɪt	v.	联想，联系	15	5	2010/2017/2018/2019/2020	associate:11 associated:4
1231	297	aware	əˈweə(r)	adj.	知道，意识到，发觉	15	5	2011/2013/2015/2016/2018	aware:15
1232	364	beauty	ˈbjuːtɪ	n.	美丽，美人	15	6	2010/2015/2017/2019/2020/2022	beauty:15
1233	411	birth	bɜːθ	n.	出生； 诞生	15	4	2010/2015/2017/2019	birth:14 births:1
1234	454	boss	bɔs	n.	领班；老板	15	5	2009/2010/2011/2013/2019	boss:15
1235	501	brown	braʊn	n. adj.	褐色，棕色 a. 褐色的，棕色的	15	5	2010/2012/2015/2018/2020	brown:15
1236	598	ceremony	ˈserɪmənɪ	n.	典礼，仪式，礼节	15	6	2009/2011/2014/2015/2016/2022	ceremony:12 ceremonies:3
1237	607	challenging	ˈtʃælɪndʒɪŋ	adj.	具有挑战性的	15	5	2017/2018/2020/2021/2022	challenging:15
1238	635	chess	tʃes	n.	棋	15	2	2013/2018	chess:15
1239	687	climate	ˈklaɪmɪt	n.	气候	15	3	2011/2018/2022	climate:15
1240	766	confirm	kənˈfɜːm	v.	证实，证明，确认	15	5	2014/2016/2018/2020/2022	confirmed:11 confirm:4
1241	819	correct	kəˈrekt	v. adj.	改正；纠正 a. 正确的，对的；恰当的	15	5	2010/2011/2013/2014/2022	correct:14 correcting:1
1242	845	creature	ˈkriːtʃə(r)	n.	生物，动物	15	6	2009/2015/2017/2020/2021/2022	creatures:10 creature:5
1243	846	credit	ˈkredɪt	n.	信用；信赖；信誉	15	4	2013/2014/2018/2022	credits:12 credit:3
1244	985	disappoint	dɪsəˈpɔɪnt	vt.	使失望	15	7	2010/2014/2015/2017/2018/2021/2022	disappointed:12 disappointing:2 disappoint:1
1245	1009	dive	daɪv	vi.	跳水	15	5	2008/2009/2018/2019/2020	diving:8 dive:5 dived:2
1246	1035	drawing	ˈdrɔːɪŋ	n.	图画，素描,绘画；dream (dreamt, dreamt 或--ed, --ed	15	6	2010/2013/2014/2015/2019/2021	drawing:11 drawings:4
1247	1129	entry	ˈentrɪ	n.	进入	15	7	2008/2014/2015/2016/2020/2021/2022	entry:9 entries:6
1248	1158	evolution	iːvəˈluːʃ(ə)n; (US) ev-	n.	进化，演变	15	3	2014/2018/2020	evolution:15
1249	1160	exactly	ɪɡˈzæktli	adv.	精确地；确切地	15	7	2008/2010/2011/2015/2016/2020/2022	exactly:15
1250	1191	expression	ɪkˈspreʃ(ə)n	n.	表达；词句；表示，说法；表情	15	6	2010/2011/2013/2014/2015/2020	expressions:8 expression:7
1251	1429	goods	ɡʊd	n.	商品，货物；goose (复 geese	15	6	2008/2009/2010/2011/2013/2020	goods:15
1252	1435	graduate	ˈɡrædjʊət	v.	毕业	15	5	2011/2013/2015/2018/2020	graduate:8 graduated:5 graduates:2
1253	1443	grandparents	ˈɡrændpeərənt	n.	祖父母.外祖父母	15	2	2016/2018	grandparents:15
1254	1691	Italian	ɪˈtæljən	adj. n.	意大利(人)的；意大利语的 n. 意大利人；意大利语	15	6	2010/2011/2015/2016/2020/2022	italian:10 italians:5
1255	1720	jump	dʒʌmp	n. v.	跳跃；跳变 v. 跳跃；惊起；猛扑	15	6	2013/2014/2015/2016/2018/2019	jumped:8 jumping:3 jumps:2 jump:2
1256	1755	lake	leɪk	n.	湖	15	6	2008/2014/2016/2018/2019/2020	lakes:10 lake:5
1257	1769	latest	ˈleɪtɪst	adj.	最近，最新的；最晚的	15	5	2011/2014/2018/2020/2022	latest:15
1258	1785	lecture	ˈlektʃə(r)	n.	讲课，演讲	15	3	2011/2016/2022	lecture:9 lectures:6
1259	1952	mobile	ˈməʊbaɪl; (US) məʊbl	adj.	活动的，可移动的	15	5	2016/2017/2018/2020/2021	mobile:15
1260	2242	persuade	ˈpɜːsənəlɪ	vt.	说服，劝说	15	9	2008/2009/2010/2012/2014/2018/2019/2020/2021	persuade:8 persuading:4 persuaded:3
1261	2284	player	ˈpleɪə(r)	n.	比赛者，选手	15	4	2015/2016/2018/2019	player:10 players:5
1262	2376	print	prɪnt	vt.	印刷	15	6	2008/2011/2016/2017/2018/2020	printed:13 print:2
1263	2424	purchase	ˈpɜːtʃəs	v.	购买，采购	15	6	2010/2012/2013/2018/2019/2020	purchase:10 purchased:3 purchases:2
1264	2444	quiet	ˈkwaɪət	adj.	安静的；寂静的	15	6	2011/2012/2013/2016/2019/2020	quiet:14 quieter:1
1265	2499	recover	rɪˈkʌvə(r)	vi.	痊愈；恢复	15	6	2010/2012/2013/2017/2019/2021	recovering:7 recovered:5 recover:3
1266	2557	rescue	ˈreskjuː	vt.	营救，援救	15	4	2014/2016/2017/2019	rescue:12 rescued:3
1267	2607	rope	rəʊp	n.	绳，索	15	3	2008/2011/2014	rope:10 ropes:5
1268	2768	shout	ˈʃəʊldə(r)	n. v.	喊，高声呼喊	15	5	2011/2012/2014/2018/2021	shouted:6 shouting:6 shouts:3
1269	2906	spirit	ˈspɪrɪt	n.	精神	15	5	2010/2011/2013/2017/2018	spirits:9 spirit:6
1270	3091	tear	teə(r)	n. v.	眼泪 v. 扯破, 撕开	15	6	2008/2010/2012/2014/2015/2020	tears:11 tear:3 tore:1
1271	3101	television	ˈtelɪɡrɑːf; (US) -ɡræf	n.	电视；tell (told, told	15	4	2008/2011/2015/2018	television:14 televisions:1
1272	3346	valley	ˈvælɪ	n.	山谷, 溪谷	15	4	2010/2017/2019/2020	valley:11 valleys:4
1273	3363	victim	ˈvɪktɪm	n.	受害者，牺牲品	15	3	2011/2015/2016	victim:11 victims:4
1274	3517	worse	wɜːs	adj.	(bad的比较级)更坏的	15	7	2010/2013/2014/2016/2018/2020/2021	worse:15
1275	60	addition	əˈdɪʃ(ə)n	n.	增加;（算数用语）加	14	7	2011/2013/2015/2016/2017/2019/2020	addition:14
1276	76	advantage	ədˈvɑːntɪdʒ	n.	优点； 好处	14	8	2008/2011/2013/2015/2016/2017/2019/2020	advantage:9 advantages:5
1277	87	afford	əˈfɔːd	vt.	负担得起（……的费用）；抽得出（时间）；提供	14	7	2008/2010/2011/2013/2016/2020/2021	afford:14
1278	270	attach	əˈtætʃ	v.	把…固定，重视	14	4	2010/2020/2021/2022	attached:10 attach:4
1279	279	attraction	əˈtrækʃ(ə)n	n.	吸引，爱慕	14	5	2010/2015/2020/2021/2022	attractions:8 attraction:6
1280	287	August	ˈɔːɡəst	n.	8月	14	5	2013/2015/2016/2017/2018	august:14
1281	322	banana	bəˈnɑːnə; (US) bəˈnænə	n.	香蕉	14	1	2018	bananas:14
1282	328	bar	bɑː(r)	n.	条（长方）块，棒，横木 n.（酒店的）买酒柜台；酒吧；（卖东西的）柜台	14	2	2016/2019	bar:14
1283	351	battle	ˈbæt(ə)l	n.	战斗；战役	14	5	2013/2015/2018/2019/2020	battle:10 battles:2 battled:2
1284	590	celebration	selɪˈbreɪʃ(ə)n	n.	庆祝；庆祝会	14	4	2014/2015/2017/2018	celebration:7 celebrations:7
1285	650	chopsticks	ˈtʃɔpstɪks	n.	筷子	14	3	2015/2016/2022	chopsticks:14
1286	653	Christmas	ˈkrɪsməs	n.	圣诞节（12月25日	14	4	2011/2014/2016/2020	christmas:14
1287	656	church	tʃɜːtʃ	n.	教堂；教会	14	4	2012/2013/2015/2019	church:12 churches:2
1288	724	comment	ˈkɔment	n.	评论	14	6	2012/2015/2017/2018/2019/2021	comment:7 comments:7
1289	799	contribute	kənˈtrɪbjuːt	v.	贡献	14	4	2008/2014/2015/2020	contribute:5 contributes:4 contributing:3 contributed:2
1290	827	count	kaʊnt	vt.	数，点数	14	4	2011/2017/2018/2019	count:7 counted:4 counts:3
1291	864	cure	kjʊə(r)	n. vt.	治疗；医好	14	7	2012/2013/2015/2016/2017/2019/2020	cure:7 cured:5 cures:2
1292	880	danger	ˈdeɪndʒə(r)	n.	危险	14	6	2010/2011/2013/2016/2020/2022	danger:9 dangers:5
1293	906	decline	dɪˈklaɪn	v.	减少,下降,衰退,谢绝	14	5	2014/2016/2017/2018/2019	decline:9 declined:2 declining:2 declines:1
1294	1006	district	ˈdɪstrɪkt	n.	区；地区；区域	14	5	2010/2011/2016/2017/2020	district:13 districts:1
1295	1083	egg	eɡ	n.	蛋；卵	14	4	2011/2013/2015/2020	eggs:9 egg:5
1296	1143	European	jʊərəˈpiːən	adj. n.	欧洲的，欧洲人的 n. 欧洲人	14	6	2010/2011/2012/2013/2021/2022	european:12 europeans:2
1297	1164	except	ɪkˈsept	prep.	除……之外	14	5	2008/2011/2015/2019/2021	except:14
1298	1167	excuse	ɪkˈskjuːz	n. vt.	借口.辩解 vt.原谅.宽恕	14	4	2010/2013/2017/2019	excuse:12 excused:2
1299	1217	fan	fæn	n.	（电影、运动等的）迷；热心的爱好者（支持者） n. 风扇	14	5	2011/2012/2015/2021/2022	fans:9 fan:5
1300	1315	forbid	fəˈbɪd	vt.	(forbade, forbidden) vt. 禁止，不许	14	5	2008/2011/2015/2016/2019	forbidden:7 forbidding:4 forbids:2 forbid:1
1301	1381	furniture	ˈfɜːnɪtʃə(r)	n.	（总称）家具	14	4	2008/2010/2013/2018	furniture:14
1302	1626	inch	ɪntʃ	n.	英寸	14	4	2008/2011/2015/2017	inches:8 inch:6
1303	1684	Ireland	ˈaɪələnd	n.	* n. 爱尔兰	14	1	2011	ireland:12 irelands:2
1304	1717	juice	dʒuːs	n.	汁、液	14	4	2015/2018/2019/2022	juice:10 juices:4
1305	1891	measure	ˈmeʒə(r)	v.	量	14	4	2010/2013/2014/2019	measures:10 measured:4
1306	2060	note	nəʊt	n. vt.	便条，笔记，注释；钞票，纸币；音符，音调 vt. 记下，记录；注意，留意	14	7	2008/2009/2011/2017/2019/2020/2021	note:14
1307	2459	rain	reɪn	n. vi.	雨，雨水 vi. 下雨	14	5	2010/2011/2015/2016/2019	rain:9 raining:4 rains:1
1308	2516	regard	rɪˈɡɑːd	v.	把……看作	14	6	2012/2015/2016/2019/2021/2022	regard:9 regarded:3 regarding:2
1309	2520	regret	rɪˈɡret	n. vt.	/ vt.可惜,遗憾;痛惜;哀悼	14	8	2008/2013/2015/2017/2019/2020/2021/2022	regretted:8 regret:6
1310	2566	responsibility	rɪspɔnsɪˈbɪlɪtɪ	n.	责任，负责	14	5	2014/2015/2016/2019/2021	responsibility:10 responsibilities:4
1311	2651	satisfy	ˈsætɪsfaɪ	vt.	满足，使满意	14	5	2010/2011/2013/2015/2017	satisfied:7 satisfying:5 satisfy:2
1312	2667	scholar	ˈskɔlə(r)	n.	学者	14	4	2014/2016/2017/2020	scholars:9 scholar:5
1313	2741	sharp	ʃɑːp	adj.	锋利的，尖的	14	5	2013/2015/2017/2018/2022	sharp:13 sharper:1
1314	3102	temperature	ˈtemprɪtʃə(r)	n.	温度	14	5	2008/2012/2014/2015/2018	temperature:7 temperatures:7
1315	3171	tie	taɪ	vt. n.	（用绳，线）系，拴，扎 n. 领带，绳子，结；关系	14	8	2008/2009/2011/2012/2015/2016/2021/2022	tied:8 ties:3 tie:3
1316	3260	tube	tjuːb; (US) tuːb	n.	管，管状物	14	2	2017/2018	tube:12 tubes:2
1317	3365	video	ˈvɪdɪəʊ	n.	录像，视频	14	4	2008/2014/2019/2020	videos:7 video:6 videoing:1
1318	3419	wax	wæks	n.	蜡	14	1	2012	wax:14
1319	3453	wheel	wiːl; (US) hwiːl	n.	轮，机轮	14	3	2012/2013/2017	wheel:8 wheels:4 wheeled:2
1320	3553	zone	zuː	n.	区域；范围	14	5	2017/2018/2019/2020/2021	zone:8 zones:6
1321	56	adapt	əˈdæpt	v.	使适应，适合，改编	13	1	2020	adapting:6 adapt:4 adapted:3
1322	57	adaptation	ədæpˈteɪʃ(ə)n	n.	适应，改编本	13	3	2015/2017/2020	adaptation:11 adaptations:2
1323	177	ant	ænt	n.	蚂蚁	13	2	2015/2020	ants:9 ant:4
1324	207	appreciate	əˈpriːʃɪeɪt	v.	欣赏； 感激	13	4	2015/2017/2018/2020	appreciate:9 appreciated:4
1325	246	aside	əˈsaɪd	adv.	在旁边	13	6	2011/2013/2018/2020/2021/2022	aside:13
1326	280	attractive	əˈtræktɪv	adj.	迷人的，有吸引力的	13	5	2010/2011/2015/2018/2020	attractive:13
1327	301	awkward	ˈɔːkwəd	adj.	令人尴尬,使人难堪的	13	5	2009/2013/2018/2019/2021	awkward:13
1328	369	bedroom	ˈbedruːm	n.	寝室，卧室	13	5	2008/2016/2017/2020/2021	bedroom:12 bedrooms:1
1329	403	bill	bɪl	n.	账单；法案，议案； （美）钞票，纸币	13	4	2012/2014/2016/2017	bill:9 bills:4
1330	404	billion	ˈbɪlɪən	num.	十亿，百亿	13	6	2010/2013/2014/2016/2020/2022	billion:8 billions:5
1331	416	bit	bɪt	n.	一点，一些，少量的；bite (bit, bitten	13	5	2010/2017/2019/2020/2022	bit:9 bites:4
1332	426	block	blɔk	n. vt.	大块；（木、石等）块；街区；路障 vt. 阻塞；阻挡	13	6	2010/2015/2018/2019/2020/2021	blocks:6 block:5 blocking:2
1333	436	bond	bɔnd	n. v.	/v. 纽带，联系，使牢固	13	5	2009/2014/2016/2018/2020	bond:12 bonding:1
1334	683	clearly	ˈklɪəlɪ	adv.	清楚地，无疑地	13	4	2012/2018/2019/2021	clearly:13
1335	695	clothing	ˈkləʊðɪŋ	n.	(总称) 衣服	13	3	2012/2019/2021	clothing:13
1336	3573	commercial	kəˈmɜːʃ(ə)l	adj.	商业的，贸易的	13	4	2012/2014/2015/2016	commercial:11 commercials:2
1337	768	confuse	kənˈfjuːz	v.	使迷惑，混淆	13	4	2014/2015/2016/2022	confused:13
1338	789	consume	kənˈsʌltənt	v.	消耗，耗费（燃料，能量，时间等	13	5	2015/2017/2018/2020/2022	consumed:7 consume:4 consuming:2
1339	956	diet	daɪ	n.	饮食	13	4	2010/2015/2017/2018	diet:10 diets:3
1340	987	disaster	dɪˈzɑːstə(r); (US) dɪzˈæstər	n.	灾难；祸患	13	3	2016/2017/2019	disasters:8 disaster:5
1341	1048	dull	dʌl	adj.	阴暗的；单调无味	13	5	2010/2015/2017/2019/2020	dull:11 dulled:2
1342	1107	empty	ˈemptɪ	adj.	空的	13	7	2010/2011/2016/2018/2019/2020/2022	empty:11 emptied:2
1343	1151	everybody	evribɒdi	pron.	每人，人人	13	4	2010/2012/2018/2019	everybody:13
1344	1203	factory	ˈfæktəri	n.	工厂	13	5	2010/2011/2012/2013/2020	factory:11 factories:2
1345	1434	gradually	ˈɡrædjʊəlɪ	adv.	逐渐地	13	6	2013/2015/2017/2018/2019/2020	gradually:13
1346	1633	independence	ɪndɪˈpendəns	n.	独立	13	5	2011/2013/2014/2015/2017	independence:13
1347	1644	injure	ˈɪndʒə(r)	vt.	损害，伤害	13	5	2010/2011/2016/2017/2019	injured:13
1348	1645	injury	ˈɪndʒərɪ	n.	受伤处	13	4	2012/2015/2017/2020	injuries:11 injury:2
1349	1653	insist	ɪnˈsɪst	vi.	坚持；坚决认为	13	4	2012/2013/2020/2022	insist:4 insisting:3 insisted:3 insists:3
1350	1661	instruction	ɪnˈstrʌkʃ(ə)n	n.	说明,须知;教导	13	4	2014/2016/2017/2022	instructions:12 instruction:1
1351	1685	Irish	ˈaɪərɪʃ	adj.	爱尔兰的，爱尔兰人的	13	2	2010/2011	irish:13
1352	1711	joke	dʒəʊk	n.	笑话	13	3	2018/2019/2021	jokes:8 joke:3 joked:2
1353	1758	lamp	læmp	n.	灯，油灯；光源	13	4	2012/2015/2020/2021	lamps:12 lamp:1
1354	1841	lovely	ˈlʌvlɪ	adj.	美好的，可爱的	13	4	2017/2018/2020/2022	lovely:13
1355	1844	lucky	ˈlʌkɪ	adj.	运气好，侥幸	13	5	2010/2011/2013/2017/2020	lucky:13
1356	1897	medicine	ˈmeds(ə)n; (US) ˈmedɪsn	n.	药	13	3	2013/2015/2016	medicine:10 medicines:3
1357	1920	mexican	ˈmeksɪkən	adj.	墨西哥的	13	5	2010/2012/2016/2018/2022	mexican:7 mexicans:6
1358	1959	Monday	ˈmʌndeɪ	n.	星期一	13	4	2008/2017/2018/2020	monday:13
1359	2013	nearby	ˈnɪəbaɪ	adj.	附近的	13	6	2008/2012/2015/2016/2018/2019	nearby:13
1360	2097	oh	əʊ	int.	哦！啊！	13	6	2008/2012/2014/2016/2021/2022	oh:13
1361	2098	oil	ɔɪl	n.	油	13	4	2011/2016/2018/2020	oil:13
1362	2109	onto	ˈɔntʊ	prep.	到…的上面	13	5	2012/2019/2020/2021/2022	onto:13
1363	2125	orange	ˈɔrɪndʒ; (US) ˈɔːr-	n. adj.	橘子，橙子，橘汁 a. 橘色的，橙色的	13	5	2013/2015/2018/2019/2020	orange:8 oranges:5
1364	2154	overcome	əʊvəˈkʌm	v.	克服，解决	13	4	2010/2013/2015/2019	overcome:10 overcoming:3
1365	2280	plate	pleɪt	n.	板；片；牌；盘子；盆子	13	4	2012/2015/2016/2022	plate:10 plates:3
1366	2340	pour	pɔː(r)	vi.	倾泻，不断流出	13	7	2010/2015/2016/2017/2020/2021/2022	pour:4 pouring:4 poured:3 pours:2
1367	2364	press	ˈprezɪdənt	vt. n.	压,按 n.新闻界,出版社	13	5	2010/2013/2019/2020/2021	pressed:6 press:5 presses:2
1368	2367	pretty	ˈprɪtɪ	adj.	漂亮的，俊俏的	13	6	2008/2009/2011/2016/2019/2022	pretty:13
1369	2417	pump	ˈpʌmp	vt.	用泵抽水	13	4	2009/2010/2011/2017	pump:7 pumped:3 pumping:3
1370	2532	relief	rɪˈliːf	n.	轻松,解脱,缓和,救济	13	6	2009/2016/2017/2018/2019/2020	relief:13
1371	2540	remote	rɪˈməʊt	adj.	偏远的，偏僻的	13	5	2011/2014/2019/2020/2022	remote:13
1372	2556	requirement	rɪˈkwaɪəmənt	n.	需要； 要求； 必要的条件	13	6	2010/2013/2016/2017/2020/2022	requirements:8 requirement:5
1373	2606	root	ruːt	n.	根，根源，起源	13	5	2008/2014/2015/2017/2020	roots:6 root:5 rooted:2
1374	2725	seven	ˈsev(ə)n	num.	七	13	6	2010/2012/2016/2017/2019/2020	seven:13
1375	2749	ship	ʃɪp	n. vi.	船，轮船 vi. 用船装运	13	5	2010/2014/2015/2016/2022	ship:8 shipped:3 ships:2
1376	2767	shoulder	ˈʃəʊldə(r)	n.	肩膀,(道路的)路肩	13	6	2008/2011/2013/2014/2016/2019	shoulder:11 shoulders:2
1377	2785	silent	ˈsaɪlənt	adj.	无声的，无对话的	13	5	2013/2014/2016/2018/2019	silent:13
1378	2866	solar	ˈsəʊlə(r)	adj.	太阳的	13	3	2008/2009/2017	solar:13
1379	2981	strict	strɪkt	adj.	严格的，严密的	13	6	2011/2013/2014/2016/2017/2021	strict:13
1380	3019	sunlight	ˈsʌnlaɪt	n.	日光，阳光	13	3	2008/2013/2019	sunlight:13
1381	3049	sweet	swiːt	n. adj.	甜食;蜜饯;甜点;糖果;芳香a.甜的;新鲜的;可爱的;亲切的；swell (swelled, swollen	13	4	2013/2015/2016/2018	sweet:9 sweets:2 sweeter:2
1382	3116	terrible	ˈterɪb(ə)l	adj.	可怕的；糟糕的	13	6	2012/2013/2014/2015/2017/2020	terrible:13
1383	3209	tough	tʌf	adj.	坚硬的；结实的；棘手的，难解的	13	5	2012/2013/2014/2016/2020	tough:8 tougher:3 toughest:2
1384	3253	truck	trʌk	n. v.	卡车, 运货车；车皮 v. 装车；用货车运	13	6	2011/2012/2014/2015/2017/2021	truck:11 trucks:2
1385	3258	truth	truːθ	n.	真理,事实,真相,实际	13	6	2009/2010/2011/2016/2020/2022	truth:13
1386	3347	valuable	ˈvæljʊəb(ə)l	adj.	值钱的，贵重的	13	5	2008/2014/2016/2017/2020	valuable:13
1387	3404	wander	ˈwɔndə(r)	vi.	漫游,游荡,漫步,流浪	13	3	2018/2020/2021	wander:8 wandering:4 wanders:1
1388	3638	well-known	ˌwelˈnəʊn	adj.	出名的，众所周知的	13	0		well-known:13
1389	3476	willing	ˈwɪlɪŋ	adj.	乐意的； 愿意的	13	5	2013/2014/2015/2016/2020	willing:13
1390	85	affect	əˈfekt	vt.	影响	12	7	2010/2011/2015/2016/2019/2020/2021	affect:6 affected:4 affects:2
1391	89	Africa	ˈæfrɪkə	n.	* n. 非洲	12	6	2012/2014/2018/2019/2020/2022	africa:12
1392	117	alarm	əˈlɑːm	n.	警报	12	4	2014/2015/2017/2018	alarm:12
1393	199	appetite	ˈæpɪtaɪt	n.	食欲，胃口	12	4	2012/2014/2015/2017	appetites:7 appetite:5
1394	231	arrange	əˈreɪndʒ	v.	安排，布置	12	3	2015/2016/2017	arranged:6 arrange:4 arranges:1 arranging:1
1395	250	assess	əˈses	v.	评价,评定（性质,质量	12	5	2015/2016/2019/2020/2021	assessed:6 assess:3 assessing:3
1396	259	astonish	əˈstɔnɪʃ	vt.	使惊讶	12	6	2010/2011/2013/2016/2018/2020	astonished:7 astonishing:5
1397	290	Australian	ɔˈstreɪlɪən	adj. n.	澳洲的，澳大利亚人的 n. 澳大利亚人	12	2	2016/2021	australian:8 australians:4
1398	341	basis	ˈbeɪsɪs	n.	原因，缘由，要素	12	6	2010/2014/2018/2019/2020/2022	basis:12
1399	388	below	bɪˈləʊ	prep.	在……下面	12	5	2009/2014/2016/2018/2019	below:12
1400	420	blame	bleɪm	n. v.	责备；责怪	12	5	2010/2016/2017/2020/2021	blame:10 blamed:1 blaming:1
1401	429	blow	bləʊ	n.	击；打击；blow (blew, blown	12	4	2010/2012/2016/2019	blowing:5 blows:3 blew:2 blow:1
1402	476	bread	bred	n.	面包	12	4	2010/2011/2014/2015	bread:12
1403	481	breath	breθ	n.	气息；呼吸	12	5	2008/2010/2015/2019/2022	breathing:6 breath:5 breathes:1
1404	503	brush	brʌʃ	v. n.	刷；擦 n. 刷子	12	3	2011/2014/2021	brushes:5 brushed:3 brush:3 brushing:1
1405	542	campaign	kæmˈpeɪn	n.	运动，战役；can (could) canˈt = can not modal	12	3	2011/2014/2019	campaign:8 campaigns:4
1406	575	cat	kæt	n.	猫 	12	3	2014/2016/2022	cat:11 cats:1
1407	678	claw	klɔː	n.	爪	12	1	2010	claws:10 claw:2
1408	854	crowd	kraʊd	n. vt.	人群 vt. 拥挤，群聚	12	6	2010/2014/2015/2016/2017/2019	crowds:10 crowd:2
1409	917	delay	dɪˈleɪ	v. n.	拖延，延误，延迟，延期；耽搁	12	3	2011/2013/2020	delayed:8 delay:4
1410	1030	dozen	ˈdaʊnwəd	n.	十二个；几十，许多；Dr(缩) = Doctor	12	6	2010/2014/2015/2016/2018/2020	dozen:6 dozens:6
1411	1127	entire	ɪnˈtaɪə(r)	adj.	整个的，全部的	12	5	2012/2013/2017/2020/2021	entire:12
1412	3580	exam	ɪɡˈzæm	n.	考试，测试	12	3	2012/2013/2015	exams:9 exam:3
1413	1206	failure	ˈfeɪljə(r)	n.	失败	12	4	2010/2012/2019/2020	failure:8 failures:4
1414	1455	Greek	ɡriːk	adj. n.	/ n. 希腊的，希腊人的，希腊语的 ; 希腊人，希腊语	12	4	2011/2012/2020/2022	greeks:7 greek:5
1415	1478	hair	heə(r)	n.	头发	12	3	2009/2010/2021	hair:12
1416	1503	harmful	ˈhɑːmfʊl	adj.	有害的；致伤的	12	4	2012/2015/2016/2020	harmful:12
1417	1509	hate	heɪt	vt. n.	恨，讨厌；have (has, had, had	12	6	2009/2011/2013/2018/2020/2021	hate:12
1418	1529	height	haɪt	n.	高，高度	12	4	2010/2011/2013/2014	height:8 heights:4
1419	1534	helpful	ˈhelpfʊl	adj.	有帮助的，有益的	12	6	2009/2012/2015/2017/2021/2022	helpful:12
1420	1542	herself	hɜːˈself	pron.	她自己	12	6	2012/2014/2016/2019/2020/2022	herself:12
1421	1596	hunt	hʌnt	vt.	寻找；狩猎，猎取	12	4	2010/2016/2019/2020	hunting:5 hunted:4 hunt:3
1422	1634	independent	ɪndɪˈpendənt	adj.	独立的,有主见的	12	7	2010/2011/2012/2016/2017/2018/2022	independent:12
1423	1715	judge	dʒʌdʒ	n. vt.	裁判；审判员；法官vt. 判断，断定	12	4	2010/2013/2016/2019	judge:6 judged:4 judging:2
1424	1747	knee	niː	n.	膝盖	12	5	2013/2018/2020/2021/2022	knee:9 knees:3
1425	1751	lab	læb	n.	= laboratory n. 实验室；labour (美labor	12	3	2017/2020/2022	lab:12
1426	1876	mass	mæs	n.	众多;大量;（复）群众	12	5	2009/2014/2016/2019/2020	mass:9 masses:3
1427	1902	memorial	mɪˈmɔːrɪəl	n.	纪念馆	12	3	2010/2016/2018	memorial:6 memorials:6
1428	1906	mental	ˈment(ə)l	adj.	精神的；脑力的	12	6	2009/2010/2013/2016/2017/2020	mental:12
1429	1910	merchant	ˈmɜːtʃənt	adj. n.	商业的；商人的 n. 商人；生意人	12	3	2010/2011/2017	merchants:6 merchant:6
1430	2004	nation	ˈneɪʃ(ə)n	n.	民族，国家	12	5	2008/2012/2014/2017/2022	nations:10 nation:2
1431	2043	nobody	ˈnəʊbədɪ	n. pron.	渺小人物 pron. 没有人，谁也不	12	4	2011/2013/2016/2019	nobody:12
1432	2087	October	ɔkˈtəʊbə(r)	n.	10月	12	3	2016/2017/2021	october:12
1433	2271	pipe	paɪp	n.	管子，输送管	12	3	2009/2010/2016	pipes:7 pipe:5
1434	2281	platform	ˈplætfɔːm	n.	讲台,(车站的)月台	12	3	2015/2020/2021	platform:6 platforms:6
1435	2296	poem	ˈpəʊɪm	n.	诗	12	5	2008/2010/2012/2014/2020	poems:6 poem:6
1436	2303	policy	ˈpɔlɪsɪ	n.	政策，方针，原则	12	4	2008/2013/2017/2022	policy:7 policies:5
1437	2305	polite	pəˈlaɪt	adj.	有礼貌的,有教养的	12	4	2008/2010/2011/2020	polite:12
1438	2325	possibility	pɔsɪˈbɪlɪtɪ	n.	可能，可能性	12	4	2010/2012/2016/2020	possibility:9 possibilities:3
1439	2369	preview	ˈpriːvjuː	vt.	预习;试演;预展	12	2	2011/2019	previews:10 preview:2
1440	2453	radio	reɪdɪəʊ	n.	无线电，收音机	12	4	2011/2015/2017/2020	radio:12
1441	2495	recommend	rekəˈmend	v.	推荐	12	5	2009/2017/2019/2020/2022	recommend:7 recommended:4 recommending:1
1442	2519	register	ˈredʒɪstə(r)	n. v.	登记簿，花名册，注册员 v. 登记，注册	12	4	2010/2016/2017/2020	register:6 registered:4 registers:2
1443	2608	rose	rəʊz	n.	玫瑰花	12	5	2011/2016/2018/2019/2022	rose:12
1444	2630	sad	sæd	adj.	（使人）悲伤的	12	4	2010/2013/2016/2017	sad:12
1445	2974	straw	strɔː	n.	稻草	12	1	2021	straw:6 straws:6
1446	2979	strengthen	ˈstreŋθ(ə)n	vt.	加强，增强	12	5	2013/2014/2016/2019/2022	strengthen:5 strengthened:4 strengthens:3
1447	3004	suffer	ˈsʌfə(r)	vi.	受苦，遭受	12	6	2008/2010/2012/2016/2019/2022	suffered:6 suffer:4 suffers:2
1448	3041	survival	səˈvaɪv(ə)l	n.	存活，幸存	12	6	2013/2015/2016/2017/2018/2020	survival:12
1449	3042	survive	səˈvaɪv	v.	生存，存活，幸免于难	12	5	2010/2014/2015/2021/2022	survived:5 surviving:4 survive:3
1450	3071	talent	ˈtælənt	n.	天才，天赋	12	4	2010/2013/2016/2019	talent:11 talents:1
1451	3135	theory	θɪəˈretɪk(ə)l	n.	理论	12	4	2013/2018/2020/2022	theory:8 theories:4
1452	3324	unwilling	ʌnˈwɪlɪŋ	adj.	不愿意的，勉强的	12	6	2013/2017/2018/2019/2020/2022	unwilling:12
1453	3328	upset	ʌpˈset	adj.	心烦的，苦恼的	12	4	2012/2014/2020/2022	upset:6 upsets:4 upsetting:2
1454	3432	Wednesday	ˈwenzdeɪ	n.	星期三	12	5	2008/2013/2016/2017/2019	wednesday:10 wednesdays:2
1455	3512	worldwide	ˈwɜːldwaɪd	adj.	遍及全球的，世界范围的	12	7	2010/2011/2015/2017/2018/2019/2022	worldwide:12
1456	3518	worst	wɜːst	adj.	(bad的最高级)最坏的	12	5	2010/2011/2013/2017/2018	worst:12
1457	1	abandon	əˈbændən	v.	抛弃，舍弃，放弃	11	6	2016/2017/2018/2020/2021/2022	abandoned:10 abandoning:1
1458	25	access	ˈækses	n. v.	/ v. 通道，入径，存取（计算机文件	11	7	2010/2013/2015/2016/2019/2020/2021	access:10 accessed:1
1459	61	address	əˈdres	n.	地址	11	5	2008/2011/2014/2017/2022	address:7 addresses:3 addressed:1
1460	98	agent	ˈeɪdʒənt	n.	代理人，经纪人	11	3	2014/2016/2017	agent:9 agents:2
1461	107	aid	eɪd	n.	援助；救护；辅助器具	11	5	2016/2018/2019/2021/2022	aid:11
1462	123	alive	əˈlaɪv	adj.	活着的，存在的	11	3	2010/2014/2018	alive:11
1463	146	amaze	əˈmeɪz	v.	惊奇，惊叹；震惊	11	5	2012/2014/2016/2018/2020	amazed:10 amaze:1
1464	147	amazing	əˈmeɪzɪŋ	adj.	惊奇,惊叹的;震惊的；ambassador (ambassadress	11	4	2015/2017/2019/2022	amazing:11
1465	165	anger	ˈæŋɡə(r)	n.	怒，愤怒	11	4	2015/2016/2018/2020	anger:11
1466	174	annual	ˈænjʊəl	adj.	每年的，年度的，一年一次的	11	5	2014/2017/2019/2021/2022	annual:11
1467	197	appearance	əˈpɪərəns	n.	出现，露面；容貌	11	3	2010/2020/2021	appearance:11
1468	245	Asian	ˈeɪʃ(ə)n	adj. n.	亚洲（人）的n. 亚洲人	11	4	2008/2010/2011/2016	asian:11
1469	254	assistant	əˈsɪst(ə)nt	n.	助手，助理	11	5	2008/2011/2014/2016/2020	assistant:11
1470	348	bathroom	ˈbɑːθruːm	n.	浴室，盥洗室	11	5	2008/2015/2017/2019/2020	bathroom:9 bathrooms:2
1471	387	belong	bɪˈlɔŋ	vi.	属，附属	11	4	2012/2016/2018/2021	belonging:8 belong:3
1472	432	boat	bəʊt	n.	小船，小舟	11	4	2009/2011/2020/2022	boat:6 boats:5
1473	491	brilliant	ˈbrɪlɪənt	adj.	巧妙的，使人印象深刻的，技艺高的；bring (brought, brought	11	5	2013/2016/2019/2020/2022	brilliant:11
1474	497	broken	ˈbrəʊkən	adj.	弄坏了的	11	3	2012/2015/2016	broken:11
1475	600	certainly	ˈsɜːtənlɪ	adv.	当然；一定，无疑	11	5	2008/2012/2015/2017/2021	certainly:11
1476	620	chat	tʃæt	n. vi.	n. & vi. 聊天，闲谈	11	4	2018/2019/2020/2022	chat:7 chatted:4
1477	639	chicken	ˈtʃɪkən	n.	鸡；鸡肉	11	3	2010/2011/2018	chicken:6 chickens:5
1478	676	classmate	ˈklɑːsmeɪt	n.	同班同学	11	6	2010/2013/2016/2017/2019/2021	classmates:11
1479	733	companion	kəmˈpænɪən	n.	同伴；同事	11	3	2010/2016/2022	companions:8 companion:3
1480	738	compete	kəmˈpiːt	vi.	比赛，竞赛	11	4	2011/2017/2019/2021	compete:7 competing:4
1481	755	concert	ˈkɔnsət	n.	音乐会；演奏会	11	4	2016/2017/2019/2022	concert:9 concerts:2
1482	840	crash	kræʃ	v. n.	/ n. 碰撞，撞击	11	4	2016/2017/2020/2021	crash:5 crashed:3 crashing:2 crashes:1
1483	850	crop	krɔp	n.	庄稼；收成	11	3	2011/2014/2018	crops:8 crop:2 cropping:1
1484	873	cycle	ˈsaɪk(ə)l	vi.	骑自行车	11	5	2008/2010/2015/2018/2022	cycle:7 cycling:4
1485	881	dangerous	ˈdeɪndʒərəs	adj.	危险的	11	5	2008/2010/2011/2019/2022	dangerous:11
1486	882	dare	deə(r)	v. aux.	.（后接不带to的不定式；主要用于疑问，否定或条件句）敢，敢于	11	4	2013/2014/2017/2019	daring:4 dare:3 dares:2 dared:2
1487	907	decorate	ˈdekəreɪt	vt.	装饰…，修饰…	11	3	2012/2017/2020	decorated:5 decorate:4 decorating:2
1488	913	deer	dɪə(r)	n.	鹿	11	2	2010/2017	deer:11
1489	923	delighted	diˈlaitid	adj.	高兴的，快乐的	11	5	2009/2015/2016/2020/2021	delighted:11
1490	941	destroy	dɪˈstrɔɪ	vt.	破坏，毁坏	11	4	2010/2011/2012/2020	destroying:5 destroyed:5 destroy:1
1491	1060	eager	ˈiːɡə(r)	adj.	渴望的，热切的	11	4	2016/2017/2018/2021	eager:11
1492	1062	ear	ɪə(r)	n.	耳朵.耳状物；听力，听觉	11	3	2013/2016/2022	ears:6 ear:5
1493	1101	embarrass	ɪmˈbærəs	v.	使窘迫，尴尬	11	5	2011/2017/2018/2020/2022	embarrassing:7 embarrassed:4
1494	1106	employ	ɪmˈplɔɪ	vt.	雇佣	11	5	2010/2011/2013/2015/2019	employed:10 employ:1
1495	1113	enemy	ˈenɪmɪ	n.	敌人；敌军	11	5	2008/2010/2012/2015/2017	enemies:9 enemy:2
1496	1182	explanation	ekspləˈneɪʃ(ə)n	n.	解释，说明	11	5	2008/2012/2016/2019/2020	explanation:8 explanations:3
1497	1239	fellow	ˈfeləʊ	n.	同伴；伙伴	11	5	2010/2013/2015/2020/2022	fellow:9 fellows:2
1498	1293	flood	flʌd	n. vt.	洪水 vt. 淹没，使泛滥	11	4	2010/2015/2016/2018	flooded:4 flood:3 floods:3 flooding:1
1499	1313	football	ˈfʊtbɔːl	n.	（英式）足球；（美式）橄榄球	11	2	2016/2019	football:11
1500	1548	highway	ˈhaɪweɪ	n.	公路,主要交通道路	11	2	2011/2020	highway:9 highways:2
1501	1623	impression	ɪmˈpreʃ(ə)n	n.	印象，感觉	11	4	2013/2016/2018/2022	impression:7 impressions:4
1502	1679	invent	ɪnˈvent	vt.	发明，创造	11	4	2008/2010/2011/2014	invented:10 invent:1
1503	1682	invitation	ɪnvɪˈteɪʃ(ə)n	n.	邀请，请帖	11	5	2011/2012/2017/2021/2022	invitation:7 invitations:4
1504	2037	nine	naɪn	num.	九	11	2	2011/2019	nine:11
1505	2044	nod	nɔd	vi.	点头	11	4	2008/2013/2016/2021	nodded:5 nod:4 nods:2
1506	2081	observe	əbˈzɜːv	v.	观察，监视，观测	11	5	2011/2016/2017/2018/2019	observed:5 observing:4 observe:2
1507	2120	opposite	ˈɔpəzɪt	n. adj.	相反，对面 a. 相反的，对面的	11	3	2010/2013/2019	opposite:11
1508	2141	outcome	ˈaʊtkʌm	n.	结果，效果	11	4	2015/2017/2019/2020	outcome:7 outcomes:4
1509	2247	photographer	fəˈtɔɡrəfə(r)	n.	摄影师	11	3	2008/2016/2021	photographers:7 photographer:4
1510	2362	preserve	prezənˈteɪʃ(ə)n; (US) priːzenˈteʃn	v.	保护，保留，保存	11	4	2017/2018/2020/2022	preserve:7 preserving:2 preserved:2
1511	2469	rare	reə(r)	adj.	罕见的，稀有的	11	6	2013/2015/2017/2019/2021/2022	rare:11
1512	2549	reporter	rɪˈpɔːtə(r)	n.	记者，新闻通讯员	11	5	2013/2016/2017/2019/2021	reporter:8 reporters:3
1513	2629	sacrifice	ˈsækrɪfaɪs	vt.	牺牲	11	3	2015/2016/2017	sacrifice:8 sacrifices:2 sacrificed:1
1514	2698	section	ˈsekʃ(ə)n	n.	段，部分，部门	11	5	2012/2016/2019/2021/2022	section:11
1515	2765	shot	ʃɔt	n.	射击，开枪，开炮，射击声；子弹	11	5	2014/2015/2016/2019/2020	shot:8 shots:3
1516	2814	skin	skɪn	n.	皮，皮肤；兽皮	11	3	2010/2018/2019	skin:11
1517	2876	song	sʌn	n.	歌唱；歌曲	11	5	2011/2013/2016/2017/2021	songs:7 song:4
1518	3099	telephone	ˈtelɪɡrɑːf; (US) -ɡræf	v. n.	打电话 n. 电话	11	6	2008/2009/2012/2013/2014/2016	telephone:11
1519	3104	temporary	ˈtempərərɪ	adj.	短暂的，暂时的	11	4	2012/2013/2019/2020	temporary:11
1520	3131	theme	θiːm	n.	主题	11	4	2012/2013/2015/2019	theme:11
1521	3142	thin	θɪn	adj.	薄的；瘦的；稀的	11	3	2011/2016/2021	thin:11
1522	3176	timetable	ˈtaɪmteɪb(ə)l	n.	（火车、公共汽车等）时间表；（学校）课表	11	4	2008/2015/2016/2020	timetable:11
1523	3238	treasure	ˈtreʒə(r)	n.	金银财宝, 财富	11	5	2009/2014/2016/2017/2020	treasure:8 treasures:3
1524	3270	twice	twaɪs	adv.	两次；两倍	11	5	2009/2011/2013/2016/2020	twice:11
1525	3281	unable	juː ˈən	adj.	不能的，不能胜任的	11	5	2009/2018/2019/2020/2022	unable:11
1526	3455	whenever	wenˈevə(r)	conj.	每当，无论何时	11	5	2011/2012/2015/2016/2022	whenever:11
1527	3467	whom	huːm	pron.	(who的宾格	11	4	2014/2016/2019/2020	whom:11
1528	54	actual	ˈæktʃʊəl	adj.	实际的； 现实的	10	6	2013/2014/2017/2018/2019/2020	actual:10
1529	72	adopt	əˈdɔpt	v.	收养，领养	10	3	2013/2019/2020	adopting:4 adopt:3 adopted:3
1530	167	angry	ˈænɡrɪ	adj.	生气的，愤怒的	10	3	2011/2012/2014	angry:10
1531	190	apart	əˈpɑːt	adj.	, / a. 相隔，相距，除外	10	5	2010/2012/2013/2016/2018	apart:10
1532	264	athlete	ˈæθliːt	n.	运动员	10	2	2016/2020	athletes:7 athlete:3
1533	358	bean	biːn	n.	豆，豆科植物	10	2	2011/2013	beans:8 bean:2
1534	372	beehive	ˈbiːhaɪv	n.	蜂箱	10	2	2012/2014	beehives:7 beehive:3
1535	660	circle	ˈsɜːk(ə)l	n. vt.	/vt. 圆圈 将…圈起来	10	3	2010/2014/2019	circle:10
1536	696	cloud	ˈkləʊðɪŋ	n.	云；云状物；阴影	10	5	2008/2011/2016/2019/2020	cloud:5 clouds:5
1537	707	coin	kɔɪn	n.	硬币	10	3	2011/2015/2019	coin:10
1538	753	concept	ˈkɔnsept	n.	概念	10	4	2014/2016/2021/2022	concept:7 concepts:3
1539	763	confident	ˈkɔnfɪdənt	adj.	自信的	10	3	2016/2018/2019	confident:10
1540	783	constant	ˈkɔnstənt	adj.	经常的，不断的	10	4	2010/2017/2021/2022	constant:10
1541	792	contemporary	kənˈtempərərɪ; (US) kənˈtempərerɪ	adj.	属同时期的，同一时代的	10	4	2019/2020/2021/2022	contemporary:8 contemporaries:2
1542	830	countryside	ˈkʌntrɪsaɪd	n.	乡下，农村	10	5	2008/2011/2015/2018/2020	countryside:10
1543	843	cream	kriːm	n.	奶油，乳脂	10	3	2010/2017/2018	cream:10
1544	849	crew	kruː	n.	全体船员；criterion (pl. criteria	10	3	2013/2016/2022	crew:6 crews:4
1545	898	death	deθ	n.	死	10	4	2008/2010/2012/2018	death:9 deaths:1
1546	914	defeat	dɪˈfiːt	vt.	击败；战胜；defence (美defense	10	5	2011/2013/2015/2016/2018	defeated:7 defeat:2 defeats:1
1547	967	dine	daɪn	v.	吃饭；（指正式）进餐	10	3	2010/2020/2022	dining:8 dines:2
1548	988	discount	ˈdɪskaʊnt	n.	折扣	10	3	2016/2017/2022	discounts:6 discount:2 discounted:2
1549	1144	evaluate	ɪˈvæljʊeɪt	v.	估值，评价，评估	10	5	2016/2017/2018/2019/2020	evaluate:8 evaluates:2
1550	1292	float	fləʊt	vi.	漂浮，浮动	10	3	2008/2010/2020	floating:5 float:3 floated:2
1551	1372	fuel	fjuːəl	n.	燃料	10	4	2015/2017/2019/2020	fuel:6 fueled:2 fueling:2
1552	1425	golden	ˈɡəʊld(ə)n	adj.	金(黄)色的	10	3	2011/2012/2016	golden:10
1553	1599	hurry	ˈhʌrɪ	vi.	赶快；急忙；hurt (hurt, hurt	10	4	2010/2013/2014/2020	hurry:7 hurried:3
1554	1615	immediate	ɪˈmiːdɪət	adj.	立即的，马上	10	5	2012/2014/2016/2018/2019	immediate:10
1555	1629	income	ˈɪnkʌm	n.	收入，所得	10	6	2008/2011/2013/2014/2017/2020	income:10
1556	1658	institute	ˈɪnstɪtjuːt; (US) ˈɪnstətuːt	n.	(研究)所, 院，学院	10	4	2016/2017/2018/2020	institute:10
1557	1673	interrupt	ɪntəˈrʌpt	v.	打扰，打断	10	4	2016/2017/2018/2021	interrupt:6 interrupted:4
1558	1742	king	kɪŋ	n.	国王	10	5	2014/2015/2016/2018/2019	king:8 kings:2
1559	1792	length	leŋθ	n.	长，长度，段，节；less（little的比较级	10	3	2011/2012/2015	length:10
1560	1829	lonely	ˈləʊnlɪ	adj.	孤独的，寂寞的	10	5	2010/2011/2014/2019/2020	lonely:10
1561	1913	merely	ˈmɪəlɪ	adv.	仅仅，只不过	10	5	2010/2011/2013/2016/2020	merely:10
1562	1918	metal	ˈmet(ə)l	n. adj.	金属 a. 金属制成的	10	6	2008/2010/2011/2012/2013/2016	metal:8 metals:2
1563	1950	mix	mɪks	v.	混合，搅拌	10	3	2015/2019/2022	mixed:4 mix:3 mixing:2 mixes:1
1564	2055	northern	ˈnɔːð(ə)n	adj.	北方的，北部的	10	6	2010/2011/2012/2014/2018/2020	northern:10
1565	2058	nose	nəʊz	n.	鼻	10	3	2011/2021/2022	nose:8 noses:2
1566	2176	palace	ˈpælɪs	n.	宫，宫殿	10	1	2015	palace:10
1567	2203	passport	ˈpɑːspɔːt; (US) ˈpæ-	n.	护照	10	3	2010/2014/2017	passport:8 passports:2
1568	2207	patience	ˈpeɪʃns	n.	容忍；耐心	10	5	2012/2014/2015/2016/2021	patience:10
1569	2277	planet	ˈplænɪt	n.	行星	10	4	2008/2019/2020/2021	planet:10
1570	2319	port	pɔːt	n.	港口，码头	10	2	2018/2021	port:10
1571	2346	praise	preɪz	n. vt.	n.& vt.赞扬，表扬	10	5	2010/2016/2019/2020/2021	praised:4 praise:4 praising:2
1572	2402	proper	ˈprɔpə(r)	adj.	恰当的，合适的	10	6	2009/2011/2012/2014/2016/2020	proper:10
1573	2439	queen	kwiːn	n.	皇后，女王	10	5	2011/2012/2015/2016/2019	queen:7 queens:3
1574	2470	rat	ræt	n.	老鼠	10	3	2010/2019/2020	rates:10
1575	2565	respond	rɪˈspekt	v.	回答,回应,作出反应	10	6	2009/2016/2017/2018/2019/2022	responded:7 respond:3
1576	2709	senior	ˈsiːnɪə(r)	adj. n.	年长的,资深的,高年级的 n. 上级，长辈，高年级生	10	1	2014	senior:10
1577	2751	shock	ʃɔk	vt.	使震惊	10	3	2011/2012/2018	shocked:6 shock:3 shocking:1
1578	2772	sick	sɪk	adj.	有病,患病的,（想）呕吐	10	4	2010/2017/2018/2019	sick:10
1579	2861	sofa	ˈsəʊfə	n. adj.	（长）沙发；soft sɔft; (US) sɔːft]；a. 软的，柔和的	10	2	2016/2018	sofa:8 sofas:2
1580	2883	soup	suːp	n.	汤	10	3	2009/2013/2020	soup:10
1581	2943	statement	ˈsteɪtmənt	n.	声明，陈诉，说法；statesman/ woman (pl. statesmen/ women	10	4	2009/2016/2020/2022	statement:10
1582	2958	stomach	ˈstʌmək	n.	胃，胃部	10	4	2010/2012/2016/2020	stomach:10
1583	2996	substitute	ˈsʌbstɪtjuːt	v.	代替，取代	10	5	2011/2016/2017/2020/2021	substitute:8 substitutes:2
1584	3023	sunshine	ˈsʌnʃaɪn	n.	阳光	10	4	2015/2016/2018/2019	sunshine:10
1585	3067	tablet	tæblit	n.	药片	10	1	2018	tablets:6 tablet:4
1586	3079	target	ˈtɑːɡɪt	n. v.	/ v. 目标，把…作为攻击目标	10	4	2015/2019/2020/2021	target:7 targeted:2 targets:1
1587	3112	tent	tent	n.	帐篷	10	4	2014/2015/2016/2017	tent:8 tents:2
1588	3149	thirty	ˈθɜːtɪ	num.	三十	10	4	2010/2015/2017/2018	thirty:10
1589	3165	Thursday	ˈθɜːzdeɪ	n.	星期四	10	4	2015/2018/2020/2022	thursday:10
1590	3211	tourism	ˈtʊərɪz(ə)m	n.	旅游业；观光	10	4	2010/2018/2019/2021	tourism:10
1591	3230	translate	trænsˈleɪt	vt.	翻译	10	4	2016/2017/2018/2020	translate:4 translating:3 translated:3
1592	3262	Tuesday	ˈtjuːzdeɪ	n.	星期二	10	2	2017/2018	tuesday:10
1593	3269	twenty	ˈtwentɪ	num.	二十	10	5	2008/2011/2012/2013/2014	twenty:9 twenties:1
1594	3286	uncomfortable	ʌnˈkʌmftəb(ə)l	adj.	令人不舒服的	10	4	2011/2016/2017/2018	uncomfortable:10
1595	3314	unless	ʌnˈles	conj.	如果不，除非	10	4	2010/2012/2016/2020	unless:10
1596	3315	unlike	ʌnˈlaɪk	prep.	不像，和…不同	10	5	2009/2010/2012/2013/2017	unlike:10
1597	3368	viewer	ˈvjuːə(r)	n.	观看者	10	3	2015/2018/2021	viewers:8 viewer:2
1598	3411	warning	ˈwɔːnɪŋ	n.	警报	10	6	2011/2014/2015/2016/2018/2022	warning:10
1599	3426	weakness	ˈwiːknɪs	n.	软弱	10	6	2012/2013/2015/2016/2019/2020	weaknesses:6 weakness:4
1600	3538	yesterday	ˈjestədeɪ	n. adv.	昨天	10	4	2010/2017/2018/2021	yesterday:10
1601	18	abundant	əˈbʌndənt	adj.	大量,丰盛的,充裕的	9	2	2014/2018	abundant:9
1602	26	accessible	əkˈsesɪb(ə)l	adj.	可到达的，可接受的，易相处的	9	3	2010/2017/2022	accessible:9
1603	103	agreement	əˈɡriːmənt	n.	同意，一致；协定，协议	9	2	2010/2016	agreement:7 agreements:2
1604	105	agriculture	ˈæɡrɪkʌltʃə(r)	n.	农业，农学	9	4	2009/2010/2017/2018	agriculture:9
1605	122	alike	əˈlaɪk	adv.	很相似地，同样地	9	4	2010/2012/2021/2022	alike:9
1606	191	apartment	əˈpɑːtmənt	n.	（美）楼中单元房，一套房间；房间	9	4	2010/2013/2016/2020	apartment:6 apartments:3
1607	195	appeal	əˈpiːl	v.	上诉，申诉，吸引力	9	3	2011/2018/2019	appeal:4 appealing:2 appealed:2 appeals:1
1608	256	association	əsəʊsɪˈeɪʃ(ə)n	n.	协会，社团，联系	9	3	2009/2010/2014	associations:5 association:4
1609	284	authority	ɔːˈθɔrɪtɪ	n.	权力,权威,威信,官方	9	3	2013/2016/2019	authority:8 authorities:1
1610	353	bay	beɪ	n.	湾； 海湾	9	3	2018/2019/2022	bay:9
1611	389	belt	belt	n.	（皮）带	9	4	2010/2011/2017/2022	belt:9
1612	413	birthplace	ˈbɜːθpleɪs	n.	出生地；故乡	9	2	2010/2022	birthplace:9
1613	464	bowl	bəʊl	n.	碗	9	4	2011/2015/2016/2020	bowl:5 bowls:4
1614	472	branch	brɑːntʃ	n.	树枝；分枝；分公司，分店；支部	9	4	2014/2017/2019/2020	branches:9
1615	513	burden	ˈbɜːd(ə)n	n.	（义务，责任的）重担，负担	9	2	2014/2016	burden:9
1616	573	castle	ˈkɑːs(ə)l; (US) ˈkæsl	n.	城堡	9	2	2015/2020	castle:8 castles:1
1617	622	cheat	tʃiːt	n. v.	骗取，哄骗；作弊	9	2	2013/2015	cheating:6 cheated:2 cheat:1
1618	625	cheer	tʃɪə(r)	n. vi.	欢呼； 喝彩	9	4	2010/2013/2016/2019	cheer:6 cheering:2 cheered:1
1619	663	circumstance	ˈsɜːkəmstəns	n.	条件,环境,状况	9	3	2013/2015/2019	circumstances:5 circumstance:4
1620	674	classical	ˈklæsɪk(ə)l	adj.	传统的；古典的	9	3	2016/2020/2022	classical:9
1621	718	combine	kəmˈbaɪn	vt.	使联合；使结合；come (came, come	9	3	2016/2018/2019	combined:6 combines:2 combine:1
1622	808	convince	kənˈvɪns	v.	使确信，使信服	9	5	2009/2016/2017/2018/2020	convincing:5 convince:3 convinced:1
1623	838	cow	kaʊ	n.	母牛，奶牛	9	1	2010	cow:6 cows:3
1624	855	crowded	ˈkraʊdɪd	adj.	拥挤的	9	5	2011/2015/2016/2018/2019	crowded:9
1625	868	curtain	ˈkɜːt(ə)n	n.	窗帘	9	4	2015/2017/2020/2021	curtains:9
1626	912	deeply	ˈdiːplɪ	adv.	深深地	9	4	2014/2018/2019/2020	deeply:9
1627	932	description	dɪˈskrɪpʃ(ə)n	n.	描述，描写	9	4	2010/2013/2018/2022	description:7 descriptions:2
1628	963	digital	ˈdɪdʒɪt(ə)l	adj.	.数字的，数码的	9	3	2014/2017/2018	digital:9
1629	998	dislike	dɪsˈlaɪk	vt.	不喜爱；厌恶	9	4	2010/2013/2018/2021	dislikes:4 dislike:3 disliked:2
1630	1023	double	ˈdʌb(ə)l	adj. n.	两倍.双的 n. 两个.双	9	5	2008/2011/2017/2018/2020	double:7 doubling:2
1631	1078	educate	ˈedjʊkeɪt	vt.	教育，培养	9	5	2011/2014/2016/2017/2021	educated:7 educate:2
1632	1173	expand	ɪkˈspænd	v.	扩大，增加，扩展	9	3	2015/2020/2022	expand:4 expanded:4 expanding:1
1633	1219	fantastic	fæn'tæstik	adj.	(口语)极好的，美妙的，很棒的	9	4	2017/2018/2020/2021	fantastic:9
1634	1260	final	ˈfaɪn(ə)l	adj.	最后的；终极的	9	3	2018/2019/2020	final:9
1635	1330	former	ˈfɔːmə(r)	adj.	以前的，从前的；（两者之中的）前者	9	4	2014/2015/2017/2018	former:9
1636	1333	fortune	ˈfɔːtjuːn	n.	财产；运气	9	5	2010/2012/2014/2020/2021	fortune:9
1637	1400	generous	ˈdʒenərəs	adj.	慷慨大方的	9	4	2015/2017/2019/2020	generous:9
1638	1449	grass	ɡrɑːs; (US) ɡræs	n.	草；草场；牧草	9	3	2011/2014/2019	grass:9
1639	1502	harm	hɑːm	n. v.	伤害；损伤	9	4	2014/2016/2018/2019	harm:9
1640	1507	hat	hæt	n.	帽子(一般指有边的)；礼帽	9	4	2009/2015/2016/2021	hat:4 hated:3 hats:2
1641	1558	hobby	ˈhɔbɪ	n.	业余爱好，嗜好；hold (held, held	9	4	2011/2015/2018/2021	hobby:8 hobbies:1
1642	1592	humorous	ˈhjuːmərəs	adj.	富于幽默的；humour (美humor	9	3	2015/2017/2019	humorous:9
1643	1597	hunter	ˈhʌntə(r)	n.	猎人	9	4	2010/2013/2014/2020	hunters:7 hunter:2
1644	1606	identity	aɪˈdentɪtɪ	n.	身份，特征	9	4	2013/2019/2021/2022	identity:6 identities:3
1645	1662	instrument	ˈɪnstrʊmənt	n.	乐器;工具,器械	9	6	2011/2012/2017/2019/2020/2022	instruments:9
1646	1678	introduction	ɪntrəˈdʌkʃ(ə)n	n.	引进，介绍	9	5	2009/2010/2011/2014/2018	introduction:8 introductions:1
1647	1826	lock	lɔk	n. vt.	锁 vt. 锁，锁上	9	5	2008/2011/2013/2017/2021	locked:8 lock:1
1648	1907	mentally	ˈmentəlɪ	adv.	精神上；智力上	9	3	2012/2017/2021	mentally:9
1649	1996	musician	mjuːˈzɪʃ(ə)n	n.	音乐家，乐师	9	3	2016/2017/2019	musicians:5 musician:4
1650	2048	none	nʌn	pron.	无任何东西, 无一人	9	3	2012/2018/2019	none:9
1651	2064	novel	ˈnɔv(ə)l	n.	（长篇）小说	9	3	2019/2020/2021	novel:7 novels:2
1652	3601	Olympic	əˈlɪmpɪk	adj.	奥林匹克（运动会）的	9	2	2016/2020	olympic:5 olympics:4
1653	2131	origin	ˈɔrɪdʒɪn	n.	起源，由来	9	5	2010/2016/2017/2020/2021	origin:9
1654	2196	partly	ˈpɑːtlɪ	adv.	部分地,在一定程度上	9	4	2010/2016/2020/2022	partly:9
1655	2270	pioneer	paɪəˈnɪə(r)	n.	先锋，开拓者	9	3	2015/2016/2017	pioneers:7 pioneer:2
1656	2276	plane	pleɪn	n.	飞机	9	4	2010/2013/2016/2020	plane:9
1657	2336	pot	pɔt	n.	锅，壶，瓶，罐	9	3	2010/2016/2018	pot:7 pots:2
1658	2375	principle	ˈprɪnsɪp(ə)l	n.	道德原则，法则	9	4	2014/2015/2018/2021	principle:7 principles:2
1659	2493	recipe	ˈresɪpɪ	n.	烹饪法，食谱	9	2	2014/2018	recipes:7 recipe:2
1660	2570	restriction	rɪˈstrɪkʃ(ə)n	n.	限制，约束	9	4	2010/2017/2020/2021	restrictions:9
1661	2614	row	rəʊ	n. v.	（一）排,（一）行 v.划船	9	4	2010/2011/2019/2020	row:5 rows:4
1662	2683	sculpture	ˈskʌlptʃə(r)	n.	雕塑（术），雕刻（术），雕刻作品，雕像	9	2	2015/2021	sculptures:7 sculpture:2
1663	2787	silly	ˈsɪlɪ	adj.	傻的，愚蠢的	9	3	2010/2019/2021	silly:9
1664	2808	skateboard	ˈskeɪtbɔːd	n.	冰鞋，滑板	9	2	2008/2021	skateboarding:7 skateboards:2
1665	2887	southern	ˈsʌð(ə)n	adj.	南部的，南方的	9	3	2015/2019/2020	southern:9
1666	2913	spoon	spuːn	n.	匙, 调羹	9	4	2010/2011/2015/2022	spoons:7 spoon:2
1667	2927	staff	stɑːf	n.	全体职工（雇员	9	4	2010/2018/2020/2022	staff:9
1668	2948	steady	ˈstedɪ	adj.	稳固的；平稳的	9	5	2011/2014/2015/2016/2017	steady:9
1669	2950	steam	stiːm	n.	汽，水蒸气	9	2	2016/2017	steam:9
1670	2965	storm	stɔːm	n.	风暴，暴（风）雨	9	3	2010/2014/2018	storm:6 storms:3
1671	2983	string	strɪŋ	n.	细绳，线，带	9	3	2010/2012/2022	string:6 strings:3
1672	3008	suggestion	səˈdʒestʃ(ə)n	n.	建议	9	4	2011/2013/2015/2020	suggestion:8 suggestions:1
1673	3178	tiny	ˈtaɪnɪ	adj.	tinier, tiniest a. 极小的，微小的	9	5	2008/2012/2019/2020/2021	tiny:9
1674	3240	treatment	ˈtriːtmənt	n.	治疗,疗法	9	3	2012/2013/2020	treatment:8 treatments:1
1675	3276	typical	ˈtɪpɪk(ə)l	adj.	典型的，有代表性的，特有的	9	3	2014/2017/2020	typical:9
1676	3332	urge	ɜːdʒ	v.	敦促，催促，力劝	9	3	2016/2017/2018	urge:5 urged:2 urges:1 urging:1
1677	3483	wine	waɪn	n.	酒	9	5	2012/2015/2016/2017/2021	wine:9
1678	40	achievement	əˈtʃiːvmənt	n.	成就,成绩,功绩	8	3	2016/2019/2020	achievements:7 achievement:1
1679	67	admire	ədˈmaɪə(r)	v.	钦佩；羡慕	8	4	2015/2016/2017/2019	admired:3 admire:2 admiring:2 admires:1
1680	84	affair	əˈfeə(r)	n.	事，事情	8	3	2010/2014/2016	affairs:8
1681	3559	afterward(s)	ˈɑːftəwəd(z)	adv.	后来，以后	8	0		afterwards:8
1682	112	airline	ˈeəlaɪn	n.	航空公司；航空系统	8	3	2013/2017/2019	airline:6 airlines:2
1683	182	anxious	ˈæŋkʃəs	adj.	忧虑的，焦急的	8	4	2014/2015/2018/2020	anxious:8
1684	253	assistance	əˈsɪst(ə)ns	n.	帮助，援助，支持	8	4	2011/2016/2020/2022	assistance:8
1685	357	beam	biːm	n.	平衡木	8	2	2019/2021	beam:8
1686	373	beer	bɪə(r)	n.	啤酒	8	3	2016/2019/2021	beer:8
1687	445	boom	buːm	n. v.	/ v. 繁荣，轰鸣，激增	8	4	2013/2015/2018/2020	boom:4 boomed:2 booming:2
1688	473	brand	brænd	n.	品牌	8	4	2015/2017/2020/2022	brand:6 brands:2
1689	489	brief	briːf	adj.	简洁的	8	3	2017/2018/2020	brief:8
1690	494	broad	brɔːd	adj.	宽的，宽大的	8	3	2013/2014/2022	broad:8
1691	544	canadian	kəˈneɪdɪən	adj. n.	加拿大的；加拿大人的 n. 加拿大人	8	3	2010/2017/2018	canadian:6 canadians:2
1692	612	channel	ˈtʃæn(ə)l	n.	频道；通道；水渠	8	1	2015	channels:6 channel:2
1693	616	characteristic	kærɪktəˈrɪstɪk	adj.	典型的，独特的	8	4	2019/2020/2021/2022	characteristics:6 characteristic:2
1694	627	cheerful	ˈtʃɪəfʊl	adj.	兴高采烈的，快活的	8	4	2008/2011/2017/2022	cheerful:8
1695	629	cheese	tʃiːz	n.	奶酪	8	3	2011/2013/2022	cheese:8
1696	630	chef	ʃef	n.	厨师长，主厨	8	2	2018/2022	chef:8
1697	664	circus	ˈsɜːkəs	n.	马戏团	8	2	2013/2021	circus:8
1698	740	competition	kɔmpəˈtɪʃ(ə)n	n.	比赛，竞赛	8	2	2012/2021	competitions:5 competition:3
1699	752	concentrate	ˈkɔnsəntreɪt	v.	聚精会神	8	5	2009/2016/2017/2019/2021	concentrate:6 concentrated:2
1700	785	construct	kənˈstrʌkt	v.	构筑；建造，建设	8	2	2017/2020	construct:6 constructing:2
1701	791	container	kənˈteɪnə(r)	n.	容器	8	2	2017/2018	container:6 containers:2
1702	895	deaf	def	adj.	聋的	8	2	2011/2017	deaf:8
1703	899	debate	dɪˈbeɪt	n. v.	讨论，辩论	8	3	2014/2017/2020	debate:4 debating:2 debated:2
1704	905	declare	dɪˈkleə(r)	vt.	声明；断言	8	5	2014/2015/2016/2019/2020	declared:5 declare:3
1705	922	delight	dɪˈlaɪt	n.	快乐；乐事	8	4	2010/2018/2021/2022	delight:8
1706	952	diary	ˈdaɪərɪ	n.	日记；日记簿	8	3	2017/2019/2022	diary:8
1707	1010	diverse	daɪˈvɜːs	v.	不同的，多种多样，形形色色的	8	4	2018/2019/2020/2022	diverse:8
1708	1011	divide	dɪˈvaɪd	vt.	分，划分	8	4	2013/2014/2016/2021	divided:7 dividing:1
1709	1047	due	djuː; (US) duː	adj.	预期的；约定的	8	4	2008/2015/2018/2021	due:8
1710	1071	eastern	ˈiːst(ə)n	adj.	东方的；东部的	8	3	2010/2019/2021	eastern:8
1711	1093	electric	ɪˈlektrɪk	adj.	电的	8	4	2011/2015/2016/2017	electric:8
1712	1133	equal	ˈiːkw(ə)l	adj. vt.	平等的 vt.等于，使等于	8	4	2010/2014/2015/2019	equal:8
1713	1176	expense	ɪkˈspens	n.	消费； 支出	8	3	2010/2018/2021	expense:5 expenses:3
1714	1222	fare	feə(r)	n.	（车或船的）费用，票（价	8	2	2014/2022	fare:8
1715	1277	fist	fɪst	n.	拳(头	8	3	2011/2015/2017	fist:8
1716	1287	flat	flæt	adj. n.	平的 n. 楼中一套房间； 公寓(常用复数	8	4	2008/2009/2019/2020	flat:8
1717	1305	fold	fəʊld	vt.	折叠；合拢	8	3	2011/2015/2017	folded:2 fold:2 folding:2 folder:2
1718	1351	freezing	ˈfriːziŋ	adj.	冻结的；极冷的	8	3	2015/2016/2018	freezing:8
1719	1417	globe	ɡləʊb	n.	地球仪,地球	8	4	2016/2017/2018/2022	globe:8
1720	1451	gravity	ˈɡrævɪtɪ	n.	重力，地球引力	8	2	2010/2019	gravity:8
1721	3586	ice-cream	ˌaɪsˈkriːm	n.	冰淇淋	8	0		ice cream:8
1722	1640	inform	ɪnˈfɔːm	vt.	告诉； 通知	8	5	2008/2014/2016/2018/2021	inform:5 informing:2 informed:1
1723	1744	kiss	kɪs	n. vt.	吻，亲吻	8	1	2011	kiss:8
1724	1749	knock	nɔk	n. v.	敲；打；击 ；know(knew,known	8	2	2017/2020	knocked:4 knocks:2 knock:2
1725	1834	loss	lɔs; (US) lɔːs	n.	丧失；损耗；lose (lost, lost	8	3	2014/2016/2021	loss:5 losses:3
1726	1867	marathon	ˈmærəθ(ə)n	n.	马拉松	8	2	2015/2020	marathon:8
1727	1873	married	ˈmærɪd	adj.	已婚的	8	4	2008/2011/2012/2020	married:8
1728	1877	master	ˈmɑːstə(r); (US) ˈmæstər	vt.	精通，掌握	8	5	2009/2010/2013/2017/2019	master:4 masters:3 mastering:1
1729	1909	menu	ˈmenʃ(ə)n	n.	菜单	8	3	2015/2016/2017	menu:8
1730	1921	mexico	ˈmeksɪkəʊ	n.	* n. 墨西哥	8	3	2010/2012/2018	mexico:8
1731	2051	nor	nɔː(r)	conj.	也不	8	2	2019/2022	nor:8
1732	2075	nursing	nɜːsɪŋ	n.	(职业性的）保育,护理	8	2	2010/2021	nursing:8
1733	2128	ordinary	ˈɔːdɪnərɪ; (US) ˈɔːrdənerɪ	adj.	普通的，平常的	8	3	2010/2014/2020	ordinary:8
1734	2169	page	peɪdʒ	n.	页，页码	8	3	2011/2016/2020	page:6 pages:2
1735	2173	painter	ˈpeɪntə(r)	n.	绘画者,（油）画家	8	3	2020/2021/2022	painter:6 painters:2
1736	2221	penny	ˈpenɪ	n.	(英复pence) n. （英）便士；美分	8	1	2019	penny:8
1737	2240	personnel	pɜːsəˈnel	n.	全体人员，职员	8	3	2011/2016/2022	personnel:8
1738	2261	pile	paɪ	n.	堆	8	2	2014/2021	pile:6 piled:2
1739	2301	pole	pəʊl	n.	杆，电线杆；；the North (South) Pole	8	2	2015/2016	pole:6 poles:2
1740	2338	potential	pəˈtenʃ(ə)l	adj.	潜在的，可能的	8	3	2013/2016/2017	potential:8
1741	2357	preparation	prepəˈreɪʃ(ə)n	n.	准备	8	3	2015/2017/2019	preparation:8
1742	2463	rainy	ˈreɪnɪ	adj.	下雨的；多雨的	8	2	2010/2016	rainy:8
1743	2525	relation	rɪˈleɪʃ(ə)n	n.	关系； 亲属	8	3	2010/2013/2022	relations:6 relation:2
1744	2534	religious	rɪˈlɪdʒəs	adj.	宗教的	8	3	2012/2013/2015	religious:8
1745	2615	royal	ˈrɔɪəl	adj.	皇家的，王室的，国王的，女王的	8	2	2015/2016	royal:8
1746	2618	rude	ruːd	adj.	无理的, 粗鲁的	8	3	2016/2020/2022	rude:8
1747	2623	runner	ˈrʌnə(r)	n.	赛跑者；操作者；滑行装置	8	4	2010/2015/2018/2020	runner:5 runners:3
1748	2643	salt	sɔːlt	n.	盐	8	2	2017/2022	salt:8
1749	2660	scar	skɑː(r)	n.	伤疤，伤痕	8	5	2013/2015/2018/2019/2022	scared:8
1750	2676	score	skɔː(r)	n. v.	得分，分数	8	3	2015/2019/2021	score:4 scoring:2 scored:2
1751	2681	scream	skriːm	n.	尖叫	8	3	2012/2017/2018	screams:3 screaming:3 scream:1 screamed:1
1752	2700	security	sɪˈkjʊərɪtɪ	n.	安全，平安；see (saw, seen	8	3	2008/2019/2021	security:8
1753	2799	sister	ˈsɪstə(r)	n.	姐；妹	8	4	2010/2014/2016/2019	sister:7 sisters:1
1754	2829	slip	slɪp	n.	片，条，纸片，纸条	8	3	2008/2016/2022	slips:3 slip:3 slipped:2
1755	2840	snack	snæk	n.	小吃	8	2	2016/2017	snack:5 snacks:3
1756	2874	somewhere	ˈsʌmtaɪmz	adv.	在某处	8	3	2014/2015/2019	somewhere:8
1757	3624	steal	stiːl	vt.	偷，窃取	8	3	2015/2019/2020	stolen:6 stole:2
1758	2976	stream	striːm	n.	小河；溪流	8	2	2010/2021	stream:7 streams:1
1759	3012	suitcase	ˈsjuːtkeɪs	n.	(旅行用)小提箱,衣箱	8	2	2014/2021	suitcase:8
1760	3024	super	ˈsuːpə(r)	adj.	顶好的，超级的	8	1	2019	super:8
1761	3046	swap	swɔp	v.	交换（东西）；swear (swore, sworn	8	1	2021	swap:8
1762	3627	sweep	swiːp	v.	扫除，清扫	8	4	2008/2016/2017/2022	sweep:3 swept:3 sweeping:2
1763	3052	swimming	ˈswɪmɪŋ	n.	游泳	8	4	2008/2012/2015/2018	swimming:8
1764	3121	textbook	tekstbuk	n.	课本，教科书	8	3	2008/2012/2018	textbook:7 textbooks:1
1765	3173	tight	taɪt	adj.	紧的	8	3	2014/2016/2018	tight:8
1766	3195	ton	tʌn	n.	（重量单位）吨	8	3	2014/2018/2019	tons:8
1767	3197	tonight	təˈnaɪt	adv. n.	今晚，今夜	8	4	2011/2013/2015/2018	tonight:8
1768	3255	truly	ˈtruːlɪ	adv.	真正地，真实地	8	2	2016/2019	truly:8
1769	3301	unfortunately	ʌnˈfɔːtjʊnətlɪ	adv.	不幸地	8	3	2012/2015/2017	unfortunately:8
1770	3392	voyage	ˈvɔɪɪdʒ	n.	航行，旅行	8	2	2011/2016	voyage:8
1771	3397	waiter	ˈweɪtə(r)	n.	（餐厅）男服务员	8	2	2016/2018	waiter:8
1772	3410	warmth	wɔːmθ	n.	暖和，温暖	8	3	2008/2015/2017	warmth:8
1773	3425	weak	wiːk	adj.	差的，弱的，淡的	8	3	2010/2014/2017	weak:7 weaker:1
1774	3439	weigh	weɪ	vt.	称…的重量，重（若干	8	4	2014/2015/2016/2021	weighed:3 weighs:3 weigh:2
1775	3485	winner	ˈwɪnə(r)	n.	获胜者	8	2	2014/2018	winners:4 winner:4
1776	3496	witness	ˈwɪtnɪs	v. n.	/ n. 目击者，见证人；wolf（复wolves	8	2	2020/2022	witnessing:3 witnessed:3 witness:2
1777	3509	workplace	wɜːkpleɪs	n.	工作场所，车间	8	1	2020	workplaces:4 workplace:4
1778	20	academic	ækəˈdemɪk	adj. n.	/ n. 学术的，教学的	7	3	2013/2015/2019	academic:6 academics:1
1779	71	adolescent	ædəˈlesənt	n.	青少年	7	3	2013/2014/2019	adolescents:6 adolescent:1
1780	100	aggressive	ˈəɡresɪv	adj.	侵略的；咄咄逼人	7	3	2012/2017/2019	aggressive:7
1781	115	airport	ˈeəpɔːt	n.	航空站，飞机场	7	3	2013/2016/2018	airport:5 airports:2
1782	212	approximately	əprɔksɪˈmətlɪ	adv.	近似，大约	7	4	2008/2013/2020/2022	approximately:7
1783	239	artificial	ɑːtɪˈfɪʃ(ə)l	adj.	人工的，人造的	7	3	2009/2018/2019	artificial:7
1784	243	ashamed	əˈʃeɪmd	adj.	惭愧； 害臊	7	3	2016/2018/2020	ashamed:7
1785	252	assist	əˈsɪst	v.	帮助，协助	7	4	2016/2018/2021/2022	assist:3 assists:2 assisting:2
1786	3562	awake	əˈweɪk	v. adj.	唤醒；醒着的（awoke, awoken）	7	2	2011/2018	awake:7
1787	309	badly	ˈbædlɪ	adv.	坏，恶劣地	7	4	2014/2015/2016/2020	badly:7
1788	392	beneficial	benɪˈfɪʃ(ə)l	adj.	有利的，有帮助的，有用的	7	3	2011/2019/2020	beneficial:7
1789	396	besides	bɪˈsaɪdz	prep. adv.	除…以外（还有） ad. 还有，此外；best（good, well 的最 高级	7	5	2008/2009/2010/2011/2014	besides:7
1790	451	boring	ˈbɔːrɪŋ	adj.	乏味的，无聊的	7	3	2013/2014/2015	boring:7
1791	507	budget	ˈbʌdʒɪt	n.	预算	7	1	2018	budget:7
1792	536	cake	keɪk	n.	蛋糕，糕点；饼	7	2	2015/2021	cake:5 cakes:2
1793	535	calculate	ˈkælkjʊleɪt	v.	计算，核算，推测	7	3	2014/2019/2022	calculated:4 calculate:1 calculates:1 calculating:1
1794	566	carrier	ˈkærɪə(r)	n.	搬运者；媒介;（自行车等的）置物架；（车的）货架	7	2	2008/2017	carrier:4 carriers:3
1795	585	cautious	ˈkɔːʃəs	adj.	小心的，谨慎的	7	4	2014/2015/2017/2020	cautious:7
1796	775	consequence	ˈkɔnsɪkwəns; (US) ˈkɔnsɪkwens	n.	结果，后果	7	3	2016/2019/2020	consequences:6 consequence:1
1797	816	corn	kɔːn	n.	玉米，谷物	7	2	2015/2018	corn:7
1798	897	dear	dɪə(r)	int. adj.	（表示惊愕）哎呀！唷！ a. 亲爱的；贵的	7	4	2010/2011/2012/2014	dear:7
1799	1115	engine	ˈendʒɪn	n.	发动机，引擎	7	2	2017/2022	engine:4 engines:3
1800	1130	envelope	ˈenvələʊp	n.	信封	7	5	2008/2012/2017/2019/2020	envelope:6 envelopes:1
1801	1165	exchange	ɪksˈtʃeɪndʒ	n.	交换，掉换；交流	7	4	2013/2017/2018/2022	exchanged:2 exchanging:2 exchange:2 exchanges:1
1802	1207	fair	feə(r)	adj. n.	公平的，合理的 a. (肤色)白皙的； （人）白肤金发的 n. 集市；庙会；展览会	7	3	2017/2018/2020	fair:5 fairs:2
1803	1220	fantasy	ˈfæntəsɪ	n.	幻想，梦想	7	3	2013/2019/2020	fantasy:6 fantasies:1
1804	1248	fiction	ˈfɪkʃ(ə)n	n.	小说，虚构的事	7	2	2013/2016	fiction:7
1805	1253	fifty	ˈfɪftɪ	num.	五十	7	2	2010/2017	fifties:6 fifty:1
1806	1311	fool	fuːl	n.	傻子，蠢人	7	2	2015/2022	fool:4 fooled:3
1807	1348	freedom	ˈfriːdəm	n.	自由	7	3	2017/2019/2021	freedom:7
1808	1506	harvest	ˈhɑːvɪst	n. vt.	收割，收获（物	7	2	2016/2020	harvested:3 harvesting:2 harvest:1 harvests:1
1809	1574	horse	hɔːs	n.	马	7	1	2022	horse:5 horses:2
1810	1622	impress	ɪmˈpres	vt.	留下极深的印象	7	3	2012/2013/2018	impressed:4 impress:2 impresses:1
1811	1654	inspect	ɪnˈspekt	vt.	检查；检验；审视	7	2	2008/2022	inspect:4 inspected:3
1812	1667	intention	ɪnˈtenʃ(ə)n	n.	打算,计划,意图	7	1	2020	intention:6 intentions:1
1813	1721	June	dʒuːn	n.	6月	7	3	2015/2016/2020	june:7
1814	1740	kindergarten	kɪndəˈɡɑːt(ə)n	n.	幼儿园	7	3	2008/2009/2018	kindergarten:7
1815	1748	knife	naɪf	n.	(复 knives) n.小刀;匕首;刀片	7	4	2010/2012/2016/2020	knives:5 knife:2
1816	1803	lifetime	ˈlaɪftaɪm	n.	一生，终生	7	4	2019/2020/2021/2022	lifetime:7
1817	1853	mail	meɪl	n. v.	邮政,邮递 v. (美)邮寄	7	4	2008/2010/2011/2016	mail:4 mailed:2 mailing:1
1818	1861	manager	ˈmænɪdʒə(r)	n.	经理	7	3	2010/2019/2021	manager:7
1819	1935	mine	maɪn	n. vt. pron.	矿藏,矿山vt.开采(矿物) pron. 我的	7	3	2009/2010/2018	mine:5 mined:2
1820	1953	mobile phone	ˈməʊbaɪl fəʊn	n.	手提电话，手机	7	0		mobile phone:7
1821	2077	nutrition	njuːˈtrɪʃ(ə)n	n.	营养，滋养	7	3	2010/2015/2018	nutrition:7
1822	2106	oneself	wʌnˈself	pron.	自己；自身	7	4	2008/2015/2020/2022	oneself:7
1823	2171	painful	ˈpeɪnfʊl	adj.	使痛的，使痛苦的	7	4	2013/2014/2015/2019	painful:7
1824	2197	partner	ˈpɑːtnə(r)	n.	搭档，合作者	7	4	2010/2011/2016/2019	partner:4 partners:3
1825	2210	pause	pɔːz	n. vi.	中止，暂停；停止	7	3	2019/2021/2022	paused:3 pauses:2 pausing:2
1826	2235	permanent	ˈpɜːmənənt	adj.	永久的，永恒的	7	3	2019/2020/2021	permanent:7
1827	2236	permission	pəˈmɪʃ(ə)n	n.	允许,许可,同意	7	2	2010/2014	permission:7
1828	3604	phenomenon	fəˈnɒmɪnən	n.	现象	7	3	2010/2015/2018	phenomenon:7
1829	2295	pocket	ˈpɔkɪt	n.	（衣服的）口袋	7	3	2008/2014/2021	pocket:7
1830	2309	pollute	pəˈluːt	vt.	污染	7	4	2014/2015/2018/2021	polluting:3 polluted:3 pollute:1
1831	3608	pop	pɒp	adj. n.	（口语）流行的；流行音乐（popular 的缩写）	7	4	2012/2016/2017/2022	pop:7
1832	2396	prohibit	prəˈhɪbɪt	v.	禁止	7	3	2008/2014/2017	prohibited:5 prohibiting:2
1833	2403	properly	ˈprɔpəlɪ	adv.	适当地	7	3	2008/2013/2020	properly:7
1834	2482	reality	rɪˈælɪtɪ	n.	现实；realise (美realize	7	3	2013/2014/2017	reality:7
1835	2494	recite	rɪˈsaɪt	v.	背诵；recognise (美recognize	7	3	2009/2017/2021	recited:4 recite:3
1836	2518	regardless	rɪˈɡɑːdlɪs	adj.	不顾，不加理会	7	3	2013/2019/2020	regardless:7
1837	2584	rice	raɪs	n.	稻米；米饭	7	2	2016/2018	rice:7
1838	2603	roof	ruːf	n.	屋顶，顶部	7	4	2009/2017/2018/2020	roofs:4 roof:3
1839	2617	rubbish	ˈrʌbɪʃ	n.	垃圾； 废物	7	3	2014/2017/2019	rubbish:7
1840	2659	scan	skæn	v.	略读，浏览，扫描	7	2	2013/2019	scanning:4 scans:2 scanned:1
1841	2664	scenery	ˈsiːnərɪ	n.	风景，景色，风光；sceptical (AmE skeptical	7	4	2015/2016/2020/2022	scenery:5 sceneries:2
1842	2707	selfish	ˈselfɪʃ	adj.	自私的	7	2	2016/2019	selfish:7
1843	2748	shine	ʃaɪn	n.	光泽；光彩；阳光；晴天；光(亮)；shine (shone, shone 或-d, -d	7	2	2015/2019	shining:5 shine:2
1844	2777	sigh	saɪ	vi.	叹息；叹气	7	3	2009/2010/2019	sigh:5 sighed:2
1845	2797	sink	sɪŋk	n.	洗涤槽；污水槽；sink (sank, sunk	7	1	2018	sink:4 sank:2 sinking:1
1846	2839	smooth	ˈsməʊkɪŋ	adj.	光滑的;平坦的	7	5	2010/2011/2016/2018/2022	smooth:7
1847	2854	soccer	ˈsɔkə(r)	n.	英式足球	7	3	2015/2020/2021	soccer:7
1848	2862	software	sɔft; (US) sɔːft	n.	软件	7	2	2011/2015	software:7
1849	2893	Spanish	ˈspænɪʃ	adj. n.	西班牙人的，西班牙的，西班牙语的 n. 西班牙语	7	3	2014/2016/2018	spanish:7
1850	2894	spare	speə(r)	adj.	空闲,多余的，剩余的	7	4	2008/2010/2017/2020	spare:7
1851	2907	spiritual	ˈspɪrɪtʃʊəl	adj.	精神的； 心灵的	7	3	2015/2019/2020	spiritual:7
1852	3003	sudden	ˈsʌd(ə)n	adj.	突然的	7	2	2010/2014	sudden:7
1853	3070	tale	teɪl	n.	故事, 传说	7	2	2012/2019	tales:4 tale:3
1854	3076	tap	tæp	n.	(自来水煤气等的)龙头	7	3	2008/2014/2019	tap:2 tapped:2 tapping:2 taped:1
1855	3207	totally	ˈtɔt(ə)lɪ	adv.	总合地，完全地	7	3	2008/2018/2019	totally:7
1856	3317	unpleasant	ʌnˈplez(ə)nt	adj.	使人不愉快的	7	3	2017/2019/2020	unpleasant:7
1857	3339	usual	ˈjuːʒʊəl	adj.	通常的，平常的	7	3	2011/2013/2020	usual:7
1858	3382	visual	ˈvɪʒjʊəl	adj.	视力的，视觉的	7	2	2018/2022	visual:7
1859	3524	wound	wuːnd	vt. n.	伤,伤害 n.创伤,伤口	7	3	2010/2016/2022	wound:6 wounding:1
1860	3536	yellow	ˈjeləʊ	adj.	黄色的	7	2	2015/2018	yellow:7
1861	29	accompany	əˈkʌmpənɪ	v.	陪同，陪伴，与…同时发生	6	3	2017/2018/2022	accompanied:6
1862	30	accomplish	əˈkʌmplɪʃ	v.	完成	6	3	2014/2016/2017	accomplish:5 accomplished:1
1863	79	advertisement	ədˈvɜːtɪsmənt	n.	广告	6	3	2011/2013/2015	advertisements:4 advertisement:2
1864	90	African	ˈæfrɪkən	adj. n.	非洲的，非洲人的 n. 非洲人	6	3	2012/2014/2018	african:6
1865	104	agricultural	æɡrɪˈkʌltʃər(ə)l	adj.	农业的	6	2	2010/2016	agricultural:6
1866	135	alphabet	ˈælfəbet	n.	字母表，字母	6	2	2016/2017	alphabet:6
1867	140	altitude	ˈæltɪtjuːd; (US) ælˈtɪtuːd	n.	海拔高度	6	4	2010/2015/2020/2022	altitudes:4 altitude:2
1868	170	anniversary	ænɪˈvɜːsərɪ	n.	周年纪念日	6	3	2017/2018/2022	anniversary:4 anniversaries:2
1869	172	announcement	əˈnaʊnsmənt	n.	通告，通知	6	3	2011/2014/2020	announcement:4 announcements:2
1870	189	anywhere	ˈenɪweə(r)	adv.	任何地方	6	3	2008/2011/2021	anywhere:6
1871	203	application	æplɪˈkeɪʃ(ə)n	n.	申请	6	3	2013/2021/2022	application:6
1872	257	assume	əˈsjuːm; (US) əˈsuːm	v.	假定，假设	6	3	2010/2018/2020	assume:6
1873	260	astronaut	ˈæstrənɔːt	n.	宇航员	6	1	2019	astronauts:6
1874	333	bargain	ˈbɑːɡɪn	n. v.	（经讨价还价后）成交的商品；廉价货 v. 讨价还价	6	3	2013/2017/2020	bargain:4 bargaining:2
1875	375	beg	beɡ	v.	请求，乞求，乞讨 ；begin(began,begun	6	2	2015/2022	begging:4 beg:2
1876	422	blanket	ˈblæŋkɪt	n.	毛毯，毯子	6	2	2021/2022	blanket:6
1877	425	blind	blaɪnd	adj.	瞎的	6	3	2013/2021/2022	blinding:4 blind:2
1878	517	burst	ˈbɜːst	v.	突然发生； 突然发作	6	3	2014/2015/2016	burst:4 bursts:2
1879	534	cage	keɪdʒ	n.	笼；鸟笼	6	3	2016/2019/2022	cage:4 cages:2
1880	558	carbon	ˈkɑːbən	n.	碳	6	2	2018/2022	carbon:6
1881	579	cater	ˈkeɪtə(r)	v.	提供饮食，承办酒席	6	3	2011/2015/2016	caters:2 catering:2 catered:2
1882	582	cattle	ˈkæt(ə)l	n.	牛（总称），家畜	6	3	2009/2018/2020	cattle:6
1883	640	chief	tʃiːf	adj. n.	主要,首要的 n.领导，头；child (复children	6	4	2008/2018/2019/2020	chief:6
1884	747	compromise	ˈkɔmprəmaɪz	v.	妥协,折中,让步	6	3	2013/2018/2022	compromise:4 compromised:2
1885	757	conclusion	kənˈkluːʒ(ə)n	n.	结论；结束	6	2	2014/2019	conclusion:4 conclusions:2
1886	786	construction	kənˈstrʌkʃ(ə)n	n.	建造,建设,建筑物	6	2	2016/2022	construction:4 constructions:2
1887	803	convenience	kənˈviːnɪəns	n.	便利	6	3	2010/2011/2018	convenience:4 conveniences:2
1888	804	convenient	kənˈviːnɪənt	adj.	便利的，方便的	6	3	2013/2014/2021	convenient:6
1889	818	corporation	kɔːpəˈreɪʃ(ə)n	n.	（大）公司	6	3	2013/2015/2017	corporations:3 corporation:3
1890	893	dead	ded	adj.	死的；无生命的	6	3	2014/2016/2021	dead:6
1891	900	debt	det	n.	债务；欠款	6	2	2015/2020	debt:6
1892	909	decrease	dɪˈkriːs	v.	减少，减小，降低	6	2	2010/2018	decreased:3 decrease:2 decreasing:1
1893	930	depth	depθ	n.	深，深度	6	3	2009/2013/2019	depth:5 depths:1
1894	940	destination	destɪˈneɪʃ(ə)n	n.	目的地，终点	6	2	2015/2019	destinations:4 destination:2
1895	947	devote	dɪˈvəʊt	vt.	把…奉献, 把…专用（于	6	3	2008/2011/2015	devoted:4 devote:2
1896	957	differ	ˈdɪfə(r)	v.	相异，有区别	6	3	2015/2020/2021	differ:6
1897	979	disability	dɪsəˈbɪlɪtɪ	n.	. 残疾；无能	6	2	2013/2019	disability:6
1898	981	disadvantage	dɪsədˈvɑːntɪdʒ	n.	不利条件；弱点	6	3	2008/2018/2022	disadvantage:4 disadvantaged:2
1899	1008	disturbing	dɪˈstɜːbɪŋ	adj.	令人不安的，引起恐慌的	6	3	2012/2019/2021	disturbing:6
1900	1034	drawer	ˈdrɔːə(r)	n.	抽屉	6	2	2010/2020	drawer:6
1901	1124	enterprise	ˈentəpraɪz	n.	公司，企，事业单位	6	1	2011	enterprise:6
1902	1175	expectation	ekspekˈteɪʃ(ə)n	n.	预料；期望	6	3	2016/2021/2022	expectations:4 expectation:2
1903	1195	extreme	ɪkˈstriːm	adj.	极其的，非常的	6	4	2017/2019/2020/2022	extreme:5 extremes:1
1904	1204	fade	feɪd	vi.	褪色，（颜色）消退	6	2	2019/2020	fade:2 fading:2 faded:2
1905	1229	fault	fɔːlt	n.	缺点，毛病	6	2	2010/2022	faults:4 fault:2
1906	1235	feather	ˈfeðə(r)	n.	羽毛	6	2	2010/2012	feathers:6
1907	1251	fifteen	fɪfˈtiːn	num.	十五	6	2	2016/2019	fifteen:6
1908	1289	flexible	ˈfleksəbl	adj.	灵活的，可变动的	6	3	2013/2015/2019	flexible:6
1909	1306	folk	fəʊk	adj.	民间的	6	3	2009/2019/2022	folk:6
1910	1334	forty	ˈfɔːtɪ	num.	四十	6	3	2014/2017/2022	forty:6
1911	1342	fox	fɔks	n.	狐狸	6	3	2017/2018/2022	foxes:6
1912	1354	frequent	ˈfriːkwənt	adj.	经常的；频繁的	6	2	2018/2020	frequent:6
1913	1386	gallon	ˈɡælən	n.	加仑	6	1	2017	gallon:4 gallons:2
1914	1389	garbage	ˈɡɑːbɪdʒ	n.	垃圾	6	2	2021/2022	garbage:6
1915	1412	glad	ɡlæd	adj.	高兴的；乐意的	6	3	2013/2018/2020	glad:6
1916	1439	grammar	ˈɡræmə(r)	n.	语法	6	2	2014/2015	grammar:6
1917	1459	greeting	ˈɡriːtɪŋ	n.	祝贺	6	3	2012/2013/2021	greeting:4 greetings:2
1918	1531	hello	həˈləʊ	int.	喂；你好（表示打招呼，问候或唤起注意	6	2	2021/2022	hello:6
1919	1543	hey	heɪ	int.	嘿！	6	2	2010/2016	hey:6
1920	1584	housework	ˈhaʊswɜːk	n.	家务劳动	6	1	2021	housework:6
1921	1611	ill	ɪl	adj.	有病的；不健康的	6	4	2010/2013/2017/2020	ill:6
1922	1613	illness	ˈɪlnɪs	n.	疾病	6	3	2013/2017/2018	illnesses:4 illness:2
1923	1659	institution	ɪnstɪˈtjuːʃ(ə)n; (US) ɪnstəˈtuːʃn	n.	(慈善、宗教等性质的)公共机构； 学校	6	3	2013/2015/2020	institutions:5 institution:1
1924	1698	Japan	dʒæˈpæn	n.	* n. 日本	6	4	2008/2011/2016/2022	japan:6
1925	1700	jar	dʒɑː(r)	n.	罐子；坛子	6	2	2011/2013	jar:6
1926	1754	lady	ˈleɪdɪ	n.	女士，夫人	6	1	2016	lady:4 ladies:2
1927	1778	leader	ˈliːdə(r)	n.	领袖，领导人	6	3	2010/2014/2016	leader:4 leaders:2
1928	1790	lemon	ˈlemən	n. adj.	柠檬 a. 柠檬色(味)的	6	2	2015/2018	lemon:6
1929	1804	lift	lɪft	v. n.	举起，抬起；（云、烟等）消散 n. （英）电梯	6	4	2013/2017/2018/2020	lifted:3 lift:2 lifts:1
1930	1847	lung	lʌŋ	n.	肺；肺脏	6	3	2013/2018/2019	lungs:5 lung:1
1931	1872	marriage	ˈmærɪdʒ	n.	结婚，婚姻	6	3	2010/2015/2017	marriages:3 marriage:3
1932	1882	mature	məˈtjʊə(r); (US) məˈtʊər	adj.	成熟的	6	3	2015/2020/2021	mature:4 matured:2
1933	1927	midnight	ˈmɪdnaɪt	n.	午夜	6	2	2013/2014	midnight:6
1934	1940	minister	ˈmɪnɪstə(r)	n.	部长；牧师	6	3	2019/2020/2022	ministers:4 minister:2
1935	1951	mixture	ˈmɪkstʃə(r)	n.	混合物；mm (缩) = millimetre	6	2	2017/2018	mixture:6
1936	1982	mouth	maʊθ	n.	嘴，口	6	2	2018/2022	mouth:6
1937	2076	nut	nʌt	n.	坚果,果仁(胡桃,栗子等	6	1	2022	nut:6
1938	2082	obtain	əbˈteɪn	vt.	获得；得到	6	3	2014/2017/2020	obtain:3 obtained:2 obtaining:1
1939	2083	obvious	ˈɔbvɪəs	adj.	显然	6	2	2017/2020	obvious:6
1940	2113	opera	ˈɔpərə	n.	歌剧	6	1	2016	opera:6
1941	2119	oppose	əˈpəʊz	vt.	反对；反抗	6	3	2013/2017/2020	opposed:4 oppose:2
1942	2124	oral	ˈɔːrəl	adj.	口述的，口头上的	6	1	2014	oral:6
1943	2162	oxygen	ˈɔksɪdʒ(ə)n	n.	氧；氧气	6	1	2019	oxygen:6
1944	2256	picnic	ˈpɪknɪk	n. v.	野餐	6	2	2012/2018	picnic:6
1945	2291	plenty	pliːzd	n.	充足，大量	6	2	2019/2021	plenty:6
1946	2297	poet	ˈpəʊɪt	n.	诗人	6	3	2008/2010/2012	poet:5 poets:1
1947	2374	primitive	ˈprɪmɪtɪv	adj.	原始的，远古的	6	1	2010	primitive:6
1948	2378	printing	ˈprɪntɪŋ	n.	印刷，印刷术	6	1	2011	printing:6
1949	2409	province	ˈprɔvɪns	n.	省	6	4	2018/2019/2020/2022	province:5 provinces:1
1950	2431	puzzled	ˈpʌz(ə)l	adj.	迷惑的，困惑的	6	3	2014/2015/2021	puzzled:6
1951	2438	quarter	ˈkwɔːtə(r)	n.	四分之一，一刻钟	6	2	2011/2021	quarter:6
1952	2467	rank	ræŋk	n.	职衔，军衔	6	3	2016/2019/2021	ranks:4 ranked:1 ranking:1
1953	2475	ray	reɪ	n.	光辉，光线	6	2	2018/2019	ray:4 rays:2
1954	2478	react	riːˈækt	v.	回应，过敏，起物理，化学反应；read (read, read	6	3	2016/2017/2022	react:6
1955	2508	reference	ˈref(ə)rəns	n.	提到,涉及,谈及,查询	6	1	2022	reference:4 references:2
1956	2560	reservation	rezəˈveɪʃ(ə)n	n.	预定	6	2	2017/2022	reservations:6
1957	2610	rough	rʌf	adj.	粗糙的，粗略的	6	3	2010/2011/2017	rough:6
1958	2648	sandwich	ˈsænwɪdʒ	n.	三明治（夹心面包片	6	1	2015	sandwich:6
1959	2650	satisfaction	sætɪsˈfækʃ(ə)n	n.	满意	6	2	2011/2012	satisfaction:6
1960	2699	secure	sɪˈkjʊə(r)	adj.	安心的,有把握的,牢靠的	6	2	2017/2021	securing:4 secure:2
1961	2701	seed	siːd	n.	种子	6	2	2011/2018	seeds:4 seed:2
1962	2711	sensitive	ˈsensɪtɪv	adj.	体贴的,善解人意的	6	3	2013/2021/2022	sensitive:6
1963	2721	session	ˈseʃ(ə)n	n.	一场,一节,一段时间；set (set, set	6	2	2015/2018	session:6
1964	2733	shade	ʃeɪd	n.	阴凉处，树荫处	6	4	2012/2017/2019/2020	shades:4 shade:2
1965	2750	shirt	ʃɜːt	n.	男衬衫	6	3	2012/2017/2021	shirt:5 shirts:1
1966	2783	significance	ˈsɪɡnətʃə(r)	n.	重要性，意义	6	3	2014/2017/2020	significance:6
1967	2815	skip	skɪp	v.	蹦蹦跳跳；跳绳	6	3	2015/2018/2020	skip:3 skipped:3
1968	2825	slice	sliːv	n.	片，切面（薄）片	6	2	2018/2019	sliced:4 slices:2
1969	2836	smoke	smaɪl	n. v.	烟 v. 冒烟；吸烟	6	4	2011/2016/2017/2018	smoke:6
1970	2899	specialist	ˈspeʃəlɪst	n.	（医学）专家，专科医生；专家；专业人员	6	3	2010/2012/2017	specialists:4 specialist:2
1971	3068	tail	teɪl	n.	(动物的)尾巴	6	2	2020/2022	tail:4 tails:2
1972	3083	tasty	ˈteɪstɪ	adj.	味道好的	6	3	2016/2018/2020	tasty:6
1973	3089	teamwork	ˈtiːmwɜːk	n.	合作，协同工作	6	2	2015/2021	teamwork:6
1974	3158	thrill	θrɪl	n. v.	/ v. 兴奋，激动	6	3	2017/2018/2022	thrilled:4 thrilling:2
1975	3180	tire	ˈtaɪə(r)	vi.	使疲劳	6	2	2010/2018	tire:3 tiring:3
1976	3229	transform	trænsˈfɔːm	v.	使改变形态,使改观	6	2	2018/2021	transformed:3 transforms:2 transform:1
1977	3268	twentieth	ˈtwentiəθ	num.	第二十	6	2	2011/2019	twentieth:6
1978	3271	twin	twɪst	n.	双胞胎之一	6	2	2016/2020	twins:5 twin:1
1979	3275	typewriter	ˈtaɪpraɪtə(r)	n.	打字机	6	1	2010	typewriters:4 typewriter:2
1980	3329	upstairs	ʌpˈsteəz	adv.	在楼上，到楼上	6	2	2017/2020	upstairs:6
1981	3344	vain	veɪn	n.	自负的，自视过高的，徒劳的，无效的	6	3	2016/2017/2019	vain:6
1982	3391	vote	vəʊt	vi.	选举，投票	6	3	2016/2017/2019	vote:4 voted:2
1983	3435	weekday	ˈwiːkdeɪ	n.	平日	6	2	2008/2014	weekdays:3 weekday:3
1984	3448	wet	wet	adj.	湿的,潮的,多雨的	6	1	2018	wet:6
1985	3488	wire	ˈwaɪə(r)	n.	电线	6	3	2016/2017/2021	wire:2 wired:2 wires:2
1986	3490	wise	waɪz	adj.	聪明,英明的,有见识的	6	3	2015/2019/2020	wise:6
1987	3499	wood	wʊd	n.	木头,木材,(复)树木,森林	6	3	2014/2016/2018	wood:5 woods:1
1988	3514	worn	wɜrn /wɜːm	adj.	用坏,用旧的,疲惫的	6	3	2008/2012/2018	worn:6
1989	3554	zoo	zuː	n.	动物园	6	1	2011	zoo:6
1990	21	academy	əˈkædəmɪ	n.	专科学院,（美）私立学校	5	2	2011/2018	academy:5
1991	82	advocate	ˈædvəkət	v.	拥护，支持，提倡	5	2	2019/2020	advocates:3 advocate:2
1992	114	airplane	ˈeəpleɪn	n.	（美）飞机	5	2	2010/2018	airplanes:3 airplane:2
1993	133	alongside	əlɔŋˈsaɪd; (US) əlɔːŋˈsaɪd	adv.	在…旁边,与…同时	5	1	2019	alongside:5
1994	160	ancestor	ˈænsəstə(r)	n.	祖宗； 祖先	5	1	2010	ancestors:4 ancestor:1
1995	206	appointment	əˈpɔɪntmənt	n.	约会	5	2	2008/2010	appointment:4 appointments:1
1996	208	appreciation	əpriːʃɪˈeɪʃ(ə)n	n.	欣赏,鉴定,评估	5	2	2019/2020	appreciation:5
1997	267	atlantic	ətˈlæntɪk	adj.	大西洋的	5	2	2008/2010	atlantic:5
1998	334	bark	bɑːk	v. n.	狗叫 n. 狗叫声	5	2	2010/2019	barked:4 barking:1
1999	378	behave	bɪˈheɪv	v.	守规矩，行为	5	3	2015/2016/2020	behaved:3 behaving:1 behave:1
2000	390	bench	bentʃ	n.	长凳；工作台；bend (bent, bent	5	1	2016	bench:3 benches:2
2001	474	brave	breɪv	adj.	勇敢的	5	2	2010/2011	brave:5
2002	482	breathe	briːð	vi.	呼吸	5	2	2015/2019	breathe:5
2003	546	cancel	ˈkæns(ə)l	vt.	取消	5	2	2013/2020	cancelled:5
2004	636	chest	tʃest	n.	箱子；盒子；胸部	5	3	2008/2016/2018	chest:5
2005	702	coast	kəʊst	n.	海岸；海滨	5	3	2010/2011/2020	coast:4 coasts:1
2006	726	commitment	kəˈmɪtmənt	n.	承诺,允诺,承担	5	3	2016/2018/2019	commitment:5
2007	745	composition	kɔmpəˈzɪʃ(ə)n	n.	作文；作曲	5	1	2020	composition:3 compositions:2
2008	817	corner	ˈkɔːnə(r)	n.	角；角落；拐角	5	2	2010/2013	corner:4 corners:1
2009	836	cousin	ˈkʌz(ə)n	n.	堂（表）兄弟，堂（表）姐妹	5	2	2011/2016	cousins:4 cousin:1
2010	847	crime	kraɪm	n.	（法律上的）罪，犯罪	5	1	2020	crime:5
2011	856	cruel	ˈkruːəl	adj.	残忍的，残酷的；无情的	5	2	2011/2019	cruel:5
2012	866	currency	ˈkʌrənsɪ	n.	货币；现金	5	1	2020	currency:5
2013	934	deserve	dɪˈzɜːv	v.	（不用于进行时态）应得，应受	5	3	2016/2019/2021	deserve:5
2014	939	dessert	dɪˈzɜːt	n.	甜点	5	1	2018	dessert:5
2015	962	digest	dɪˈdʒest	v.	消化, 领会	5	2	2015/2020	digest:5
2016	969	dinosaur	ˈdaɪnəsɔː(r)	n.	恐龙	5	2	2012/2015	dinosaur:4 dinosaurs:1
2017	978	dirty	ˈdɜːtɪ	adj.	脏的	5	1	2015	dirty:3 dirtier:2
2018	1002	distant	ˈdɪst(ə)nt	adj.	远的，遥远的	5	3	2013/2014/2022	distant:5
2019	1007	disturb	dɪˈstɜːb	vt.	扰乱；打扰	5	2	2010/2017	disturbed:4 disturb:1
2020	1044	drunk	drʌŋk	adj.	醉的	5	2	2010/2011	drunk:5
2021	1052	dust	dʌst	n.	灰尘，尘土	5	2	2011/2016	dust:5
2022	1097	elegant	ˈelɪɡənt	adj.	文雅的,漂亮的,精美的	5	2	2016/2022	elegant:5
2023	1159	exact	ɪɡˈzækt	adj.	精确的；确切的	5	2	2014/2019	exact:5
2024	1198	eyesight	ˈaɪsaɪt	n.	视力；视觉	5	3	2011/2019/2022	eyesight:5
2025	1210	faith	feɪθ	n.	信仰；信念	5	2	2011/2014	faith:5
2026	1240	female	ˈfiːmeɪl	adj.	女的；女性的；雌性的	5	2	2018/2021	female:5
2027	1241	fence	fens	n.	栅栏；围栏；篱笆	5	2	2008/2016	fence:5
2028	1264	finger	ˈfɪŋɡə(r)	n.	手指	5	3	2008/2019/2022	fingers:5
2029	1285	flash	flæʃ	n.	闪；闪光； 转瞬间	5	2	2019/2021	flash:3 flashes:2
2030	1332	fortunate	ˈfɔːtʃənət	adj.	幸运的； 侥幸的	5	3	2010/2012/2017	fortunate:5
2031	1377	funeral	ˈfjuːˈnər(ə)l	n.	葬礼	5	1	2008	funeral:5
2032	1402	gentleman	ˈdʒent(ə)lmən	n.	绅士，先生；有身份、有教养的人	5	1	2010	gentleman:5
2033	1406	Germany	ˈdʒɜːmənɪ	n.	* n. 德国	5	2	2010/2011	germany:5
2034	1413	glance	glæns /glɑːns	vi.	匆匆一看；一瞥	5	2	2021/2022	glance:3 glances:2
2035	1436	graduation	ɡrædjʊˈeɪʃ(ə)n	n.	毕业，毕业典礼	5	2	2014/2017	graduation:5
2036	1442	granddaughter	ˈɡrændɔːtə(r)	n.	（外）孙女	5	3	2016/2019/2022	granddaughter:3 granddaughters:2
2037	1448	grasp	ɡrɑːsp; (US) ɡræsp	v.	抓住；紧握	5	2	2013/2018	grasp:3 grasped:2
2038	1450	grateful	ˈɡreɪtfʊl	adj.	感激的，感谢的	5	3	2008/2019/2021	grateful:5
2039	1453	Greece	ɡriːs	n.	* n. 希腊	5	3	2011/2015/2021	greece:5
2040	1458	greet	ɡriːt	vt.	问候；向……致敬	5	3	2013/2019/2022	greeted:3 greets:2
2041	1470	guidance	ˈɡaɪdəns	n.	引导，指导	5	2	2013/2014	guidance:5
2042	1495	happily	ˈhæpɪlɪ	adv.	幸福地，快乐地	5	3	2011/2018/2021	happily:5
2043	1594	hunger	ˈhʌŋɡə(r)	n.	饥饿	5	3	2011/2016/2017	hunger:5
2044	1686	iron	ˈaɪən; (US) ˈaɪərn	n. vt.	铁，熨斗 vt. 熨烫	5	4	2010/2012/2018/2020	iron:5
2045	1695	jacket	ˈdʒækɪt	n.	短上衣，夹克衫	5	2	2009/2012	jacket:5
2046	1718	juicy	dʒuːsɪ	adj.	多汁的；水分多的	5	2	2014/2015	juicy:4 juicier:1
2047	1817	literature	ˈlɪtərətʃə(r); (US) ˈlɪtrətʃʊər	n.	文学	5	3	2011/2013/2014	literature:5
2048	1859	male	meɪl	adj.	男（性）的；雄的；man (复men	5	2	2011/2018	male:4 males:1
2049	1915	mess	mes	n.	凌乱	5	2	2021/2022	mess:5
2050	1936	mineral	ˈmɪnər(ə)l	n.	矿物质，矿物	5	2	2014/2018	minerals:5
2051	1941	ministry	ˈmɪnɪstrɪ	n.	（政府的）部	5	3	2016/2018/2020	ministry:5
2052	2093	officer	ˈɔfɪsə(r); (US) ˈɔːfɪsər	n.	军官;公务员,官员；警察，警官	5	3	2008/2016/2019	officer:4 officers:1
2053	2142	outdoors	aʊtˈdɔːz	adv.	在户外, 在野外	5	3	2008/2016/2018	outdoors:5
2054	2150	outstanding	aʊtˈstændɪŋ	adj.	优秀的，杰出的；outward(s	5	2	2014/2016	outstanding:5
2055	2157	overweight	əʊvəˈweɪt	adj.	太胖的,超重的	5	3	2017/2018/2020	overweight:5
2056	2163	pace	peɪs	n.	步子；节奏	5	3	2008/2011/2020	pace:5
2057	2180	panda	ˈpændə	n.	熊猫	5	1	2016	pandas:4 panda:1
2058	3602	part-time	ˌpɑːtˈtaɪm	adj. adv.	兼职的；部分时间的（地）	5	0		part-time:5
2059	2263	pillow	pɪl	n.	枕头	5	2	2013/2018	pillows:4 pillow:1
2060	2272	pity	ˈpɪtɪ	n.	怜悯，同情	5	2	2009/2018	pity:5
2061	2285	playground	ˈpleɪgraʊnd	n.	操场，运动场	5	1	2019	playground:5
2062	2323	possess	pəˈzɪʃ(ə)n	vt.	占有；拥有	5	3	2010/2016/2022	possess:3 possessed:2
2063	2377	printer	ˈprɪntə(r)	n.	打印机	5	1	2019	printers:3 printer:2
2064	2394	profit	ˈprɔfɪt	n.	利润，收益；programme (美program	5	3	2013/2016/2022	profit:3 profits:2
2065	2436	quantity	ˈkwɔntətɪ	n.	量，数	5	3	2010/2015/2019	quantity:3 quantities:2
2066	2446	quit	kwɪt	v.	离任，离校，戒掉	5	3	2013/2014/2015	quit:5
2067	2485	reasonable	ˈriːzənəb(ə)l	adj.	合乎情理的	5	2	2016/2018	reasonable:5
2068	2486	rebuild	riːˈbɪld	vt.	重建	5	3	2011/2016/2018	rebuild:4 rebuilding:1
2069	2523	reject	rɪˈdʒekt	v.	拒绝	5	2	2016/2021	rejected:5
2070	2679	Scottish	ˈskɔtɪʃ	adj. n.	苏格兰（人）的 n. 苏格兰人	5	3	2010/2013/2022	scottish:5
2071	2712	sentence	ˈsent(ə)ns	n.	句子	5	4	2008/2009/2010/2016	sentences:4 sentence:1
2072	2723	settlement	ˈsetəlmənt	n.	新拓居地；（美）部落，村落	5	3	2008/2019/2022	settlement:3 settlements:2
2073	2742	sharpen	ˈʃɑːpən	v.	（使）变锐利，削尖	5	3	2011/2013/2019	sharpen:4 sharpening:1
2074	2759	shore	ʃɔː(r)	n.	滨，岸	5	3	2016/2018/2019	shore:5
2075	3619	shy	ʃaɪ	adj.	害羞的	5	3	2010/2016/2018	shy:5
2076	2813	skillfully	ˈskilfuli	adv.	精湛地,巧妙地	5	2	2010/2019	skillfully:5
2077	2865	soil	sɔɪl	n.	土壤，土地	5	4	2008/2014/2016/2018	soil:5
2078	2878	sorrow	ˈsɔrəʊ	n.	悲伤，悲痛	5	3	2013/2014/2018	sorrow:5
2079	2886	southeast	‚saʊθˈɪːs	n.	东南	5	3	2010/2018/2020	southeast:5
2080	2903	spell	spiːd	vt.	拼写	5	2	2009/2016	spell:5
2081	2912	sponsor	ˈspɔnsə(r)	n.	赞助者，赞助商	5	3	2010/2017/2020	sponsor:4 sponsors:1
2082	3025	superb	suːˈpɜːb	adj.	卓越的,质量极高的	5	2	2020/2022	superb:5
2083	3032	suppose	səˈpəʊz	vt.	猜想,假定,料想	5	2	2010/2018	supposed:3 supposing:1 suppose:1
2084	3141	thick	θɪk	adj.	厚的；thief (复thieves	5	3	2015/2018/2019	thick:5
2085	3285	uncle	ˈʌŋk(ə)l	n.	叔,伯,舅,姑夫,姨父	5	2	2010/2016	uncle:5
2086	3299	unfold	ʌnˈfəʊld	vt.	展开，打开	5	1	2019	unfolds:2 unfolded:2 unfold:1
2087	3353	vast	vɑːst; (US) væst	adj.	巨大的，广阔的	5	2	2018/2020	vast:5
2088	3357	version	ˈvɜːʃ(ə)n; (US) ˈvərʒn	n.	变体，变种，改写本	5	1	2020	version:4 versions:1
2089	3412	wash	wɒʃ	n. v.	洗(涤)冲洗,洗剂,泼溅,洗的衣服 v.洗(涤),冲洗,流过,弄湿	5	2	2008/2020	washing:3 washed:1 washer:1
2090	3427	wealth	welθ	n.	财产，财富	5	3	2011/2014/2020	wealth:5
2091	3423	web	web	n.	网，网状物	5	3	2011/2013/2016	web:5
2092	10	abroad	əˈbrɔːd	adv.	到（在）国外	4	1	2016	abroad:4
2093	12	absence	ˈæbsəns	n.	不在，缺席	4	2	2017/2018	absence:4
2094	33	accountant	əˈkaʊnt(ə)nt	n.	会计，会计师	4	1	2011	accountants:4
2095	34	accumulate	əˈkjuːmjʊleɪt	v.	积累，积聚	4	2	2014/2018	accumulated:3 accumulating:1
2096	35	accuracy	ˈækjʊrəsɪ	n.	准确，精确	4	2	2015/2019	accuracy:4
2097	63	adjust	əˈdʒʌst	v.	调整,调节,适应,习惯	4	1	2019	adjust:4
2098	65	administration	ədmɪnɪˈstreɪʃ(ə)n	n.	管理,行政部门	4	2	2011/2017	administration:4
2099	86	affection	əˈfekʃ(ə)n	n.	喜爱，钟爱	4	2	2017/2020	affection:4
2100	119	alcohol	ˈælkəhɔl	n.	含酒精饮料，酒	4	1	2013	alcohol:4
2101	120	alcoholic	ælkəˈhɔlɪk	adj. n.	/ n. 含酒精的，酒鬼	4	1	2022	alcoholic:4
2102	156	amuse	əˈmjuːz	vt.	（使人）快乐，逗乐	4	2	2016/2022	amused:4
2103	178	antarctic	ænˈtɑːktɪk	adj.	南极的	4	1	2016	antarctic:4
2104	180	antique	ænˈtiːk	n.	古董	4	2	2010/2020	antiques:4
2105	192	apologize	əˈpɔlədʒaɪz	vi.	道歉，谢罪	4	2	2020/2021	apologized:2 apologize:2
2106	193	apology	əˈpɔlədʒɪ	n.	道歉；歉意	4	2	2016/2021	apology:4
2107	194	apparent	əˈpærənt	adj.	显而易见	4	1	2015	apparent:4
2108	211	approve	əˈpruːv	v.	赞成,同意,批准,通过	4	2	2018/2020	approved:2 approving:2
2109	225	argument	ˈɑːɡjʊmənt	n.	争论，辩论；arise (arose, arisen	4	2	2010/2011	argument:2 arguments:2
2110	226	arithmetic	əˈrɪθmətɪk	n.	算术	4	1	2010	arithmetic:4
2111	282	authentic	ɜːˈθentɪk	adj.	真正的，真品的	4	1	2017	authentic:4
2112	285	automatic	ɔːtəˈmætɪk	adj.	自动的，机械的	4	1	2009	automatic:4
2113	320	bamboo	bæmˈbuː	n.	竹	4	2	2016/2020	bamboo:4
2114	321	ban	bæn	n. v.	禁令 v. 禁止；取缔	4	1	2021	ban:2 banned:2
2115	407	biography	baɪˈɔɡrəfɪ	n.	传记	4	2	2019/2021	biography:4
2116	423	bleed	bliːd	vi.	出血，流血	4	1	2016	bleeds:4
2117	437	bone	bəʊn	n.	骨头，骨质（复数bones骨骼；骨骸	4	3	2009/2013/2016	bone:3 bones:1
2118	485	brick	brɪk	n.	砖；砖块	4	1	2018	bricks:4
2119	521	bush	bʊʃ	n.	灌木丛，矮树丛	4	2	2010/2011	bushes:2 bush:2
2120	528	button	ˈbʌt(ə)n	n. v.	纽扣；（电铃等的）按钮 v. 扣（纽扣） ；buy (bought,bought	4	1	2012	buttons:2 button:2
2121	555	captain	ˈkæptɪn	n.	（海军）上校；船长，舰长；队长	4	1	2016	captain:4
2122	574	casual	ˈkæʒʊəl	adj.	漫不经心的，不经意的，非正式的	4	2	2018/2020	casual:4
2123	578	category	ˈkætɪɡərɪ	n.	类别，种类	4	2	2019/2021	categories:2 category:2
2124	601	certificate	səˈtɪfɪkət	n.	证明，证明书	4	1	2010	certificate:4
2125	691	clone	kləʊn	n.	克隆（无性繁殖出来的有机体群	4	1	2013	clone:3 clones:1
2126	705	cocoa	ˈkəʊkəʊ	n.	可可粉	4	1	2013	cocoa:4
2127	709	coke	kəʊk	n.	可口可乐	4	2	2017/2022	coke:4
2128	737	compensate	ˈkɔmpenseɪt	v.	补偿，弥补	4	2	2017/2022	compensating:2 compensate:2
2129	776	conservation	kɔnsəˈveɪʃ(ə)n	n.	保存；（自然资源的）保护，管理	4	3	2010/2011/2021	conservation:4
2130	777	conservative	kənˈsɜːvətɪv	adj. n.	保守的，守旧的；保守主义的；谨慎的 n.保守的人，保守主义	4	2	2020/2021	conservative:4
2131	780	consideration	kənsɪdəˈreɪʃ(ə)n	n.	考虑；关心	4	2	2016/2020	consideration:4
2132	781	consist	kənˈsɪst	v.	包含，组成，构成	4	1	2019	consisting:3 consists:1
2133	787	consult	kənˈsʌlt	v.	咨询，商量	4	2	2020/2021	consult:2 consulted:2
2134	794	continent	ˈkɔntɪnənt	n.	大陆，大洲；陆地	4	3	2016/2020/2022	continent:2 continents:2
2135	811	cookie	ˈkʊkɪ	n.	小甜饼	4	2	2018/2021	cookies:4
2136	824	cottage	ˈkɔtɪdʒ	n.	(郊外)小屋,村舍,别墅	4	1	2020	cottage:4
2137	832	courage	ˈkʌrɪdʒ	n.	勇气； 胆略	4	2	2014/2021	courage:4
2138	869	cushion	ˈkʊʃ(ə)n	n.	垫子	4	2	2011/2018	cushions:2 cushion:2
2139	870	custom	ˈkʌstəm	n.	习惯，习俗，风俗习惯	4	2	2013/2015	custom:4
2140	872	customs	ˈkʌstəm	n.	海关，关税；cut (cut, cut	4	2	2009/2020	customs:4
2141	894	deadline	ˈdedlaɪn	n.	最后期限，截止日期	4	1	2019	deadlines:2 deadline:2
2142	908	decoration	dekəˈreɪʃ(ə)n	n.	装饰，修饰	4	2	2018/2020	decorations:3 decoration:1
2143	929	deposit	dɪˈpɔzɪt	v. n.	/ n. 订金，押金，放下，放置，储存	4	1	2017	deposit:2 deposits:2
2144	983	disagreement	dɪsəˈɡriːmənt	n.	意见不一致；相违；争论	4	3	2015/2021/2022	disagreements:2 disagreement:2
2145	986	disappointment	dɪsəˈpɔɪntmənt	n.	失望；沮丧	4	2	2010/2021	disappointment:4
2146	992	discrimination	dɪskrɪmɪˈneɪʃ(ə)n	n.	歧视	4	2	2016/2021	discrimination:4
2147	997	dish	dɪʃ	n.	盘，碟；盘装菜；盘形物	4	3	2015/2020/2021	dishes:2 dish:2
2148	1028	downtown	ˈdaʊntaʊn	adv. n. adj.	往或在城市的商业区（或中心区、闹市区） n. 城市的商业区，中心区，闹市区 a.城市的商业区的，中心区的，闹市区的	4	2	2016/2019	downtown:4
2149	1077	editor	ˈedɪtə(r)	n.	编辑	4	2	2020/2022	editor:4
2150	1091	elder	ˈeldə(r)	n.	长者；前辈	4	2	2016/2017	elder:2 elders:2
2151	1111	ending	ˈendɪŋ	n.	结局；结尾，最后	4	2	2017/2022	ending:4
2152	1119	enjoyable	ɪnˈdʒɔɪəb(ə)l	adj.	愉快的；有趣的	4	2	2019/2022	enjoyable:4
2153	1135	equip	ɪˈkwɪp	vt.	提供设备；装备；配备	4	2	2013/2018	equipped:4
2154	1138	error	ˈerə(r)	n.	错误；差错	4	2	2019/2022	error:4
2155	1152	everyday	ˈevrɪbɔdɪ	adj.	每日的；日常的	4	2	2012/2020	everyday:4
2156	1192	extension	ɪkˈstenʃ(ə)n	n.	扩大，延伸	4	1	2019	extension:4
2157	1208	fairly	ˈfeəlɪ	adv.	公正地，正当地；相当（程度）地	4	3	2008/2011/2014	fairly:4
2158	1242	ferry	ˈferɪ	n.	渡船	4	1	2022	ferries:4
2159	1271	firework	ˈfaɪəwɜːk	n.	焰火	4	1	2018	fireworks:4
2160	1295	flour	ˈflaʊə(r)	n.	面粉，粉	4	2	2011/2018	flour:4
2161	1296	flow	fləʊ	vi.	流动	4	2	2010/2016	flow:4
2162	1323	forever	fəˈrevə(r)	adv.	永远；永恒的	4	2	2011/2018	forever:4
2163	3581	fridge	frɪdʒ	n.	冰箱	4	2	2012/2016	fridge:3 fridges:1
2164	1376	fundamental	fʌndəˈment(ə)l	adj.	十分重大的，根本的	4	2	2015/2018	fundamental:4
2165	1405	German	ˈdʒɜːmən	adj. n.	德国的，德国人的，德语的 n. 德国人，德语	4	2	2010/2011	german:2 germans:2
2166	3583	good-bye	ˌɡʊdˈbaɪ	int.	再见，再会	4	0		good-bye:4
2167	1472	guilty	ˈɡɪltɪ	adj.	有罪,犯法的,做错事的	4	1	2013	guilty:4
2168	1496	happiness	ˈhæpɪnɪs	n.	幸福，愉快	4	2	2010/2015	happiness:4
2169	1508	hatch	hætʃ	v.	（鸟、鸡）孵蛋	4	0		hatching:2 hatch:1 hatched:1
2170	1532	helmet	ˈhelmɪt	n.	头盔	4	1	2018	helmet:4
2171	1539	hero	ˈhɪərəʊ	n.	英雄，勇士，男主角	4	2	2011/2013	heroes:4
2172	1551	hilly	ˈhɪlɪ	adj.	丘陵的； 多小山的	4	1	2018	hilly:2 hillier:2
2173	1566	honest	ˈɔnɪst	adj.	诚实的，正直的	4	2	2016/2021	honest:4
2174	1571	hopeful	ˈhəʊpfʊl	adj.	有希望的；有前途的	4	2	2018/2020	hopeful:4
2175	1607	identification	aɪdentɪfɪˈkeɪʃ(ə)n	n.	鉴定，辨别	4	1	2016	identification:4
2176	1618	import	ɪmˈpɔːt	v. n.	进口，输入	4	2	2015/2022	importing:2 import:2
2177	1642	information desk	ɪnfəˈmeɪʃ(ə)n desk	n.	问讯处	4	0		information desk:4
2178	1688	irrigation	ɪrɪˈɡeɪʃ(ə)n	n.	灌溉	4	1	2010	irrigation:4
2179	1705	jet	dʒet	n.	喷气式飞机；喷射（器	4	1	2010	jet:4
2180	1719	July	dʒʊˈlaɪ	n.	7月	4	2	2018/2020	july:4
2181	1730	keeper	ˈkiːpə(r)	n.	（动物园中的）饲养员，看守人	4	2	2020/2022	keeper:4
2182	1734	kick	kɪk	v. n.	踢	4	2	2016/2019	kicked:3 kick:1
2183	1741	kindness	ˈkaɪndnɪs	n.	仁慈；善良	4	2	2014/2019	kindness:4
2184	1767	lately	ˈleɪtlɪ	adv.	最近，不久前	4	2	2010/2020	lately:4
2185	1814	liquid	ˈlɪkwɪd	n. adj.	液体；液体的	4	2	2015/2017	liquid:4
2186	1823	load	ləʊd	n.	担子，货物	4	2	2020/2021	load:2 loads:2
2187	1849	mad	mæd	adj.	发疯的；生气的	4	2	2010/2020	mad:4
2188	1856	mainland	ˈmeɪnlənd	n.	大陆	4	2	2011/2022	mainland:4
2189	1858	majority	məˈdʒɔrɪtɪ	n.	大多数 ；make (made,made	4	2	2011/2016	majority:4
2190	3593	mathematics	ˌmæθəˈmætɪks	n.	数学	4	2	2013/2020	mathematics:4
2191	1898	medium	ˈmiːdɪəm	n.	媒体,中间的,中等的；meet (met, met	4	1	2018	medium:4
2192	1904	memorize	ˈmeməraɪz	v.	记忆	4	1	2019	memorizing:2 memorize:2
2193	1938	minimum	ˈmɪnɪməm	adj.	最小的	4	2	2016/2018	minimum:4
2194	2054	northeast	ˌnɔːθˈiːst	n.	东北（部	4	2	2010/2015	northeast:4
2195	2117	operator	ˈɔpəreɪtə(r)	n.	接线员	4	2	2012/2022	operator:2 operators:2
2196	2133	otherwise	ˈʌðəwaɪz	adv.	要不然,否则,另样	4	2	2018/2020	otherwise:4
2197	2161	ownership	ˈəʊnəʃɪp	n.	所有制；ox (复oxen	4	2	2010/2022	ownership:4
2198	2166	package	ˈpækɪdʒ	n.	（尤指包装好或密封的容器）一包，一袋，一盒	4	1	2008	package:3 packaged:1
2199	2179	pancake	ˈpænkeɪk	n.	薄煎饼	4	1	2014	pancakes:4
2200	2191	parking	ˈpɑːkɪŋ	n.	停车	4	2	2010/2016	parking:4
2201	2192	parrot	ˈpærət	n.	鹦鹉	4	1	2022	parrot:2 parrots:2
2202	2194	participate	pɑːˈtɪsɪpeɪt	v.	参加，参与	4	2	2016/2019	participate:4
2203	2214	peaceful	ˈpiːsfʊl	adj.	和平的，安宁的	4	2	2018/2020	peaceful:4
2204	2224	pepper	ˈpepə(r)	n.	胡椒粉	4	2	2013/2022	pepper:4
2205	2232	perfume	ˈpɜːfjuːm	n.	香水	4	1	2017	perfumes:4
2206	2254	piano	pɪˈænəʊ	n.	钢琴	4	1	2016	piano:4
2207	2274	plain	pleɪn	adj.	家常的； 普通的	4	2	2011/2019	plain:4
2208	2308	politics	ˈpɔlɪtɪks	n.	政治	4	1	2019	politics:4
2209	2356	premier	ˈpremɪə(r); (US) priːˈmɪər	n.	首相，总理	4	2	2011/2022	premieres:2 premier:2
2210	2361	presentation	prezənˈteɪʃ(ə)n; (US) priːzenˈteʃn	n.	演示，演出	4	2	2013/2018	presentation:4
2211	2426	purple	ˈpɜːp(ə)l	n. adj.	/ a. 紫色	4	2	2012/2016	purple:4
2212	2437	quarrel	ˈkwɔrəl; (US) ˈkwɔːrəl	vi.	争吵，吵架	4	2	2010/2020	quarrels:2 quarrel:2
2213	2462	rainfall	ˈreɪnfɔːl	n.	一场雨； 降雨量	4	1	2010	rainfall:4
2214	2465	random	ˈrændəm	adj.	随意,未经事先考虑的	4	2	2018/2022	random:4
2215	2471	rate	reɪt	n. v.	/ v. 率，评估，评价	4	1	2019	rate:4
2216	2511	refresh	rɪˈfreʃ	v.	使恢复精力，提醒	4	2	2019/2021	refreshing:2 refreshes:2
2217	2513	refrigerator	rɪˈfrɪdʒəreɪtə(r)	n.	冰箱	4	2	2016/2017	refrigerator:4
2218	2542	rent	rent	n. v.	租金	4	3	2010/2017/2020	rent:4
2219	2544	repairs	rɪˈpeə(r)	n.	修理工作	4	1	2011	repairs:4
2220	2552	republic	rɪˈpʌblɪk	n.	共和国	4	2	2011/2018	republic:4
2221	2553	reputation	repjʊˈteɪʃ(ə)n	n.	名声，名誉	4	2	2019/2020	reputation:4
2222	2579	revolution	revəˈluːʃ(ə)n	n.	革命，变革	4	2	2017/2019	revolution:4
2223	2597	robot	ˈrəʊbɔt	n.	机器人	4	1	2014	robot:3 robots:1
2224	2613	routine	ruːˈtiːn	n.	常规,正常顺序,无聊	4	3	2014/2016/2021	routine:3 routines:1
2225	2616	rubber	ˈrʌbə(r)	n.	橡胶； 合成橡胶	4	2	2010/2018	rubber:4
2226	2627	Russian	ˈrʌʃ(ə)n	adj. n.	俄国人的，俄语的 n. 俄国人，俄语	4	1	2016	russian:2 russians:2
2227	2628	sacred	ˈseɪkrɪd	adj.	害怕，恐惧，担心	4	1	2020	sacred:4
2228	2647	sand	sænd	n.	沙，沙子	4	1	2010	sands:2 sand:2
2229	2685	seagull	ˈsiːɡʌl	n.	海鸥	4	1	2021	seagulls:4
2230	2686	seal	siːl	n.	海豹	4	2	2012/2018	sealed:2 seals:1 seal:1
2231	2706	self	self	n.	自己，自我，自身	4	2	2013/2014	self:4
2232	2737	Shanghai	ʃæŋˈhaɪ	n.	上海	4	3	2010/2015/2020	shanghai:4
2233	2747	shelter	ˈʃeltə(r)	n.	掩蔽；隐蔽处	4	1	2016	shelters:2 sheltered:2
2234	2770	shower	ˈʃaʊə(r)	n.	阵雨；淋浴；shrink (shrank, shrunk / shrunk, shrunken	4	2	2011/2017	shower:4
2235	2798	sir	sɜː(r)	n.	先生；阁下	4	2	2016/2022	sir:4
2236	2803	sixty	ˈsɪkstɪ	num.	六十	4	2	2019/2022	sixty:4
2237	2823	sleepy	sliːp	adj.	想睡的,困倦的,瞌睡的	4	2	2015/2020	sleepy:4
2238	2895	sparrow	ˈspærəʊ	n.	麻雀，雀型鸟类；speak (spoke, spoken	4	1	2015	sparrow:4
2239	2922	squeeze	skwiːz	n.	挤压，捏，塞	4	2	2018/2022	squeeze:2 squeezing:2
2240	2925	stable	ˈsteɪb(ə)l	adj.	稳固的，牢固的	4	2	2019/2020	stable:4
2241	2937	stare	steə(r)	vi.	盯，凝视	4	1	2020	stare:4
2242	2975	strawberry	ˈstrɔːbərɪ; (US) -berɪ	n.	草莓	4	2	2015/2018	strawberries:4
2243	3010	suite	swiːt	n.	套间；组曲	4	1	2010	suite:4
2244	3021	sunrise	ˈsʌnraɪs	n.	黎明，拂晓	4	2	2020/2022	sunrises:2 sunrise:2
2245	3028	supermarket	ˈsuːpəmɑːkɪt	n.	超级市场	4	2	2015/2016	supermarkets:2 supermarket:2
2246	3036	surgeon	ˈsɜːdʒ(ə)n	n.	外科医生	4	1	2013	surgeon:4
2247	3039	surround	səˈraʊnd	vt.	围绕；包围	4	3	2016/2018/2020	surrounded:3 surround:1
2248	3054	swing	swɪŋ	vt. n.	挥舞，摆动 n. 秋千	4	1	2020	swing:2 swinging:2
2249	3060	sympathy	ˈsɪmpəθɪ	n.	同情	4	3	2009/2012/2018	sympathy:4
2250	3061	symphony	ˈsɪmfənɪ	n.	交响乐	4	1	2016	symphony:4
2251	3634	T-shirt	ˌtiːˈʃɜːt	n.	T恤衫	4	0		t-shirt:4
2252	3103	temple	ˈtemp(ə)l	n.	庙宇，寺院	4	1	2020	temples:4
2253	3174	till	tɪl	conj. prep.	直到,直到…为止	4	1	2010	till:4
2254	3226	trainer	treɪˈnə(r)	n.	训练人；教练	4	1	2011	trainer:4
2255	3265	tutor	ˈtjuːtə(r)	n.	家庭教师，私人教师，导师；TV(缩) = television	4	1	2015	tutor:2 tutors:2
2256	3267	twelve	twelv	num.	十二	4	1	2019	twelve:4
2257	3279	ugly	ˈʌɡlɪ	adj.	丑陋的；难看的；U.K./ UK(缩) = United Kingdom	4	2	2009/2011	ugly:4
2258	3284	uncertain	ˈsɜːt(ə)n	adj.	不确定的	4	2	2017/2020	uncertain:4
2259	3288	unconscious	ʌnˈkɔnʃəs	adj.	昏迷,不省人事的	4	1	2018	unconscious:4
2260	3295	undo	ʌnˈduː	v.	解开，松开	4	1	2014	undoing:4
2261	3297	unfair	ʌnˈfeə(r)	adj.	不公平的，不公正的	4	2	2014/2021	unfair:4
2262	3327	upper	ˈʌpə(r)	adj.	较高的，较上的	4	2	2008/2011	upper:4
2263	3437	weekly	ˈwiːklɪ	adj.	每周的	4	2	2017/2018	weekly:4
2264	3462	whisper	ˈwɪspə(r)	v.	低语，私下说	4	2	2013/2019	whispering:2 whispered:1 whispers:1
2265	3487	wipe	waɪp	v.	擦；擦净；擦干	4	1	2019	wipes:2 wiping:1 wiped:1
2266	3500	wooden	ˈwʊd(ə)n	adj.	木制的	4	2	2010/2016	wooden:4
2267	3639	world-famous	ˌwɜːldˈfeɪməs	adj.	世界闻名的	4	0		world-famous:4
2268	3513	worm	wɜːm	n.	软体虫,蠕虫(尤指蚯蚓	4	1	2010	worm:4
2269	3550	zero	ˈzɪərəʊ	n. num.	零,零度,零点	4	1	2019	zero:4
2270	14	absolute	ˈæbsəluːt	adj.	完全，全部，绝对的	3	1	2018	absolute:3
2271	38	ache	eɪk	vi. n.	痛，疼痛	3	2	2012/2013	ache:2 aches:1
2272	42	acknowledge	əkˈnɔlɪdʒ	v.	承认	3	1	2019	acknowledging:2 acknowledged:1
2273	46	acre	ˈeɪkə(r)	n.	英亩	3	2	2016/2020	acres:2 acre:1
2274	70	adolescence	ædəʊˈlesns	n.	青春，青春期	3	2	2014/2019	adolescence:3
2275	118	album	ˈælbəm	n.	相册，影集，集邮簿	3	2	2014/2017	albums:3
2276	129	allowance	əˈlaʊəns	n.	津贴，补助	3	1	2020	allowance:3
2277	134	aloud	əˈlaʊd	adv.	大声地	3	2	2011/2018	aloud:3
2278	138	alternative	ɔːlˈtɜːnətɪv	adj.	可供替代,非传统的	3	2	2016/2022	alternatives:2 alternative:1
2279	141	altogether	ɔːltəˈɡeðə(r)	adv.	总共	3	2	2015/2017	altogether:3
2280	149	ambition	æmˈbɪʃ(ə)n	n.	目标,野心,雄心,抱负	3	1	2014	ambition:2 ambitions:1
2281	150	ambulance	ˈæmbjʊləns	n.	救护车	3	2	2018/2020	ambulance:2 ambulances:1
2282	159	analysis	əˈnæləsɪs	n.	分析，分析结果	3	1	2018	analysis:3
2283	166	angle	ˈæŋɡ(ə)l	n.	角度	3	2	2015/2020	angle:3
2284	184	anybody	ˈenɪbɔdɪ	pron.	任何人，无论谁	3	1	2013	anybody:3
2285	229	army	ˈɑːmɪ	n.	军队	3	1	2011	armies:3
2286	251	assessment	əˈsesmənt	n.	看法，评价	3	1	2017	assessments:2 assessment:1
2287	258	assumption	əˈsʌmpʃ(ə)n	n.	假定，假设	3	1	2022	assumptions:2 assumption:1
2288	293	avenue	ˈævənjuːˈævənuː	n.	大道	3	2	2014/2022	avenue:3
2289	340	basin	ˈbeɪs(ə)n	n.	水盆，脸盆	3	1	2020	basin:2 basins:1
2290	350	battery	ˈbætərɪ	n.	电池	3	1	2014	batteries:2 battery:1
2291	379	behaviour	bɪˈheɪvjə(r)	n.	行为，举止	3	2	2009/2018	behaviours:2 behaviour:1
2292	394	bent	bent	adj.	弯的	3	1	2012	bent:3
2293	3566	bite	baɪt	v.	咬；叮（bit, bitten）	3	1	2017	bitten:2 bite:1
2294	424	bless	bles	vt.	保佑，降福	3	2	2010/2018	blessing:3
2295	434	boil	bɔɪl	v.	沸腾；烧开；煮……	3	1	2013	boil:3
2296	459	bottom	ˈbɔtəm	n.	底部；底	3	1	2020	bottom:3
2297	471	brake	breɪk	n. vi.	闸 vi. 刹车	3	1	2016	brake:2 brakes:1
2298	495	broadcast	ˈbrɔːdkɑːst	n.	广播节目；broadcast（broadcast, broadcast或--ed,--ed	3	2	2016/2022	broadcasts:3
2299	496	brochure	brəʊˈʃə(r); (US) brəʊˈʃʊər	n.	资料（或广告）手册	3	2	2014/2018	brochure:3
2300	572	cash	kæʃ	n. v.	现金，现钞 v. 兑现	3	1	2015	cash:3
2301	586	cave	keɪv	n.	洞，穴；地窖	3	2	2010/2020	cave:3
2302	588	ceiling	ˈsiːlɪŋ	n.	天花板，顶棚	3	2	2010/2018	ceilings:2 ceiling:1
2303	608	champion	ˈtʃæmpɪən	n.	冠军，优胜者	3	1	2016	champions:2 champion:1
2304	667	civil	ˈsɪv(ə)l	adj.	国内的；平民（非军人）的；民用的	3	2	2015/2016	civil:3
2305	681	cleaner	kliːnə(r)	n.	清洁工.,清洁器.,清洁剂	3	2	2011/2021	cleaner:3
2306	686	click	klɪk	v.	点击（计算机用语	3	2	2014/2015	clicked:2 click:1
2307	701	coal	kəʊl	n.	煤；煤块	3	1	2011	coal:3
2308	703	coat	kəʊt	n. vt.	外套；涂层；表皮；皮毛 vt. 给……穿外套；涂上	3	2	2008/2020	coats:3
2309	727	committee	kəˈmɪtɪ	n.	委员会	3	0		committee:3
2310	756	conclude	kənˈkluːd	v.	完成，结束	3	3	2010/2014/2016	conclude:1 concluded:1 concluding:1
2311	765	conference	ˈkɔnfərəns	n.	(正式的)会议；讨论	3	2	2009/2020	conference:2 conferences:1
2312	770	congratulation	kənɡrætjʊˈleɪʃ(ə)n	n.	祝贺，庆贺	3	2	2011/2018	congratulations:3
2313	807	convey	kənˈveɪ	v.	表达，传递（思想，感情等	3	1	2021	convey:2 conveyed:1
2314	828	counter	ˈkaʊntə(r)	n.	柜台，结账处	3	1	2019	counter:3
2315	852	crossing	ˈkrɔsɪŋ	n.	十字路口，人行横道	3	1	2016	crossing:3
2316	876	dam	dæm	n.	水坝，堰堤	3	1	2010	dams:3
2317	920	delicate	ˈdelɪkət	adj.	易损的，易碎的	3	1	2017	delicate:3
2318	933	desert	dɪˈzɜːt	n. vt.	沙漠 vt. 舍弃； 遗弃	3	2	2010/2019	desert:3
2319	999	dismiss	dɪsˈmɪs	vt.	让……离开；遣散；解散；解雇	3	1	2018	dismissing:2 dismissed:1
2320	1012	division	dɪˈvɪʒ(ə)n	n.	（算术用语）除	3	2	2011/2015	division:3
2321	1042	drug	drʌɡ	n.	药，药物；毒品	3	1	2016	drug:2 drugs:1
2322	1074	ecology	ɪˈkɔlədʒɪ	n.	生态，生态学	3	2	2010/2017	ecology:3
2323	1171	existence	ɪɡˈzɪst(ə)ns	n.	存在；生存；存在物	3	1	2016	existence:3
2324	1188	export	ɪkˈspɔːt	n. v.	/ v.出口，输出	3	1	2010	exported:2 export:1
2325	1194	extraordinary	ɪkˈstrɔːdɪnərɪ; (US) -dənerɪ	adj.	离奇的；使人惊奇的	3	1	2011	extraordinary:3
2326	1218	fancy	ˈfænsɪ	adj.	花式；装饰的；奇特的	3	2	2016/2019	fancy:3
2327	1226	fasten	ˈfɑːs(ə)n; (US) fæsn	vt.	扎牢；扣住	3	2	2012/2017	fastened:3
2328	1273	firmly	ˈfɜːmlɪ	adv.	牢牢地	3	2	2012/2020	firmly:3
2329	1283	flame	fleɪm	n.	火焰，光辉	3	1	2016	flames:3
2330	1317	forecast	ˈfɔːkɑːst; (US) ˈfɔrkæst	n. vt.	预告	3	2	2014/2019	forecasted:2 forecast:1
2331	1320	foreigner	ˈfɔrənə(r)	n.	外国人	3	0		foreigners:2 foreigner:1
2332	1326	forgive	fəˈɡɪv	vt.	(forgave, forgiven) vt. 原谅，宽恕	3	2	2014/2020	forgive:2 forgiving:1
2333	1340	fourteen	ˈfɔːˈtiːn	num.	十四	3	2	2016/2017	fourteen:3
2334	1371	fry	fraɪ	vt.	用油煎；用油炸	3	2	2020/2021	fry:2 frying:1
2335	1395	gate	ɡeɪt	n.	大门	3	1	2021	gate:2 gates:1
2336	1401	gentle	ˈdʒent(ə)l	adj.	温柔的，轻轻的	3	2	2020/2022	gentle:3
2337	1409	gifted	ˈɡɪftɪd	adj.	有天赋的；有才华的	3	2	2012/2016	gifted:3
2338	3584	gym	dʒɪm	n.	体操；体育馆；健身房	3	2	2008/2016	gyms:3
2339	1572	hopeless	ˈhəʊplɪs	adj.	没有希望,不可救药的	3	2	2010/2015	hopeless:3
2340	1588	hug	hʌɡ	v.	拥抱	3	2	2010/2013	hug:3
2341	1643	initial	ɪˈnɪʃ(ə)l	adj.	开始的，最初的	3	2	2014/2020	initial:3
2342	1680	invention	ɪnˈvenʃ(ə)n	n.	发明，创造	3	1	2019	invention:3
2343	1699	Japanese	dʒæpəˈniːz	adj. n.	日本的，日本人的，日语的 n. 日本人，日语	3	2	2010/2011	japanese:3
2344	1743	kingdom	ˈkɪŋdəm	n.	王国	3	2	2011/2016	kingdom:3
2345	1801	license	ˈlaɪsəns	n.	执照，许可证	3	2	2010/2014	licenses:2 license:1
2346	1821	lively	ˈlaɪvlɪ	adj.	活泼的;充满生气的	3	2	2010/2016	lively:3
2347	1837	loudly	laʊdlɪ	adv.	大声地	3	2	2011/2019	loudly:3
2348	1851	magic	ˈmædʒɪk	adj.	有魔力的	3	2	2012/2013	magic:3
2349	3592	man-made	ˌmænˈmeɪd	adj.	人造的，人工的	3	0		man-made:3
2350	1862	mankind	mænˈkaɪnd	n.	人类;（总称）人	3	2	2015/2022	mankind:3
2351	1892	meat	miːt	n.	（猪、牛、羊等的）肉	3	2	2016/2018	meat:3
2352	1955	modem	ˈməʊdem	n.	调制解调器	3	2	2018/2019	modem:3
2353	1979	mountainous	ˈmaʊntɪnəs	adj.	多山的	3	1	2021	mountainous:3
2354	1988	mud	mʌd	n.	泥, 泥浆	3	1	2022	mud:3
2355	2003	narrow	ˈnærəʊ	adj.	狭窄的	3	1	2011	narrow:3
2356	2015	neat	niːt	adj.	整洁的；灵巧的	3	1	2017	neat:3
2357	2027	net	net	n.	网	3	2	2014/2019	nets:2 net:1
2358	2047	noisy	ˈnɔɪzɪ	adj.	喧闹的，嘈杂的	3	2	2014/2017	noisier:2 noisy:1
2359	2069	nowhere	ˈnəʊweə(r); (US) ˈnəʊhweər	adv.	任何地方都不,无处	3	1	2018	nowhere:3
2360	2078	nylon	ˈnaɪlɔn	n.	尼龙	3	1	2012	nylon:3
2361	2079	obey	əʊˈbeɪ	v.	服从，顺从，听从	3	2	2008/2012	obey:2 obeys:1
2362	2121	optimistic	ɔptɪˈmɪstɪk	adj.	乐观的	3	2	2014/2015	optimistic:3
2363	2138	ours	ˈaʊəz	pron.	我们的	3	1	2017	ours:3
2364	2156	overlook	əʊvəˈlʊk	v.	忽略,不予理会	3	2	2016/2019	overlook:2 overlooked:1
2365	2177	pale	peɪl	adj.	苍白的，灰白的	3	2	2013/2016	pale:3
2366	2178	pan	pæn	n.	平底锅	3	2	2010/2020	pan:2 pans:1
2367	2227	percentage	pəˈsentədʒ	n.	百分率	3	1	2017	percentage:3
2368	2241	personally	ˈpɜːsənəlɪ	adv.	就自己而言	3	1	2020	personally:3
2369	2268	pink	piŋk	adj.	粉红色的	3	2	2012/2015	pink:3
2370	2294	plus	plʌs	prep.	加，加上；p.m./pm, P.M. /PM	3	2	2015/2016	plus:3
2371	2327	possibly	ˈpɒsəbli	adv.	可能地，也许	3	2	2010/2014	possibly:3
2372	2347	pray	preɪ	v.	祈祷；祈求	3	1	2020	prayed:3
2373	2349	precious	ˈpreʃəs	adj.	宝贵的, 珍贵的	3	2	2011/2022	precious:3
2374	2355	prejudice	ˈpredʒʊdɪs	n.	偏见，成见	3	2	2011/2022	prejudice:3
2375	2400	pronounce	prəˈnaʊns	vt.	发音	3	2	2009/2014	pronounce:3
2376	2460	rainbow	ˈreɪnbəʊ	n.	虹，彩虹	3	1	2012	rainbow:3
2377	2590	ripe	raɪp	adj.	成熟的，熟的	3	1	2018	ripe:3
2378	2612	roundabout	ˈraʊndəbaʊt	adj. n.	绕道的，不直接的；转盘路	3	2	2016/2019	roundabout:3
2379	2622	ruler	ˈruːlə(r)	n.	统治者；直尺；run (ran, run	3	2	2010/2011	rulers:2 ruler:1
2380	2634	sail	seɪl	n. v.	航行 v. 航行，开航	3	2	2011/2018	sailed:2 sail:1
2381	2635	sailing	ˈseɪlɪŋ	n.	航海	3	2	2011/2022	sailing:3
2382	2690	seaside	ˈsiːsaɪd	n.	海滨	3	2	2008/2021	seaside:3
2383	2726	seventeen	sevənˈtiːn	num.	十七	3	1	2011	seventeen:3
2384	2730	severe	sɪˈvɪə(r)	adj.	极为恶劣,十分严重的；sew (sewed, sewn 或sewed	3	1	2022	severe:3
2385	2788	silver	ˈsɪlvə(r)	n.	银	3	1	2016	silver:3
2386	2791	simplify	ˈsɪmplɪfaɪ	v.	使简化，使简易	3	1	2018	simplified:3
2387	2811	skilled	skiː	adj.	熟练的；有技能的	3	2	2015/2016	skilled:3
2388	2826	slide	slaɪd	n. v.	幻灯片,滑道 v.滑行,滑动	3	1	2020	sliding:3
2389	2828	slim	slɪm	adj.	苗条的，纤细的	3	1	2016	slim:3
2390	2835	smog	smaɪl	n.	烟雾(= smoke + fog	3	2	2015/2019	smog:3
2391	2838	smoking	ˈsməʊkɪŋ	n.	吸烟,抽烟;冒烟	3	2	2008/2019	smoking:3
2392	2859	sock	sɔk	n.	短袜	3	1	2011	sock:2 socks:1
2393	2864	softball	ˈsɔftbɔːl	n.	垒球	3	0		softball:3
2394	2888	southwest	sauθˈwest	n.	西南	3	2	2010/2015	southwest:3
2395	2933	stamp	stæmp	n.	邮票	3	1	2014	stamp:2 stamping:1
2396	2945	statue	ˈstætjuː	n.	法令，法规，章程	3	1	2013	statue:2 statues:1
2397	2970	straightforward	streɪtˈfɔːwəd	adj. adv.	/ ad. 简单的，坦率的	3	2	2019/2020	straightforward:3
2398	2990	stupid	ˈstjuːpɪd	adj.	愚蠢的，笨的	3	1	2011	stupid:3
2399	3005	suffering	ˈsʌfərɪŋ	n.	痛苦，苦难	3	2	2013/2021	suffering:3
2400	3040	surrounding	səˈraʊndɪŋ	adj.	周围的	3	2	2008/2011	surrounding:2 surroundings:1
2401	3093	technical	ˈteknɪk(ə)l	adj.	技术的，工艺的	3	1	2010	technical:3
2402	3100	telescope	ˈtelɪɡrɑːf; (US) -ɡræf	n.	望远镜	3	1	2019	telescopes:3
2403	3117	terrify	ˈterɪfaɪ	vt.	使人感到恐怖	3	2	2013/2022	terrified:2 terrifying:1
2404	3168	tick	tɪk	vt.	作记号	3	2	2008/2020	ticker:2 ticking:1
2405	3170	tidy	ˈtɪkɪt	adj. vt.	整洁的，干净的 vt. 弄整洁，弄干净	3	2	2014/2021	tidying:2 tidied:1
2406	3189	toilet	ˈtɔɪlɪt	n.	厕所	3	1	2019	toilets:2 toilet:1
2407	3231	translation	trænsˈleɪʃ(ə)n	n.	翻译；译文	3	1	2017	translation:3
2408	3244	trial	ˈtraɪəl	n.	审判；试验；试用	3	2	2012/2014	trials:3
2409	3283	unbelievable	ʌnbɪˈliːvəb(ə)l	adj.	难以置信的	3	2	2012/2014	unbelievable:3
2410	3305	unimportant	ʌnɪmˈpɔːt(e)nt	adj.	不重要的,无意义	3	2	2015/2018	unimportant:3
2411	3310	universal	juːnɪˈvɜːs(ə)l	adj.	普遍的，全体的	3	1	2018	universal:3
2412	3311	universe	ˈjuːnɪvɜːs	n.	宇宙	3	1	2012	universe:3
2413	3330	upward	ˈʌpwəd	adv.	向上；往上	3	2	2010/2011	upwards:3
2414	3345	valid	ˈvælɪd	adj.	有效的,合理的,有根据的	3	2	2013/2020	valid:3
2415	3383	vital	ˈvaɪt(ə)l	adj.	必不可少的，对…极重要的	3	2	2013/2022	vital:3
2416	3389	voluntary	ˈvɔləntərɪ	adj.	自愿的，主动的	3	0		voluntary:3
2417	3428	wealthy	ˈwelθɪ	adj.	富的；wear (wore, worn	3	2	2010/2022	wealthy:2 wealthier:1
2418	3449	whale	weɪl; (US) hweɪl	n.	鲸	3	2	2021/2022	whale:3
2419	3452	wheat	wiːt; (US) hwiːt	n.	小麦	3	2	2010/2011	wheat:3
2420	3457	wherever	weərˈevə(r)	conj.	无论在哪里	3	1	2021	wherever:3
2421	3521	worthwhile	wɜːθˈwaɪl	adj.	值得做的	3	1	2015	worthwhile:3
2422	3532	yard	jɑːd	n.	码；院子；场地	3	2	2011/2021	yard:3
2423	3544	yours	jɔːz	pron.	你的；你们的	3	2	2009/2020	yours:3
2424	13	absent	ˈæbsənt	adj.	缺席， 不在	2	1	2017	absent:2
2425	16	abstract	ˈæbstrækt	adj. n.	抽象的（作品）	2	1	2017	abstract:2
2426	22	accelerate	əkˈseləreɪt	v.	（使）加速，加快	2	1	2022	accelerate:2
2427	23	accent	ˈæksənt	n.	口音，音调	2	1	2017	accent:2
2428	28	accommodation	əkɔməˈdeɪʃ(ə)n	n.	住宿，膳宿	2	1	2021	accommodations:1 accommodation:1
2429	44	acquire	əˈkwaɪə(r)	v.	获得，得到	2	1	2019	acquire:2
2430	45	acquisition	ækwɪˈzɪʃ(ə)n	n.	获得，得到	2	1	2009	acquisition:2
2431	53	actress	ˈæktrɪs	n.	女演员	2	1	2012	actress:2
2432	64	adjustment	əˈdʒʌstmənt	n.	调整，适应	2	1	2019	adjustment:2
2433	73	adore	əˈdɔː(r)	v.	（不用于进行时）热爱，爱慕某人	2	1	2018	adore:2
2434	97	agenda	əˈdʒendə	n.	（会议）议程表，议事日程	2	1	2018	agenda:2
2435	111	aircraft	ˈeəkrɑːft	n.	飞机 (单复数同	2	1	2017	aircraft:2
2436	125	allergic	əˈlɜːdʒɪk	adj.	过敏的，厌恶	2	1	2019	allergic:2
2437	127	allocate	ˈæləkeɪt	v.	拨给,划归,分配…给	2	1	2020	allocated:2
2438	148	ambiguous	æmˈbɪɡjʊəs	adj.	模棱两可的	2	1	2017	ambiguous:2
2439	155	ample	ˈæmp(ə)l	adj.	足够的，丰裕的	2	1	2019	ample:2
2440	161	anchor	ˈæŋkə(r)	v. n.	/ n. 锚，抛锚	2	1	2017	anchor:2
2441	169	ankle	ˈæŋk(ə)l	n.	踝，踝关节	2	1	2020	ankles:2
2442	185	anyhow	ˈenɪhaʊ	adv.	不管怎样	2	1	2010	anyhow:2
2443	188	anyway	ˈenɪweɪ	adv.	不管怎样	2	1	2013	anyway:2
2444	202	applicant	ˈæplɪkənt	n.	申请人	2	1	2015	applicants:2
2445	205	appoint	əˈpɔɪnt	v.	任命，委任，安排，确定（时间，地点	2	1	2010	appointed:2
2446	210	appropriate	əˈprəʊprɪət	adj.	合适的，恰当的	2	1	2017	appropriate:2
2447	219	Arab	ˈærəb	adj. n.	* a. 阿拉伯的 n. 阿拉伯人	2	1	2020	arabs:2
2448	220	Arabic	ˈærəbɪk	adj. n.	阿拉伯语的 n. 阿拉伯语	2	1	2014	arabic:2
2449	221	arctic	ˈɑːktɪk	adj.	北极的	2	1	2019	arctic:2
2450	3561	arise	əˈraɪz	vi.	出现，发生；起身（arose, arisen）	2	1	2019	arise:2
2451	272	attain	əˈteɪn	v.	（经过努力）获得,得到	2	1	2013	attained:2
2452	286	autonomous	ɔːˈtɔnəməs	adj.	自治的，自主的	2	0		autonomous:2
2453	291	autumn	ˈɔːtəm	n.	秋天，秋季	2	1	2010	autumn:2
2454	299	awesome	ˈɔːsəm	adj.	令人惊叹,很困难的	2	1	2020	awesome:2
2455	323	band	bænd	n.	乐队	2	1	2016	bands:2
2456	335	barrier	ˈbærɪə	n.	屏障，障碍，关卡	2	1	2011	barrier:2
2457	337	baseball	ˈbeɪsbɔːl	n.	棒球	2	1	2012	baseball:2
2458	338	basement	ˈbeɪsmənt	n.	地下室	2	1	2014	basement:2
2459	343	basketball	ˈbɑːskɪtbɔːl	n.	篮球	2	1	2010	basketball:2
2460	349	bathtub	ˈbɑːθtʌb	n.	澡盆	2	1	2022	bathtub:2
2461	382	Belgium	ˈbeldʒəm	n.	* n. 比利时	2	1	2018	belgium:2
2462	391	beneath	bɪˈniːθ	prep.	在…下方（面	2	1	2017	beneath:2
2463	395	beside	bɪˈsaɪd	prep.	在…旁边；靠近	2	2	2014/2017	beside:2
2464	397	betray	bɪˈtreɪ	v.	出卖,泄露（机密）,辜负	2	1	2015	betrayed:2
2465	408	biology	baɪˈɔlədʒɪ	n.	生物（学	2	1	2018	biology:2
2466	433	boating	ˈbəʊtɪŋ	n.	划船（游玩），泛舟 body n. 身体	2	1	2018	boating:2
2467	440	bookcase	ˈbʊkkeɪs	n.	书橱	2	1	2016	bookcase:2
2468	442	bookshelf	ˈbʊkʃelf	n.	书架	2	1	2018	bookshelves:2
2469	444	bookstore	ˈbʊkstɔː(r)	n.	书店	2	1	2018	bookstore:2
2470	449	border	ˈbɔːdə(r)	n.	边缘；边境，国界	2	1	2010	border:2
2471	460	bounce	baʊns	v.	弹起，蹦，上下晃动	2	1	2018	bouncing:2
2472	462	boundary	ˈbaʊndərɪ	n.	边界，界限	2	1	2017	boundaries:2
2473	469	boycott	ˈbɔɪkɔt	v.	拒绝购买，抵制	2	1	2016	boycott:2
2474	486	bride	braɪd	n.	新娘	2	1	2010	brides:2
2475	502	brunch	ˈbrʌntʃ	n.	早午饭（晚早饭	2	1	2014	brunch:2
2476	511	bunch	bʌntʃ	n.	串,束,扎,大量,大批	2	1	2019	bunch:2
2477	520	bus stop	bʌs stɔp	n.	公共汽车站	2	0		bus stop:2
2478	531	cab	kæb	n.	（美）出租车	2	1	2016	cab:2
2479	539	camel	ˈkæm(ə)l	n.	骆驼	2	0		camel:1 camels:1
2480	548	candidate	ˈkændɪdət; (US) ˈkændɪdeɪt	n.	候选人，申请人	2	1	2021	candidates:2
2481	549	candle	ˈkænd(ə)l	n.	蜡烛	2	1	2012	candles:2
2482	550	candy	ˈkændɪ	n.	糖果	2	0		candy:2
2483	552	cap	kæp	n.	（无檐的或仅在前面有檐的）帽子；（瓶子的）盖；（钢笔等的）笔套	2	1	2011	cap:2
2484	562	careless	ˈkeəlɪs	adj.	粗心的，漫不经心的	2	1	2020	careless:2
2485	564	carpet	ˈkɑːpɪt	n.	地毯	2	1	2017	carpet:2
2486	565	carriage	ˈkærɪdʒ	n.	四轮马车;（火车）客车厢	2	1	2017	carriages:2
2487	576	catalogue	ˈkætəlɔg	n.	目录	2	1	2020	catalogues:2
2488	587	cd	ˌsiːˈdiː	n.	光盘 (compact disk的缩写	2	1	2016	cd:2
2489	602	chain	tʃeɪn	n.	链； 链条；chain store(s	2	1	2019	chain:2
2490	605	chalk	tʃɔːk	n.	粉笔	2	1	2021	chalked:2
2491	610	changeable	ˈtʃeɪndʒəb(ə)l	adj.	易变的，变化无常的	2	1	2018	changeable:2
2492	632	chemist	ˈkemɪst	n.	药剂师；化学家	2	1	2021	chemist:2
2493	637	chew	tʃuː	vt.	咀嚼	2	1	2010	chewed:2
2494	658	cigarette	sɪɡəˈret	n.	纸烟，香烟	2	1	2019	cigarettes:2
2495	671	clarify	ˈklærɪfaɪ	v.	澄清，阐明	2	1	2018	clarified:2
2496	697	cloudy	ˈklaʊdɪ	adj.	多云的，阴天的	2	1	2019	cloudy:2
2497	708	coincidence	kəʊɪnˈsɪdəns	n.	巧合，巧事	2	1	2018	coincidence:2
2498	711	collar	ˈkɔlə(r)	n.	衣领； 硬领	2	0		collar:2
2499	717	comb	kəʊm	n. v.	梳子 v. 梳	2	1	2013	comb:2
2500	739	competence	ˈkɔmpətəns	n.	能力,胜任,管辖权	2	0		competence:2
2501	741	competitor	kəmˈpetɪtə(r)	n.	竞赛者，比赛者	2	1	2018	competitor:2
2502	744	component	kəmˈpəʊnənt	n.	组成部分，部件	2	1	2017	components:2
2503	748	compulsory	kəmˈpʌlsərɪ	adj.	强制的,必须做的	2	1	2018	compulsory:2
2504	758	concrete	ˈkɔŋkriːt	adj.	混凝土制的	2	1	2020	concrete:2
2505	762	conductor	kənˈdʌktə(r)	n.	管理人；指导者；（车上的）售票员，列车员；乐队指挥	2	1	2013	conductor:2
2506	764	confidential	kɔnfɪˈdenʃ(ə)l	adj.	机密的，保密的	2	1	2019	confidential:2
2507	769	congratulate	kənˈɡrætjʊleɪt	vt.	祝贺	2	1	2020	congratulate:2
2508	796	contradict	kɔntrəˈdɪkt	v.	反驳，驳斥，批驳	2	1	2022	contradicted:2
2509	802	controversial	kɔntrəˈvɜːʃ(ə)l	adj.	引起争论的,有争议的	2	1	2021	controversial:2
2510	825	cotton	ˈkɔt(ə)n	n. adj.	棉花 a. 棉花的	2	1	2013	cotton:2
2511	826	cough	kɔf; (US) kɔːf	n. vi.	咳嗽	2	1	2013	cough:2
2512	848	criminal	ˈkrɪmɪn(ə)l	n.	罪犯	2	1	2016	criminals:1 criminal:1
2513	3575	criterion	kraɪˈtɪəriən	n.	标准，准则（复 criteria）	2	1	2018	criterion:2
2514	878	damp	dæmp	adj. n.	潮湿（的	2	1	2017	damp:2
2515	892	daylight	ˈdeɪlaɪt	n.	日光，白昼； 黎明	2	1	2020	daylight:2
2516	910	deed	diːd	n.	行为；事迹	2	1	2019	deeds:2
2517	919	deliberately	dɪˈlɪbərətlɪ	adv.	故意,蓄意,存心	2	1	2021	deliberately:2
2518	938	desperate	ˈdespərət	adj.	（因绝望而）不惜冒险的，不顾一切的，拼命的	2	0		desperate:2
2519	948	devotion	dɪˈvəʊʃ(ə)n	n.	奉献，奉献精神	2	2	2012/2015	devotion:2
2520	951	diamond	ˈdaɪəmənd	n.	钻石，金刚石；纸牌中的方块	2	1	2012	diamond:2
2521	954	dictionary	ˈdɪkʃənərɪ; (US) ˈdɪkʃənerɪ	n.	词典，字典	2	1	2008	dictionary:2
2522	970	dioxide	daɪˈɔksaɪd	n.	二氧化物	2	2	2018/2022	dioxide:2
2523	972	diploma	dɪˈpləʊmə	n.	毕业文凭；学位证书	2	1	2013	diplomas:2
2524	977	dirt	dɜːt	n.	污物；脏物	2	1	2017	dirt:2
2525	1004	distinguish	dɪˈstɪŋɡwɪʃ	v.	区分，辨别，分清	2	0		distinguishes:1 distinguish:1
2526	1005	distribute	dɪˈstrɪbjuːt	v.	分发，分配	2	1	2017	distribute:2
2527	1018	doll	dɔl; (US) dɔːl	n.	玩偶，玩具娃娃	2	1	2019	dolls:2
2528	1033	drawback	ˈdrɔːbæk	n.	缺点，不利条件	2	1	2016	drawback:2
2529	1037	drill	drɪl	n. vt.	钻头；（反复的）训练 vt. 钻(孔)， 在…上钻孔；重复训练	2	1	2022	drilling:2
2530	1046	duck	dʌk	n.	鸭子	2	1	2018	ducks:1 ducking:1
2531	1054	dusty	ˈdʌstɪ	adj.	尘土般的，尘土多的	2	1	2015	dusty:2
2532	1057	dynamic	daɪˈnæmɪk	adj.	充满活力,精力充沛的	2	1	2022	dynamic:2
2533	1058	dynasty	ˈdɪnəstɪ; (US) ˈdaɪnəstɪ	n.	王朝，朝代	2	2	2019/2021	dynasty:2
2534	1070	easter	ˈiːstə(r)	n.	复活节	2	1	2018	easter:2
2535	1079	educator	ˈedjuːkeitə(r)	n.	教育家	2	1	2012	educators:2
2536	1085	Egyptian	ɪˈdʒɪpʃ(ə)n	adj. n.	埃及的；埃及人的；埃及语的 n. 埃及人	2	1	2012	egyptians:2
2537	1094	electrical	ɪˈlektrɪk(ə)l	adj.	电的；电器的	2	1	2022	electrical:2
2538	1104	emperor	ˈempərə(r)	n.	皇帝	2	1	2020	emperor:2
2539	1112	endless	ˈendlɪs	adj.	无止境的； 没完的	2	1	2021	endless:2
2540	1126	enthusiastic	ɪnθjuːzɪˈæstɪk	adj.	热情的，热心的	2	1	2020	enthusiastic:2
2541	1132	envy	ˈenvɪ	vt. n.	忌妒； 羡慕	2	2	2012/2016	envy:2
2542	1157	evident	ˈevɪdənt	adj.	清楚的，显而易见的	2	1	2019	evident:2
2543	1172	exit	ˈeksɪt	n.	出口，太平门	2	1	2015	exiting:2
2544	1184	explode	ɪkˈspləʊd	v.	（使）爆炸	2	1	2016	explode:2
2545	1212	false	fɔːls	adj.	不正确的；假的	2	1	2014	false:2
2546	1231	favourite	ˈfeivərit	adj. n.	(美 favorite) a. 喜爱的 n. 特别喜爱的人（或物	2	1	2019	favourite:2
2547	1234	feast	fiːst	n.	盛宴，宴会，（宗教的）节日	2	1	2020	feast:2
2548	1257	file	faɪl	n.	公文柜；档案(计算机)文档	2	1	2011	files:2
2549	1270	firewood	ˈfairwud	n.	木柴	2	1	2020	firewood:2
2550	1276	fisherman	ˈfɪʃəmən	n.	渔民；钓鱼健身者	2	1	2016	fisherman:2
2551	1298	flu	fluː	n.	流行性感冒	2	1	2019	flu:2
2552	1309	fond	fɔnd	adj.	喜爱的，爱好的	2	1	2019	fond:2
2553	1327	fork	fɔːk	n.	叉，餐叉	2	1	2022	forks:2
2554	1367	frontier	ˈfrʌntɪə(r); (US) frʌnˈtɪər	n.	前沿 ，边界；前线	2	1	2019	frontier:2
2555	1403	geography	dʒɪˈɔɡrəfɪ	n.	地理学	2	1	2018	geography:2
2556	3582	get-together	ˌɡet təˈɡeðə(r)	n.	聚会	2	0		get together:2
2557	1423	god	ɡɔd	n.	神，（大写）上帝	2	1	2008	god:2
2558	1427	golf	ɡɔlf	n.	高尔夫球；good (better ,best	2	1	2014	golfing:2
2559	1430	govern	ˈɡʌv(ə)n	v.	统治；管理	2	1	2008	governs:1 govern:1
2560	1437	grain	ɡreɪn	n.	谷物，谷类	2	1	2014	grain:2
2561	1440	grand	ɡrænd	adj.	宏伟的	2	1	2016	grand:2
2562	1445	granny	ˈɡrænɪ	n.	老奶奶；祖母；外婆	2	1	2012	granny:2
2563	1460	grill	ɡrɪl	n.	（烧食物的）烤架	2	1	2018	grilling:2
2564	1467	guard	ɡɑːd	n.	防护装置，警戒	2	1	2010	guard:2
2565	1474	gun	ɡʌn	n.	枪，炮	2	1	2019	gun:2
2566	1479	haircut	ˈheəkʌt	n.	（男子）理发	2	1	2013	haircut:2
2567	1486	handbag	ˈhændbæɡ	n.	女用皮包，手提包	2	1	2020	handbag:2
2568	1487	handful	ˈhændfʊl	n.	(一)把；少数，少量	2	1	2020	handful:2
2569	1500	hardship	ˈhɑːdʃɪp	n.	困难	2	1	2022	hardships:2
2570	1505	harmony	ˈhɑːmənɪ	n.	融洽，和睦	2	1	2018	harmony:2
2571	1511	hay	heɪ	n.	作饲料用的干草	2	1	2022	hayes:2
2572	1514	headache	ˈhedeɪk	n.	头疼	2	1	2015	headache:2
2573	1525	heaven	ˈhev(ə)n	n.	天，天空	2	1	2012	heaven:2
2574	1527	heavily	ˈhevɪlɪ	adv.	重地，大量地	2	1	2017	heavily:2
2575	1550	hillside	ˈhɪlsaɪd	n.	（小山）山腰，山坡	2	1	2020	hillside:2
2576	1561	holy	ˈhəʊlɪ	adj.	神圣的	2	1	2020	holy:2
2577	1564	hometown	ˈhəʊmtaʊn	n.	故乡	2	2	2008/2020	hometown:2
2578	1568	hook	hʊk	n. v.	钩子；衔接，连接	2	1	2019	hook:2
2579	1577	hostess	ˈhəʊstɪs	n.	女主人	2	1	2020	hostess:2
2580	1583	housewife	ˈhaʊswaɪf	n.	家庭主妇	2	1	2013	housewife:2
2581	1598	hurricane	ˈhʌrɪkən	n.	飓风，十二级风	2	1	2016	hurricane:2
2582	1617	immigration	ɪmɪˈgreɪʃn	n.	移民	2	0		immigration:2
2583	1627	incident	ˈɪnsɪd(ə)nt	n.	事件	2	1	2021	incident:2
2584	1636	Indian	ˈɪndɪən	adj. n.	（美洲）印地安人的； 印度人的 n. 印地安人；印度人	2	1	2015	indians:2
2585	1651	insert	ɪnˈsɜːt	vt.	插入	2	1	2022	inserting:2
2586	1656	instant	ˈɪnst(ə)nt	adj.	瞬间；刹那	2	2	2014/2015	instant:2
2587	1660	instruct	ɪnˈstrʌkt	vt.	通知；指示；教	2	1	2022	instruct:2
2588	1681	inventor	ɪnˈventə(r)	n.	发明者，创造者	2	1	2017	inventors:2
2589	1706	jewel	ˈdʒuːəl	n.	宝石	2	1	2018	jewels:2
2590	1712	journalist	ˈdʒɜːnəlɪzt	n.	记者，新闻工作者	2	1	2018	journalist:2
2591	1724	junk	dʒʌŋk	n.	（口语）废品，破烂货	2	1	2018	junk:2
2592	1726	junk food	dʒʌŋk fuːd	n.	没有营养的垃圾食品	2	0		junk food:2
2593	1737	kilo	ˈkiːləʊ	n.	千克；千米	2	1	2022	kilos:2
2594	1777	lazy	ˈleɪzɪ	adj.	懒惰的；lead (led, led	2	1	2011	lazy:2
2595	1789	legal	ˈliːɡ(ə)l	adj.	与法律有关的，法律的	2	0		legal:2
2596	1798	liberation	lɪbəˈreɪʃ(ə)n	n.	解放	2	1	2014	liberation:2
2597	1802	lid	lɪd	n.	盖子；lie (lay, lain	2	1	2022	lid:2
2598	1818	literary	ˈlɪtərərɪ; (US) ˈlɪtərerɪ	adj.	文学的；litre (美liter	2	1	2010	literary:2
2599	1824	loaf	ləʊf	n.	一个面包	2	1	2014	loaf:2
2600	1827	locust	ˈləʊkəst	n.	蝗虫	2	1	2017	locust:2
2601	1832	loose	luːs	adj.	松散的； 宽松的	2	1	2015	loose:2
2602	1839	lounge	laʊndʒ	n.	休息厅；休息室	2	1	2010	lounge:2
2603	1866	maple	ˈmeɪp(ə)l	n.	枫树	2	1	2017	maple:2
2604	1914	merry	ˈmerɪ	adj.	高兴的，愉快的	2	1	2022	merrier:2
2605	1917	messy	ˈmesɪ	adj.	乱七八糟的	2	1	2020	messier:2
2606	1929	mild	maɪld	adj.	温和,暖和的,凉爽的	2	1	2018	mild:2
2607	1949	mistaken	mɪsˈteɪkən	adj.	错误的；misunderstand (-stood, -stood	2	1	2018	mistaken:2
2608	1957	modest	ˈmɔdɪst	adj.	谦虚的；谦逊的	2	1	2017	modest:2
2609	1967	moral	ˈmɔr(ə)l; (US) ˈmɔːrəl	adj. n.	道德的 n.寓意,道德启示；more（much或many 的比较级	2	0		moral:1 morals:1
2610	1969	Moscow	ˈmɔskəʊ	n.	莫斯科	2	1	2017	moscow:2
2611	1975	motor	ˈməʊtə(r)	n.	发动机，马达	2	1	2014	motors:2
2612	1990	multiply	ˈmʌltɪplaɪ	vt.	乘；使相乘	2	1	2020	multiplied:2
2613	2017	neck	nek	n.	颈，脖子	2	1	2016	neck:2
2614	2049	noodle	ˈnuːd(ə)l	n.	面条	2	0		noodle:2
2615	2065	novelist	ˈnɔvəlɪst	n.	小说家	2	1	2020	novelist:2
2616	2084	occupation	ɔkjʊˈpeɪʃ(ə)n	n.	职业，工作	2	1	2010	occupations:2
2617	2111	opener	ˈəʊpənə(r)	n.	开具，启子	2	1	2016	opener:2
2618	2136	ought	ɔːt	v. aux.	应该，应当	2	1	2008	ought:2
2619	2153	overcoat	ˈəʊvəkəʊt	n.	大衣	2	1	2012	overcoat:2
2620	2155	overhead	əʊvəˈhed	adj.	在头顶上;架空的	2	1	2022	overhead:2
2621	2158	owe	əʊ	vt.	欠（债等	2	1	2017	owed:2
2622	2183	paperwork	ˈpeɪpəwɜːk	n.	日常文书工作	2	1	2014	paperwork:2
2623	2185	parallel	ˈpærəlel	n.	极其相似的人,纬线	2	1	2022	parallel:2
2624	2215	peach	piːtʃ	n.	桃子	2	1	2018	peaches:2
2625	2219	pen	pen	n.	钢笔，笔	2	1	2011	pen:2
2626	2231	performer	pəˈfɔːmə(r)	n.	表演者，执行者	2	1	2013	performers:2
2627	2245	petrol	ˈpetr(ə)l	n.	石油；phenomenon (pl. phenomena	2	1	2022	petrol:2
2628	2246	photograph	ˈfəʊtəɡrɑːf; (US) -ɡræf	n.	照片	2	1	2014	photographs:2
2629	2251	physicist	ˈfɪzɪsɪst	n.	物理学家	2	0		physicist:2
2630	2252	physics	ˈfɪzɪks	n.	物理（学	2	1	2013	physics:2
2631	2266	pine	paɪn	n.	松树	2	1	2017	pine:2
2632	2292	plot	plɔt	v. n.	/ n. 故事情节，密谋	2	1	2009	plot:2
2633	2299	poison	ˈpɔɪz(ə)n	n.	毒药	2	1	2017	poisoning:2
2634	2306	political	pəˈlɪtɪk(ə)l	adj.	政治的	2	1	2014	political:2
2635	2307	politician	pɔlɪˈtɪʃ(ə)n	n.	政治家	2	1	2019	politicians:2
2636	2311	pond	pɔnd	n.	池塘	2	1	2018	pond:1 ponds:1
2637	2312	pool	puːl	n.	水塘，水池	2	1	2015	pools:2
2638	2314	popcorn	ˈpɔpkɔːn	n.	爆米花	2	1	2017	popcorns:2
2639	2320	portable	ˈpɔːtəb(ə)l	adj.	手提的，便携式的	2	1	2017	portable:2
2640	2324	possession	pəˈzeʃ(ə)n	n.	所有，拥有；财产，所有物	2	1	2020	possession:2
2641	2335	postpone	pəʊstˈpəʊn	vt.	推迟，延期	2	1	2016	postpone:2
2642	2337	potato	pəˈteɪtəʊ	n.	土豆，马铃薯	2	2	2009/2011	potatoes:2
2643	2348	prayer	preə(r)	n.	祈祷	2	1	2015	prayer:2
2644	2379	prison	ˈprɪz(ə)n	n.	监狱	2	1	2016	prison:2
2645	2387	procedure	prəˈsiːdʒə(r)	n.	程序,手续,待遇	2	1	2008	procedures:2
2646	2392	profession	prəˈfeʃ(ə)n	n.	（需要有高等教育学位的）职业（如医生或律师	2	1	2018	professions:2
2647	2401	pronunciation	prənʌnsɪˈeɪʃ(ə)n	n.	发音	2	1	2019	pronunciation:2
2648	2418	punctual	ˈpʌŋktjʊəl	adj.	准时的	2	1	2011	punctual:2
2649	2434	qualification	kwɔlɪfɪˈkeɪʃ(ə)n	n.	资格，学历	2	1	2018	qualification:2
2650	2445	quilt	kwɪlt	n.	被子；被状物	2	1	2022	quilt:2
2651	2468	rapid	ˈræpɪd	adj.	快的，迅速的	2	1	2010	rapid:2
2652	2492	receptionist	rɪˈsepʃənɪst	n.	接待员	2	1	2020	receptionists:2
2653	2500	recreation	rekrɪˈeɪʃ(ə)n	n.	娱乐，消遣	2	1	2018	recreation:2
2654	2510	reform	rɪˈfɔːm	v. n.	/ n. 改革，改进，改良	2	1	2019	reform:2
2655	2522	regulation	reɡjʊˈleɪʃ(ə)n	n.	规则，规章	2	1	2020	regulation:1 regulations:1
2656	2530	relevant	ˈreləvənt	adj.	紧密相关,有意义的	2	1	2016	relevant:2
2657	2531	reliable	rɪˈlaɪəb(ə)l	adj.	可信赖的，可依靠的	2	1	2022	reliable:2
2658	2537	remark	rɪˈmɑːk	n.	陈述；话；议论	2	1	2021	remark:2
2659	2551	representative	reprɪˈzentətɪv	n.	代表,典型人物	2	1	2020	representative:2
2660	2591	ripen	ˈraɪpən	v.	成熟；rise (rose, risen	2	1	2018	ripening:2
2661	2637	salad	ˈsæləd	n.	色拉（西餐中的一种菜	2	1	2019	salad:2
2662	2649	satellite	ˈsætəlaɪt	n.	卫星	2	1	2020	satellite:2
2663	3612	school-leaver	ˌskuːlˈliːvə(r)	n.	（英）学校毕业生	2	0		school leaver:2
2664	2677	scores	skɔː(r) z	n.	许多，很多	2	0		scores:2
2665	2678	Scotland	ˈskɔtlənd	n.	* n. 苏格兰	2	1	2022	scotland:2
2666	2703	seize	siːz	vt.	抓住(时机等	2	1	2013	seized:2
2667	2715	separation	sepəˈreɪʃ(ə)n	n.	分离，隔离	2	1	2017	separation:2
2668	2724	settler	ˈsetlə(r)	n.	移居者，开拓者	2	1	2018	settlers:2
2669	2731	sex	seks	n.	性，性别	2	1	2010	sexes:2
2670	2734	shadow	ˈʃædəʊ	n.	影子, 阴影；shake (shook, shak en	2	1	2013	shadows:2
2671	2736	shame	ʃeɪm	n.	遗憾的事；羞愧	2	1	2013	shame:2
2672	2753	shoot	ʃuːt	vt. n.	(shot, shot) vt. 射击，射中，发射 n. 嫩枝；苗；芽	2	1	2010	shoot:2
2673	2754	shooting	ˈʃuːtɪŋ	n.	射击	2	1	2016	shooting:2
2674	2757	shopkeeper	ˈʃɔpkiːpə(r)	n.	店主，零售商人	2	1	2020	shopkeepers:2
2675	2761	shortcoming	ˈʃɔːtkʌmɪŋ	n.	缺点，短处	2	1	2020	shortcomings:2
2676	2762	shortly	ˈʃɔːtlɪ	adv.	不久	2	1	2020	shortly:2
2677	2763	shorts	ʃɔːts	n.	短裤；运动短裤	2	1	2011	shorts:2
2678	2771	shuttle	ˈʃʌt(ə)l	n.	合拢 （往返与两个定点之间的）（火车汽车飞机）班车/机	2	1	2022	shuttling:2
2679	2779	sightseeing	ˈsaɪtsiːɪŋ	n.	游览，观光	2	1	2022	sightseeing:2
2680	2786	silk	sɪlk	n.	（蚕）丝，丝织品	2	2	2012/2022	silk:2
2681	2802	sixth	sɪksθ	num.	第六	2	1	2014	sixth:2
2682	2807	skate	sɪksˈtiːnθ	vi.	溜冰，滑冰	2	1	2014	skate:2
2683	2820	slave	sleɪv	n.	奴隶	2	1	2008	slaves:1 slave:1
2684	2824	sleeve	sliːv	n.	袖子，袖套	2	1	2012	sleeve:1 sleeves:1
2685	2827	slight	slaɪt	adj.	轻微的，细小的	2	1	2020	slight:2
2686	2833	smelly	ˈsmelɪ	adj.	有臭味的,发出臭味的	2	1	2017	smelly:2
2687	2853	sob	səʊp	n. v.	抽泣，啜泣	2	1	2016	sob:2
2688	2904	spelling	ˈspelɪŋ	n.	拼写，拼读；spend (spent, spent	2	1	2019	spelling:2
2689	2910	split	splɪt	v.	撕开;切开	2	1	2020	split:2
2690	2917	spray	spreɪ	n. v.	/ v. 水雾,喷雾(器)喷洒	2	1	2020	sprayed:2
2691	2932	stair	steə(r)	n.	楼梯	2	1	2022	stairs:2
2692	2939	starvation	stɑːˈveɪʃ(ə)n	n.	饥饿； 饿死	2	1	2016	starvation:2
2693	2952	steep	stiːp	adj.	险峻的； 陡峭的	2	1	2018	steep:2
2694	2994	submit	səbˈmɪt	v.	提交，呈递（文件，建议等	2	1	2020	submitted:2
2695	3002	suck	sʌk	vt.	吸吮	2	1	2017	suck:2
2696	3022	sunset	ˈsʌnset	n.	日落(时分	2	1	2015	sunsets:2
2697	3027	superman	ˈsuːpəman	n.	超人	2	1	2013	superman:2
2698	3033	supreme	suːˈpriːm	adj.	至高无上的,最高的	2	1	2016	supreme:2
2699	3043	suspect	səˈspekt	n.	犯罪嫌疑人	2	1	2016	suspects:1 suspected:1
2700	3626	swear	sweə(r)	v.	发誓；咒骂	2	1	2020	swear:2
2701	3064	systematic	sɪstəˈmætɪk	adj.	系统的,有条理的	2	1	2019	systematic:2
2702	1864	table manners	ˈteɪb(ə)l ˈmænə(r) z	n.	餐桌礼节，用餐的规矩；many (more, most	2	0		table manners:2
2703	3074	tank	tæŋk	n.	储水容量；坦克	2	1	2017	tank:2
2704	3082	tasteless	ˈteɪstlɪs	adj.	无滋味的	2	1	2015	tasteless:2
2705	3085	taxi	ˈtæksɪ	n.	出租汽车	2	1	2016	taxis:2
2706	3111	tension	ˈtenʃ(ə)n	n.	紧张局势，矛盾	2	1	2019	tension:2
2707	3113	tentative	tent	adj.	不确定的，踌躇的	2	1	2022	tentative:2
2708	3124	thankful	ˈθæŋkfʊl	adj.	感谢的，感激的	2	1	2015	thankful:2
2709	3127	theft	θeft	n.	盗窃案	2	1	2019	theft:2
2710	3129	theirs	ðeəz	pron.	他（她,它）们的	2	1	2020	theirs:2
2711	3182	tissue	ˈtɪʃuː	n.	（人，动植物的）组织，纸巾	2	1	2020	tissue:2
2712	3194	tomorrow	təˈmɔrəʊ	adv. n.	明天	2	1	2016	tomorrow:2
2713	3213	tournament	ˈtʊənəmənt; (US) ˈtɜːrn-	n.	锦标赛，联赛；toward(s	2	1	2015	tournament:2
2714	3224	traffic lights	ˈtræfɪk laɪts	n.	交通指挥灯红绿灯	2	0		traffic lights:2
2715	3235	trap	træp	n. vt.	陷阱 vt. 使陷入困境	2	1	2016	trapped:2
2716	3237	traveler	ˈtrævələ(r)	n.	旅行者	2	2	2015/2021	travelers:1 traveler:1
2717	3242	tremble	ˈtremb(ə)l	v.	颤抖	2	1	2019	trembling:2
2718	3282	unbearable	ʌnˈbeərəb(ə)l	adj.	难耐得,无法接受的	2	1	2013	unbearable:2
2719	3302	unhappy	ʌnˈfɔːtjʊnətlɪ	adj.	不高兴的,伤心的	2	1	2011	unhappy:2
2720	3306	union	ˈjuːnjən	n.	联合,联盟；工会	2	1	2015	union:2
2721	3320	unsuccessful	ʌnsəkˈsesfʊl	adj.	不成功,失败的	2	1	2016	unsuccessful:2
2722	3360	vest	vest	n.	背心，内衣	2	1	2018	vests:2
2723	3372	violate	ˈvaɪəleɪt	v.	违反（法律、协议等），侵犯	2	1	2015	violated:2
2724	3374	violent	ˈvaɪələnt	adj.	暴力的	2	1	2016	violent:2
2725	3377	virtue	ˈvɜːtjuː	n.	美德,正直的品行,德行	2	1	2017	virtues:2
2726	3385	vocabulary	vəˈkæbjʊlərɪ	n.	词汇, 词汇表	2	1	2015	vocabulary:2
2727	3402	wallet	ˈwɔlɪt	n.	(放钱,证件等的)皮夹	2	1	2018	wallets:2
2728	3408	warehouse	ˈweəhaʊs	n.	仓库，货栈	2	1	2017	warehouses:2
2729	3431	wedding	ˈwedɪŋ	n.	婚礼,结婚	2	1	2018	weddings:2
2730	3438	weep	wiːp	v.	哭泣，流泪	2	1	2022	weeping:2
2731	3460	whichever	wɪtʃˈevə(r)	pron.	无论哪个;无论哪些	2	1	2015	whichever:2
2732	3463	whistle	waɪt; (US) hwaɪt	n.	口哨，口哨声	2	1	2011	whistles:2
2733	3482	windy	ˈwɪndɪ	adj.	有风的，多风的	2	1	2019	windy:2
2734	3489	wisdom	ˈwɪzdəm	n.	智慧	2	1	2014	wisdom:2
2735	3501	wool	wʊl	n.	羊毛，羊绒	2	1	2009	wool:2
2736	37	accustomed	əˈkʌstəmd	adj.	习惯于,惯常的	1	1	2011	accustomed:1
2737	66	admirable	ˈædmərəb(ə)l	adj.	值得赞赏的,可钦佩的	1	1	2015	admirable:1
2738	99	aggression	ˈəɡreʃ(ə)n	n.	侵略	1	0		aggression:1
2739	3560	ambassador	æmˈbæsədə(r)	n.	大使，使节	1	1	2016	ambassador:1
2740	232	arrangement	əˈreɪndʒmənt	n.	安排，布置	1	1	2014	arrangement:1
2741	265	athletic	æθˈletɪk	adj.	健壮的,体育运动的	1	1	2016	athletic:1
2742	269	atom	ˈætəm	n.	原子，微粒	1	0		atoms:1
2743	303	bachelor	ˈbætʃələ(r)	n.	未婚男子，单身汉	1	0		bachelor:1
2744	313	bake	beɪk	v.	烤； 烘（面包	1	1	2010	baked:1
2745	344	bat	bæt	n.	（棒球、板球的）球棒 n. 蝙蝠	1	0		bat:1
2746	354	bc	ˌbiːˈsiː	n.	公元前	1	1	2011	bc:1
2747	361	beard	bɪəd	n.	（下巴上的）胡须	1	1	2013	beard:1
2748	385	bell	bel	n.	钟,铃;钟(铃)声;钟形物	1	0		bells:1
2749	421	blank	blæŋk	n. adj.	空格，空白（处）；空的；茫然无表情的	1	1	2017	blank:1
2750	435	bomb	bɔm	n. v.	炸弹 v. 轰炸	1	1	2012	bomb:1
2751	450	bored	bɔrd	adj.	（对人，事）厌倦的，烦闷的	1	0		bored:1
2752	547	cancer	ˈkænsə(r)	n.	癌	1	1	2013	cancer:1
2753	563	carpenter	ˈkɑːpɪntə(r)	n.	木工，木匠	1	1	2010	carpenter:1
2754	569	cartoon	kɑːˈtuːn	n.	动画片，卡通；漫画	1	1	2018	cartoons:1
2755	570	carve	kɑːv	vt.	刻；雕刻	1	1	2008	carved:1
2756	604	chairman	ˈtʃeəmən	n.	(pl. chairmen) n. 主席，会长；议长；chairwoman (pl. chairwomen	1	1	2022	chairman:1
2757	618	chapter	ˈtʃæptə(r)	n.	章	1	1	2016	chapter:1
2758	633	chemistry	ˈkemɪstrɪ	n.	化学	1	1	2019	chemistry:1
2759	649	choke	tʃəʊk	n. v.	窒息；choose (chose, chosen	1	1	2015	choking:1
2760	675	classify	ˈklæsɪfaɪ	v.	分类，归类	1	1	2021	classified:1
2761	689	clinic	ˈklɪnɪk	n.	诊所	1	0		clinics:1
2762	779	considerate	kənˈsɪdərət	adj.	体贴的	1	1	2009	considerate:1
2763	782	consistent	kənˈsɪst(ə)nt	adj.	一致的，始终如一的，连续的	1	1	2013	consistent:1
2764	798	contrary	ˈkɔntrərɪ; (US) ˈkɔntrerɪ	n. adj.	/ a. 相反 相反的	1	0		contrary:1
2765	805	conventional	kənˈvenʃən(ə)l	adj.	依照惯例的，习惯的	1	0		conventional:1
2766	874	cyclist	ˈsaɪklɪst	n.	骑自行车的人	1	1	2022	cyclists:1
2767	884	darkness	ˈdɑːknɪs	n.	黑暗，阴暗	1	1	2020	darkness:1
2768	890	dawn	dɔːn	n.	黎明，拂晓	1	1	2015	dawn:1
2769	943	determination	dɪtɜːmɪˈneɪʃ(ə)n	n.	决心	1	1	2016	determination:1
2770	966	dimension	dɪˈmenʃ(ə)n	n.	量度，尺寸，面积，程度，范围	1	0		dimension:1
2771	982	disagree	dɪsəˈɡriː	vi.	意见不一致，持不同意见	1	1	2015	disagreed:1
2772	1000	disobey	dɪsəˈbeɪ	vt.	不服从	1	1	2022	disobeyed:1
2773	1003	distinction	dɪˈstɪŋkʃ(ə)n	n.	差别,区别,优秀,卓越	1	0		distinctions:1
2774	3579	e-mail	ˈiːmeɪl	n.	电子邮件	1	0		e-mail:1
2775	1072	eastwards	ˈiːstwədz	adv.	向东	1	1	2016	eastwards:1
2776	1087	eighteen	ˈeɪˈtiːn	num.	十八	1	1	2017	eighteen:1
2777	1099	eleven	ɪˈlev(ə)n	num.	十一	1	0		eleven:1
2778	1105	empire	ˈempaɪə(r)	n.	帝国	1	0		empire:1
2779	1109	encouragement	ɪnˈkʌrɪdʒmənt	n.	鼓励	1	1	2012	encouragement:1
2780	1142	essay	ˈeseɪ	n.	散文；文章；随笔	1	0		essays:1
2781	1244	fetch	fetʃ	vt.	（去）取（物）来，（去）带（人）来	1	0		fetching:1
2782	1252	fifth	fɪfθ	num.	第五	1	1	2012	fifth:1
2783	1261	finance	ˈfaɪnæns	n.	资金，财政，财务	1	1	2021	finance:1
2784	1282	flag	flæɡ	n.	旗；标志；旗舰	1	0		flags:1
2785	1290	flesh	fleʃ	n.	肉	1	1	2008	fleshed:1
2786	1299	fluency	ˈfluənsi	n.	（外语）流利，流畅	1	1	2015	fluency:1
2787	1321	foresee	fɔːˈsiː	vt.	(foresaw, foreseen) vt.预见.预知	1	1	2010	foresee:1
2788	1341	fourth	fɔːθ	num.	第四	1	1	2016	fourth:1
2789	1353	Frenchman	ˈfrentʃmən	n.	(复 Frenchmen) n. 法国人（男	1	0		frenchman:1
2790	1388	garage	ˈɡærɑːʒ	n.	汽车间（库	1	0		garage:1
2791	1438	gram	ɡræm	n.	克(重量单位	1	1	2014	grams:1
2792	1446	grape	ɡreɪp	n.	葡萄	1	1	2015	grapes:1
2793	1483	hamburger	ˈhæmbɜːɡə(r)	n.	汉堡包	1	0		hamburger:1
2794	1504	harmless	ˈhɑːmlɪs	adj.	无害的;不致伤的	1	0		harmless:1
2795	1528	heel	hiːl	n.	脚后跟	1	0		heels:1
2796	1573	horrible	ˈhɔrɪb(ə)l	adj.	令人恐惧；恐怖的	1	0		horrible:1
2797	1663	insurance	ɪnˈʃʊərəns	n.	保险	1	0		insurance:1
2798	1776	lawyer	ˈlɔːjə(r)	n.	律师；lay (laid, laid	1	0		lawyers:1
2799	1813	lip	lɪp	n.	嘴唇	1	1	2009	lips:1
2800	1845	luggage	ˈlʌɡɪdʒ	n.	(总称)行李	1	1	2008	luggage:1
2801	1874	marry	ˈmærɪ	v.	（使）成婚，结婚	1	0		marry:1
2802	1890	meanwhile	ˈmiːnwaɪl; (US) ˈmɪnhwaɪl	adv.	同时	1	1	2012	meanwhile:1
2803	1905	mend	mend	v.	修理，修补	1	1	2022	mend:1
2804	1923	microscope	ˈmaɪkrəskəʊp	n.	显微镜	1	0		microscopes:1
2805	1933	millionaire	mɪljəˈneə(r)	n.	百万富翁	1	1	2016	millionaires:1
2806	1948	mist	mɪst	n.	雾；mistake (mistook, mistaken	1	1	2020	mists:1
2807	1989	muddy	ˈmʌdɪ	adj.	泥泞的	1	0		muddied:1
2808	1991	murder	ˈmɜːdə(r)	vt.	谋杀	1	1	2016	murders:1
2809	2018	necklace	ˈneklɪs	n.	项链	1	1	2012	necklace:1
2810	2022	negotiate	nɪˈɡəʊʃɪeɪt	v.	谈判，协商；neighbour (美neighbor	1	1	2010	negotiating:1
2811	2038	nineteen	naɪnˈtiːn	num.	十九	1	1	2019	nineteen:1
2812	2068	nowadays	ˈnaʊədeɪz	adv.	当今，现在	1	1	2008	nowadays:1
2813	2070	nuclear	ˈnjuːklɪə(r)	adj.	原子核的，原子能的，核动力的	1	0		nuclear:1
2814	2071	numb	nʌm	adj.	麻木的，失去知觉的，迟钝的	1	0		numb:1
2815	2074	nursery	ˈnɜːsərɪ	n.	托儿所	1	1	2016	nursery:1
2816	2122	optional	ˈɔpʃən(ə)l	adj.	可选择的，选修的	1	0		optional:1
2817	2126	orbit	ˈɔːbɪt	n.	（天体等的）运行轨道	1	1	2020	orbit:1
2818	2129	organ	ˈɔːɡən	n.	（人，动物）器官；organise(美organize	1	0		organs:1
2819	2186	parcel	ˈpɑːs(ə)l	n.	包裹	1	1	2008	parcels:1
2820	2205	patent	ˈpeɪt(ə)nt; (US) ˈpætnt	n.	专利权，专利证书	1	0		patents:1
2821	2260	pig	paɪ	n.	猪	1	1	2018	pigs:1
2822	2265	pin	pɪn	n. v.	别针 v. 别住, 钉住	1	1	2015	pin:1
2823	2286	playmate	ˈpleɪmeɪt	n.	玩伴	1	0		playmates:1
2824	2304	polish	ˈpɔlɪsɪ	v. n.	擦亮 n.擦光剂,亮光剂	1	0		polish:1
2825	2331	postcard	ˈpəʊstkɑːd	n.	明信片	1	0		postcard:1
2826	2333	poster	ˈpəʊstə(r)	n.	(贴在公共场所的大型)招贴；广告(画	1	1	2011	poster:1
2827	2341	powder	ˈpaʊdə(r)	n.	粉，粉末	1	0		powder:1
2828	2372	primary	ˈpraɪmərɪ	adj.	初等的；初级的	1	1	2019	primary:1
2829	2373	primary school	ˈpraɪmərɪ skuːl	n.	小学	1	0		primary school:1
2830	2384	probable	ˈprɔbəb(ə)l	adj.	很可能,很有希望的	1	0		probable:1
2831	2421	punish	ˈpʌnɪʃ	v.	惩罚，处罚	1	1	2008	punish:1
2832	2422	punishment	ˈpʌnɪʃmənt	n.	惩罚	1	1	2012	punishment:1
2833	2441	questionnaire	kwestʃəˈneə(r)	n.	调查表，问卷	1	1	2021	questionnaire:1
2834	2456	rag	ræɡ	n.	破布，抹布	1	0		ragged:1
2835	2489	receiver	rɪˈsiːvə(r)	n.	电话听筒	1	1	2015	receiver:1
2836	2498	recorder	rɪˈkɔːdə(r)	n.	录音机	1	1	2014	recorder:1
2837	2504	redirect	riːdaɪˈrekt	vt.	使改变，使转移	1	1	2008	redirect:1
2838	2517	regards	rɪˈɡɑːd	n.	问候，致意	1	0		regards:1
2839	2559	resemble	rɪˈzemb(ə)l	v.	（不用进行时）像，看起来像	1	1	2012	resembles:1
2840	2587	ridiculous	rɪˈdɪkjʊləs	adj.	荒谬的，愚蠢的；ride (rode, ridden	1	0		ridiculous:1
2841	2626	Russia	ˈrʌʃə	n.	* n. 俄罗斯，俄国	1	1	2010	russia:1
2842	2638	salary	ˈsælərɪ	n.	薪金，薪水	1	0		salaries:1
2843	2644	salty	ˈsɔːltɪ	adj.	盐的，咸的，含盐的	1	1	2010	salty:1
2844	2661	scare	skeə(r)	v.	使害怕，使恐惧	1	1	2014	scare:1
2845	2662	scarf	skɑːf	n.	领巾，围巾	1	1	2009	scarf:1
2846	2697	secretary	ˈsekrətərɪ	n.	秘书；书记	1	0		secretary:1
2847	2727	seventh	ˈsevənθ	num.	第七	1	1	2011	seventh:1
2848	2735	shallow	ˈʃæləʊ	adj.	浅的,不深的,肤浅的	1	0		shallow:1
2849	2773	sickness	ˈsɪknɪs	n.	疾病	1	1	2014	sickness:1
2850	2795	singer	sɪŋ	n.	歌唱家，歌手	1	1	2012	singer:1
2851	2867	soldier	ˈsəʊldʒə(r)	n.	士兵，战士	1	1	2015	soldier:1
2852	2868	solid	ˈsɔlɪd	adj. n.	结实的,固体的 n.固体	1	1	2013	solid:1
2853	2909	splendid	ˈsplendɪd	adj.	灿烂的，辉煌的；（口语）极好的	1	1	2020	splendid:1
2854	2968	stove	stəʊv	n.	（供烹饪用的 ）火炉，煤炉，电炉	1	1	2020	stove:1
2855	3029	supper	ˈsʌpə(r)	n.	晚餐，晚饭	1	1	2018	supper:1
2856	3047	sweat	swet	n.	汗，汗水	1	0		sweat:1
2857	3050	swift	swɪft	adj.	快的，迅速的	1	0		swift:1
2858	3069	tailor	ˈteɪlə(r)	n.	裁缝；take (took, taken	1	0		tailored:1
2859	3092	tease	tiːz	v.	取笑，戏弄，寻开心	1	0		teasing:1
2860	3185	toast	təʊst	v. n.	/ n. 烤	1	0		toaster:1
2861	3190	Tokyo	ˈtəʊkjəʊ	n.	东京	1	1	2008	tokyo:1
2862	3196	tongue	tʌŋ	n.	舌，舌头	1	1	2009	tongue:1
2863	3233	translator	trænsˈleitə	n.	翻译家，译者	1	0		translator:1
2864	3280	umbrella	ʌmˈbrelə	n.	雨伞；U.N./ UN(缩) = the United Nations	1	1	2008	umbrellas:1
2865	3300	unfortunate	ʌnˈfəʊld	adj.	不幸的	1	0		unfortunate:1
2866	3304	uniform	ˈjuːnɪfɔːm	n.	制服	1	1	2019	uniform:1
2867	3331	urban	ˈɜːbən	adj.	城市的，都市的	1	1	2015	urban:1
2868	3333	urgent	ˈɜːdʒənt	adj.	紧急的，紧迫的；U.S.A./USA(缩) = the United States of America	1	1	2014	urgent:1
2869	3337	useless	ˈjuːslɪs	adj.	无用的	1	1	2020	useless:1
2870	3361	via	ˈvaɪə	prep.	经过（某地），通过	1	1	2010	via:1
2871	3364	victory	ˈvɪktərɪ	n.	胜利	1	1	2016	victory:1
2872	3370	villager	ˈvilidʒə	n.	村民	1	1	2020	villagers:1
2873	3373	violence	ˈvaɪələns	n.	暴力行为	1	1	2016	violence:1
2874	3375	violin	vaɪəˈlɪn	n.	小提琴	1	1	2011	violin:1
2875	3378	virus	ˈvaɪərəs	n.	病毒	1	0		virus:1
2876	3384	vivid	ˈvɪvɪd	adj.	生动，逼真的，鲜明的	1	0		vivid:1
2877	3407	ward	wɔːd	n.	保卫,看护,病房,收容所	1	1	2013	wards:1
2878	3637	warm-hearted	ˌwɔːmˈhɑːtɪd	adj.	热心的	1	0		warm-hearted:1
2879	3433	weed	wiːd	n.	杂草，野草	1	0		weeding:1
2880	3442	welfare	ˈwelfeə(r)	n.	幸福，福利	1	0		welfare:1
2881	3447	westwards	ˈwestwədz	adv.	向西	1	1	2016	westwards:1
2882	3471	widespread	ˈwaɪdspred	adj.	分布广的,普遍的	1	0		widespread:1
2883	3522	worthy	wɜːθˈwaɪl	adj.	值得的	1	1	2014	worthy:1
2884	3527	wrinkle	ˈrɪŋk(ə)l	n.	皱纹	1	0		wrinkles:1
2885	3528	wrist	rɪst	n.	手腕，腕关节	1	1	2008	wrist:1
2886	3546	yourselves	jɔːˈselvz	pron.	你们自己	1	1	2019	yourselves:1
2887	3551	zip	zɪp	v. n.	拉开(或扣上)……的拉链；拉链；zip code(美) =postcode	1	1	2010	zip:1
2888	3556	a (an)	ə; eɪ, æn	art.	一（个，件……）	0	0		a (an):0
2889	4	abnormal	æbˈnɔːm(ə)l	adj.	反常的，变态的	0	0		
2890	5	aboard	əˈbɔːd	prep.	上（船，飞机，火车，汽车等	0	0		
2891	6	abolish	əˈbɔlɪʃ	v.	废除，废止	0	0		
2892	7	abortion	əˈbɔːʃ(ə)n	n.	人工流产，堕胎	0	0		
2893	11	abrupt	əˈbrʌpt	adj.	突然的，意外的，粗鲁	0	0		
2894	17	absurd	əbˈsɜːd	adj.	荒谬的，怪诞不经的	0	0		
2895	19	abuse	əˈbjuːz	v.	（酗酒）滥用,虐待,恶语	0	0		
2896	36	accuse	əˈkjuːz	v.	指责，控告	0	0		
2897	41	acid	ˈæsɪd	adj.	酸的	0	0		
2898	43	acquaintance	əˈkweɪntəns	n.	熟人，（与某人）认识	0	0		
2899	3557	acute	ˈækjuːt	adj.	十分严重的；（病）急性的	0	0		
2900	59	addicted	əˈdɪktɪd	adj.	上瘾，成瘾，入迷	0	0		
2901	62	adequate	ˈædɪkwət	adj.	合适的，合乎需要的	0	0		
2902	83	aeroplane	ˈeərəpleɪn	n.	(英)飞机	0	0		
2903	108	aids	eɪdz	n.	艾滋病	0	0		
2904	113	airmail	ˈeəmeɪl	n.	航空邮件	0	0		
2905	116	airspace	ˈeəspeɪs	n.	领空,（某国的）空域	0	0		
2906	121	algebra	ˈældʒɪbrə	n.	代数	0	0		
2907	126	alley	ˈælɪ	n.	小巷，胡同	0	0		
2908	142	aluminium	æljʊˈmɪnɪəm	n.	（化）铝	0	0		
2909	145	amateur	ˈæmətə(r)	adj.	业余爱好的	0	0		
2910	157	amusement	əˈmjuːzmənt	n.	娱乐	0	0		
2911	164	anecdote	ˈænɪkdəʊt	n.	逸事，趣闻	0	0		
2912	198	appendix	əˈpendɪks	n.	附录，阑尾	0	0		
2913	200	applaud	əˈplɔːd	v. n.	/ n. 鼓掌,赞许,赞赏	0	0		
2914	213	apron	ˈeɪprən	n.	（机场的）停机坪	0	0		
2915	214	arbitrary	ˈɑːbɪtrərɪ; (US) ˈɑːrbɪtrerɪ	adj.	随心所欲的，独裁的，专断的	0	0		
2916	215	arch	ɑːtʃ	n.	拱，拱门	0	0		
2917	228	armchair	ɑːmˈtʃeə(r)	n.	扶手椅	0	0		
2918	233	arrest	əˈrest	v.	逮捕，拘留	0	0		
2919	236	arrow	ˈærəʊ	n.	箭；箭头	0	0		
2920	242	ash	æʃ	n.	灰； 灰末	0	0		
2921	261	astronomer	əˈstrɔnəmə(r)	n.	天文学家	0	0		
2922	262	astronomy	əˈstrɔnəmɪ	n.	天文学	0	0		
2923	266	athletics	æθˈletɪks	n.	田径	0	0		
2924	276	attentively	əˈtentivli	adv.	注意地	0	0		
2925	288	aunt	ɑːnt; (US) ænt	n.	伯母；舅母；婶；姑；姨	0	0		
2926	300	awful	ˈɔːfʊl	adj.	很坏的，极讨厌的	0	0		
2927	305	backache	ˈbækeɪk	n.	背痛	0	0		
2928	307	bacon	ˈbeɪkən	n.	咸猪肉；熏猪肉 	0	0		
2929	308	bacterium	bækˈtɪərɪəm	n.	(复bacteria) n. 细菌；bad (worse, worst	0	0		
2930	310	badminton	ˈbædmɪntən	n.	羽毛球	0	0		
2931	312	baggage	ˈbæɡɪdʒ	n.	行李	0	0		
2932	314	bakery	ˈbeɪkərɪ	n.	面包店	0	0		
2933	316	balcony	ˈbælkənɪ	n.	阳台；楼座	0	0		
2934	318	ballet	ˈbæleɪ	n.	芭蕾舞	0	0		
2935	319	balloon	bəˈluːn	n.	气球	0	0		
2936	3563	ballpoint	ˈbɔːlpɔɪnt	n.	圆珠笔	0	0		
2937	324	bandage	ˈbændɪdʒ	n.	绷带	0	0		
2938	325	bang	bæŋ	int.	砰	0	0		
2939	327	bank account	bæŋk əˈkaʊnt	n.	银行账户	0	0		bank account:0
2940	329	barbecue	ˈbɑːbɪkjuː	n.	烤肉野餐	0	0		
2941	330	barber	ˈbɑːbə(r)	n.	（为男人理发）理发师	0	0		
2942	331	barbershop	ˈbɑːbəʃɒp	n.	理发店	0	0		
2943	332	bare	beə(r)	adj.	裸露的，光秃秃的	0	0		
2944	346	bathe	beɪð	vi.	洗澡；游泳	0	0		
2945	347	bathrobe	ˈbɑːθrəʊb	n.	浴衣	0	0		
2946	352	battleground	ˈbæt(ə)lɡraʊnd	n.	战场	0	0		
2947	359	beancurd	ˈbiːnkəːd	n.	豆腐	0	0		
2948	362	beast	biːst	n.	野兽；牲畜；beat (beat, beaten	0	0		
2949	367	bedclothes	ˈbedkləʊðz	n.	铺盖（被褥等	0	0		
2950	368	beddings	ˈbedɪŋ	n.	卧具，铺盖	0	0		
2951	371	beef	biːf	n.	牛肉	0	0		
2952	377	behalf	bɪˈhɑːf	n.	代表某人，为了某人	0	0		
2953	386	belly	ˈbelɪ	n.	肚子	0	0		
2954	3564	best-seller	ˌbestˈselə(r)	n.	畅销书	0	0		best-seller:0
2955	401	bid	bɪd	v. n.	/ n. 出价，投标，向（某人）道别	0	0		
2956	405	bingo	ˈbɪŋɡəʊ	n.	宾戈游戏	0	0		
2957	406	biochemistry	ˌbaɪəʊˈkemɪstrɪ	n.	生物化学	0	0		
2958	410	birdcage	ˈbɜːdkeɪdʒ	n.	鸟笼	0	0		
2959	414	biscuit	ˈbɪskɪt	n.	饼干	0	0		
2960	415	bishop	ˈbɪʃəp	n.	主教	0	0		
2961	417	bitter	ˈbɪtə(r)	adj.	有苦味的；痛苦的，难过的；严酷的	0	0		
2962	419	blackboard	ˈblækbɔːd	n.	黑板	0	0		
2963	428	blouse	blaʊz; u.S. blaʊs	n.	宽罩衫；（妇女、儿童穿的）短上衣	0	0		
2964	3567	boat-race	ˈbəʊtreɪs	n.	划船比赛	0	0		boat-race:0
2965	438	bonus	ˈbəʊnəs	n.	津贴，奖金，红利	0	0		
2966	441	bookmark	ˈbʊkmɑːk	n.	书签	0	0		
2967	443	bookshop	ˈbʊkʃɔp	n.	书店	0	0		
2968	447	booth	buːð	n.	岗；（为某种用途而设的）亭或小隔间	0	0		
2969	455	botanical	bəˈtænɪk(ə)l	adj.	植物学的	0	0		
2970	456	botany	ˈbɔtənɪ	n.	植物； 植物学	0	0		
2971	461	bound	baʊnd	adj. v. n.	被束缚的；被绑的；有义务的 v.& n. 跳跃	0	0		
2972	463	bow	bəʊ	v. n.	鞠躬，弯腰行礼	0	0		
2973	465	bowling	ˈbəʊlɪŋ	n.	保龄球	0	0		
2974	467	boxing	ˈbɔksɪŋ	n.	拳击（运动	0	0		
2975	475	bravery	ˈbreɪvərɪ	n.	勇气	0	0		
2976	479	breakthrough	ˈbreɪkθruː	n.	重大进展，突破	0	0		
2977	480	breast	brest	n.	乳房，胸脯	0	0		
2978	483	breathless	ˈbreθlɪs	adj.	气喘吁吁的，上气不接下气的	0	0		
2979	484	brewery	ˈbruːərɪ	n.	啤酒厂（公司	0	0		
2980	487	bridegroom	ˈbraɪdɡruːm	n.	新郎	0	0		
2981	498	broom	bruːm	n.	扫帚	0	0		
2982	500	brotherhood	ˈbrʌðəhʊd	n.	兄弟般的关系	0	0		
2983	504	bucket	ˈbʌkɪt	n.	铲斗；桶	0	0		
2984	505	buddhism	ˈbʊdɪz(ə)m	n.	佛教	0	0		
2985	506	buddhist	ˈbudist	n.	佛教徒	0	0		
2986	508	buffet	ˈbʊfeɪ; (US) bəˈfeɪ	n.	自助餐；build (built, built	0	0		
2987	510	bun	bʌn	n.	馒头；小甜面包	0	0		
2988	512	bungalow	ˈbʌŋɡələʊ	n.	平房	0	0		
2989	514	bureaucratic	bjuəˌrəuˈkrætik	adj.	官僚的	0	0		
2990	515	burglar	ˈbɜːɡlə(r)	n.	入室窃贼	0	0		
2991	516	burial	ˈberɪəl	n.	埋葬；burn (--ed, --ed 或 burnt, burnt	0	0		
2992	518	bury	ˈberɪ	vt.	埋；葬	0	0		
2993	525	butcher	ˈbʊtʃə	n. vt.	肉店；屠夫 屠宰（动物）；残杀（人	0	0		
2994	526	butter	ˈbʌtə(r)	n.	黄油，奶油	0	0		
2995	527	butterfly	ˈbʌtəflaɪ	n.	蝴蝶	0	0		
2996	530	bye	baɪ	int.	再见	0	0		
2997	532	cabbage	ˈkæbɪdʒ	n.	卷心菜，洋白菜	0	0		
2998	533	cafeteria	kæfɪˈtɪərɪə	n.	自助餐厅	0	0		
2999	551	canteen	kænˈtiːn	n.	餐厅；食堂	0	0		
3000	554	capsule	ˈkæpsjuːl; (US) ˈkæpsl	n.	（药）胶囊	0	0		
3001	556	caption	ˈkæpʃ(ə)n	n.	（图片，漫画等的）说明文字	0	0		
3002	567	carrot	ˈkærət	n.	胡萝卜	0	0		
3003	3569	cassette	kəˈset	n.	磁带	0	0		
3004	577	catastrophe	kəˈtæstrəfɪ	n.	灾难，灾祸，不幸事件；catch(caught,caught	0	0		
3005	581	cathedral	kəˈθiːdr(ə)l	n.	大教堂（天主教	0	0		
3006	580	catholic	ˈkæθəlɪk	adj.	天主教的	0	0		
3007	584	caution	ˈkɔːʃ(ə)n	n.	谨慎，小心，警告	0	0		
3008	592	cellar	ˈselə(r)	n.	地窖；地下储藏室	0	0		
3009	594	centigrade	ˈsentɪɡreɪd	adj.	摄氏的	0	0		
3010	595	centimetre	ˈsentiˌmiːtə(r)	n.	(美 centimeter) n. 公分，厘米	0	0		
3011	613	chant	tʃɑːnt	v. n.	/ n.反复呼喊	0	0		
3012	614	chaos	ˈkeɪɔs	n.	混乱，杂乱，紊乱	0	0		
3013	619	chart	tʃɑːt	n.	图表；航海图	0	0		
3014	624	cheek	tʃiːk	n.	面颊，脸蛋	0	0		
3015	626	cheer up	tʃɪə(r)-ʌp	v.	振作起来！提起精神！	0	0		cheer up:0
3016	628	cheers	tʃɪə(r)	int.	干杯，(口)谢谢，再见	0	0		
3017	634	cheque	tʃek	n.	(美check) n. 支票	0	0		
3018	642	chimney	ˈtʃɪmnɪ	n.	烟囱，烟筒	0	0		
3019	645	chips	tʃɪp	n.	(pl.)炸土豆条（片	0	0		
3020	648	choir	ˈkwaɪə(r)	n.	合唱团，教堂的唱诗班	0	0		
3021	651	chorus	ˈkɔːrəs	n.	合唱曲，歌咏队	0	0		
3022	652	Christian	ˈkrɪstɪən	n.	基督教徒和天主教徒的总称	0	0		
3023	654	christmas card	ˈkrɪsməs kɑːd	n.	圣诞卡	0	0		christmas card:0
3024	655	christmas tree	ˈkrɪsməs triː	n.	圣诞树	0	0		christmas tree:0
3025	657	cigar	sɪˈɡɑː(r)	n.	雪茄烟	0	0		
3026	661	circuit	ˈsɜːkɪt	n.	环形路线，巡回赛	0	0		
3027	662	circulate	ˈsɜːkjʊleɪt	v.	（液体或气体）环流，循环	0	0		
3028	668	civilian	sɪˈvɪlɪən	n.	平民，老百姓	0	0		
3029	669	civilization	sɪvɪlaɪˈzeɪʃ(ə)n; (US) sɪvəlɪˈzeɪʃən	n.	文明	0	0		
3030	670	clap	klæp	vi.	拍手；鼓掌	0	0		
3031	679	clay	kleɪ	n.	黏土，陶土	0	0		
3032	684	clerk	klɑːk; (US) klərk	n.	书记员；办事员；职员	0	0		
3033	693	cloth	klɔθ; (US) klɔθ	n.	布	0	0		
3034	699	clumsy	ˈklʌmzɪ	adj.	笨拙的，不灵巧的	0	0		
3035	704	cock	kɔk	n.	公鸡	0	0		
3036	3572	cold-blooded	ˌkəʊldˈblʌdɪd	adj.	（动物）冷血的	0	0		cold-blooded:0
3037	716	collision	kəˈlɪʒ(ə)n	n.	碰撞事故；colour (美color	0	0		
3038	722	comma	ˈkɔmə	n.	逗号	0	0		
3039	723	command	kəˈmɑːnd; (US) kəˈmænd	n. v.	命令	0	0		
3040	725	commit	kəˈmɪt	v.	犯（罪，错），自杀	0	0		
3041	731	communism	ˈkɔmjʊnɪz(ə)m	n.	共产主义	0	0		
3042	732	communist	ˈkɔmjuːnɪst	n. adj.	共产主义者 a. 共产党的；共产主义的	0	0		
3043	736	compass	ˈkʌmpəs	n.	罗盘，指南针	0	0		
3044	746	comprehension	kɔmprɪˈhenʃ(ə)n	n.	理解	0	0		
3045	750	computer game	kəmˈpjuːtə(r) ɡeɪm	n.	电子游戏	0	0		computer game:0
3046	751	comrade	ˈkɔmrɪd; (US) ˈkɑmræd	n.	同志	0	0		
3047	760	condemn	kənˈdem	v.	谴责，指责，宣判	0	0		
3048	773	conscience	ˈkɔnʃəns	n.	良心，良知，内疚	0	0		
3049	774	consensus	kənˈsensəs	n.	一致的意见，共识	0	0		
3050	784	constitution	kɔnstɪˈtjuːʃ(ə)n; (US) kɔnstəˈtuːʃən	n.	宪法，章程，身体素质	0	0		
3051	788	consultant	kənˈsʌltənt	n.	顾问	0	0		
3052	797	contradictory	ˌkɔntrəˈdiktəri	adj.	相互矛盾,对立的	0	0		
3053	810	cooker	ˈkʊkə(r)	n.	炊具(锅、炉灶、烤炉等	0	0		
3054	814	coral	ˈkɔr(ə)l; (US) ˈkɔːrəl	n.	珊瑚；珊瑚虫	0	0		
3055	815	cordless	ˈkɔːdlɪs	adj.	无线的	0	0		
3056	820	correction	kəˈrekʃ(ə)n	n.	改正	0	0		
3057	821	correspond	kɔrɪˈspɔnd; (US) kɔːrəˈspɔnd	vi.	一致；与……相当；(与人)通信，有书信往来	0	0		
3058	822	corrupt	kəˈrʌpt	adj. v.	/ v. 贪污的，腐败的，使腐化，堕落；cost (cost, cost	0	0		
3059	823	cosy	ˈkəuzi	adj.	暖和舒适的,亲密无间的	0	0		
3060	835	courtyard	ˈkɔːtjɑːd	n.	庭院，院子	0	0		
3061	839	cowboy	ˈkaʊbɔɪ	n.	（美国）牛仔;牧场骑士	0	0		
3062	841	crayon	ˈkreɪən	n.	蜡笔；蜡笔画	0	0		
3063	853	crossroads	ˈkrɔsrəʊd	n.	交叉路口	0	0		
3064	858	cube	kjuːb	n.	立方体	0	0		
3065	859	cubic	ˈkjuːbɪk	adj.	立方体的，立方形的	0	0		
3066	860	cuisine	kwɪˈziːn	n.	饭菜，佳肴	0	0		
3067	863	cupboard	ˈkʌbəd	n.	碗柜；橱柜	0	0		
3068	867	curriculum	kəˈrɪkjʊləm	n.	（学校的）全部课程	0	0		
3069	885	dash	dæʃ	v. n.	快跑，冲刺，短跑	0	0		
3070	887	database	ˈdeɪtbeɪs	n.	资料库，数据库	0	0		
3071	915	defend	dɪˈfend	vt.	防守；保卫	0	0		
3072	918	delete	dɪˈliːt	v.	删去	0	0		
3073	926	dentist	ˈdentɪst	n.	牙科医生 ；department(缩Dept.	0	0		
3074	927	departure	dɪˈpɑːtʃə(r)	n.	离开，启程	0	0		
3075	942	detective	dɪˈtektɪv	n.	侦探	0	0		
3076	949	diagram	ˈdaɪəɡræm	n.	图表，图样	0	0		
3077	950	dial	ˈdaɪ(ə)l	vt.	拨（电话号码）；dialogue (美 dialog	0	0		
3078	953	dictation	dɪkˈteɪʃ(ə)n	n.	听写	0	0		
3079	964	dignity	ˈdɪɡnɪtɪ	n.	庄重，庄严，尊严。尊贵，高尚	0	0		
3080	965	dilemma	daɪˈlemə	n.	（进退两难的）窘境，困境	0	0		
3081	971	dip	dɪp	vt.	浸，蘸；把…放入又取出	0	0		
3082	976	directory	dɪˈrektərɪ	n.	姓名地址录	0	0		
3083	996	disgusting	dɪsˈɡʌstɪŋ	adj.	极糟的，令人不快的，令人厌恶的	0	0		
3084	3577	disk	dɪsk	n.	磁盘；唱片	0	0		
3085	1013	divorce	dɪˈvɔːs	v.	离婚	0	0		
3086	1014	dizzy	ˈdɪzɪ	adj.	头眩目晕的；do (did, done) donˈt=do not	0	0		
3087	1021	dormitory	ˈdɔːmɪtərɪ; (US) ˈdɔːrmɪtɔːrɪ	n.	学生宿舍（缩写式dorm	0	0		
3088	1022	dot	dɔt	n.	点，小点，圆点	0	0		
3089	1026	download	ˈdaunləud	n. v.	下载	0	0		
3090	1027	downstairs	ˈdaʊnsteəz	adv.	在楼下；到楼下	0	0		
3091	1029	downward	ˈdaʊnwəd	adv.	向下	0	0		
3092	1031	draft	drɑːft; (US) dræft	n. v.	/ v. 草稿，草案，起草，草拟	0	0		
3093	1032	drag	dræɡ	v.	拖；拽；draw (drew, drawn	0	0		
3094	1041	drown	draʊn	vi.	溺死；淹没	0	0		
3095	1043	drum	drʌm	n.	鼓	0	0		
3096	1049	dumpling	ˈdʌmplɪŋ	n.	饺子	0	0		
3097	1051	dusk	dʌsk	n.	黄昏	0	0		
3098	1053	dustbin	ˈdʌstbɪn	n.	垃圾箱	0	0		
3099	1056	dvd	ˌdiːviːˈdiː	n.	数码影碟(digital versatile disk	0	0		
3100	1061	eagle	ˈiːɡ(ə)l	n.	鹰	0	0		
3101	1066	earthquake	ˈɜːθkweɪk	n.	地震	0	0		
3102	1067	ease	iːz	v.	减轻；缓解（难度或严重程度	0	0		
3103	1076	edition	ɪˈdɪʃ(ə)n	n.	（发行物的）版，版（本	0	0		
3104	1084	eggplant	ˈeɡplɑːnt	n.	茄子	0	0		
3105	1088	eighth	eɪtθ	num.	第八	0	0		
3106	1089	eighty	ˈeɪtɪ	num.	八十	0	0		
3107	1092	elect	ɪˈlekt	vt.	（投票）选举	0	0		
3108	1102	embassy	ˈembəsɪ	n.	大使馆	0	0		
3109	1114	energetic	enəˈdʒetɪk	adj.	精力旺盛的	0	0		
3110	1120	enlarge	ɪnˈlɑːdʒ	vt.	扩大	0	0		
3111	1122	enquiry	ɪnˈkwaɪərɪ	n.	询问	0	0		
3112	1134	equality	iːˈkwɔlətɪ	n.	平等	0	0		
3113	1137	eraser	ɪˈreɪzə(r)	n.	橡皮擦；黑板擦	0	0		
3114	1139	erupt	ɪˈrʌpt	v.	（火山）爆发，喷发	0	0		
3115	1183	explicit	ɪkˈsplɪsɪt	adj.	清楚明白,易于理解的	0	0		
3116	1185	exploit	eksplɒit	vt.	开采.开发.利用.剥削	0	0		
3117	1187	explorer	ɪkˈsplɔːrə(r)	n.	探险者	0	0		
3118	1199	eyewitness	ˈaɪwɪtnɪs	n.	目击证人；f (缩) =female (或 =foot,feet	0	0		
3119	1201	facial	ˈfeɪʃ(ə)l	adj.	面部用的	0	0		
3120	1209	fairness	ˈfɛənis	n.	公平；公正	0	0		
3121	1215	family name	ˈfæməli neɪm	n.	姓氏	0	0		family name:0
3122	1230	favour	ˈfeivə	n.	(美favor) n. 恩惠；好意；帮助	0	0		
3123	1232	fax	fæks	n.	传真	0	0		
3124	1245	fever	ˈfiːvə(r)	n.	发烧；发热	0	0		
3125	1247	fibre	ˈfaibə	n.	(美fiber) n. 纤维质	0	0		
3126	1250	fierce	ˈfɪəs	adj.	猛烈的	0	0		
3127	1255	fighter	ˈfaɪtə(r)	v.	战士；斗士	0	0		
3128	1265	fingernail	ˈfɪŋɡəneɪl	n.	指甲	0	0		
3129	1268	firefighter	ˈfaɪəfaɪtə(r)	n.	消防人员	0	0		
3130	1269	fireplace	ˈfaɪəpleɪs	n.	壁炉	0	0		
3131	1279	fitting room	ˈfɪtɪŋ-rʊm	n.	试衣间	0	0		fitting room:0
3132	1284	flaming	ˈfleɪmɪŋ	adj.	火红的；火焰般的	0	0		
3133	1286	flashlight	flæʃ	n.	手电	0	0		
3134	1288	flee	fliː	v.	(fled, fled) v. 逃走；逃跑	0	0		
3135	1300	fluent	ˈfluːənt	adj.	（外语）流利的，流畅	0	0		
3136	1303	fog	fɔɡ	n.	雾	0	0		
3137	1304	foggy	ˈfɔɡɪ	adj.	多雾的	0	0		
3138	1312	foolish	ˈfuːlɪʃ	adj.	愚蠢的，傻的；foot (复 feet	0	0		
3139	1318	forehead	ˈfɔrɪd; (US) ˈfɔːrɪd	n.	前额	0	0		
3140	1325	forgetful	fəˈɡetfʊl	adj.	健忘的，不留心的	0	0		
3141	1329	format	ˈfɔːmæt	n.	安排，计划，设计	0	0		
3142	1331	fortnight	ˈfɔːtnaɪt	n.	十四日，两星期	0	0		
3143	1337	founding	ˈfaundiŋ	n.	成立，建立	0	0		
3144	1338	fountain	ˈfaʊntɪn; (US) ˈfaʊntn	n.	喷泉	0	0		
3145	1344	fragile	ˈfrædʒaɪl; (US) ˈfrædʒl	adj.	易碎的，易损的	0	0		
3146	1345	fragrant	ˈfreɪɡrənt	adj.	香的，芳香的	0	0		
3147	1346	framework	ˈfreɪmwɜːk	n.	（建筑物）框架，结构	0	0		
3148	1343	franc	fræŋk	n.	法郎	0	0		
3149	1349	freeway	ˈfriːweɪ	n.	高速公路	0	0		
3150	1357	friction	ˈfrɪkʃ(ə)n	n.	摩擦	0	0		
3151	1358	fried	fraid	adj.	油煎的	0	0		
3152	1362	fright	fraɪt	n.	惊恐；恐吓	0	0		
3153	1364	frog	frɔɡ; (US) frɔːɡ	n.	青蛙	0	0		
3154	1984	from mouth to mouth	frɒm maʊθ tə maʊθ	adv.	口口相传；人传人地	0	0		from mouth to mouth:0
3155	1368	frost	frɔst; (US) frɔːst	n.	霜	0	0		
3156	1370	fruit juice	fruːt dʒuːs	n.	果汁	0	0		fruit juice:0
3157	1380	furnished	ˈfɜːnɪʃt	adj.	配备了家具的	0	0		
3158	1384	gale	ɡeɪl	n.	强风（约每小时60英里	0	0		
3159	1392	garlic	ˈɡɑːlɪk	n.	大蒜	0	0		
3160	1393	garment	ˈɡɑːmənt	n.	（一件）衣服	0	0		
3161	1397	gay	ɡeɪ	adj.	（男）同性恋的；快活的，愉快的	0	0		
3162	1404	geometry	dʒɪˈɑmɪtrɪ	n.	几何学	0	0		
3163	1407	gesture	ˈdʒestʃə(r)	n.	姿势，手势；get (got , got	0	0		
3164	1410	giraffe	dʒɪˈrɑːf; (US) dʒəˈræf	n.	长颈鹿	0	0		
3165	1414	glare	ɡleə(r)	v.	瞪眼,怒目而视,闪耀	0	0		
3166	1416	glasshouse	ˈɡlɑːshaʊs	n.	温室，暖房	0	0		
3167	1418	glory	ˈɡlɔːrɪ	n.	巨大的光荣; 荣誉;赞美	0	0		
3168	1420	glue	ɡluː	n.	胶水；go (went, gone	0	0		
3169	1422	goat	ɡəʊt	n.	山羊	0	0		
3170	1894	gold medal	ɡəʊld ˈmed(ə)l	n.	金牌	0	0		gold medal:0
3171	1426	goldfish	ˈɡəʊldfɪʃ	n.	金鱼	0	0		
3172	1428	goodness	ˈɡʊdnɪs	n.	善良，美德	0	0		
3173	1432	gown	ɡaʊn	n.	礼服，长外衣，睡衣	0	0		
3174	1441	grandchild	ˈgræntʃaɪld	n.	(外)孙或孙女.孙辈	0	0		
3175	1444	grandson	ˈɡrændsʌn	n.	（外）孙子	0	0		
3176	1447	graph	ɡrɑːf; (US) ɡræf	n.	图表，曲线图	0	0		
3177	1454	greedy	ˈɡriːdɪ	adj.	贪婪的	0	0		
3178	1457	greengrocer	ˈɡriːnɡrəʊsə(r)	n.	（英）蔬菜水果商	0	0		
3179	1461	grocer	ˈɡrəʊsə(r)	n.	零售商人；食品店	0	0		
3180	1465	gruel	ɡrʊəl	n.	粥	0	0		
3181	1473	guitar	ɡɪˈtɑː(r)	n.	吉他，六弦琴	0	0		
3182	1475	gymnastics	dʒɪmˈnæstɪks	n.	体操	0	0		
3183	1476	ha	hɑː	int.	哈(笑声	0	0		
3184	1482	ham	hæm	n.	火腿	0	0		
3185	1484	hammer	ˈhæmə(r)	n.	锤子，锣锤	0	0		
3186	1488	handkerchief	ˈhæŋkətʃɪf	n.	手帕	0	0		
3187	1490	handsome	ˈhænsəm	adj.	英俊的	0	0		
3188	1491	handtruck	ˈhændtrʌk	n.	手推运货车	0	0		
3189	1492	handwriting	ˈhændraɪtɪŋ	n.	书法	0	0		
3190	1493	handy	ˈhændɪ	adj. v.	便利的，顺手的 hang(hanged,hanged) v. 处（人）绞刑；上吊；hang (hung, hung	0	0		
3191	1501	hardworking	ˌhɑːdˈwɜːkɪŋ	adj.	努力工作的	0	0		
3192	1510	hawk	hɔːk	n.	鹰	0	0		
3193	1515	headline	ˈhedlaɪn	n.	（报刊的）大字标题	0	0		
3194	1516	headmaster	hedˈmɑːstə(r)	n.	（英）中小学校长	0	0		
3195	1517	headmistress	ˈhedˈmistrɪs	n.	女校长	0	0		
3196	1518	headteacher	ˌhedˈtiːtʃə(r)	n.	中小学班主任	0	0		
3197	1521	heap	hiːp	n. v.	堆 v. 堆起来；hear (heard, heard	0	0		
3198	1530	helicopter	ˈhelɪkɔptə(r)	n.	直升飞机	0	0		
3199	1535	hen	hen	n.	母鸡	0	0		
3200	1537	herb	hɜːb; (US) ɜːrb	n.	草药	0	0		
3201	1540	heroine	ˈherəʊɪn	n.	女英雄，女主角	0	0		
3202	1541	hers	hɜːz	pron.	她的	0	0		
3203	1544	hi	haɪ	int.	你好（表示打招呼、问候或唤起注 意	0	0		
3204	1545	hibernate	ˈhaɪbəneɪt	vi.	冬眠	0	0		
3205	1546	hibernation	haɪbə(r)ˈneɪʃn	n.	冬眠；hide (hid, hidden	0	0		
3206	1557	hive	haɪv	n.	蜂房；蜂箱	0	0		
3207	1563	homeland	ˈhəʊmlænd	n.	祖国	0	0		
3208	1569	hooray	hʊˈreɪ	int.	好哇！（欢呼声	0	0		
3209	1579	hot dog	hɔt- dɔɡ	n.	热狗(红肠面包	0	0		hot dog:0
3210	1587	howl	haʊl	vi.	嚎叫，嚎哭	0	0		
3211	1591	human being	ˈhjuːmən ˈbiːɪŋ	n.	人	0	0		human being:0
3212	1601	hydrogen	ˈhaɪdrədʒ(ə)n	n.	氢	0	0		
3213	1602	i	aɪ	pron.	我	0	0		
3214	1604	iceland	ˈaɪslənd	n.	* n. 冰岛	0	0		
3215	1608	idiom	ˈɪdɪəm	n.	习语，成语	0	0		
3216	1612	illegal	ɪˈliːɡ(ə)l	adj.	非法的	0	0		
3217	1630	incorrect	ɪnkəˈrekt	adj.	不正确的，错误的	0	0		
3218	1646	ink	ɪŋk	n.	墨水，油墨	0	0		
3219	1647	inland	ˈɪnlənd	adj.	内陆的；内地的	0	0		
3220	1648	inn	ɪn	n.	小旅店；小饭店	0	0		
3221	1649	innocent	ˈɪnəsənt	adj.	无辜的，清白的	0	0		
3222	1664	insure	ɪnˈʃʊə(r)	vt.	给……保险	0	0		
3223	1672	interpreter	ɪnˈtɜːprɪtə(r)	n.	翻译	0	0		
3224	1674	interval	ˈɪntəv(ə)l	n.	间歇；间隔	0	0		
3225	1687	irrigate	ˈɪrɪɡeɪt	vt.	灌溉	0	0		
3226	1701	jaw	dʒɔː	n.	下巴	0	0		
3227	1703	jeans	dʒiːns	n.	牛仔裤	0	0		
3228	1704	jeep	dʒiːp	n.	吉普车	0	0		
3229	1707	jewelry	ˈdʒuːəlrɪ	n.	（总称）珠宝	0	0		
3230	1709	jog	dʒɔɡ	v.	慢跑	0	0		
3231	1716	judgement	ˈdʒʌdʒmənt	n.	裁判	0	0		
3232	1722	jungle	ˈdʒʌŋɡ(ə)l	n.	丛林，密林	0	0		
3233	1723	junior	ˈdʒuːnɪə(r)	adj.	初级的；年少的	0	0		
3234	1725	junk mail	dʒʌŋk meɪl	n.	塞到邮箱的广告宣传品	0	0		junk mail:0
3235	1728	justice	ˈdʒʌstɪs	n.	正义；公正；司法	0	0		
3236	1729	kangaroo	kæŋɡəˈruː	n.	大袋鼠；keep (kept, kept	0	0		
3237	1731	kettle	ˈket(ə)l	n.	(烧水用的)水壶	0	0		
3238	1738	kilogram	ˈkɪləɡræm	n.	千克	0	0		
3239	3587	kind-hearted	ˌkaɪndˈhɑːtɪd	adj.	好心的	0	0		kind-hearted:0
3240	1753	ladder	ˈlædə(r)	n.	梯子	0	0		
3241	1756	lamb	læm	n.	羔羊	0	0		
3242	1757	lame	leɪm	adj.	跛的，瘸的，残废的	0	0		
3243	1761	lantern	ˈlæntən	n.	灯笼；提灯	0	0		
3244	1762	lap	læp	n.	(人坐时)膝部.(跑道的)一圈	0	0		
3245	1764	laser	ˈleɪzə(r)	n.	激光	0	0		
3246	1770	latter	ˈlætə(r)	n.	（两者之中的）后者	0	0		
3247	1772	laughter	ˈlɑːftə(r); (US) ˈlæftər	n.	笑； 笑声	0	0		
3248	1773	laundry	ˈlɔːndrɪ	n.	洗衣店;要洗的衣服	0	0		
3249	1774	lavatory	ˈlævətrɪ; (US) ˈlævətɔːrɪ	n.	便所，厕所	0	0		
3250	1780	league	liːɡ	n.	联盟，社团	0	0		
3251	1781	leak	liːk	vi.	漏； 渗；learn (learnt, learnt；--ed --ed	0	0		
3252	1784	leather	ˈleðə(r)	n.	皮革；leave (left, left	0	0		
3253	3589	left-handed	ˌleftˈhændɪd	adj.	惯用左手的	0	0		left-handed:0
3254	3590	left-wing	ˌleftˈwɪŋ	n. adj.	左翼（的）	0	0		left-wing:0
3255	1787	leftover	ˈleftˌəuvə	adj. n.	剩余,剩下的n.剩饭菜	0	0		
3256	1791	lemonade	leməˈneɪd	n.	柠檬水；lend (lent, lent	0	0		
3257	1797	liberate	ˈlɪbəreɪt	vt.	解放，使获自由	0	0		
3258	1796	liberty	ˈlɪbətɪ	n.	自由	0	0		
3259	1799	librarian	laɪˈbreərɪən	n.	图书管理员；（西方的）图书馆馆长	0	0		
3260	1806	lightning	ˈlaɪtnɪŋ	n.	闪电	0	0		
3261	1819	litter	ˈlɪtə(r)	v.	乱丢杂物；little (less, least	0	0		
3262	1833	lorry	ˈlɔrɪ; (US) ˈlɔːrɪ	n.	（英）运货汽车，卡车	0	0		
3263	1838	loudspeaker	laʊdˈspiːkə(r)	n.	扬声器，喇叭	0	0		
3264	1852	maid	meɪd	n.	女仆；侍女	0	0		
3265	1854	mailbox	ˈmeɪlbɒks	n.	邮筒；邮箱	0	0		
3266	1868	marble	ˈmɑːb(ə)l	n.	大理石；玻璃弹子	0	0		
3267	1875	mask	mɑːsk; (US) mæsk	n. v.	口罩；面罩(具)；遮盖物 v. 戴面具；掩饰；伪装	0	0		
3268	1878	mat	mæt	n.	垫子	0	0		
3269	1883	maximum	ˈmæksɪməm	adj. n.	最大量(的)； 最大限度(的	0	0		
3270	1893	medal	ˈmed(ə)l	n.	奖牌	0	0		
3271	1900	melon	ˈmelən	n.	（甜）瓜；瓜状物	0	0		
3272	1911	merciful	ˈmɜːsɪfʊl	adj.	仁慈的；宽大的	0	0		
3273	1912	mercy	ˈmɜːsɪ	n.	怜悯	0	0		
3274	1922	microcomputer	ˈmaɪkrəʊkəmpjuːtə(r)	n.	微机	0	0		
3275	1924	microwave	ˈmaɪkrəʊweɪv	n.	微波	0	0		
3276	3594	mid-autumn	ˌmɪdˈɔːtəm	n.	中秋	0	0		mid-autumn:0
3277	1925	midday	ˈmɪddeɪ	n.	中午, 正午	0	0		
3278	1937	minibus	ˈmɪnɪbʌs	n.	小型公共汽车	0	0		
3279	1939	miniskirt	ˈmɪnɪskɜːt	n.	超短裙	0	0		
3280	1942	minority	maɪˈnɔrɪtɪ; (US) -ˈnɔːr-	n.	少数；少数民族	0	0		
3281	1943	minus	ˈmaɪnəs	prep. adj.	负的，减去的	0	0		
3282	3595	Miss.	mɪs	n.	小姐（对未婚女子的称呼）	0	0		
3283	1947	missile	ˈmɪsaɪl	n.	导弹	0	0		
3284	1966	mop	mɔp	n. v.	/ v. 拖把 拖地	0	0		
3285	1970	moslem	ˈmɔzləm	n.	伊斯兰教徒,回教徒	0	0		
3286	1971	mosquito	məˈskiːtəʊ	n.	蚊子；most (much或many 的最高级	0	0		
3287	1973	motherland	ˈmʌðəlænd	n.	祖国	0	0		
3288	1976	motorbike	ˈməʊtəbaɪk	n.	摩托车	0	0		
3289	1977	motorcycle	ˈməʊtəsaikl	n.	摩托车	0	0		
3290	1978	motto	ˈmɔtəʊ	n.	箴言，格言；mountain(s	0	0		
3291	1980	mourn	mɔːn	vt.	哀痛； 哀悼；mouse (复mice	0	0		
3292	1981	moustache	məsˈtɑːʃ	n.	小胡子	0	0		
3293	1983	mouthful	ˈmaʊθfʊl	n.	满口，一口	0	0		
3294	3597	Ms.	mɪz	n.	女士（用在婚姻状况不明的女子姓名前）	0	0		
3295	1993	mushroom	ˈmʌʃrʊm	n.	蘑菇	0	0		
3296	1997	mustard	ˈmʌstəd	n.	芥末，芥子粉	0	0		
3297	1998	mutton	ˈmʌt(ə)n	n.	羊肉	0	0		
3298	2001	nail	neɪl	n.	钉，钉子	0	0		
3299	2006	nationality	næʃəˈnælətɪ	n.	国籍	0	0		
3300	2007	nationwide	ˈneɪʃ(ə)nwaɪd	adv.	全国范围内的,全国性的	0	0		
3301	2011	navy	ˈneɪvɪ	n.	海军	0	0		
3302	2019	necktie	ˈnektaɪ	n.	领带，领花	0	0		
3303	2021	needle	niːd(ə)l	n.	针	0	0		
3304	2024	nephew	ˈnefjuː	n.	侄子，外甥	0	0		
3305	2035	niece	niːs	n.	侄女，甥女	0	0		
3306	3598	night-club	ˈnaɪtklʌb	n.	夜总会	0	0		night-club:0
3307	2039	ninety	ˈnaɪntɪ	num.	九十	0	0		
3308	2040	ninth	naɪnθ	num.	第九	0	0		
3309	2042	noble	ˈnəʊb(ə)l	adj.	高贵的，贵族的	0	0		
3310	2046	noisily	ˈnɔɪzɪlɪ	adv.	喧闹地	0	0		
3311	3599	non-stop	ˌnɒnˈstɒp	adj. adv.	不停的；不断地	0	0		non-stop:0
3312	3600	non-violent	ˌnɒnˈvaɪələnt	adj.	非暴力的	0	0		non-violent:0
3313	2050	noon	nuːn	n.	中午，正午	0	0		
3314	2056	northwards	ˈnɔːθwədz	adv.	向北	0	0		
3315	2057	northwest	ˌnɔːθˈwest	n.	西北	0	0		
3316	2061	notebook	ˈnəʊtbʊk	n.	笔记簿	0	0		
3317	2090	offence	əˈfens	n.	违法行为，犯罪	0	0		
3318	2095	offshore	ˈɔfʃɔː(r); (US) ˈɔːf-	adj.	近海的	0	0		
3319	2099	oilfield	ˈɔɪlfiːld	n.	油田	0	0		
3320	2100	ok	əʊˈkeɪ	adv.	（口语）好,对,不错	0	0		
3321	2102	omelette	ˈɔmlɪt	n.	煎蛋卷；煎蛋饼	0	0		
3322	2107	onion	ˈʌnjən	n.	洋葱；洋葱头	0	0		
3323	2114	opera house	ˈɔpərə haʊs	n.	歌剧院,艺术剧院	0	0		opera house:0
3324	2134	Ottawa	ˈɔtəwə	n.	渥太华	0	0		
3325	2135	ouch	aʊtʃ	int.	（突然受痛时叫声）哎哟	0	0		
3326	2143	outer	ˈaʊtə(r)	adj.	外部的，外面的	0	0		
3327	2144	outgoing	ˈaʊtɡəʊɪŋ	adj.	爱交际的,外向的	0	0		
3328	2145	outing	ˈaʊtɪŋ	n.	郊游，远足	0	0		
3329	2146	outline	ˈaʊtlaɪn	n.	概述，略述	0	0		
3330	2147	output	ˈaʊtpʊt	n.	产量，输出量	0	0		
3331	2149	outspoken	aʊtˈspəʊkən	adj.	直率，坦诚	0	0		
3332	2151	oval	ˈəʊv(ə)l	n. adj.	椭圆；椭圆形的	0	0		
3333	2167	packet	ˈpækɪt	n.	小包裹，袋	0	0		
3334	2168	paddle	ˈpæd(ə)l	n.	桨状物，蹼	0	0		
3335	2181	panic	ˈpænɪk	adj. v.	/ v.惊慌,恐慌,惶恐不安	0	0		
3336	2187	pardon	ˈpɑːd(ə)n	n.	原谅,宽恕,对不起	0	0		
3337	2202	passive	ˈpæsɪv	adj.	被动的	0	0		
3338	2212	pea	piː	n.	豌豆	0	0		
3339	2216	pear	peə(r)	n.	梨子，梨树	0	0		
3340	2217	peasant	ˈpezənt	n.	农民；佃农	0	0		
3341	2218	pedestrian	pɪˈdestrɪən	n.	步行者，行人	0	0		
3342	3603	pen-friend	ˈpenfrend	n.	笔友	0	0		pen-friend:0
3343	2220	pencil	ˈpens(ə)l	n.	铅笔	0	0		
3344	2222	pension	ˈpenʃ(ə)n	n.	养老金	0	0		
3345	2243	pest	pest	n.	害虫	0	0		
3346	3606	phone-booth	ˈfəʊnbuːθ	n.	公用电话亭	0	0		phone-booth:0
3347	2250	physician	fɪˈzɪʃ(ə)n	n.	(有行医执照的)医生	0	0		
3348	2253	pianist	ˈfɪzɪks	n.	钢琴家	0	0		
3349	2258	pie	paɪ	n.	甜馅饼	0	0		
3350	2262	pill	pɪl	n.	药丸，药片	0	0		
3351	2267	pineapple	ˈpaɪnæp(ə)l	n.	菠萝	0	0		
3352	3607	ping-pong	ˈpɪŋpɒŋ	n.	乒乓球	0	0		ping-pong:0
3353	2269	pint	paɪnt	n.	（液量单位）品脱	0	0		
3354	2283	playroom	ˈpleɪruːm	n.	游戏室	0	0		
3355	2293	plug	plʌɡ	n. vt.	塞子 vt.（用塞子）把…塞住	0	0		
3356	2300	poisonous	ˈpɔɪzənəs	adj.	有毒的，致命的	0	0		
3357	2317	pork	pɔːk	n.	猪肉	0	0		
3358	2318	porridge	ˈpɔrɪdʒ; (US) ˈpɔːrɪdʒ	n.	稀饭，粥	0	0		
3359	2321	porter	ˈpɔːtə(r)	n.	（火车站或旅馆处的）搬运工	0	0		
3360	2329	postage	ˈpəʊstɪdʒ	n.	邮费	0	0		
3361	2330	postbox	ˈpəʊstbɔks	n.	邮箱	0	0		
3362	2332	postcode	ˈpəʊstkəʊd	n.	（英）邮政编码	0	0		
3363	2334	postman	ˈpəʊstmən	n.	邮递员	0	0		
3364	2345	prairie	ˈpreərɪ	n.	大草原	0	0		
3365	2350	precise	prɪˈsaɪs	adj.	准确,精确的,确切的	0	0		
3366	2353	preference	ˈprefərəns	n.	选择，趋向	0	0		
3367	2354	pregnant	ˈpreɡnənt	adj.	怀孕的	0	0		
3368	2359	prescription	prɪˈskrɪpʃ(ə)n	n.	处方，药方	0	0		
3369	2371	pride	praɪd	n.	自豪，骄傲	0	0		
3370	2380	prisoner	ˈprɪznə(r)	n.	囚犯	0	0		
3371	2382	privilege	ˈprɪvɪlɪdʒ	n.	特权，特殊待遇	0	0		
3372	2411	pub	pʌb	n.	酒店，酒吧	0	0		
3373	2413	publicly	ˈpʌblɪklɪ	adv.	当众；公开地	0	0		
3374	2416	pulse	pʌls	n.	脉搏，（光、能量、波等的）脉动，搏动	0	0		
3375	2419	punctuate	ˈpʌŋktjʊeɪt	v.	加标点	0	0		
3376	2420	punctuation	ˌpʌŋktʃuˈeɪʃn	n.	标点符号	0	0		
3377	2423	pupil	ˈpjuːpɪl	n.	（小）学生	0	0		
3378	2425	pure	pjʊə(r)	adj.	纯的, 不掺杂的	0	0		
3379	2428	purse	pɜːs	n.	钱包	0	0		
3380	2432	pyramid	ˈpɪrəmɪd	n.	角锥形，金字塔	0	0		
3381	2433	quake	kweɪk	n. v.	震动，颤抖	0	0		
3382	2442	queue	kjuː	n.	行列，长队	0	0		
3383	2448	quiz	kwɪz	n.	测验，小型考试	0	0		
3384	2449	rabbit	ˈræbɪt	n.	兔，家兔	0	0		
3385	2451	racial	ˈreɪʃ(ə)l	adj.	种族的	0	0		
3386	2452	radiation	reɪdɪˈeɪʃ(ə)n	n.	放射，放射物	0	0		
3387	2454	radioactive	reɪdɪəʊˈæktɪv	adj.	放射性的	0	0		
3388	2455	radium	ˈreɪdɪəm	n.	镭	0	0		
3389	2461	raincoat	ˈreɪnkəʊt	n.	雨衣	0	0		
3390	2473	raw	rɔː	adj.	生的,未煮过的,未加工的	0	0		
3391	2474	raw material	rɔː məˈtɪərɪəl	n.	原料	0	0		raw material:0
3392	2476	razor	ˈreɪzə(r)	n.	剃须刀	0	0		
3393	2487	receipt	rɪˈsiːt	n.	收据	0	0		
3394	2491	reception	rɪˈsepʃ(ə)n	n.	接待	0	0		
3395	2497	record holder	ˈrekɔːd ˈhəʊldə(r)	n.	记录保持者	0	0		record holder:0
3396	2502	rectangle	ˈrektæŋɡ(ə)l	n. adj.	长方形,长方形的	0	0		
3397	2507	referee	refəˈriː	n.	裁判，仲裁，调解员	0	0		
3398	2512	refreshments	rɪˈfreʃmənt	n.	点心，便餐；(会议后的)简单茶点招待	0	0		
3399	2514	refusal	rɪˈfjuːz(ə)l	n.	拒绝	0	0		
3400	2529	relay	ˈriːleɪ	n. v.	接力，接替人，中转 v. 接替，补充；转运	0	0		
3401	2533	religion	rɪˈlɪdʒən	n.	宗教	0	0		
3402	2562	resign	rɪˈzaɪn	v.	辞职	0	0		
3403	2563	resist	rɪˈzɪst	v.	抵抗；挡开	0	0		
3404	2569	restrict	rɪˈstrɪkt	v.	限制	0	0		
3405	2572	retell	riːˈtel	vt.	重讲，重复，复述	0	0		
3406	2575	reuse	riːˈjuːz	vt.	重新使用；循环使用	0	0		
3407	2577	reviewer	rɪˈvjuːə(r)	n.	评论者；书评家	0	0		
3408	2578	revision	rɪˈvɪʒ(ə)n	n.	复习，温习	0	0		
3409	2581	rewind	riːˈwaɪnd	v.	回转（磁带等	0	0		
3410	2582	rewrite	riːˈraɪt	vt.	重写	0	0		
3411	2583	rhyme	raɪm	n. v.	/ v. 押韵	0	0		
3412	2586	riddle	ˈrɪd(ə)l	n.	谜(语	0	0		
3413	3609	right-handed	ˌraɪtˈhændɪd	adj.	惯用右手的	0	0		right-handed:0
3414	3610	right-wing	ˌraɪtˈwɪŋ	n. adj.	右翼（的）	0	0		right-wing:0
3415	2589	rigid	ˈrɪdʒɪd	adj.	死板的,僵硬的,固执的	0	0		
3416	3611	ring-road	ˈrɪŋrəʊd	n.	环形公路	0	0		ring-road:0
3417	2595	roast	rəʊst	v.	烤（肉	0	0		
3418	2596	rob	rɔb	v.	抢夺，抢劫	0	0		
3419	2599	rocket	rɒkit	n.	火箭	0	0		
3420	2602	roller	ˈrəʊlə(r)	n.	滚筒； 辊	0	0		
3421	2605	rooster	ˈruːstə(r)	n.	(美)公鸡	0	0		
3422	2609	rot	rɔt	vi.	烂； 腐败	0	0		
3423	2619	rugby	ˈrʌɡbɪ	n.	（英）橄榄球	0	0		
3424	2631	sadness	ˈsædnɪs	n.	悲哀，忧伤	0	0		
3425	2636	sailor	ˈseɪlə(r)	n.	水手，海员	0	0		
3426	2640	salesgirl	ˈseɪlzɡɜːl	n.	女售货员	0	0		
3427	2641	salesman	ˈseɪlzmən	n.	男售货员	0	0		
3428	2642	saleswoman	seɪlz‚wʊmən	n.	女售货员	0	0		
3429	2645	salute	səˈluːt	v. n.	敬礼	0	0		
3430	2653	sauce	sɔːs	n.	酱汁； 调味汁	0	0		
3431	2654	saucer	ˈsɔːsə(r)	n.	茶碟，茶托，小圆盘	0	0		
3432	2655	sausage	ˈsɔsɪdʒ; (US) ˈsɔːsɪdʒ	n.	香肠，腊肠	0	0		
3433	2656	savage	ˈsævɪdʒ	n.	野蛮人，未开化的人	0	0		
3434	2668	scholarship	ˈskɔləʃɪp	n.	奖学金	0	0		
3435	2669	schoolbag	ˈskuːlbæɡ	n.	书包	0	0		
3436	2670	schoolmate	ˈskuːlmeɪt	n.	同校同学	0	0		
3437	2674	scissors	ˈsɪzəz	n.	剪刀，剪子	0	0		
3438	2675	scold	skəʊld	vt.	责骂	0	0		
3439	2680	scratch	krætʃ	v. n.	/ n. 划破，划痕，划伤	0	0		
3440	2687	seaman	ˈsiːmən	n.	水手； 海员	0	0		
3441	2689	seashell	ˈsiːʃel	n.	海贝	0	0		
3442	2693	seaweed	ˈsiːwiːd	n.	海草,海藻,海带	0	0		
3443	2695	secondhand	ˈsekəndˈhænd	n.	二手货; 旧货	0	0		
3444	3613	see-saw	ˈsiːsɔː	n.	跷跷板（游戏）	0	0		see-saw:0
3445	3614	self-service	ˌselfˈsɜːvɪs	n.	自助；自我服务	0	0		self-service:0
3446	2708	semicircle	ˈsemɪsɜːk(ə)l	n.	半圆；send (sent, sent	0	0		
3447	2714	separately	ˈsepərətlɪ	adv.	单独地，各自地	0	0		
3448	2718	servant	ˈsɜːvənt	n.	仆人，佣人	0	0		
3449	2728	seventy	ˈsevəntɪ	num.	七十	0	0		
3450	2732	shabby	ˈʃæbɪ	adj.	破旧,破烂,衣衫褴褛的	0	0		
3451	3618	shall	ʃæl, ʃ(ə)l	modal v.	（表示将来）将要，会；……好吗	0	0		
3452	2740	shark	ʃɑːk	n.	鲨鱼	0	0		
3453	2743	sharpener	ˈʃɑːpənə(r)	n.	削尖用的器具	0	0		
3454	2744	shaver	ˈʃeɪvə(r)	n.	电动剃须刀	0	0		
3455	2756	shop assistant	ʃɔp əˈsɪst(ə)nt	n.	(英) 售货员	0	0		shop assistant:0
3456	2764	short wave	ʃɔːt	n.	[医] 短波	0	0		short wave:0
3457	2775	sideway	ˈsaɪdweɪz	n.	岔路，旁路	0	0		
3458	2776	sideways	ˈsaɪdweɪz	adv.	斜向一边的	0	0		
3459	2782	signature	ˈsɪɡnətʃə(r)	n.	签名	0	0		
3460	2794	sincerely	sɪnˈsɪrlɪ /-ˈsɪəl-	adv.	真诚地；sing (sang, sung	0	0		
3461	2804	sixteen	ˈsɪkstɪ	num.	十六	0	0		
3462	2805	sixteenth	sɪksˈtiːnθ	num.	第十六	0	0		
3463	2812	skillful	ˈskɪlf(ə)l	adj.	熟练,精湛的,灵巧的	0	0		
3464	2816	skipping	skɪpɪŋ		rope （跳绳用）绳	0	0		
3465	2817	skirt	skɜːt	n.	女裙	0	0		
3466	2819	skyscraper	ˈskaɪskreɪpə(r)	n.	摩天楼	0	0		
3467	2821	slavery	ˈsleɪvərɪ	n.	奴隶制度	0	0		
3468	3620	smoke-free	ˌsməʊkˈfriː	adj.	无烟的，非吸烟的	0	0		smoke-free:0
3469	2837	smoker	ˈsməʊkə(r)	n.	吸烟者	0	0		
3470	2841	snack bar	snæk bɑː	n.	快餐店	0	0		snack bar:0
3471	2842	snake	sneɪk	n. v.	蛇v.蛇般爬行;蜿蜒行进	0	0		
3472	2843	snatch	sneɪk	v.	夺，夺得，夺走	0	0		
3473	2844	sneaker	sneɪk	n.	（复）轻便运动鞋（美	0	0		
3474	2845	sneeze	sneɪk	v.	打喷嚏	0	0		
3475	2846	sniff	snɪf	v.	抽鼻子（哭,患感冒时	0	0		
3476	2848	snowball	ˈsnəʊbɔːl	n.	雪球	0	0		
3477	2849	snowman	ˈsnəʊmæn	n.	雪人	0	0		
3478	2850	snowy	ˈsnəʊɪ	adj.	雪(白)的；下雪的；多(积)雪的	0	0		
3479	3621	so-so	ˌsəʊˈsəʊ	adj.	一般般的；凑合的	0	0		so-so:0
3480	2852	soap	səʊp	n.	肥皂	0	0		
3481	2856	socialism	ˈsəʊʃəlɪz(ə)m	n.	社会主义	0	0		
3482	2857	socialist	ˈsəʊʃəlɪst	adj.	社会主义的	0	0		
3483	2860	socket	ˈsɔkɪt	n.	（电源）插座	0	0		
3484	2863	soft drink	sɔft drɪŋk	n.	(不含酒精)清凉饮料	0	0		soft drink:0
3485	2881	soul	səʊl	n.	灵魂；心灵；气魄	0	0		
3486	2884	sour	ˈsaʊə(r)	adj.	酸的，馊的	0	0		
3487	2889	souvenirs	suːvəˈnɪə(r); (US) ˈsuːvənɪər	n.	旅游纪念品,纪念物；sow (sowed, sown 或-ed	0	0		
3488	2891	spaceship	ˈspeɪsʃɪp	n.	宇宙飞船	0	0		
3489	2892	spade	speɪd	n.	铲子;纸牌中的黑桃	0	0		
3490	3622	spaghetti	spəˈɡeti	n.	意大利面条	0	0		
3491	2897	spear	spɪə(r)	n.	矛，枪，梭镖	0	0		
3492	2905	spin	spɪn	v. n.	纺，（使）快速旋转；旋转，旋转运动	0	0		
3493	2908	spit	spɪt	v.	吐唾沫；吐痰	0	0		
3494	2914	spoonful	ˈspuːnfʊl	n.	一匙（的量	0	0		
3495	2920	spy	spaɪ	n. v.	密探,间谍 v.侦探,刺探	0	0		
3496	2923	squid	skwɪd	n.	鱿鱼	0	0		
3497	2924	squirrel	ˈskwɪr(ə)l; (US) ˈskwɜːrəl	n.	松鼠	0	0		
3498	2929	stain	steɪn	n.	污点，污渍，染色剂	0	0		
3499	2930	stainless	ˈsteɪnlɪs	adj.	无污点的	0	0		
3500	2931	stainless steel	ˈsteɪnlɪs stiːl	n.	不锈钢	0	0		stainless steel:0
3501	2940	starve	stɑːv	v.	饿死	0	0		
3502	2949	steak	steɪk	n.	牛排，肉排，鱼排；steal (stole, stolen	0	0		
3503	2951	steel	stiːl	n.	钢，钢铁	0	0		
3504	3625	step-mother	ˈstepmʌðə(r)	n.	继母	0	0		step-mother:0
3505	2954	steward	ˈstjuːəd; (US) ˈstuːərd	n.	(火车、飞机、轮船等)男服务员；男乘务员	0	0		
3506	2955	stewardess	stjuːəˈdes	n.	女乘务员,空中小姐；stick (stuck, stuck	0	0		
3507	2957	stocking	ˈstɔkɪŋ	n.	长统袜	0	0		
3508	2959	stomachache	ˈstʌməkeɪk	n.	胃疼	0	0		
3509	2962	stopwatch	ˈstɔpwɔtʃ	n.	记秒表；跑表	0	0		
3510	2963	storage	ˈstɔːrɪdʒ	n.	贮藏； 储存	0	0		
3511	2967	stout	staʊt	adj.	肥壮的，厚实牢固的	0	0		
3512	2971	strait	streɪt	n.	海峡	0	0		
3513	2986	stubborn	ˈstʌbən	adj.	固执的，倔强的	0	0		
3514	2993	subjective	səbˈdʒektɪv	adj.	主观的	0	0		
3515	2995	subscribe	səbˈskraɪb	v.	订阅,订购（报刊等	0	0		
3516	2997	subtraction	səbˈtrɔkʃ(ə)n	n.	（算数中的）减	0	0		
3517	3013	summary	ˈsʌmərɪ	n.	摘要，概要	0	0		
3518	3016	sunburnt	ˈsʌnbɜːnt	adj.	晒黑的	0	0		
3519	3018	sunglasses	ˈsʌnɡlɑːsɪs	n.	太阳眼镜，墨镜	0	0		
3520	3020	sunny	ˈsʌnɪ	adj.	晴朗的;阳光充足的	0	0		
3521	3026	superior	suːˈpɪərɪə(r)	adj. n.	更胜一筹的 n. 上级，上司	0	0		
3522	3037	surplus	ˈsɜːpləs	n.	过剩，剩余	0	0		
3523	3044	suspension	səˈspenʃ(ə)n	n.	暂令停职,推迟,延期	0	0		
3524	3045	swallow	ˈswɔləʊ	vt.	吞下；咽下	0	0		
3525	3048	sweater	ˈswetə(r)	n.	厚运动衫，毛衣 ；sweep(swept,swept	0	0		
3526	3053	swimming pool	ˈswɪmɪŋ puːl	n.	游泳池	0	0		swimming pool:0
3527	3055	Swiss	swɪŋ	adj. n.	瑞士人的 n. 瑞士人	0	0		
3528	3056	Switzerland	ˈswɪtsələnd	n.	* n. 瑞士	0	0		
3529	3058	sword	sɔːd	n.	剑，刀	0	0		
3530	3062	symptom	ˈsɪmfənɪ	n.	症状	0	0		
3531	3066	table tennis	ˈteɪb(ə)l ˈtenɪs	n.	乒乓球	0	0		table tennis:0
3532	3075	tanker	ˈtæŋkə(r)	n.	油船	0	0		
3533	3077	tape	teɪp	n.	磁带；录音带	0	0		
3534	3078	tape recorder	teɪp rɪˈkɔːdə(r)	n.	磁带录音机	0	0		tape recorder:0
3535	3628	tax-free	ˌtæksˈfriː	adj.	免税的	0	0		tax-free:0
3536	3629	taxpayer	ˈtækspeɪə(r)	n.	纳税人	0	0		
3537	3090	teapot	ˈtiːpɔt	n.	茶壶	0	0		
3538	3097	telegram	ˈtelɪɡræm	n.	电报	0	0		
3539	3098	telegraph	ˈtelɪɡrɑːf; (US) -ɡræf	v.	(拍) 电报	0	0		
3540	448	telephone booth	ˈtelɪfəʊn- buːð	n.	电话亭	0	0		telephone booth:0
3541	3105	temptation	tempˈteɪʃ(ə)n	n.	引诱；诱惑	0	0		
3542	3107	tendency	ˈtendənsɪ	n.	倾向，偏好，性情	0	0		
3543	3108	tennis	ˈtenɪs	n.	网球	0	0		
3544	3110	tense	tens	adj.	心烦意乱的，紧张的	0	0		
3545	3115	terminal	tɜːm	adj.	(火车汽车飞机)终点站	0	0		
3546	3118	terror	ˈterə(r)	n.	恐惧，惊恐	0	0		
3547	3134	theoretical	θɪəˈretɪk(ə)l	adj.	理论的	0	0		
3548	3138	thermos	ˈθɜːmɔs	n.	热水瓶	0	0		
3549	3146	thirst	θɜːd	n.	渴； 口渴	0	0		
3550	3147	thirsty	ˈθɜːstɪ	adj.	渴	0	0		
3551	3148	thirteen	θɜːˈtiːn	num.	十三	0	0		
3552	3151	thorough	ˈθʌrə; (US) ˈθʌrəʊ	adj.	彻底的	0	0		
3553	3156	thread	θred	n.	线	0	0		
3554	3159	thriller	ˈθrɪlə(r)	n.	惊险小说	0	0		
3555	3160	throat	θrəʊt	n.	喉咙	0	0		
3556	3163	thunder	ˈθʌndə(r)	n. v.	雷声，打雷	0	0		
3557	3164	thunderstorm	ˈθʌndəstɔːm	n.	雷电交加暴风雨	0	0		
3558	3167	Tibet	tiˈbet	n.	西藏	0	0		
3559	3631	Tibetan	tiˈbetən	n.	西藏人；西藏语	0	0		
3560	3172	tiger	ˈtaɪɡə(r)	n.	老虎	0	0		
3561	3177	tin	tɪn	n.	（英）罐头，听头	0	0		
3562	3632	tiresome	ˈtaɪəsəm	adj.	令人厌倦的	0	0		
3563	3186	tobacco	təʊst	n.	烟草，烟叶	0	0		
3564	3191	tolerate	ˈtɔləreɪt	v.	容许，允许，忍受	0	0		
3565	3193	tomb	tuːm	n.	坟墓	0	0		
3566	3200	toothache	ˈtuːθeɪk	n.	牙痛	0	0		
3567	3201	toothbrush	ˈtuːθbrʌʃ	n.	牙刷	0	0		
3568	3202	toothpaste	ˈtuːθpeɪst	n.	牙膏	0	0		
3569	3205	tortoise	ˈtɔːtəs	n.	乌龟	0	0		
3570	3214	towel	ˈtaʊəl	n.	毛巾	0	0		
3571	3219	tractor	ˈtræktə(r)	n.	拖拉机	0	0		
3572	3228	tram	træm	n.	有轨电车	0	0		
3573	3232	transparent	trænsˈpærənt	adj.	透明的，清澈的	0	0		
3574	3245	triangle	ˈtraɪæŋɡ(ə)l	n. adj.	三角形;三角形的	0	0		
3575	3249	troop	truːp	n.	部队	0	0		
3576	3248	trooping	ˈtruːpɪŋ	vi.	成群结队地走	0	0		
3577	3251	troublesome	ˈtrʌb(ə)lsəm	adj.	令人烦恼, 讨厌	0	0		
3578	3252	trousers	ˈtraʊzəz	n.	裤子，长裤	0	0		
3579	3256	trunk	trʌŋk	n.	树干；大箱子	0	0		
3580	3261	tune	tjuːn; (US) tuːn	n.	曲调，曲子	0	0		
3581	3263	turkey	ˈtɜːkɪ	n.	火鸡	0	0		
3582	3266	twelfth	twelfθ	num.	第十二	0	0		
3583	3272	twist	twɪst	v. n.	/ n. 使弯曲，转动	0	0		
3584	3277	typhoon	taɪˈfuːn	n.	台风	0	0		
3585	3278	typist	ˈtaɪpɪst	n.	打字员；tyre (美tire	0	0		
3586	3287	unconditional	ʌnkənˈdɪʃən(ə)l	adj.	无条件，绝对的	0	0		
3587	3293	underwear	ˈʌndəweə(r)	n.	内衣	0	0		
3588	3294	undivided	ʌndɪˈvaɪdɪd	adj.	没分开的；专一的； 专心的	0	0		
3589	3296	unemployment	ʌnɪmˈplɔɪmənt	n.	失业,失业状态	0	0		
3590	3298	unfit	ʌnˈfɪt	adj.	不合宜的，不相宜的	0	0		
3591	3303	unhealthy	ʌnˈhelθɪ	adj.	不健康的,不卫生的	0	0		
3592	3309	unite	jʊˈnaɪt	v.	联合，团结	0	0		
3593	3316	unmarried	ʌnˈmærɪd	adj.	未婚的，独身的	0	0		
3594	3318	unrest	ʌnˈrest	n.	不安；骚动	0	0		
3595	3319	unsafe	ʌnˈseɪf	adj.	不安全的；危险的	0	0		
3596	3322	untrue	ʌnˈtruː	adj.	不真实的，假的	0	0		
3597	3342	vacant	ˈveɪkənt	adj.	空缺的，未被占用的	0	0		
3598	3343	vague	veɪɡ	adj.	含糊的，紧迫的	0	0		
3599	3349	vanilla	vəˈnɪlə	n.	香草	0	0		
3600	3352	vase	vɑːz; (US) veɪs	n.	（花）瓶；瓶饰	0	0		
3601	3635	VCD	ˌviːsiːˈdiː	n.	影碟光盘	0	0		
3602	3354	veal	viːl	n.	（食用）小牛肉	0	0		
3603	3358	vertical	ˈvɜːtɪk(ə)l	adj.	垂直的，纵向的	0	0		
3604	3362	vice	vaɪs	n.	罪行，不道德行为	0	0		
3605	3366	videophone	ˈvidiəʊfəʊn	n.	可视电话	0	0		
3606	3371	vinegar	ˈvilidʒə	n.	醋	0	0		
3607	3376	violinist	vaɪəˈlɪnɪst	n.	提琴家，提琴手	0	0		
3608	3379	visa	ˈviːzə	n.	签证，背签	0	0		
3609	3387	volcano	vɔlˈkeɪnəʊ	n.	火山	0	0		
3610	3388	volleyball	vɔlˈkeɪnəʊ	n.	排球	0	0		
3611	3393	wag	wæɡ	v.	摇动；摆动	0	0		
3612	3394	wage	weɪdʒ	n.	工资，工钱，报酬	0	0		
3613	3395	waist	weɪst	n.	腰，腰部，腰围	0	0		
3614	3398	waitress	tres	n.	女服务员；wake (woke, woken	0	0		
3615	3400	walkman	ˈwɔːkmən	n.	随身听	0	0		
3616	3403	walnut	ˈwɔːlnʌt	n.	核桃，胡桃	0	0		
3617	3413	washroom	ˈwɔʃrʊm	n.	盥洗室	0	0		
3618	3417	watermelon	ˈwɔːtəmelən	n.	西瓜	0	0		
3619	3421	wayside	weɪ	adj.	路边的	0	0		
3620	3430	weatherman	ˈweðəmæn	n.	气象员,预报天气的人	0	0		
3621	3446	westerner	ˈwestənə	n.	西方人	0	0		
3622	3477	willingly	ˈwiliŋli	adv.	乐意地	0	0		
3623	3478	willingness	ˈwiliŋnis	n.	意愿； 愿望；win (won, won	0	0		
3624	3480	windbreaker	ˈwind	n.	风衣,防风(皮)夹克	0	0		
3625	3493	withdraw	wɪðˈdrɔː	v.	撤回，撤离	0	0		
3626	3502	woollen	ˈwulin	adj.	羊毛的，羊毛制的	0	0		
3627	3505	workday	ˈwəːkdei	n.	工作日	0	0		
3628	3507	workforce	ˈwəːkfɔːs	n.	劳动力	0	0		
3629	3508	workmate	ˈwəːkfɔːs	n.	同事；工友	0	0		
3630	3520	worthless	ˈwɜːθlɪs	adj.	没有价值,没有用的	0	0		
3631	3525	wounded	wuːndɪd	adj.	受伤的	0	0		
3632	3526	wrestle	ˈres(ə)l	v.	摔跤	0	0		
3633	3640	X-ray	ˌeksˈreɪ	n.	X射线；X光	0	0		x-ray:0
3634	3533	yawn	jɔːn	v.	打哈欠	0	0		
3635	3535	yell	jel	v.	叫喊，吼叫	0	0		
3636	3540	yoghurt	ˈjɔgət	n.	酸奶	0	0		
3637	3548	yummy	ˈjʌmɪ	adj.	很好吃的	0	0		
3638	3549	zebra	ˈzebrə	n.	斑马	0	0		
3639	3552	zipper	ˈzɪpə(r)	n.	拉链	0	0		
3640	3555	zoom	zuːm	v.	快速移动，迅速前往，猛涨	0	0		