rank	no	word	ph	pos	def	freq	years	yearList	topForms
1		the	ðə	art.	这（那）个,这（那）些（用于特定人或物，序数词，最高级，专有名词，世上独一 无二事物前）；theatre (美theater	9483	15	2008/2009/2010/2011/2012/2013/2014/2015/2016/2017/2018/2019/2020/2021/2022	the:9483
2		to	tʊ	prep.	（动词不定式符号，无词义）；（表示接受动作的人或物）给；对，向，到；在…之前	5514	15	2008/2009/2010/2011/2012/2013/2014/2015/2016/2017/2018/2019/2020/2021/2022	to:5514
3		of	ɔv	prep.	(表所属,数量,) ….的	4021	15	2008/2009/2010/2011/2012/2013/2014/2015/2016/2017/2018/2019/2020/2021/2022	of:4021
4		and	ənd	conj.	和；又；而	3784	15	2008/2009/2010/2011/2012/2013/2014/2015/2016/2017/2018/2019/2020/2021/2022	and:3782 andes:2
5		in	ɪn	prep. adv.	在…里(内)；在…；以… ad. 在家，在内，向内	3335	15	2008/2009/2010/2011/2012/2013/2014/2015/2016/2017/2018/2019/2020/2021/2022	in:3335
6		be	biː	v.	是（原形）,其人称和时态形式有(am, is, are, was, were, being, been)；成为	2679	15	2008/2009/2010/2011/2012/2013/2014/2015/2016/2017/2018/2019/2020/2021/2022	was:1020 be:950 were:454 been:255
7		it	ɪt	pron.	它	1917	15	2008/2009/2010/2011/2012/2013/2014/2015/2016/2017/2018/2019/2020/2021/2022	it:1917
8		is	iz	v.	(be) 是	1845	15	2008/2009/2010/2011/2012/2013/2014/2015/2016/2017/2018/2019/2020/2021/2022	is:1845
9		have	hæv	v.	有; 吃; 喝; 进行; 经受	1768	15	2008/2009/2010/2011/2012/2013/2014/2015/2016/2017/2018/2019/2020/2021/2022	have:803 had:504 has:392 having:69
10		for	fə(r)	prep. conj.	为了…；向…，往…；与…交换；防备…；适合…；因为…；在…期 间；对于…；对…来说 conj. 因为，由于	1746	15	2008/2009/2010/2011/2012/2013/2014/2015/2016/2017/2018/2019/2020/2021/2022	for:1742 fores:2 ford:2
11		that	ðæt	adj. pron. conj. adv.	那，那个 conj. 那，那个（引导宾语从句等）ad. 那么，那样	1618	15	2008/2009/2010/2011/2012/2013/2014/2015/2016/2017/2018/2019/2020/2021/2022	that:1618
12		you	juː	pron.	你；你们	1374	15	2008/2009/2010/2011/2012/2013/2014/2015/2016/2017/2018/2019/2020/2021/2022	you:1374
13		they	ðeɪ	pron.	他（她）们；它们	1252	15	2008/2009/2010/2011/2012/2013/2014/2015/2016/2017/2018/2019/2020/2021/2022	they:1252
14		on	ɔn	prep. adv.	在…上（时），关于 ad. （穿，放…）上；接通；进行下 去；（电灯）开	1210	15	2008/2009/2010/2011/2012/2013/2014/2015/2016/2017/2018/2019/2020/2021/2022	on:1210
15		with	wɪʃ	prep.	关于,带有,以,和,用,有	1205	15	2008/2009/2010/2011/2012/2013/2014/2015/2016/2017/2018/2019/2020/2021/2022	with:1205
16		are	ɑː(r)	v.	(be) 是	1166	15	2008/2009/2010/2011/2012/2013/2014/2015/2016/2017/2018/2019/2020/2021/2022	are:1166
17		do	dʊ, duː	v. aux.	&；做，干（用以构成疑问句及否定句。第三人称单数现在时用does） 不做，不干	1010	15	2008/2009/2010/2011/2012/2013/2014/2015/2016/2017/2018/2019/2020/2021/2022	do:470 does:232 did:194 doing:66
18		at	æt	prep.	在（几点钟）;在（某处	919	15	2008/2009/2010/2011/2012/2013/2014/2015/2016/2017/2018/2019/2020/2021/2022	at:919
19		what	wɔt; (US) hwɑt	pron. adj.	什么,怎么样 a. 多么，何等；什么	915	15	2008/2009/2010/2011/2012/2013/2014/2015/2016/2017/2018/2019/2020/2021/2022	what:915
20		as	əz	adv. conj. prep.	像……一样；如同；因为 prep. 作为，当做	862	15	2008/2009/2010/2011/2012/2013/2014/2015/2016/2017/2018/2019/2020/2021/2022	as:862
21		can	ken, kæn	v.	可能；能够；可以 不能 n.（美）罐头；罐子	825	15	2008/2009/2010/2011/2012/2013/2014/2015/2016/2017/2018/2019/2020/2021/2022	can:823 cans:2
22		from	frəm	prep.	从；从…起.距.来自	794	15	2008/2009/2010/2011/2012/2013/2014/2015/2016/2017/2018/2019/2020/2021/2022	from:794
23		we	wiː	pron.	我们	790	15	2008/2009/2010/2011/2012/2013/2014/2015/2016/2017/2018/2019/2020/2021/2022	we:790
24		he	heɪ	pron.	他	781	15	2008/2009/2010/2011/2012/2013/2014/2015/2016/2017/2018/2019/2020/2021/2022	he:781
25		people	ˈpiːp(ə)l	n.	人，人们；人民	728	15	2008/2009/2010/2011/2012/2013/2014/2015/2016/2017/2018/2019/2020/2021/2022	people:725 peoples:3
26		about	əˈbaʊt	adv. prep.	大约；到处；四处 prep. 关于；在各处；四处	714	15	2008/2009/2010/2011/2012/2013/2014/2015/2016/2017/2018/2019/2020/2021/2022	about:714
27		their	ðeə(r)	pron.	他(她,它)们的	695	15	2008/2009/2010/2011/2012/2013/2014/2015/2016/2017/2018/2019/2020/2021/2022	their:695
28		by	baɪ	prep.	靠近，在…旁；在…时间；不迟于；被；用；由；乘（车	682	15	2008/2009/2010/2011/2012/2013/2014/2015/2016/2017/2018/2019/2020/2021/2022	by:682
29		make	meɪk	vt.	制作，制造；使得；做	682	15	2008/2009/2010/2011/2012/2013/2014/2015/2016/2017/2018/2019/2020/2021/2022	make:310 made:197 making:109 makes:66
30		more	mɔː(r)	a. n.	/ ad.另外的；附加的；较多的再；另外；而且；更；更多的量；另外的一些（much或many 的比较级）	668	15	2008/2009/2010/2011/2012/2013/2014/2015/2016/2017/2018/2019/2020/2021/2022	more:668
31		but	bət	conj. prep.	但是，可是 prep. 除了, 除……外	662	15	2008/2009/2010/2011/2012/2013/2014/2015/2016/2017/2018/2019/2020/2021/2022	but:662
32		when	wen	conj. adv.	当…的时候 ad. 什么时候，何时	639	15	2008/2009/2010/2011/2012/2013/2014/2015/2016/2017/2018/2019/2020/2021/2022	when:639
33		one	wʌn	pron. num.	一（个，只…）(pl. ones) num. 一	564	15	2008/2009/2010/2011/2012/2013/2014/2015/2016/2017/2018/2019/2020/2021/2022	one:532 ones:32
34		your	jʌŋ	pron.	你的；你们的	547	15	2008/2009/2010/2011/2012/2013/2014/2015/2016/2017/2018/2019/2020/2021/2022	your:547
35		time	taɪm	n. vt.	时间;时期;钟点,次,回 vt.测定…的时间,记录…的时间	538	15	2008/2009/2010/2011/2012/2013/2014/2015/2016/2017/2018/2019/2020/2021/2022	time:447 times:84 timing:6 timed:1
36		an	æn; ən	art.	一（个、件……）用于元音前	536	15	2008/2009/2010/2011/2012/2013/2014/2015/2016/2017/2018/2019/2020/2021/2022	an:536
37		her	hɜː(r)	pron.	她(宾格),她的	535	14	2009/2010/2011/2012/2013/2014/2015/2016/2017/2018/2019/2020/2021/2022	her:535
38		or	ə(r)	conj.	或；就是；否则	532	15	2008/2009/2010/2011/2012/2013/2014/2015/2016/2017/2018/2019/2020/2021/2022	or:532
39		she	ʃiː	pron.	她；sheep (复sheep	532	15	2008/2009/2010/2011/2012/2013/2014/2015/2016/2017/2018/2019/2020/2021/2022	she:530 shed:2
40		not	nɔt	adv.	不，没	524	15	2008/2009/2010/2011/2012/2013/2014/2015/2016/2017/2018/2019/2020/2021/2022	not:507 notes:12 noted:4 noting:1
41		my	maɪ	pron.	我的	502	15	2008/2009/2010/2011/2012/2013/2014/2015/2016/2017/2018/2019/2020/2021/2022	my:502
42		this	ðɪs	adj. pron.	这，这个	497	15	2008/2009/2010/2011/2012/2013/2014/2015/2016/2017/2018/2019/2020/2021/2022	this:497
43		his	hɪz	pron.	他的	483	15	2008/2009/2010/2011/2012/2013/2014/2015/2016/2017/2018/2019/2020/2021/2022	his:483
44		get	get	v.	成为; 得到; 具有; 到达	465	15	2008/2009/2010/2011/2012/2013/2014/2015/2016/2017/2018/2019/2020/2021/2022	get:263 got:94 getting:65 gets:37
45		will	wɪl	n.	意志, 遗嘱；will (would	457	15	2008/2009/2010/2011/2012/2013/2014/2015/2016/2017/2018/2019/2020/2021/2022	will:457
46		them	ð(ə)m	pron.	他/她/它们（宾格	453	15	2008/2009/2010/2011/2012/2013/2014/2015/2016/2017/2018/2019/2020/2021/2022	them:452 themes:1
47		go	gou	v.	离去, 走, 进行, 变成, 求助于	449	15	2008/2009/2010/2011/2012/2013/2014/2015/2016/2017/2018/2019/2020/2021/2022	go:228 going:87 went:71 goes:32
48		up	ʌp	adv. adj. n. v. prep.	向上；在上方；起来；在…以上 a. 上面的，向上的，上行的 n. 上升；上坡；上行；繁荣 v. 举起；拿起；提高 prep. 向(高处)；向(在)……上(面)游	448	15	2008/2009/2010/2011/2012/2013/2014/2015/2016/2017/2018/2019/2020/2021/2022	up:448
49		all	ɔːl	adv. adj. pron.	全部地 a. 全（部）;所有的;总;整 pron.全部;全体人员	421	15	2008/2009/2010/2011/2012/2013/2014/2015/2016/2017/2018/2019/2020/2021/2022	all:421
50		out	aʊt	adv.	出外;在外,向外;熄	421	15	2008/2009/2010/2011/2012/2013/2014/2015/2016/2017/2018/2019/2020/2021/2022	out:421
51		if	ɪf	conj.	如果,假使,是否,是不是	418	15	2008/2009/2010/2011/2012/2013/2014/2015/2016/2017/2018/2019/2020/2021/2022	if:418
52		take	teik	v.	拿, 拿走, 取, 抓, 占领; 服用; 乘坐; 花费	413	15	2008/2009/2010/2011/2012/2013/2014/2015/2016/2017/2018/2019/2020/2021/2022	take:212 taking:66 took:59 taken:41
53		who	huː	pron.	谁	406	15	2008/2009/2010/2011/2012/2013/2014/2015/2016/2017/2018/2019/2020/2021/2022	who:406
54		which	wɪtʃ; (US) hwɪtʃ	pron. adj.	那(哪)一个；那(哪)一些 a.这(哪)个；这(哪)些；无论哪个(些	404	15	2008/2009/2010/2011/2012/2013/2014/2015/2016/2017/2018/2019/2020/2021/2022	which:404
55		there	ðeə(r)	int. n. adv.	那！你瞧（表示引起注意） n. 那里，那儿 ad. 在那里，往那里；（作引导词）表”存在"	401	15	2008/2009/2010/2011/2012/2013/2014/2015/2016/2017/2018/2019/2020/2021/2022	there:401
56		year	jɪə(r)	n.	年	401	15	2008/2009/2010/2011/2012/2013/2014/2015/2016/2017/2018/2019/2020/2021/2022	years:214 year:187
57		other	ˈʌðə(r)	pron. adj.	别人，别的东西 a. 别的,另外的	396	15	2008/2009/2010/2011/2012/2013/2014/2015/2016/2017/2018/2019/2020/2021/2022	other:286 others:110
58		how	haʊ	adv.	怎样,如何；多少；多么	391	15	2008/2009/2010/2011/2012/2013/2014/2015/2016/2017/2018/2019/2020/2021/2022	how:391
59		work	wɜːk	n. vi.	工作,劳动,事情 vi. 工作;(机器、器官等)运转,活动	388	15	2008/2009/2010/2011/2012/2013/2014/2015/2016/2017/2018/2019/2020/2021/2022	work:256 working:92 worked:40
60		so	səʊ	adv. conj.	如此，这么；非常；同样 conj. 因此，所以	381	15	2008/2009/2010/2011/2012/2013/2014/2015/2016/2017/2018/2019/2020/2021/2022	so:381
61		some	sʌm	adj. pron.	一些，若干；有些；某一 pron. 若干，一些	374	15	2008/2009/2010/2011/2012/2013/2014/2015/2016/2017/2018/2019/2020/2021/2022	some:374
62		would	wəd	v.	（will的过去时）将会，打算，想要，过去常常	369	15	2008/2009/2010/2011/2012/2013/2014/2015/2016/2017/2018/2019/2020/2021/2022	would:369
63		new	njuː; (US) nuː	adj.	新的；新鲜的	365	15	2008/2009/2010/2011/2012/2013/2014/2015/2016/2017/2018/2019/2020/2021/2022	new:363 newer:2
64		day	deɪ	n.	（一）天，（一）日；白天	351	15	2008/2009/2010/2011/2012/2013/2014/2015/2016/2017/2018/2019/2020/2021/2022	day:248 days:103
65		than	ðen	conj.	比	350	15	2008/2009/2010/2011/2012/2013/2014/2015/2016/2017/2018/2019/2020/2021/2022	than:350
66		our	ˈaʊə(r)	pron.	我们的	341	14	2008/2010/2011/2012/2013/2014/2015/2016/2017/2018/2019/2020/2021/2022	our:341
67		help	help	n. vt.	帮助，帮忙	326	15	2008/2009/2010/2011/2012/2013/2014/2015/2016/2017/2018/2019/2020/2021/2022	help:232 helped:37 helping:26 helps:24
68		know	nәu		知道, 了解; 认识; 懂得	316	15	2008/2009/2010/2011/2012/2013/2014/2015/2016/2017/2018/2019/2020/2021/2022	know:199 known:43 knew:42 knows:18
69		like	laɪk	prep. vt.	像，跟…一样 vt. 喜欢，喜爱	314	15	2008/2009/2010/2011/2012/2013/2014/2015/2016/2017/2018/2019/2020/2021/2022	like:282 liked:26 likes:6
70		say	sei	v.	说, 讲	305	15	2008/2009/2010/2011/2012/2013/2014/2015/2016/2017/2018/2019/2020/2021/2022	says:171 say:134
71		most	məʊst	adj. adv. pron.	最多的；大部分的；最	284	15	2008/2009/2010/2011/2012/2013/2014/2015/2016/2017/2018/2019/2020/2021/2022	most:284
72		see	si:	v.	看见, 看到; 领会; 拜会	281	15	2008/2009/2010/2011/2012/2013/2014/2015/2016/2017/2018/2019/2020/2021/2022	see:161 saw:47 seen:35 seeing:23
73		come	kʌm	v.	来, 来到	280	15	2008/2009/2010/2011/2012/2013/2014/2015/2016/2017/2018/2019/2020/2021/2022	come:125 came:79 comes:42 coming:34
74		just	dʒʌst	adv. adj.	刚才；恰好；不过；仅 a. 公正的	279	14	2009/2010/2011/2012/2013/2014/2015/2016/2017/2018/2019/2020/2021/2022	just:279
75		many	'meni	pron.	许多人（或物） 许多的	276	15	2008/2009/2010/2011/2012/2013/2014/2015/2016/2017/2018/2019/2020/2021/2022	many:276
76		me	miː	pron.	我（宾格	276	15	2008/2009/2010/2011/2012/2013/2014/2015/2016/2017/2018/2019/2020/2021/2022	me:276
77		good	gud	adj.	优良的, 上等的, 好心的, 有益的	275	15	2008/2009/2010/2011/2012/2013/2014/2015/2016/2017/2018/2019/2020/2021/2022	good:275
78		want	wɔnt; (US) wɔːnt	vt.	想,想要,需要,必要	271	15	2008/2009/2010/2011/2012/2013/2014/2015/2016/2017/2018/2019/2020/2021/2022	want:176 wanted:57 wants:33 wanting:5
79		way	weɪ	n.	路，路线；方式，手段	270	15	2008/2009/2010/2011/2012/2013/2014/2015/2016/2017/2018/2019/2020/2021/2022	way:210 ways:60
80		children	ˈtʃɪldrən	n.	孩子们，儿童们	267	14	2008/2009/2010/2011/2012/2013/2014/2016/2017/2018/2019/2020/2021/2022	children:267
81		into	ˈɪntʊ	prep.	到…里;向内；变成	267	15	2008/2009/2010/2011/2012/2013/2014/2015/2016/2017/2018/2019/2020/2021/2022	into:267
82		use	juːz	n. vt.	利用,使用,应用	264	15	2008/2009/2010/2011/2012/2013/2014/2015/2016/2017/2018/2019/2020/2021/2022	use:183 using:64 uses:17
83		world	wɜːld	n.	世界	264	14	2008/2010/2011/2012/2013/2014/2015/2016/2017/2018/2019/2020/2021/2022	world:256 worlds:8
84		learn	lɜːn	vt.	学，学习，学会	252	15	2008/2009/2010/2011/2012/2013/2014/2015/2016/2017/2018/2019/2020/2021/2022	learn:161 learning:87 learns:4
85		look	lʊk	n. v.	看，瞧 v. 看，观看 v. link 看起来	252	15	2008/2009/2010/2011/2012/2013/2014/2015/2016/2017/2018/2019/2020/2021/2022	looking:100 look:85 looked:47 looks:20
86		first	fɜːst	num. adj. adv. n.	第一 a.& ad. 第一；首次；最初 n. 开始；开端	247	15	2008/2009/2010/2011/2012/2013/2014/2015/2016/2017/2018/2019/2020/2021/2022	first:247
87		give	giv	v.	给; 递给; 付出	246	14	2008/2010/2011/2012/2013/2014/2015/2016/2017/2018/2019/2020/2021/2022	give:85 gave:54 giving:39 given:35
88		may	meɪ	n.	5月	242	15	2008/2009/2010/2011/2012/2013/2014/2015/2016/2017/2018/2019/2020/2021/2022	may:242
89		show	ʃəʊ	n.	展示,展览（会）;演出	241	15	2008/2009/2010/2011/2012/2013/2014/2015/2016/2017/2018/2019/2020/2021/2022	show:117 shows:69 showed:33 showing:22
90		life	laif	n.	生命; 生活	236	15	2008/2009/2010/2011/2012/2013/2014/2015/2016/2017/2018/2019/2020/2021/2022	life:180 lives:56
91		family	ˈfæmɪlɪ	n.	家庭；家族；子女	235	15	2008/2009/2010/2011/2012/2013/2014/2015/2016/2017/2018/2019/2020/2021/2022	family:203 families:32
92		need	niːd	n. aux. v.	需要,需求aux.& v.需要,必须	232	15	2008/2009/2010/2011/2012/2013/2014/2015/2016/2017/2018/2019/2020/2021/2022	need:165 needs:38 needed:29
93		could	kud	modal v.	（can的过去式）可以, 可能；行	231	15	2008/2009/2010/2011/2012/2013/2014/2015/2016/2017/2018/2019/2020/2021/2022	could:231
94		no	nəʊ	adv. adj.	不,不是 a.没有,无,不；No.(缩) = number	231	15	2008/2009/2010/2011/2012/2013/2014/2015/2016/2017/2018/2019/2020/2021/2022	no:231
95		only	ˈəʊnlɪ	adj. adv.	惟一的，仅有的 ad. 仅仅，只，才	231	15	2008/2009/2010/2011/2012/2013/2014/2015/2016/2017/2018/2019/2020/2021/2022	only:231
96		us	ʌs; əs	pron.	我们（宾格）	229	15	2008/2009/2010/2011/2012/2013/2014/2015/2016/2017/2018/2019/2020/2021/2022	us:229
97		then	ðen	adv.	当时,那时,然后,那么	228	15	2008/2009/2010/2011/2012/2013/2014/2015/2016/2017/2018/2019/2020/2021/2022	then:228
98		thing	θɪŋ	n.	东西；(复)物品，用品；事情，事件；think(thought, thought	228	15	2008/2009/2010/2011/2012/2013/2014/2015/2016/2017/2018/2019/2020/2021/2022	things:164 thing:64
99		book	bʊk	n. v.	书；本子 v. 预定，定（房间、车票等	225	14	2008/2010/2011/2012/2013/2014/2015/2016/2017/2018/2019/2020/2021/2022	book:133 books:86 booked:4 booking:2
100		student	ˈstjuːdənt	n.	学生	223	14	2008/2010/2011/2012/2013/2014/2015/2016/2017/2018/2019/2020/2021/2022	students:160 student:63
101		its	ɪts	pron.	它的	219	15	2008/2009/2010/2011/2012/2013/2014/2015/2016/2017/2018/2019/2020/2021/2022	its:219
102		home	həʊm	n. adv.	家 ad. 到家；回家	216	15	2008/2009/2010/2011/2012/2013/2014/2015/2016/2017/2018/2019/2020/2021/2022	home:192 homes:22 homed:2
103		after	ˈɑːftə(r)	adv. prep. conj.	在后；后来prep. 在…之后；在 后面 conj. 在…以后	214	15	2008/2009/2010/2011/2012/2013/2014/2015/2016/2017/2018/2019/2020/2021/2022	after:214
104		best	best	a. n.	& ad.最好的；最好地，最；最好的（人或物）	210	15	2008/2009/2010/2011/2012/2013/2014/2015/2016/2017/2018/2019/2020/2021/2022	best:210
105		city	ˈsɪtɪ	n.	市，城市，都市	209	15	2008/2009/2010/2011/2012/2013/2014/2015/2016/2017/2018/2019/2020/2021/2022	city:139 cities:70
106		why	waɪ; (US) hwaɪ	adv. int.	/ int. 为什么, 你难道不知道（表示反驳、不耐烦等	203	15	2008/2009/2010/2011/2012/2013/2014/2015/2016/2017/2018/2019/2020/2021/2022	why:203
107		before	bɪˈfɔː(r)	prep. adv. conj.	在…以前；在…前面 ad. 以前 conj. 在…之前	200	15	2008/2009/2010/2011/2012/2013/2014/2015/2016/2017/2018/2019/2020/2021/2022	before:200
108		keep	ki:p	v.	保持; 继续不断 培育, 饲养	199	15	2008/2009/2010/2011/2012/2013/2014/2015/2016/2017/2018/2019/2020/2021/2022	keep:133 kept:27 keeping:26 keeps:13
109		old	əʊld	adj.	老的，旧的；Olympic(s	197	14	2008/2010/2011/2012/2013/2014/2015/2016/2017/2018/2019/2020/2021/2022	old:117 older:62 oldest:18
110		change	tʃeɪndʒ	n. v.	零钱；找头v. 改变，变化；更换；兑换	195	15	2008/2009/2010/2011/2012/2013/2014/2015/2016/2017/2018/2019/2020/2021/2022	change:93 changed:43 changing:38 changes:21
111		now	naʊ	adv.	现在	195	15	2008/2009/2010/2011/2012/2013/2014/2015/2016/2017/2018/2019/2020/2021/2022	now:195
112		where	weə(r); (US) hweər	adv.	在哪里；往哪里	195	15	2008/2009/2010/2011/2012/2013/2014/2015/2016/2017/2018/2019/2020/2021/2022	where:195
113		also	ˈɔːlsəʊ	adv.	也	193	15	2008/2009/2010/2011/2012/2013/2014/2015/2016/2017/2018/2019/2020/2021/2022	also:193
114		last	lɑːst; (US) læst	adj. adv. n. v.	最近刚过去;最后的ad.最近刚过去;最后地 n.最后v.持续	193	15	2008/2009/2010/2011/2012/2013/2014/2015/2016/2017/2018/2019/2020/2021/2022	last:175 lasts:8 lasting:5 lasted:3
115		over	ˈəʊvə(r)	prep. adv.	在…上方,越过,遍及 ad. 翻倒,遍布,越过,结束	192	14	2008/2010/2011/2012/2013/2014/2015/2016/2017/2018/2019/2020/2021/2022	over:192
116		these	ðiːz	adj. pron.	这些	191	15	2008/2009/2010/2011/2012/2013/2014/2015/2016/2017/2018/2019/2020/2021/2022	these:191
117		find	faɪnd	vt.	(found, found) vt. 找到，发现，感到	189	15	2008/2009/2010/2011/2012/2013/2014/2015/2016/2017/2018/2019/2020/2021/2022	find:174 finds:15
118		paragraph	ˈpærəɡrɑːf; (US) ˈpærəgræf	n.	（文章的）段落	184	15	2008/2009/2010/2011/2012/2013/2014/2015/2016/2017/2018/2019/2020/2021/2022	paragraph:180 paragraphs:4
119		start	stɑːt	v.	开始，着手；出发	183	13	2010/2011/2012/2013/2014/2015/2016/2017/2018/2019/2020/2021/2022	start:89 started:53 starting:27 starts:14
120		long	lɔŋ; (US) lɔːŋ	adj. adv.	长的，远 ad. 长久	182	15	2008/2009/2010/2011/2012/2013/2014/2015/2016/2017/2018/2019/2020/2021/2022	long:135 longer:40 longest:3 longing:2
121		should	ʃʊd	v. aux.	mod. 应当，应该，会 v. aux.会,应该（shall的过去时态	182	13	2008/2010/2011/2013/2014/2015/2016/2017/2018/2019/2020/2021/2022	should:182
122		word	wɜːd	n.	词，单词；话	182	14	2008/2009/2010/2011/2012/2013/2014/2015/2016/2017/2018/2019/2020/2021	words:109 word:73
123		two	tuː	num.	二	181	15	2008/2009/2010/2011/2012/2013/2014/2015/2016/2017/2018/2019/2020/2021/2022	two:181
124		put	pʊt	vt.	放，摆	180	15	2008/2009/2010/2011/2012/2013/2014/2015/2016/2017/2018/2019/2020/2021/2022	put:161 putting:15 puts:4
125		talk	tɔːk	n. v.	谈话,讲话,演讲,交谈	180	15	2008/2009/2010/2011/2012/2013/2014/2015/2016/2017/2018/2019/2020/2021/2022	talk:120 talking:42 talked:11 talks:7
126		author	ˈɔːθə(r)	n.	作者，作家	179	15	2008/2009/2010/2011/2012/2013/2014/2015/2016/2017/2018/2019/2020/2021/2022	author:172 authors:7
127		because	bɪˈkɔz; (US) bɪˈkɔːz	conj.	因为；become (became, be come	178	15	2008/2009/2010/2011/2012/2013/2014/2015/2016/2017/2018/2019/2020/2021/2022	because:178
128		food	fuːd	n.	食物，食品	178	13	2008/2010/2011/2012/2014/2015/2016/2017/2018/2019/2020/2021/2022	food:171 foods:7
129		try	truːθ	v.	试，试图，努力	177	15	2008/2009/2010/2011/2012/2013/2014/2015/2016/2017/2018/2019/2020/2021/2022	try:88 trying:49 tried:34 tries:6
130		text	tekst	n.	文本，课文	176	14	2009/2010/2011/2012/2013/2014/2015/2016/2017/2018/2019/2020/2021/2022	text:173 texts:3
131		very	ˈverɪ	adv.	很，非常	175	15	2008/2009/2010/2011/2012/2013/2014/2015/2016/2017/2018/2019/2020/2021/2022	very:175
132		tell	tel	v.	告诉; 讲述; 吩咐; 断定, 知道	174	15	2008/2009/2010/2011/2012/2013/2014/2015/2016/2017/2018/2019/2020/2021/2022	tell:80 told:46 telling:37 tells:10
133		become	bɪˈkʌm	v.	变得；成为	173	14	2008/2010/2011/2012/2013/2014/2015/2016/2017/2018/2019/2020/2021/2022	become:76 became:47 becoming:39 becomes:11
134		him	hɪm	pron.	他（宾格	173	15	2008/2009/2010/2011/2012/2013/2014/2015/2016/2017/2018/2019/2020/2021/2022	him:173
135		back	bæk	adv. adj. n.	回（原处）；向后 a. 后面的 n. 背后，后部；背	172	14	2008/2010/2011/2012/2013/2014/2015/2016/2017/2018/2019/2020/2021/2022	back:166 backed:4 backing:2
136		place	pleɪs	n. v.	地方，处所 v. 放置，安置，安排	171	15	2008/2009/2010/2011/2012/2013/2014/2015/2016/2017/2018/2019/2020/2021/2022	place:114 places:45 placed:11 placing:1
137		feel	fi:l	v.	& link 感觉, 觉得; 摸, 触	170	15	2008/2009/2010/2011/2012/2013/2014/2015/2016/2017/2018/2019/2020/2021/2022	feel:122 felt:33 feels:15
138		small	smɔːl	adj.	小的，少的	168	15	2008/2009/2010/2011/2012/2013/2014/2015/2016/2017/2018/2019/2020/2021/2022	small:148 smaller:18 smallest:2
139		better	ˈbetə(r)	a. ad. v.	&；较好的，更好的；好些； 更好地；更，更多n. 较好的事物；较优者；改善；胜过	167	14	2008/2009/2010/2011/2012/2013/2014/2015/2016/2017/2018/2019/2020/2022	better:167
140		even	ˈiːv(ə)n	adv.	甚至，连（…都）；更	167	14	2008/2010/2011/2012/2013/2014/2015/2016/2017/2018/2019/2020/2021/2022	even:167
141		language	ˈlæŋɡwɪdʒ	n.	语言	167	13	2008/2009/2010/2011/2012/2014/2015/2016/2017/2018/2019/2020/2021	language:114 languages:53
142		play	pleɪ	v. n.	玩；打（球）；游戏；播放 n. 玩耍，戏剧	167	13	2010/2011/2012/2013/2014/2015/2016/2017/2018/2019/2020/2021/2022	play:89 playing:39 played:21 plays:18
143		friend	frend	n.	朋友	166	13	2009/2010/2011/2012/2013/2014/2015/2016/2017/2019/2020/2021/2022	friends:112 friend:54
144		down	daʊn	prep. adv.	沿着，沿…而下 ad. 向下	165	14	2009/2010/2011/2012/2013/2014/2015/2016/2017/2018/2019/2020/2021/2022	down:161 downer:4
145		each	iːtʃ	adj. pron.	每人.每个.每件	165	15	2008/2009/2010/2011/2012/2013/2014/2015/2016/2017/2018/2019/2020/2021/2022	each:165
146		through	θruː	prep. adv.	穿（通）过;从始至终 ad.穿(通)过;自始至终,全部	165	15	2008/2009/2010/2011/2012/2013/2014/2015/2016/2017/2018/2019/2020/2021/2022	through:165
147		school	skuːl	n.	学校	164	14	2008/2009/2010/2011/2012/2013/2014/2015/2016/2017/2018/2019/2020/2022	school:143 schools:20 schooling:1
148		much	mʌtʃ	adj. adv. pron.	许多的；大量的；非常	163	14	2008/2010/2011/2012/2013/2014/2015/2016/2017/2018/2019/2020/2021/2022	much:163
149		ask	ɑːsk	v.	问；请求，要求；邀请	160	15	2008/2009/2010/2011/2012/2013/2014/2015/2016/2017/2018/2019/2020/2021/2022	asked:78 ask:67 asking:10 asks:5
150		study	ˈstʌdɪ	v. n.	学习；研究 n. 书房	159	14	2008/2010/2011/2012/2013/2014/2015/2016/2017/2018/2019/2020/2021/2022	study:95 studies:36 studying:17 studied:11
151		found	faʊnd	vt.	成立，建立	158	15	2008/2009/2010/2011/2012/2013/2014/2015/2016/2017/2018/2019/2020/2021/2022	found:145 founded:10 founder:3
152		while	waɪl; (US) hwaɪl	conj. n.	在…的时候,和…同时 n. 一会儿，一段时间	154	15	2008/2009/2010/2011/2012/2013/2014/2015/2016/2017/2018/2019/2020/2021/2022	while:154
153		call	kɔːl	n. v.	喊，叫；电话，通话 v. 称呼；呼唤；喊，叫	153	14	2008/2010/2011/2012/2013/2014/2015/2016/2017/2018/2019/2020/2021/2022	called:67 call:58 calling:13 calls:13
154		number	ˈnʌmbə(r)	n.	数,数字,号码,数量	152	15	2008/2009/2010/2011/2012/2013/2014/2015/2016/2017/2018/2019/2020/2021/2022	number:118 numbers:33 numbered:1
155		parent	ˈpeərənt	n.	父(母)，双亲	149	14	2008/2009/2010/2012/2013/2014/2015/2016/2017/2018/2019/2020/2021/2022	parents:123 parent:26
156		still	stɪl	adj. adv.	不动的,平静的ad.仍然,还	147	15	2008/2009/2010/2011/2012/2013/2014/2015/2016/2017/2018/2019/2020/2021/2022	still:147
157		those	ðəʊz	adj. pron.	那些	147	13	2009/2010/2011/2013/2014/2015/2016/2017/2018/2019/2020/2021/2022	those:147
158		own	əʊn	adj. v.	自己的 v. 拥有,所有	146	15	2008/2009/2010/2011/2012/2013/2014/2015/2016/2017/2018/2019/2020/2021/2022	own:134 owned:9 owns:3
159		move	muːv	v.	移动，搬动，搬家	143	15	2008/2009/2010/2011/2012/2013/2014/2015/2016/2017/2018/2019/2020/2021/2022	move:59 moved:42 moving:35 moves:7
160		car	kɑː(r)	n.	汽车，小卧车	142	13	2008/2010/2011/2012/2013/2014/2015/2016/2017/2018/2019/2020/2022	car:77 cars:46 caring:12 cares:5
161		kid	kɪd	n.	小孩	142	12	2008/2010/2012/2014/2015/2016/2017/2018/2019/2020/2021/2022	kids:128 kid:14
162		think	θiŋk	v.	想; 认为; 考虑	142	15	2008/2009/2010/2011/2012/2013/2014/2015/2016/2017/2018/2019/2020/2021/2022	think:136 thinks:6
163		group	ɡruːp	n.	组，群；grow (grew, grown	141	13	2009/2010/2011/2013/2014/2015/2016/2017/2018/2019/2020/2021/2022	group:78 groups:59 grouped:2 grouping:2
164		person	ˈpɜːs(ə)n	n.	人	141	14	2008/2009/2010/2011/2012/2013/2015/2016/2017/2018/2019/2020/2021/2022	person:127 persons:14
165		young	jʌŋ	adj.	年轻的	140	14	2008/2010/2011/2012/2013/2014/2015/2016/2017/2018/2019/2020/2021/2022	young:124 younger:14 youngest:2
166		around	əˈraʊnd	adv. prep.	在周围；在附近prep. 在……周围；大约	139	14	2008/2010/2011/2012/2013/2014/2015/2016/2017/2018/2019/2020/2021/2022	around:139
167		water	ˈwɔːtə(r)	n. v.	水v. 浇水	138	14	2008/2009/2010/2011/2012/2014/2015/2016/2017/2018/2019/2020/2021/2022	water:133 waters:5
168		well	wel	adv. adj. int. n.	(better, best) ad. 好,令人满意地,完全地 a.好的,,健康的int. 表示惊讶同意或犹豫等,亦用于接话语;好吧,那么,哎呀 n. 井	137	15	2008/2009/2010/2011/2012/2013/2014/2015/2016/2017/2018/2019/2020/2021/2022	well:135 wells:2
169		different	ˈdɪfrənt	adj.	不同的，有差异的	136	14	2008/2010/2011/2012/2013/2014/2015/2016/2017/2018/2019/2020/2021/2022	different:136
170		every	ˈevrɪ	adj.	每一，每个的	135	15	2008/2009/2010/2011/2012/2013/2014/2015/2016/2017/2018/2019/2020/2021/2022	every:135
171		read	riːd	v.	读；朗读	135	13	2008/2009/2010/2011/2012/2013/2014/2015/2016/2017/2018/2019/2020	read:115 reader:16 reads:4
172		tour	tʊə(r)	n.	参观, 观光, 旅行	135	7	2010/2015/2016/2017/2018/2020/2022	tour:115 tours:12 touring:4 toured:4
173		great	ɡreɪt	adj. adv.	伟大的,重要的,好极了 ad. （口语）好极了，很好	133	15	2008/2009/2010/2011/2012/2013/2014/2015/2016/2017/2018/2019/2020/2021/2022	great:113 greater:11 greatest:9
174		hour	ˈaʊə(r)	n.	小时	132	15	2008/2009/2010/2011/2012/2013/2014/2015/2016/2017/2018/2019/2020/2021/2022	hours:83 hour:49
175		something	ˈsʌmθɪŋ	pron.	某事；某物	132	14	2008/2009/2010/2011/2012/2013/2014/2015/2016/2017/2018/2020/2021/2022	something:132
176		another	əˈnʌðə(r)	adj. pron.	再一；另一；别的；不同的 pron. 另一个	131	15	2008/2009/2010/2011/2012/2013/2014/2015/2016/2017/2018/2019/2020/2021/2022	another:131
177		few	fjuː	pron.	不多；少数 不多的；少数的	130	15	2008/2009/2010/2011/2012/2013/2014/2015/2016/2017/2018/2019/2020/2021/2022	few:93 fewer:37
178		high	haɪ	adj. adv.	高的;高度的 ad. 高地	129	13	2008/2010/2011/2012/2014/2015/2016/2017/2018/2019/2020/2021/2022	high:85 higher:28 highest:16
179		bring	briŋ	v.	拿来, 带来, 取来	128	15	2008/2009/2010/2011/2012/2013/2014/2015/2016/2017/2018/2019/2020/2021/2022	bring:60 brought:38 brings:16 bringing:14
180		too	təˈnaɪt	adv.	也,还,又,太,过分,很,非常	128	15	2008/2009/2010/2011/2012/2013/2014/2015/2016/2017/2018/2019/2020/2021/2022	too:128
181		little	'litl	adj.	小的, 少的	127	15	2008/2009/2010/2011/2012/2013/2014/2015/2016/2017/2018/2019/2020/2021/2022	little:127
182		buy	baɪ	vt.	买	125	13	2008/2010/2011/2012/2013/2014/2015/2016/2017/2018/2019/2020/2021	buy:57 buying:32 bought:29 buys:7
183		experience	ɪkˈspɪərɪəns	n.	经验；经历	124	15	2008/2009/2010/2011/2012/2013/2014/2015/2016/2017/2018/2019/2020/2021/2022	experience:88 experiences:17 experienced:13 experiencing:6
184		turn	tɜːn	v. n.	旋转，翻转，转变，转弯 n. 轮流，（轮流的）顺序	124	13	2009/2010/2011/2012/2013/2015/2016/2017/2018/2019/2020/2021/2022	turn:62 turned:51 turns:9 turner:2
185		woman	'wumәn	n.	妇女, 女人, 女性	124	12	2008/2009/2010/2011/2012/2014/2015/2016/2017/2019/2020/2021	woman:74 women:50
186		house	haʊs	n.	房子；住宅	123	14	2008/2010/2011/2012/2013/2014/2015/2016/2017/2018/2019/2020/2021/2022	house:99 houses:24
187		open	ˈəʊpən	adj. vt.	开着的,开的 vt.开,打开	123	12	2008/2010/2011/2013/2014/2015/2016/2017/2018/2019/2020/2021	open:83 opened:29 opens:11
188		plant	plɑːnt; (US) ˈplænt	vt. n.	种植，播种 n. 植物	123	9	2008/2010/2011/2014/2016/2017/2018/2019/2020	plants:72 plant:38 planted:12 planting:1
189		grow	grәu	v.	生长; 发育; 种植; 变成	122	13	2008/2010/2011/2012/2013/2014/2015/2016/2017/2018/2019/2020/2021	growing:46 grew:29 grow:28 grown:14
190		set	set	n.	装备, 设备 设置（布景, 背景）	122	12	2010/2011/2013/2014/2015/2016/2017/2018/2019/2020/2021/2022	set:116 sets:6
191		since	sɪns	adv. conj. prep.	从那时以来 conj. 从…以来，…以后，由于 prep. 从…以来	122	14	2008/2009/2010/2011/2012/2013/2014/2016/2017/2018/2019/2020/2021/2022	since:122
192		problem	ˈprɔbləm	n.	问题，难题	121	14	2008/2010/2011/2012/2013/2014/2015/2016/2017/2018/2019/2020/2021/2022	problem:69 problems:52
193		visit	ˈviːzə	n. vt.	参观，访问，拜访	121	14	2008/2010/2011/2012/2013/2014/2015/2016/2017/2018/2019/2020/2021/2022	visit:94 visiting:10 visits:9 visited:8
194		important	ɪmˈpɔːtənt	adj.	重要的	119	15	2008/2009/2010/2011/2012/2013/2014/2015/2016/2017/2018/2019/2020/2021/2022	important:119
195		part	pɑːt	n. adj. v.	部分；成分；角色；部件；零件 a. 局部的；部分的 v. 分离；分开；分割	117	14	2008/2010/2011/2012/2013/2014/2015/2016/2017/2018/2019/2020/2021/2022	part:87 parts:28 parted:2
196		lose	lu:z	v.	失去, 丢失	116	14	2008/2009/2010/2011/2012/2013/2014/2015/2016/2017/2019/2020/2021/2022	lost:69 lose:33 losing:13 loses:1
197		being	ˈbiːɪŋ	n.	物；生物；人	115	15	2008/2009/2010/2011/2012/2013/2014/2015/2016/2017/2018/2019/2020/2021/2022	being:109 beings:6
198		eat	i:t	v.	吃	115	11	2010/2011/2012/2014/2015/2016/2017/2018/2019/2020/2022	eat:60 eating:35 eaten:10 eats:6
199		often	ˈɔf(ə)n; (US) ˈɔːfn	adv.	经常，常常	115	15	2008/2009/2010/2011/2012/2013/2014/2015/2016/2017/2018/2019/2020/2021/2022	often:115
200		room	rʊm	n.	房间,室;空间;地方	115	12	2010/2011/2012/2013/2014/2015/2016/2017/2018/2020/2021/2022	room:93 rooms:22
201		special	ˈspeʃ(ə)l	adj.	特别的，专门的	115	14	2008/2009/2010/2011/2012/2013/2014/2015/2016/2017/2018/2019/2020/2022	special:113 specials:2
202		according to	əˈkɔːdɪŋ tʊ	adv.	按照，根据	114	0		according to:114
203		information	ɪnfəˈmeɪʃ(ə)n	n.	信息	114	14	2008/2009/2010/2011/2012/2013/2014/2015/2016/2017/2018/2019/2020/2021	information:113 informations:1
204		art	ɑːt	n.	艺术，美术；技艺	112	13	2008/2010/2011/2012/2013/2014/2015/2016/2018/2019/2020/2021/2022	art:82 arts:30
205		live	lɪv	vi. adj.	生活;居住;活着 a. 活的,活着的;实况,现场（直播）的	112	14	2008/2010/2011/2012/2013/2014/2015/2016/2017/2018/2019/2020/2021/2022	live:81 lived:31
206		same	seɪm	n.	同样的事a同样的,同一	112	13	2009/2010/2011/2012/2013/2014/2015/2017/2018/2019/2020/2021/2022	same:112
207		garden	ˈɡɑːd(ə)n	n.	花园，果园，菜园	111	10	2010/2011/2012/2014/2015/2016/2017/2018/2019/2020	garden:72 gardens:39
208		include	ɪnˈkluːd	vt.	包含，包括	111	12	2008/2009/2011/2012/2013/2014/2015/2016/2017/2018/2020/2022	including:43 include:30 includes:23 included:15
209		lot	lɔt	n.	许多，好些	110	15	2008/2009/2010/2011/2012/2013/2014/2015/2016/2017/2018/2019/2020/2021/2022	lot:93 lots:17
210		seem	siːm	v.	似乎，好像	110	14	2008/2010/2011/2012/2013/2014/2015/2016/2017/2018/2019/2020/2021/2022	seem:49 seems:35 seemed:26
211		story	ˈstɔːrɪ	n.	故事，小说	110	13	2008/2010/2011/2012/2013/2014/2015/2016/2017/2018/2019/2020/2022	story:55 stories:55
212		such	sʌtʃ	adv. pron. adj.	那么 pron. （泛指）人，事物 a.这样的，那样的	110	14	2008/2009/2010/2011/2012/2013/2014/2015/2016/2017/2018/2019/2020/2022	such:110
213		business	ˈbɪznɪs	n.	（本分）工作，职业；职责；生意，交易；事业；businessman (pl. businessmen	109	12	2008/2010/2011/2012/2013/2014/2015/2016/2018/2019/2020/2021	business:91 businesses:18
214		less	les	a. ad.	&；少于,小于（little的比较级）	109	14	2009/2010/2011/2012/2013/2014/2015/2016/2017/2018/2019/2020/2021/2022	less:109
215		science	ˈsaɪəns	n.	科学，自然科学	109	12	2008/2010/2011/2012/2013/2014/2016/2017/2018/2019/2020/2021	science:105 sciences:4
216		any	ˈenɪ	pron.	（无论）哪一个；哪些 任何的；（用于疑问句、否定句）一些；什么	108	14	2008/2010/2011/2012/2013/2014/2015/2016/2017/2018/2019/2020/2021/2022	any:108
217		away	əˈweɪ	adv.	离开；远离	108	13	2008/2010/2011/2012/2013/2014/2015/2016/2017/2018/2019/2020/2021	away:108
218		travel	ˈtræv(ə)l	n. vi.	旅行	108	12	2008/2010/2011/2012/2014/2015/2016/2017/2018/2020/2021/2022	travel:71 traveling:15 traveled:11 travelled:5
219		Chinese	tʃaɪˈniːz	adj. n.	中国的；中国人的；中国话的，汉语的 n.中国人；中国话，汉语，中文	107	12	2009/2010/2012/2013/2014/2015/2016/2017/2018/2019/2020/2022	chinese:107
220		early	ɜːlɪ	adj. adv.	早的 ad. 早地	107	13	2009/2010/2011/2012/2013/2014/2015/2016/2017/2018/2019/2021/2022	early:88 earlier:15 earliest:4
221		following	ˈfɔləʊwɪŋ	adj.	接着的；以下的	107	15	2008/2009/2010/2011/2012/2013/2014/2015/2016/2017/2018/2019/2020/2021/2022	following:107
222		remember	rɪˈmembə(r)	v.	记得，想起	107	15	2008/2009/2010/2011/2012/2013/2014/2015/2016/2017/2018/2019/2020/2021/2022	remember:84 remembered:17 remembering:5 remembers:1
223		however	haʊˈevə(r)	adv. conj.	可是 conj. 然而，可是，尽管如此	106	15	2008/2009/2010/2011/2012/2013/2014/2015/2016/2017/2018/2019/2020/2021/2022	however:106
224		begin	bi'gin	v.	开始, 着手	105	14	2008/2010/2011/2012/2013/2014/2015/2016/2017/2018/2019/2020/2021/2022	began:56 begin:30 begun:11 begins:8
225		between	bɪˈtwiːn	prep.	在（两者）之间；在…中间	105	15	2008/2009/2010/2011/2012/2013/2014/2015/2016/2017/2018/2019/2020/2021/2022	between:105
226		name	neɪm	n. vt.	名字,姓名,名称 vt. 命名,名叫	105	13	2009/2010/2011/2012/2013/2014/2015/2016/2017/2018/2019/2020/2022	name:52 names:29 named:23 naming:1
227		off	ˈɔf; (US) ɔːf	prep.	离开,脱离,（走）开	105	14	2008/2009/2010/2011/2013/2014/2015/2016/2017/2018/2019/2020/2021/2022	off:105
228		plan	plæn	n. v.	计划，打算	105	12	2010/2011/2013/2014/2015/2016/2017/2018/2019/2020/2021/2022	plan:43 planning:25 plans:15 planned:15
229		public	ˈpʌblɪk	adj. n.	公共,公众的 n. 公众	105	11	2011/2013/2014/2015/2016/2017/2018/2019/2020/2021/2022	public:105
230		American	əˈmerɪkən	adj. n.	美国的；美国人的n. 美国人	104	11	2008/2010/2011/2012/2014/2015/2016/2017/2019/2021/2022	american:74 americans:30
231		enjoy	ɪnˈdʒɔɪ	vt.	欣赏；享受乐趣；喜欢	104	13	2008/2009/2010/2011/2012/2013/2016/2017/2018/2019/2020/2021/2022	enjoy:71 enjoyed:24 enjoying:6 enjoys:3
232		might	maɪt	v. aux.	(may的过去式，助动词) 可能，也许，或许	104	12	2010/2011/2012/2013/2014/2015/2016/2017/2018/2019/2020/2022	might:104
233		man	mæn	n.	男人; 人类	103	15	2008/2009/2010/2011/2012/2013/2014/2015/2016/2017/2018/2019/2020/2021/2022	man:70 men:33
234		three	θriː	num.	三	103	13	2009/2010/2011/2012/2013/2014/2015/2016/2017/2018/2019/2020/2022	three:103
235		used	juːzd	adj.	用过的;旧的;二手的	103	14	2008/2009/2010/2011/2012/2013/2015/2016/2017/2018/2019/2020/2021/2022	used:103
236		age	eɪdʒ	n.	年龄；时代	102	11	2010/2011/2012/2014/2016/2017/2018/2019/2020/2021/2022	age:64 ages:22 aged:14 aging:2
237		country	ˈkʌntrɪ	n.	国家；农村，乡下	102	13	2008/2010/2011/2012/2013/2014/2015/2016/2017/2018/2019/2020/2022	country:59 countries:43
238		train	treɪn	n. v.	火车 v. 培训,训练	102	13	2009/2010/2011/2012/2013/2014/2015/2016/2017/2018/2019/2020/2022	train:67 trains:22 trained:13
239		walk	wɔːk	n. v.	步行；散步	102	14	2008/2010/2011/2012/2013/2014/2015/2016/2017/2018/2019/2020/2021/2022	walk:43 walking:42 walked:12 walks:3
240		always	ˈɔːlweɪz	adv.	总是；一直；永远	101	14	2008/2010/2011/2012/2013/2014/2015/2016/2017/2018/2019/2020/2021/2022	always:101
241		test	test	vt. n.	测试, 考查，试验	101	13	2010/2011/2012/2013/2014/2015/2016/2017/2018/2019/2020/2021/2022	test:55 tests:23 tested:18 testing:5
242		thought	θɔːt	n.	思考,思想;念头	101	14	2008/2009/2010/2011/2012/2013/2014/2015/2016/2017/2019/2020/2021/2022	thought:85 thoughts:16
243		idea	aɪˈdɪə	n.	主意,意见,打算,想法	100	14	2009/2010/2011/2012/2013/2014/2015/2016/2017/2018/2019/2020/2021/2022	idea:71 ideas:29
244		love	lʌv	n. vt.	爱；热爱;很喜欢	100	13	2008/2009/2010/2011/2013/2015/2016/2017/2018/2019/2020/2021/2022	love:67 loved:26 loves:7
245		next	nekst	adj. adv. n.	最近的，紧挨着的，隔壁的；下一次 ad. 随后，然后，下一步 n. 下一个人（东西	100	14	2008/2010/2011/2012/2013/2014/2015/2016/2017/2018/2019/2020/2021/2022	next:100
246		provide	prəˈvaɪd	vt.	提供	100	13	2008/2010/2011/2013/2014/2015/2016/2017/2018/2019/2020/2021/2022	provides:28 provide:28 provided:28 providing:16
247		hold	hәuld	v.	拿; 抱; 握住; 举行; 进行	99	15	2008/2009/2010/2011/2012/2013/2014/2015/2016/2017/2018/2019/2020/2021/2022	held:46 hold:33 holding:14 holds:6
248		job	dʒɔb	n.	（一份）工作	98	13	2008/2010/2011/2013/2014/2015/2016/2017/2018/2019/2020/2021/2022	job:63 jobs:35
249		mother	ˈmʌðə(r)	n.	母亲	98	14	2008/2009/2010/2011/2012/2013/2014/2015/2016/2017/2018/2019/2020/2021	mother:86 mothers:12
250		reading	ʃɜːt	n.	阅读；朗读	98	10	2008/2010/2011/2012/2013/2014/2016/2018/2019/2020	reading:98
251		report	rɪˈpɔːt	n. v.	报道，报告	98	13	2010/2011/2012/2013/2014/2015/2016/2017/2018/2019/2020/2021/2022	report:52 reported:25 reports:21
252		animal	ˈænɪm(ə)l	n.	动物	97	14	2008/2009/2010/2011/2012/2014/2015/2016/2017/2018/2019/2020/2021/2022	animals:63 animal:34
253		mean	mi:n	adj.	意思是; 打算	97	13	2010/2011/2012/2013/2014/2015/2016/2017/2018/2019/2020/2021/2022	mean:72 meant:25
254		music	ˈmjuːzɪk	n.	音乐，乐曲	97	11	2010/2011/2012/2013/2014/2015/2016/2017/2018/2021/2022	music:97
255		write	raɪt	v.	(wrote, written) v. 写，书写；写作，著述	97	13	2008/2009/2010/2011/2013/2014/2016/2017/2018/2019/2020/2021/2022	write:56 written:24 wrote:17
256		never	ˈnevə(r)	adv.	决不，从来没有	96	14	2008/2010/2011/2012/2013/2014/2015/2016/2017/2018/2019/2020/2021/2022	never:96
257		really	ˈrɪəlɪ	adv.	真正地；到底；确实	96	12	2010/2011/2012/2013/2014/2015/2016/2017/2018/2019/2020/2021	really:96
258		company	ˈkʌmpənɪ	n.	公司	95	12	2008/2010/2011/2013/2014/2015/2016/2017/2019/2020/2021/2022	company:56 companies:39
259		probably	ˈprɔbəb(ə)lɪ	adv.	很可能，大概	95	13	2008/2010/2011/2012/2013/2014/2016/2017/2018/2019/2020/2021/2022	probably:95
260		drive	draiv		驾驶, 开（车）; 驱赶	94	11	2008/2010/2011/2012/2013/2014/2017/2018/2019/2020/2022	driving:37 drive:27 drove:16 driven:12
261		money	ˈmʌnɪ	n.	钱；货币	94	14	2008/2010/2011/2012/2013/2014/2015/2016/2017/2018/2019/2020/2021/2022	money:94
262		pay	peɪ	v. n.	(paid, paid) v. 付钱，给…报酬 n. 工资；P.E.(缩) =physical education	94	13	2008/2010/2011/2013/2014/2015/2016/2017/2018/2019/2020/2021/2022	pay:54 paid:19 paying:18 pays:3
263		during	ˈdjʊərɪŋ; (US) ˈdʊərɪŋ	prep.	在…期间；在…过程中	93	15	2008/2009/2010/2011/2012/2013/2014/2015/2016/2017/2018/2019/2020/2021/2022	during:93
264		share	ʃeə(r)	vt.	分享，共同使用	93	11	2012/2013/2014/2015/2016/2017/2018/2019/2020/2021/2022	share:42 sharing:24 shared:20 shares:7
265		enough	ɪˈnʌf	n. adj. adv.	足够；充足 a. 足够；充分的 ad. 足够地；充分地	92	14	2008/2010/2011/2012/2013/2014/2015/2016/2017/2018/2019/2020/2021/2022	enough:92
266		fall	fɔːl	n.	（美）秋季	91	14	2008/2010/2011/2012/2013/2014/2015/2016/2017/2018/2019/2020/2021/2022	fall:46 fell:17 falling:14 falls:8
267		university	juːnɪˈvɜːsɪtɪ	n.	大学	91	10	2010/2011/2013/2014/2015/2016/2017/2018/2020/2022	university:77 universities:14
268		fly	ˈfluːənt	n.	飞行；苍蝇；fly (flew, flown	90	10	2010/2011/2012/2013/2014/2015/2016/2017/2020/2022	flying:46 fly:26 flew:10 flies:8
269		right	raɪt	n. adj. adv.	权利 a.对,正确的 ad. 正确地,恰恰,完全地 a. 右,右边的	89	14	2008/2009/2010/2011/2013/2014/2015/2016/2017/2018/2019/2020/2021/2022	right:89
270		stay	steɪ	n. vi.	停留，逗留，呆	89	14	2008/2010/2011/2012/2013/2014/2015/2016/2017/2018/2019/2020/2021/2022	stay:57 staying:20 stayed:12
271		end	end	n. v.	末尾；终点；结束 v. 结束，终止	88	14	2009/2010/2011/2012/2013/2014/2015/2016/2017/2018/2019/2020/2021/2022	end:60 ended:15 ends:13
272		minute	ˈmɪnɪt	n.	分钟;一会儿，瞬间	88	12	2008/2010/2011/2012/2013/2014/2015/2016/2017/2018/2019/2021	minutes:78 minute:10
273		speak	spi:k	v.	说, 讲; 谈话; 发言	88	13	2010/2011/2012/2013/2014/2015/2016/2017/2018/2019/2020/2021/2022	speaking:40 speak:37 spoke:7 speaks:4
274		easy	ˈiːzɪ	adj.	容易的，不费力的	87	13	2008/2010/2011/2012/2013/2015/2016/2017/2018/2019/2020/2021/2022	easy:75 easier:8 easiest:4
275		research	rɪˈsɜːtʃ	n.	研究，调查	87	12	2010/2011/2012/2013/2014/2015/2016/2017/2018/2019/2020/2022	research:72 researcher:13 researched:2
276		spend	spend	v.	花费（钱、时间）；度过	87	14	2008/2009/2010/2011/2013/2014/2015/2016/2017/2018/2019/2020/2021/2022	spend:46 spent:22 spending:15 spends:4
277		building	ˈbɪldɪŋ	n.	建筑物；房屋；大楼	86	14	2008/2009/2010/2011/2012/2014/2015/2016/2017/2018/2019/2020/2021/2022	building:58 buildings:28
278		drink	drɪŋk	n.	饮料；喝酒 ；drink(drank,drunk	86	14	2008/2010/2011/2012/2013/2014/2015/2016/2017/2018/2019/2020/2021/2022	drinks:49 drink:24 drinking:12 drank:1
279		left	left	adj. adv. n.	左边的 ad.向左 n.左,左边	86	13	2008/2010/2012/2013/2014/2015/2016/2017/2018/2019/2020/2021/2022	left:86
280		big	bɪɡ	adj.	大的	84	12	2008/2010/2011/2012/2013/2014/2015/2016/2018/2019/2020/2021	big:84
281		service	ˈsɜːvɪs	n.	服务	84	12	2008/2010/2011/2013/2014/2015/2016/2017/2018/2019/2020/2022	services:47 service:37
282		someone	ˈsʌmwʌn	pron.	某一个人	84	14	2008/2009/2010/2011/2012/2013/2014/2015/2017/2018/2019/2020/2021/2022	someone:84
283		stop	stɔp	n. v.	停；（停车）站 v. 停，停止，阻止	84	12	2008/2010/2011/2013/2014/2015/2016/2017/2018/2019/2020/2021	stop:56 stopped:20 stops:7 stopping:1
284		today	təʊst	adv. n.	今天;现在,当前	84	14	2008/2009/2010/2011/2012/2013/2014/2016/2017/2018/2019/2020/2021/2022	today:84
285		China	ˈtʃaɪnə	n.	* n. 中国	83	13	2009/2010/2012/2013/2014/2015/2016/2017/2018/2019/2020/2021/2022	china:83
286		develop	dɪˈveləp	v. vt.	（使）发展；（使）发达；（使）发育；开发 vt. 冲洗（照片	83	13	2008/2009/2010/2011/2013/2014/2015/2016/2017/2018/2019/2020/2021	develop:44 developed:19 developing:17 develops:3
287		living	ˈlɪvɪŋ	adj. n.	活着的 n. 生计	83	13	2008/2010/2011/2013/2014/2015/2016/2017/2018/2019/2020/2021/2022	living:83
288		meet	mi:t	v.	遇见, 见到 会; 集会	83	13	2009/2010/2011/2012/2013/2015/2016/2017/2018/2019/2020/2021/2022	meet:46 met:33 meets:4
289		night	naɪt	n.	夜；夜间	83	12	2008/2010/2011/2013/2014/2015/2016/2017/2018/2019/2020/2022	night:77 nights:6
290		hand	hænd	n. v.	手；指针 v. 递；给；交付 交上；交进	82	14	2008/2009/2010/2012/2013/2014/2015/2016/2017/2018/2019/2020/2021/2022	hand:38 hands:32 handed:9 handing:3
291		hard	hɑːd	adv. adj.	努力地；使劲；猛烈地 a.硬的；困难的；艰难的	82	15	2008/2009/2010/2011/2012/2013/2014/2015/2016/2017/2018/2019/2020/2021/2022	hard:74 harder:6 harding:2
292		run	rʌn	v.	跑, 奔跑;（颜色）褪色	82	12	2009/2010/2013/2014/2015/2016/2017/2018/2019/2020/2021/2022	run:48 runs:19 ran:15
293		sit	sit	v.	坐	82	14	2008/2009/2010/2011/2013/2014/2015/2016/2017/2018/2019/2020/2021/2022	sat:30 sitting:21 sit:16 sites:10
294		skill	skiː	n.	技能，技巧	82	13	2008/2009/2010/2012/2013/2014/2015/2016/2017/2018/2019/2020/2022	skills:65 skill:17
295		soon	sʌn	adv.	不久,很快,一会儿	82	13	2008/2009/2010/2012/2013/2014/2015/2017/2018/2019/2020/2021/2022	soon:79 sooner:3
296		program	ˈprəʊɡræm	n. v.	节目；计划；程序；编程（英式 programme）	81	12	2008/2010/2011/2012/2013/2014/2015/2017/2018/2019/2020/2022	program:56 programs:21 programmed:4
297		here	hɪə(r)	adv.	这里，在这里；向这里	80	15	2008/2009/2010/2011/2012/2013/2014/2015/2016/2017/2018/2019/2020/2021/2022	here:80
298		teacher	ˈtiːtʃə(r)	n.	教师，教员	80	14	2009/2010/2011/2012/2013/2014/2015/2016/2017/2018/2019/2020/2021/2022	teacher:47 teachers:33
299		wait	weɪt	vi.	等，等候	80	14	2008/2010/2011/2012/2013/2014/2015/2016/2017/2018/2019/2020/2021/2022	wait:32 waiting:32 waited:10 waits:6
300		yourself	jɔːˈself; (US) jʊərˈself	pron.	你自己	80	12	2008/2009/2011/2012/2014/2015/2016/2017/2018/2019/2020/2021	yourself:80
301		interest	ˈɪntrəst	n.	兴趣，趣味;利息	79	14	2008/2009/2010/2011/2012/2013/2014/2015/2016/2017/2018/2019/2021/2022	interest:42 interested:33 interests:4
302		museum	mjuːˈzɪəm	n.	博物馆，博物院	79	9	2010/2012/2013/2014/2015/2017/2018/2020/2022	museum:54 museums:25
303		culture	ˈkʌltʃə(r)	n.	文化	78	13	2008/2009/2010/2011/2012/2014/2015/2016/2017/2018/2019/2020/2022	culture:44 cultures:34
304		kind	kaɪnd	n. adj.	种;类 a. 善良,友好的	78	14	2008/2010/2011/2012/2013/2014/2015/2016/2017/2018/2019/2020/2021/2022	kind:61 kinds:17
305		offer	ˈɔfə(r); (US) ɔːfər	n. vt.	提供；建议	78	12	2010/2011/2012/2013/2014/2015/2016/2017/2018/2019/2020/2022	offer:36 offers:24 offering:10 offered:8
306		present	ˈprez(ə)nt	adj. n. vt.	出现的，出席的 n. 礼物，赠品 vt. 呈奉，奉送	78	13	2008/2010/2011/2012/2013/2014/2015/2016/2017/2018/2019/2020/2022	present:41 presents:17 presented:9 presenting:6
307		child	tʃaɪld	n.	孩子，儿童	77	11	2008/2009/2010/2012/2014/2015/2016/2018/2019/2020/2022	child:77
308		discover	dɪˈskʌvə(r)	vt.	发现	77	13	2008/2010/2011/2012/2014/2015/2016/2017/2018/2019/2020/2021/2022	discover:39 discovered:34 discovering:2 discovers:2
309		dog	dɔɡ; (US) dɔːɡ	n.	狗	77	6	2010/2016/2018/2019/2020/2022	dog:38 dogs:38 dogged:1
310		example	ɪɡˈzɑːmp(ə)l; (US) ɪɡˈzæmpl	n.	例子；榜样	77	13	2008/2009/2010/2011/2012/2013/2014/2015/2016/2017/2018/2019/2020	example:59 examples:18
311		guide	ɡaɪd	n.	向导，导游者	77	11	2010/2011/2012/2013/2014/2015/2017/2018/2019/2020/2022	guide:41 guided:19 guides:15 guiding:2
312		local	ˈləʊk(ə)l	adj.	当地的；地方的	77	10	2010/2014/2015/2016/2017/2018/2019/2020/2021/2022	local:68 locals:9
313		month	mʌnθ	n.	月，月份	77	13	2008/2009/2010/2011/2013/2014/2015/2016/2017/2018/2019/2020/2022	months:46 month:31
314		phone	fəʊn	n. v.	电话，电话机；打电话	77	11	2008/2009/2010/2011/2014/2016/2018/2019/2020/2021/2022	phone:63 phones:14
315		return	rɪˈtɜːn	v.	归还	77	15	2008/2009/2010/2011/2012/2013/2014/2015/2016/2017/2018/2019/2020/2021/2022	return:29 returned:26 returning:13 returns:9
316		together	təʊst	adv.	一起，共同	77	13	2008/2009/2010/2011/2012/2013/2015/2017/2018/2019/2020/2021/2022	together:77
317		area	ˈeərɪə	n.	面积；地域，地方，区域；范围，领域	76	13	2008/2009/2010/2011/2012/2014/2015/2016/2017/2019/2020/2021/2022	area:40 areas:36
318		girl	ɡɜːl	n.	女孩；give (gave, given	76	12	2009/2010/2011/2012/2014/2015/2016/2018/2019/2020/2021/2022	girls:43 girl:33
319		social	ˈsəʊʃ(ə)l	adj.	社会的；社交的	76	12	2008/2009/2012/2014/2015/2016/2017/2018/2019/2020/2021/2022	social:76
320		choose	tʃuːz	vt.	选择	75	12	2008/2010/2013/2014/2015/2016/2017/2018/2019/2020/2021/2022	choose:40 chose:14 chosen:8 choosing:8
321		design	dɪˈzaɪn	n. vt.	设计，策划 图案，图样，样式	75	12	2010/2011/2012/2014/2015/2016/2017/2018/2019/2020/2021/2022	design:35 designed:19 designs:15 designing:6
322		form	fɔːm	n.	表格；形式；结构	75	15	2008/2009/2010/2011/2012/2013/2014/2015/2016/2017/2018/2019/2020/2021/2022	form:40 forms:19 formed:12 forming:4
323		sure	ʃʊə(r)	adj. adv.	确信，肯定 ad. (口语)的确，一定，当然	75	12	2008/2010/2011/2012/2013/2016/2017/2018/2019/2020/2021/2022	sure:75
324		team	tiːm	n.	队，组	75	10	2010/2014/2015/2016/2017/2018/2019/2020/2021/2022	team:69 teams:6
325		week	wiːk	n.	星期，周	75	11	2009/2011/2014/2015/2016/2017/2018/2019/2020/2021/2022	week:52 weeks:23
326		large	lɑːdʒ	adj.	大的；巨大的	74	13	2008/2009/2010/2011/2012/2013/2014/2015/2016/2017/2018/2019/2022	large:74
327		let	let	vt.	让	74	14	2008/2009/2010/2011/2013/2014/2015/2016/2017/2018/2019/2020/2021/2022	let:66 lets:5 letting:3
328		morning	ˈmɔːnɪŋ	n.	早晨，上午	74	10	2010/2012/2014/2015/2016/2017/2018/2020/2021/2022	morning:62 mornings:12
329		watch	wɔtʃ	vt. n.	观看，注视；当心，注意 n. 手表，表	74	15	2008/2009/2010/2011/2012/2013/2014/2015/2016/2017/2018/2019/2020/2021/2022	watch:45 watching:16 watched:10 watches:3
330		works	wɜːks	n.	著作，作品	74	14	2008/2010/2011/2012/2013/2014/2015/2016/2017/2018/2019/2020/2021/2022	works:74
331		baby	ˈbeɪbɪ	n.	婴儿	73	10	2008/2009/2010/2013/2015/2016/2017/2018/2021/2022	baby:42 babies:31
332		class	klɑːs; (US) klæs	n.	（学校的）班；年级；课	73	11	2009/2010/2012/2013/2015/2016/2017/2018/2019/2020/2021	class:58 classes:15
333		decide	dɪˈsaɪd	v.	决定；下决心	73	12	2010/2011/2012/2013/2014/2016/2017/2018/2019/2020/2021/2022	decided:43 decide:23 deciding:7
334		increase	ɪnˈkriːs	v. n.	增加，繁殖	73	11	2008/2010/2011/2012/2013/2014/2015/2017/2018/2019/2021	increase:32 increasing:15 increases:13 increased:13
335		later	ˈleɪtə(r)	adj.	晚些的，迟些的	73	14	2009/2010/2011/2012/2013/2014/2015/2016/2017/2018/2019/2020/2021/2022	later:73
336		likely	ˈlaɪklɪ	adj.	很可能的	73	13	2008/2010/2012/2013/2014/2015/2016/2017/2018/2019/2020/2021/2022	likely:73
337		title	ˈtɪʃuː	n.	标题，题目	73	15	2008/2009/2010/2011/2012/2013/2014/2015/2016/2017/2018/2019/2020/2021/2022	title:69 titled:4
338		wolf	wulf	n.	狼	73	2	2010/2017	wolves:56 wolf:17
339		must	mʌst	modal v.	必须, 应当; 必定是	72	13	2008/2010/2011/2012/2013/2014/2015/2016/2017/2019/2020/2021/2022	must:72
340		result	rɪˈzʌlt	n.	结果，效果	72	14	2009/2010/2011/2012/2013/2014/2015/2016/2017/2018/2019/2020/2021/2022	result:37 results:33 resulted:2
341		sell	sel	v.	卖，售	72	13	2008/2010/2011/2013/2014/2015/2016/2017/2018/2019/2020/2021/2022	sold:28 sell:19 selling:17 sells:8
342		able	ˈeɪb(ə)l	adj.	能够；有能力的	71	14	2008/2009/2010/2012/2013/2014/2015/2016/2017/2018/2019/2020/2021/2022	able:71
343		both	bəʊθ	adj. pron.	两；双 pron. 两者；双方	71	12	2008/2009/2010/2012/2013/2014/2016/2017/2018/2020/2021/2022	both:71
344		far	fɑː(r)	adj. adv.	(farther, farthest 或further , furthest) a.& ad. 远的；远地	71	12	2010/2011/2012/2013/2014/2015/2016/2017/2019/2020/2021/2022	far:63 farther:6 fares:2
345		four	fɔː(r)	num.	四	71	14	2009/2010/2011/2012/2013/2014/2015/2016/2017/2018/2019/2020/2021/2022	four:71
346		history	ˈhɪstərɪ	n.	历史，历史学；hit (hit, hit	71	12	2008/2010/2011/2012/2015/2016/2017/2018/2019/2020/2021/2022	history:71
347		course	kɔːs	n.	过程；经过；课程	70	11	2008/2010/2011/2012/2013/2015/2016/2017/2018/2019/2022	course:51 courses:19
348		theatre	ˈθiətə	n.	剧场，戏院 【英】	70	5	2013/2016/2017/2019/2022	theatre:66 theatres:4
349		without	wɪˈðaʊt	prep.	没有	70	13	2008/2009/2010/2011/2013/2014/2015/2016/2017/2018/2019/2020/2021	without:70
350		difficult	ˈdɪfɪkəlt	adj.	难；艰难；不易相处	69	12	2008/2010/2011/2012/2013/2014/2016/2017/2018/2019/2020/2021	difficult:69
351		leave	liːv	v.	离开；把……留下；遗忘	69	13	2008/2010/2011/2012/2013/2014/2015/2016/2017/2018/2020/2021/2022	leave:53 leaving:16
352		silence	ˈsaɪləns	n.	安静，沉默	69	8	2009/2011/2012/2013/2016/2017/2018/2021	silence:67 silences:2
353		sleep	sliːp	n.	睡觉；sleep (slept, slept	69	8	2010/2011/2013/2016/2017/2018/2019/2020	sleep:50 sleeping:15 slept:2 sleeper:2
354		air	eə(r)	n.	空气；大气	68	9	2008/2010/2015/2016/2017/2019/2020/2021/2022	air:67 airs:1
355		arrive	əˈraɪv	vi.	到达；达到	68	13	2009/2010/2011/2012/2013/2014/2015/2016/2017/2018/2020/2021/2022	arrived:38 arrive:24 arriving:6
356		hope	həʊp	n. v.	希望	68	14	2008/2009/2010/2011/2012/2013/2014/2015/2016/2017/2019/2020/2021/2022	hope:32 hopes:16 hoped:13 hoping:7
357		real	riːl	adj.	真实的，确实的	68	13	2010/2011/2012/2013/2014/2015/2016/2017/2018/2019/2020/2021/2022	real:68
358		shop	ʃɔp	vi. n.	买东西 n. 商店,车间	68	12	2008/2010/2011/2012/2013/2015/2016/2018/2019/2020/2021/2022	shop:53 shops:15
359		body	'bɒdi	n.	身体	67	11	2008/2009/2010/2011/2012/2015/2016/2017/2019/2020/2022	body:54 bodies:13
360		dream	driːm	n. v.	梦，梦想；做梦	67	11	2008/2010/2013/2014/2015/2016/2017/2018/2019/2020/2022	dream:33 dreams:30 dreaming:3 dreamed:1
361		event	ɪˈvent	n.	事件，大事	67	11	2010/2011/2012/2013/2016/2017/2018/2019/2020/2021/2022	events:42 event:25
362		expect	ɪkˈspekt	vt.	预料；盼望；认为	67	12	2008/2009/2010/2013/2014/2015/2016/2017/2018/2019/2020/2022	expected:34 expect:26 expecting:6 expects:1
363		gift	ɡɪft	n.	赠品；礼物	67	6	2013/2015/2017/2018/2019/2020	gift:46 gifts:21
364		half	hɑːf; (US) hæf	adj. n.	半，一半，半个	67	12	2010/2011/2012/2013/2014/2015/2017/2018/2019/2020/2021/2022	half:67
365		teach	ti:tʃ		教书, 教	67	12	2008/2010/2011/2012/2014/2015/2016/2017/2018/2019/2020/2022	teaching:26 teach:19 taught:18 teaches:4
366		technology	tekˈnɔlədʒɪ	n.	技术	67	11	2010/2012/2013/2014/2015/2016/2017/2018/2019/2020/2022	technology:57 technologies:10
367		until	ʌnˈtɪl	prep. conj.	直到…为止	67	13	2008/2009/2010/2011/2012/2013/2014/2015/2016/2017/2018/2020/2021	until:67
368		ago	əˈɡəʊ	adv.	以前	66	13	2008/2009/2010/2011/2013/2014/2015/2016/2017/2018/2019/2020/2021	ago:66
369		bird	bɜːd	n.	鸟	66	6	2010/2011/2012/2014/2021/2022	birds:44 bird:22
370		build	bild	v.	建筑; 造	66	13	2008/2009/2010/2011/2013/2014/2015/2016/2017/2019/2020/2021/2022	built:31 build:29 builds:6
371		chance	tʃɑːns; (US) tʃæns	n.	机会，可能性	66	11	2008/2010/2012/2013/2014/2015/2016/2018/2019/2020/2022	chance:58 chances:8
372		dance	dɑːns; (US) dæns	n. vi.	跳舞	66	6	2010/2011/2013/2017/2018/2022	dance:50 dancing:12 danced:2 dances:2
373		encourage	ɪnˈkʌrɪdʒ	vt.	鼓励	66	14	2008/2010/2011/2012/2013/2014/2015/2016/2017/2018/2019/2020/2021/2022	encourage:43 encouraged:10 encouraging:8 encourages:5
374		everyone	ˈevrɪwʌn	pron.	每人，人人	66	13	2008/2010/2011/2012/2013/2014/2015/2016/2017/2018/2019/2020/2021	everyone:66
375		experiment	ɪkˈsperɪmənt	n.	实验	66	12	2009/2010/2012/2013/2014/2015/2016/2017/2018/2019/2020/2022	experiment:49 experiments:10 experimenting:6 experimented:1
376		explain	ɪksˈpleɪn	vt.	解释，说明	66	13	2009/2010/2011/2012/2013/2015/2016/2017/2018/2019/2020/2021/2022	explains:27 explain:26 explained:11 explaining:2
377		face	feɪs	n. vt.	脸 vt. 面向；面对	66	12	2010/2011/2012/2013/2014/2016/2017/2018/2019/2020/2021/2022	face:44 faced:9 facing:7 faces:6
378		office	ˈɔfɪs; (US) ˈɔːfɪs	n.	办公室	66	10	2008/2010/2011/2013/2016/2017/2018/2019/2020/2021	office:56 offices:10
379		party	ˈpɑːtɪ	n.	聚会，晚会；党派	66	9	2009/2011/2012/2014/2016/2017/2018/2020/2021	party:47 parties:19
380		purpose	ˈpɜːpəs	n.	目的，意图	66	12	2008/2009/2010/2011/2012/2013/2016/2017/2018/2019/2020/2022	purpose:61 purposes:5
381		require	rɪˈkwaɪə(r)	vt.	需求；要求	66	11	2010/2013/2014/2015/2016/2017/2018/2019/2020/2021/2022	requires:26 required:22 require:16 requiring:2
382		street	striːt	n.	街，街道	66	12	2008/2009/2010/2011/2013/2014/2015/2016/2018/2019/2020/2021	street:46 streets:20
383		again	əˈɡeɪn	adv.	再一次；再，又	65	11	2009/2010/2011/2013/2014/2015/2016/2018/2019/2020/2021	again:65
384		happen	ˈhæpən	vi.	（偶然）发生	65	12	2009/2010/2011/2012/2013/2015/2016/2017/2018/2019/2020/2022	happened:30 happen:23 happens:7 happening:5
385		pass	pɑːs; (US) pæs	vt.	传，递；经过；通过	65	11	2008/2010/2011/2012/2013/2014/2015/2016/2017/2018/2020	passed:32 passing:12 pass:12 passes:9
386		stand	stænd	n.	站；立；停止；立场；地位；台；坛；摊；stand (stood, stood	65	13	2008/2010/2011/2012/2014/2015/2016/2017/2018/2019/2020/2021/2022	stand:34 standing:14 stood:11 stands:6
387		artist	ˈɑːtɪst	n.	艺术家	64	11	2010/2011/2012/2013/2014/2015/2017/2019/2020/2021/2022	artists:32 artist:32
388		believe	bɪˈliːv	v.	相信，认为	64	11	2008/2010/2011/2012/2013/2014/2016/2018/2019/2020/2022	believe:43 believed:21
389		create	kriːˈeɪt	vt.	创造； 造成	64	10	2010/2011/2012/2014/2015/2016/2017/2018/2019/2020	create:32 creating:13 created:13 creates:6
390		hear	hiә	v.	听见; 听说, 得知	64	14	2008/2009/2010/2011/2013/2014/2015/2016/2017/2018/2019/2020/2021/2022	heard:41 hear:21 hears:2
391		question	ˈkwestʃ(ə)n	vt. n.	询问 n. 问题	64	11	2010/2011/2013/2014/2015/2017/2018/2019/2020/2021/2022	question:31 questions:31 questioned:2
392		sometimes	ˈsʌmtaɪmz	adv.	有时	64	12	2008/2009/2010/2011/2012/2013/2015/2016/2017/2018/2019/2020	sometimes:64
393		sound	saʊnd	vi. n.	听起来,发出声音n.声音	64	12	2009/2010/2011/2012/2013/2014/2015/2016/2017/2019/2020/2022	sound:32 sounds:30 sounded:2
394		improve	ɪmˈpruːv	vt.	改进，更新	63	13	2008/2010/2011/2013/2014/2015/2016/2017/2018/2019/2020/2021/2022	improve:32 improved:15 improves:9 improving:7
395		lie	lai	n./v.	谎话；谎言；说谎	63	11	2009/2010/2011/2012/2013/2014/2015/2017/2018/2019/2020	lying:18 lie:18 lies:15 lied:10
396		save	seɪv	vt.	救，挽救，节省；say (said, said	63	12	2008/2010/2011/2013/2014/2015/2016/2017/2018/2019/2020/2022	save:51 saved:12
397		fast	fɑːst; (US) fæst	adj. adv.	快的，迅速的；紧密的 ad. 快地，迅速地；紧密地	62	11	2010/2011/2012/2013/2015/2016/2017/2018/2019/2020/2022	fast:31 faster:24 fastest:5 fasting:1
398		rule	ruːl	n. vt.	规则,规定 vt.统治,支配	62	11	2012/2013/2014/2015/2016/2017/2018/2019/2020/2021/2022	rules:38 rule:22 ruled:2
399		safe	seɪf	adj. n.	安全的 n. 保险柜	62	10	2008/2011/2013/2014/2016/2017/2019/2020/2021/2022	safe:57 saves:5
400		sense	sens	n.	感觉，意识	62	11	2010/2011/2013/2014/2016/2017/2018/2019/2020/2021/2022	sense:44 senses:15 sensed:3
401		table	ˈteɪb(ə)l	n.	桌子，表格	62	11	2010/2011/2012/2015/2016/2017/2018/2019/2020/2021/2022	table:38 tables:24
402		climb	klaɪm	v.	爬，攀登	61	8	2008/2010/2011/2014/2016/2018/2019/2022	climb:33 climbing:21 climbed:6 climber:1
403		close	kləʊz	adj. adv. vt.	亲密的；近，靠近 ad. 近，靠近 vt. 关，关闭	61	12	2008/2009/2010/2011/2014/2015/2016/2017/2018/2019/2020/2022	close:49 closed:10 closes:2
404		education	edjʊˈkeɪʃ(ə)n	n.	教育，培养	61	12	2008/2010/2011/2013/2014/2015/2016/2017/2018/2019/2020/2022	education:61
405		effort	ˈefət	n.	努力，艰难的尝试	61	10	2009/2010/2012/2014/2016/2017/2018/2019/2020/2022	effort:33 efforts:28
406		human	ˈhjuːmən	adj.	人的，人类的	61	13	2008/2009/2010/2011/2012/2014/2015/2016/2017/2018/2019/2020/2022	human:39 humans:22
407		Mr	'mistә(r)		先生\n[计] 存储器回收程序, 多重请求	61	8	2008/2010/2011/2013/2014/2016/2017/2018	mr:61
408		realize	ˈriːəlaɪz	v.	认识到；了解；实现（英式 realise）	61	12	2008/2009/2010/2011/2012/2013/2015/2016/2017/2018/2020/2022	realize:33 realized:25 realizing:3
409		warm	wɔːm	adj.	暖和的,温暖的;热情的	61	12	2008/2009/2010/2011/2014/2015/2016/2017/2018/2019/2020/2021	warm:42 warming:13 warms:3 warmed:2
410		win	win	v.	获胜, 赢 赢得	61	13	2010/2011/2012/2013/2014/2015/2016/2017/2018/2019/2020/2021/2022	won:41 win:14 winning:6
411		continue	kənˈtɪnjuː	vi.	继续	60	12	2008/2009/2010/2011/2012/2013/2014/2016/2017/2018/2021/2022	continue:39 continues:9 continued:7 continuing:5
412		cost	kɒst	v. n.	值（多少钱）；花费 n. 费用；代价	60	12	2008/2010/2011/2013/2014/2015/2016/2017/2018/2019/2020/2022	cost:44 costs:16
413		fun	fʌn	n.	有趣的事，娱乐，玩笑	60	11	2008/2011/2012/2013/2015/2016/2017/2018/2020/2021/2022	fun:60
414		million	ˈmɪlɪən	num. n.	百万 n. 百万个（人或物	60	11	2010/2011/2013/2014/2015/2016/2017/2018/2020/2021/2022	million:39 millions:21
415		national	ˈnæʃən(ə)l	adj.	国家的,全国性的，民族的	60	12	2008/2011/2013/2014/2015/2016/2017/2018/2019/2020/2021/2022	national:60
416		once	wʌns	n. adv. conj.	一次,一度,从前 conj. 一旦	60	14	2009/2010/2011/2012/2013/2014/2015/2016/2017/2018/2019/2020/2021/2022	once:60
417		plastic	ˈplæstɪk	adj.	塑料的	60	6	2016/2017/2018/2019/2021/2022	plastic:56 plastics:4
418		reason	ˈriːz(ə)n	vi. n.	评理,劝说n.理由,原因	60	12	2009/2010/2011/2012/2013/2014/2015/2016/2017/2018/2019/2020	reason:42 reasons:18
419		record	ˈrekɔːd; (US) ˈrekərd	n.	记录；唱片	60	9	2010/2011/2013/2014/2015/2016/2017/2019/2020	record:27 records:13 recorded:12 recording:8
420		state	steɪt	n.	状态； 情形；国家，（美国的）州	60	11	2010/2011/2012/2013/2014/2015/2016/2017/2018/2020/2021	state:33 states:22 stated:5
421		visitor	ˈvɪzɪtə(r)	n.	访问者，参观者	60	11	2008/2010/2011/2012/2014/2015/2016/2018/2019/2020/2021	visitors:45 visitor:15
422		box	bɔks	n.	盒子，箱子	59	7	2008/2010/2011/2016/2018/2020/2022	box:41 boxes:18
423		catch	kætʃ	vt.	接住；抓住；赶上；染上（疾病）	59	13	2008/2010/2011/2012/2013/2014/2015/2016/2017/2019/2020/2021/2022	caught:29 catch:22 catcher:4 catching:3
424		color	ˈkʌlə(r)	n. v.	颜色；给……着色（英式 colour）	59	7	2010/2012/2015/2016/2017/2018/2021	color:46 colors:11 colored:2
425		instead	ɪnˈsted	adv.	代替，顶替	59	11	2008/2010/2013/2014/2015/2016/2017/2018/2019/2020/2022	instead:59
426		popular	ˈpɔpjʊlə(r)	adj.	流行,大众,受欢迎的	59	12	2010/2011/2012/2013/2014/2015/2016/2017/2018/2019/2020/2021	popular:59
427		underline	ʌndəˈlaɪn	v.	在…下划线；understand (understood, understood	59	13	2008/2009/2010/2013/2014/2015/2016/2017/2018/2019/2020/2021/2022	underlined:59
428		allow	əˈlaʊ	vt.	允许，准许	58	11	2008/2011/2013/2014/2015/2016/2017/2018/2019/2020/2021	allowed:25 allow:20 allows:9 allowing:4
429		communication	kəmjuːnɪˈkeɪʃ(ə)n	n.	交际,交往;通讯	58	12	2009/2010/2012/2013/2015/2016/2017/2018/2019/2020/2021/2022	communication:51 communications:7
430		fact	fækt	n.	事实，现实	58	15	2008/2009/2010/2011/2012/2013/2014/2015/2016/2017/2018/2019/2020/2021/2022	fact:46 facts:12
431		five	faɪv	num.	五	58	11	2010/2011/2013/2014/2015/2016/2017/2018/2019/2020/2022	five:58
432		mind	maɪnd	n. v.	思想,想法 v.介意,关心	58	13	2008/2009/2010/2011/2012/2013/2014/2015/2016/2017/2019/2020/2022	mind:44 minds:14
433		news	njuːz; (US) nuːz	n.	新闻，消息	58	9	2008/2012/2015/2016/2017/2018/2020/2021/2022	news:58
434		percent	pəˈsent	n.	百分之……	58	8	2013/2014/2015/2016/2018/2019/2020/2021	percent:58
435		scientist	ˈsaɪəntɪst	n.	科学家	58	7	2011/2012/2014/2016/2017/2019/2020	scientists:46 scientist:12
436		am	æm	v.	be的人称形式之一 ；ａ.m./A.M.	57	10	2008/2010/2011/2013/2014/2015/2016/2018/2019/2020	am:57
437		collect	kəˈlekt	vt.	收集，搜集	57	11	2008/2009/2010/2014/2016/2017/2018/2019/2020/2021/2022	collected:25 collect:18 collecting:9 collects:5
438		data	ˈdeɪtə	n.	资料，数据	57	9	2012/2013/2016/2017/2018/2019/2020/2021/2022	data:57
439		deal	diːl	n.	量，数额；交易	57	13	2008/2010/2011/2012/2013/2014/2015/2016/2017/2018/2020/2021/2022	deal:35 dealing:11 deals:7 dealt:4
440		film	fɪlm	n. vt.	电影；影片；胶卷vt. 拍摄，把……拍成电影	57	9	2011/2012/2013/2014/2016/2017/2018/2020/2022	film:39 films:10 filmed:8
441		hall	hɔːl	n.	大厅,会堂,礼堂;过道	57	9	2010/2011/2013/2016/2018/2019/2020/2021/2022	hall:54 halls:3
442		hotel	həʊˈtel	n.	旅馆，饭店，宾馆	57	6	2010/2011/2014/2015/2016/2021	hotel:42 hotels:15
443		letter	ˈletə(r)	n.	信；字母	57	10	2008/2010/2011/2013/2014/2016/2019/2020/2021/2022	letter:36 letters:21
444		light	laɪt	n. vt. adj.	光，光亮；灯，灯光 vt. 点（火），点燃 a. 明亮的；轻的；浅色的	57	12	2008/2011/2012/2013/2014/2015/2016/2017/2018/2019/2020/2021	lights:27 light:26 lighting:4
445		natural	ˈnætʃər(ə)l	adj.	自然的	57	12	2009/2010/2012/2014/2015/2016/2017/2018/2019/2020/2021/2022	natural:57
446		population	pɔpjʊˈleɪʃ(ə)n	n.	人口，人数	57	10	2010/2011/2014/2016/2017/2018/2019/2020/2021/2022	population:48 populations:9
447		power	ˈpaʊdə(r)	n.	力，动力，电力	57	11	2010/2011/2013/2014/2015/2016/2017/2018/2019/2020/2022	power:51 powers:4 powered:2
448		reach	riːtʃ	v.	到达，伸手(脚)够到	57	13	2008/2010/2011/2012/2013/2014/2016/2017/2018/2019/2020/2021/2022	reached:24 reach:21 reaches:9 reaching:3
449		step	step	n. vi.	脚步,台阶,梯级 vi.走,跨步	57	12	2008/2010/2012/2013/2015/2016/2017/2018/2019/2020/2021/2022	step:30 steps:17 stepping:7 stepped:3
450		winter	ˈwɪntə(r)	n.	冬天，冬季	57	10	2008/2009/2010/2013/2015/2018/2019/2020/2021/2022	winter:56 winters:1
451		appear	əˈpɪə(r)	vi.	出现	56	10	2008/2011/2013/2015/2016/2017/2018/2019/2020/2021	appear:25 appeared:16 appears:14 appearing:1
452		boy	bɔɪ	n.	男孩	56	10	2009/2010/2011/2012/2013/2014/2016/2018/2020/2021	boy:38 boys:18
453		exercise	ˈeksəsaɪz	n. vi.	锻炼，做操；练习，习题 vi. 锻炼	56	9	2008/2010/2011/2016/2017/2018/2019/2020/2022	exercise:45 exercises:5 exercising:3 exercised:3
454		goal	ɡəʊl	n.	（足球）球门，目标	56	7	2013/2015/2016/2017/2019/2020/2021	goal:38 goals:18
455		head	hed	n. adj. v.	头；头脑(像)；才智；首脑；源头；标题 a. 头部的；主要的；首席的 v. 率领；加标题；用头顶；出发；(船等)驶向	56	12	2010/2011/2012/2013/2014/2015/2016/2017/2018/2019/2021/2022	head:43 headed:8 heads:5
456		join	dʒɔɪn	v.	参加,加入;连接;会合	56	10	2010/2011/2013/2014/2015/2016/2017/2018/2020/2021	join:35 joined:16 joining:4 joins:1
457		order	ˈɔːdə(r)	n.	顺序	56	10	2009/2010/2011/2013/2015/2016/2017/2018/2020/2022	order:43 ordered:6 ordering:4 orders:3
458		summer	ˈsʌmə(r)	n.	夏天，夏季	56	7	2009/2013/2016/2017/2018/2019/2020	summer:56
459		though	ðəʊ	conj.	虽然，可是	56	13	2008/2009/2010/2011/2012/2013/2015/2016/2017/2019/2020/2021/2022	though:56
460		already	ɔːlˈredɪ	adv.	已经	55	14	2009/2010/2011/2012/2013/2014/2015/2016/2017/2018/2019/2020/2021/2022	already:55
461		attention	əˈtenʃ(ə)n	n.	注意，关心	55	12	2008/2010/2011/2012/2013/2014/2015/2018/2019/2020/2021/2022	attention:55
462		bad	bæd	adj.	坏的; 有害的, 不利的; 严重的	55	10	2010/2011/2013/2015/2016/2017/2018/2019/2020/2022	bad:55
463		care	keə(r)	n. v.	照料，保护；小心v. 介意……，在乎；关心	55	13	2008/2010/2011/2012/2013/2014/2015/2016/2017/2019/2020/2021/2022	care:55
464		famous	ˈfeɪməs	adj.	著名的	55	11	2008/2010/2011/2012/2013/2015/2016/2017/2018/2019/2020	famous:55
465		feeling	ˈfiːlɪŋ	n.	感情；感觉	55	13	2008/2009/2010/2011/2012/2014/2015/2016/2017/2018/2019/2020/2021	feeling:37 feelings:18
466		free	friː	adj.	自由，空闲的；免费的	55	11	2008/2009/2011/2013/2014/2015/2016/2017/2018/2019/2022	free:51 freed:2 frees:1 freeing:1
467		introduce	ɪntrəˈdjuːs; (US) -duːs	vt.	介绍	55	13	2008/2009/2010/2011/2013/2015/2016/2017/2018/2019/2020/2021/2022	introduced:24 introduce:23 introducing:5 introduces:3
468		park	ˈpærɪs	n.	公园	55	10	2010/2011/2013/2016/2017/2018/2019/2020/2021/2022	park:34 parks:19 parker:2
469		door	dɔː(r)	n.	门	54	10	2008/2011/2013/2014/2016/2017/2019/2020/2021/2022	door:43 doors:11
470		health	helθ	n.	健康，卫生	54	14	2008/2010/2011/2012/2013/2014/2015/2016/2017/2018/2019/2020/2021/2022	health:54
471		infer	in'fә:	vt.	推断；推定	54	15	2008/2009/2010/2011/2012/2013/2014/2015/2016/2017/2018/2019/2020/2021/2022	infer:39 inferred:14 inferring:1
472		level	ˈlev(ə)l	n.	水平线，水平	54	9	2010/2011/2013/2014/2015/2018/2020/2021/2022	level:32 levels:22
473		London	ˈlʌnd(ə)n	n.	伦敦	54	10	2010/2011/2012/2015/2016/2017/2018/2020/2021/2022	london:54
474		rest	rest	n. vi.	休息；剩余的部分，其余的人（物） vi. 休息，歇息	54	14	2008/2010/2011/2012/2013/2014/2015/2016/2017/2018/2019/2020/2021/2022	rest:47 resting:3 rests:2 rested:2
475		surprise	səˈpraɪz	vt. n.	使惊奇,使诧异 n. 惊奇,诧异	54	11	2008/2010/2012/2013/2014/2015/2018/2019/2020/2021/2022	surprised:28 surprise:18 surprising:8
476		trip	trɪp	n.	旅行，旅程	54	10	2010/2013/2015/2016/2017/2018/2019/2020/2021/2022	trip:47 trips:7
477		under	ˈʌndə(r)	adv. prep.	在…下面，向…下面	54	12	2008/2009/2010/2014/2015/2016/2017/2018/2019/2020/2021/2022	under:54
478		among	əˈmʌŋ	prep.	在…中间；在（三个以上）之间	53	11	2010/2011/2013/2014/2015/2016/2017/2018/2019/2020/2021	among:53
479		century	ˈsentʃərɪ	n.	世纪，百年	53	9	2010/2011/2013/2014/2015/2017/2019/2020/2021	century:36 centuries:17
480		cold	kəʊld	adj. n.	冷的，寒的 n. 寒冷；感冒，伤风	53	12	2008/2010/2011/2012/2013/2014/2015/2016/2019/2020/2021/2022	cold:53
481		describe	dɪˈskraɪb	vt.	描写，叙述	53	13	2008/2009/2010/2011/2012/2013/2014/2015/2016/2018/2019/2020/2021	describes:19 described:19 describe:10 describing:5
482		means	miːnz	n.	方法，手段；财产	53	13	2008/2009/2010/2011/2012/2013/2014/2016/2018/2019/2020/2021/2022	means:53
483		message	ˈmesɪdʒ	n.	消息，音信	53	11	2008/2011/2012/2013/2015/2016/2017/2018/2020/2021/2022	message:35 messages:16 messaging:2
484		model	ˈmɔd(ə)l	n.	模型,原形,范例,模范	53	9	2011/2012/2014/2015/2016/2017/2018/2019/2020	model:28 models:24 modeling:1
485		paper	ˈpeɪpə(r)	n.	纸；报纸	53	8	2010/2013/2014/2015/2016/2018/2019/2021	paper:27 papers:26
486		produce	prəˈdjuːs; (US) -ˈduːs	vt.	生产；制造	53	11	2008/2010/2011/2013/2014/2015/2016/2017/2019/2020/2022	produce:25 producing:13 produced:12 produces:3
487		professor	prəˈfesə(r)	n.	教授	53	8	2010/2011/2014/2015/2017/2018/2019/2020	professor:43 professors:10
488		theater	ˈθɪətə(r)	n.	剧院；戏院；戏剧（英式 theatre）	53	3	2008/2016/2017	theater:51 theaters:2
489		type	ˈtaɪp	vt.	打字	53	11	2008/2010/2012/2013/2014/2015/2016/2017/2018/2019/2021	type:20 types:20 typing:10 typed:3
490		carry	ˈkærɪ	vt.	拿，搬，带，提，抬，背，抱，运等	52	15	2008/2009/2010/2011/2012/2013/2014/2015/2016/2017/2018/2019/2020/2021/2022	carry:28 carried:16 carries:4 carrying:4
491		common	ˈkɔmən	adj.	普通，一般；共有的	52	10	2010/2013/2014/2015/2016/2017/2018/2019/2020/2021	common:51 commons:1
492		exhibition	eksɪˈbɪʃ(ə)n	n.	展览；展览会	52	8	2008/2010/2013/2014/2015/2019/2020/2022	exhibition:44 exhibitions:8
493		patient	ˈpeɪʃ(ə)nt	n.	病人	52	8	2010/2012/2013/2016/2018/2019/2020/2021	patient:27 patients:25
494		prepare	prɪˈpeə(r)	vt.	准备,预备,调制,配制	52	11	2010/2011/2012/2014/2015/2016/2017/2018/2019/2020/2021	prepared:20 prepare:18 preparing:12 prepares:2
495		suggest	səˈdʒest; (US) səɡˈdʒest	vt.	建议，提议	52	12	2008/2010/2011/2012/2013/2015/2016/2017/2018/2020/2021/2022	suggest:26 suggested:14 suggests:8 suggesting:4
496		support	səˈpɔːt	vt. n.	支持，赞助	52	13	2008/2010/2011/2012/2013/2014/2015/2016/2017/2018/2019/2020/2022	support:42 supported:7 supports:2 supporter:1
497		act	ækt	n. v.	法令，条例 v. （戏）表演，扮演（角色），演出（戏）；行动，做事	51	12	2008/2009/2011/2012/2013/2014/2016/2017/2018/2019/2020/2021	act:31 acting:12 acted:5 acts:3
498		activity	ækˈtɪvɪtɪ	n.	活动	51	9	2012/2013/2014/2016/2017/2018/2020/2021/2022	activities:30 activity:21
499		adult	ˈædʌlt	n.	成年人	51	9	2009/2010/2012/2014/2016/2017/2018/2020/2022	adult:27 adults:24
500		cook	kʊk	n. v.	炊事员,厨师 v.烹调,做饭	51	7	2009/2013/2014/2016/2017/2018/2020	cooking:26 cook:21 cooked:4
501		effect	ɪˈfekt	n.	效果；作用	51	10	2010/2012/2013/2015/2016/2017/2018/2019/2020/2021	effect:33 effects:18
502		future	ˈfjuːtʃə(r)	n.	将来	51	13	2008/2009/2010/2012/2014/2015/2016/2017/2018/2019/2020/2021/2022	future:51
503		game	ɡeɪm	n.	游戏；运动；比赛	51	10	2010/2012/2013/2014/2015/2016/2018/2020/2021/2022	games:28 game:23
504		market	ˈmɑːkɪt	n.	市场，集市	51	10	2010/2011/2013/2014/2015/2017/2018/2019/2020/2022	market:39 markets:8 marketing:4
505		miss	mɪs	vt.	失去，错过，缺；Miss.	51	14	2008/2009/2010/2011/2013/2014/2015/2016/2017/2018/2019/2020/2021/2022	miss:25 missed:15 missing:9 misses:2
506		near	nɪə(r)	adj. adv. prep.	近的 ad. 附近，邻近 prep. 在……附近，靠近	51	13	2008/2009/2010/2011/2012/2013/2014/2016/2017/2018/2019/2020/2021	near:40 nearest:11
507		picture	ˈpɪktʃə(r)	n.	图片，画片，照片	51	13	2008/2011/2012/2013/2014/2015/2016/2017/2018/2019/2020/2021/2022	pictures:27 picture:23 pictured:1
508		relationship	rɪˈleɪʃənʃɪp	n.	关系	51	11	2009/2010/2011/2014/2015/2016/2017/2018/2019/2020/2021	relationship:35 relationships:16
509		road	rəʊd	n.	路，道路	51	8	2009/2010/2011/2015/2016/2017/2019/2022	road:46 roads:5
510		such as			例如……；像这种的	51	0		such as:51
511		tree	triː	n.	树	51	9	2010/2012/2014/2015/2016/2017/2018/2019/2020	trees:39 tree:12
512		along	əˈlɔŋ; (US) əˈlɔŋ	adv. prep.	向前；和…一起；一同 prep. 沿着；顺着	50	11	2010/2011/2012/2013/2014/2015/2016/2017/2019/2020/2022	along:50
513		break	breɪk	n.	间隙；break (broke, bro ken	50	13	2009/2010/2011/2012/2013/2014/2015/2016/2017/2019/2020/2021/2022	break:28 broke:9 breaking:7 breaks:6
514		center	ˈsentə(r)	n.	中心，中央(美)	50	8	2010/2011/2014/2015/2017/2018/2019/2021	center:45 centers:3 centered:2
515		clothes	klɔðz; (US) kləʊz	n.	衣服；各种衣物	50	12	2009/2010/2011/2012/2013/2015/2016/2017/2019/2020/2021/2022	clothes:50
516		conversation	kɔnvəˈseɪʃ(ə)n	n.	谈话，交谈	50	10	2009/2010/2012/2013/2014/2016/2017/2018/2020/2021	conversation:33 conversations:17
517		excite	ɪkˈsaɪt	vt.	使兴奋，使激动	50	14	2009/2010/2011/2012/2013/2014/2015/2016/2017/2018/2019/2020/2021/2022	exciting:26 excited:20 excite:3 excites:1
518		meal	miːl	n.	一餐（饭） ；mean(meant,meant	50	13	2008/2010/2011/2013/2014/2015/2016/2017/2018/2019/2020/2021/2022	meal:27 meals:23
519		mountain	ˈmaʊntɪn(z)	n.	山，山脉	50	9	2008/2010/2014/2015/2016/2018/2019/2020/2022	mountain:25 mountains:25
520		piece	paɪ	n.	一块（片，张，件…	50	13	2008/2010/2011/2012/2013/2014/2015/2016/2017/2018/2019/2020/2021	pieces:28 piece:22
521		point	pɔɪnt	v. n.	指，指向 n. 点；分数	50	13	2008/2009/2011/2013/2014/2015/2016/2017/2018/2019/2020/2021/2022	point:33 points:13 pointed:4
522		send	send	vt.	送，寄；派遣	50	14	2008/2009/2010/2011/2012/2013/2014/2015/2016/2017/2019/2020/2021/2022	sent:18 send:16 sending:10 sends:6
523		ski	skiː	n. vi.	滑雪板；滑雪	50	4	2010/2012/2015/2019	ski:38 skiing:6 skies:4 skied:2
524		touch	tʌtʃ	vt.	触摸，接触	50	11	2008/2010/2011/2012/2013/2015/2017/2018/2019/2020/2022	touch:35 touched:8 touching:7
525		true	truː	adj.	真的，真实的；忠诚的	50	14	2008/2009/2010/2011/2012/2014/2015/2016/2017/2018/2019/2020/2021/2022	true:50
526		up to			达到（某数量、程度等）；直到；不多于； （体力或智力上）能胜任	50	0		up to:50
527		whether	ˈweðə(r); (US) ˈhweðər	conj.	是否	50	11	2010/2011/2013/2014/2015/2016/2017/2018/2019/2020/2022	whether:50
528		WWW		abbr.	万维网（World Wide Web）；世界气象监视网（World Weather Watch）	50	4	2010/2015/2016/2022	www:50
529		across	əˈkrɔs	prep.	横过，穿过	49	12	2008/2010/2011/2012/2013/2014/2016/2017/2018/2019/2021/2022	across:49
530		control	kənˈtrol	vt. n.	控制	49	10	2008/2012/2013/2014/2016/2017/2018/2019/2020/2021	control:38 controlling:4 controlled:4 controls:3
531		doctor	ˈdɔktə(r)	n.	医生，大夫；博士	49	9	2010/2011/2013/2016/2017/2018/2019/2021/2022	doctor:37 doctors:12
532		energy	ˈenədʒɪ	n.	y；精力，能量	49	6	2008/2009/2011/2014/2018/2020	energy:49
533		explore	ɪkˈsplɔː(r)	v.	探险	49	8	2014/2015/2017/2018/2019/2020/2021/2022	explore:29 exploring:13 explored:6 explores:1
534		fish	fɪʃ	n. vi.	鱼；鱼肉 vi. 钓鱼；捕鱼	49	6	2010/2014/2016/2017/2018/2020	fish:43 fishing:5 fishes:1
535		foot	fut	n.	脚; 底部; 英尺	49	14	2008/2009/2010/2011/2012/2013/2014/2015/2017/2018/2019/2020/2021/2022	feet:39 foot:9 footing:1
536		land	lænd	n. v.	陆地,土地v.登岸(陆)降落	49	11	2009/2010/2011/2013/2015/2016/2017/2019/2020/2021/2022	land:28 landing:13 landed:6 lands:2
537		learned	ˈlɜːnɪd	adj.	有才华的；博学的	49	10	2010/2011/2012/2013/2014/2015/2017/2018/2020/2022	learned:49
538		library	ˈlaɪbrərɪ; (US) ˈlaɪbrerɪ	n.	图书馆，图书室	49	6	2010/2012/2014/2018/2019/2020	library:34 libraries:15
539		list	lɪst	n.	一览表，清单	49	8	2008/2011/2013/2016/2018/2019/2020/2021	list:33 listed:9 lists:4 listing:3
540		milk	mɪlk	n. vt.	牛奶 vt. 挤奶	49	5	2010/2011/2012/2020/2021	milk:47 milked:2
541		painting	ˈpeɪntɪŋ	n.	油画，水彩画	49	5	2012/2013/2015/2018/2020	paintings:29 painting:20
542		possible	ˈpɔsɪb(ə)l	adj.	可能的	49	13	2008/2009/2010/2011/2012/2013/2016/2017/2018/2019/2020/2021/2022	possible:49
543		raise	reɪz	vt.	使升高； 饲养	49	9	2010/2014/2015/2016/2017/2018/2019/2020/2022	raise:17 raising:17 raised:8 raises:7
544		refer	rɪˈfɜː(r)	vi.	谈到,提到,涉及,有关	49	13	2009/2010/2011/2012/2013/2014/2015/2016/2017/2018/2019/2020/2022	refer:33 refers:11 referred:3 referring:2
545		second	ˈsekənd	n. num. adj.	秒 num.第二a.第二的	49	14	2008/2009/2010/2011/2013/2014/2015/2016/2017/2018/2019/2020/2021/2022	second:39 seconds:10
546		space	speɪs	n.	空间	49	10	2008/2010/2011/2013/2017/2018/2019/2020/2021/2022	space:42 spaces:5 spaced:2
547		store	stɔː(r)	n. vt.	商店 vt. 储藏，存储	49	11	2009/2010/2011/2012/2013/2014/2015/2016/2017/2019/2020	store:31 stores:8 stored:7 storing:3
548		thinking	ˈθɪŋkɪŋ	n.	思索;见解;想法	49	11	2008/2010/2011/2013/2014/2015/2016/2017/2018/2020/2021	thinking:49
549		almost	ˈɔːlməʊst	adv.	几乎，差不多	48	10	2008/2010/2011/2012/2013/2016/2018/2019/2020/2021	almost:48
550		challenge	ˈtʃælɪndʒ	n.	挑战(性	48	11	2010/2011/2013/2014/2016/2017/2018/2019/2020/2021/2022	challenge:39 challenges:7 challenged:2
551		customer	ˈkʌstəmə(r)	n.	（商店）顾客，主顾	48	9	2010/2011/2013/2014/2015/2016/2019/2020/2022	customers:37 customer:11
552		ever	ˈevə(r)	adv.	曾经；无论何时	48	13	2008/2010/2012/2013/2014/2015/2016/2017/2018/2019/2020/2021/2022	ever:48
553		everything	ˈevrɪθɪŋ	pron.	每件事，事事	48	9	2008/2010/2011/2012/2015/2016/2018/2020/2021	everything:48
554		ice	aɪs	n.	冰	48	10	2009/2010/2011/2014/2015/2016/2017/2018/2020/2022	ice:48
555		nothing	ˈnʌθɪŋ	n. adv.	没有东西,没有什么 adv.一点也不；并不	48	11	2008/2011/2012/2013/2014/2015/2016/2017/2018/2020/2022	nothing:48
556		quality	ˈkwɔlɪtɪ	n.	质量，性质	48	9	2010/2013/2015/2016/2017/2018/2019/2020/2022	quality:34 qualities:14
557		reduce	rɪˈdjuːs; (US) -ˈduːs	vt.	减少，缩减	48	12	2010/2012/2013/2014/2015/2016/2017/2018/2019/2020/2021/2022	reduce:31 reduced:13 reducing:4
558		smile	smaɪl	n. v.	微笑	48	8	2008/2010/2011/2016/2017/2018/2020/2022	smile:22 smiling:14 smiled:10 smiles:2
559		son	sʌn	n.	儿子	48	13	2008/2009/2010/2011/2012/2013/2014/2016/2017/2018/2019/2020/2022	son:43 sons:5
560		tradition	trəˈdɪʃ(ə)n	n.	传统，风俗	48	8	2014/2015/2016/2017/2018/2019/2020/2022	traditions:30 tradition:18
561		training	ˈtreɪnɪŋ	n.	培训	48	7	2010/2011/2013/2015/2016/2019/2020	training:48
562		trust	trʌst	vt.	相信，信任，信赖	48	11	2010/2011/2012/2013/2014/2015/2016/2018/2019/2021/2022	trust:44 trusted:4
563		actually	'æktʃuәli	adv.	实际上	47	11	2008/2009/2011/2012/2013/2015/2016/2017/2019/2020/2021	actually:47
564		add	æd	vt.	添加，增加	47	9	2010/2011/2014/2016/2017/2018/2019/2020/2022	add:20 added:17 adding:8 adds:2
565		focus	ˈfəʊkəs	v. n.	/ n.集中（注意力，精力）于，焦点，中心点	47	10	2011/2013/2014/2015/2016/2017/2018/2019/2020/2021	focus:31 focused:11 focusing:4 focuses:1
566		march	mɑːtʃ	n.	游行，行进	47	9	2010/2011/2014/2015/2016/2017/2018/2020/2022	march:45 marched:2
567		price	praɪs	n.	价格，价钱	47	10	2008/2010/2011/2013/2015/2016/2017/2019/2020/2022	price:27 prices:18 priced:2
568		side	ˈsɪknɪs	n.	边，旁边，面，侧面；sideroad (AmE sidewalk) n.人行道	47	12	2008/2009/2010/2011/2012/2013/2015/2016/2017/2019/2020/2022	side:38 sides:9
569		star	stɑː(r)	n.	星，恒星	47	11	2009/2010/2012/2013/2016/2017/2018/2019/2020/2021/2022	stars:17 star:17 stared:8 stares:2
570		success	səkˈses	n.	成功	47	11	2010/2011/2012/2013/2014/2015/2016/2017/2018/2019/2022	success:47
571		wall	wɔːl	n.	墙	47	9	2008/2010/2011/2013/2015/2017/2018/2020/2021	wall:26 walls:15 waller:4 walled:2
572		clear	klɪə(r)	adj.	清晰；明亮的；清楚的	46	14	2008/2009/2010/2011/2012/2014/2015/2016/2017/2018/2019/2020/2021/2022	clear:41 cleared:3 clears:2
573		college	ˈkɔlɪdʒ	n.	学院；专科学校	46	11	2008/2012/2013/2014/2015/2016/2017/2018/2019/2021/2022	college:41 colleges:5
574		computer	kəmˈpjuːtə(r)	n.	电子计算机	46	9	2008/2010/2011/2013/2015/2016/2018/2019/2020	computer:34 computers:12
575		difference	ˈdɪfrəns	n.	不同	46	10	2010/2011/2012/2013/2015/2016/2017/2019/2020/2021	differences:23 difference:23
576		eye	aɪ	n.	眼睛	46	12	2008/2009/2010/2011/2012/2013/2015/2016/2017/2018/2019/2022	eyes:34 eye:12
577		government	ˈɡʌvənmənt	n.	政府	46	9	2008/2010/2011/2014/2016/2017/2018/2019/2022	government:39 governments:7
578		late	leɪt	adj. adv.	晚的,迟的ad.晚地,迟地	46	11	2010/2011/2013/2014/2015/2017/2018/2019/2020/2021/2022	late:46
579		least	liːst	n.	最少，最少量	46	12	2008/2009/2010/2012/2013/2014/2015/2016/2018/2019/2020/2021	least:46
580		matter	ˈmætə(r)	n. vi.	要紧事，要紧, 事情；问题 vi. 要紧，有重大关系	46	11	2011/2013/2014/2015/2016/2017/2018/2019/2020/2021/2022	matter:33 matters:9 mattered:4
581		newspaper	njuːz; (US) nuːz	n.	报纸	46	6	2008/2011/2014/2015/2019/2020	newspapers:28 newspaper:18
582		past	pɑːst; (US) pæst	adv. n. prep.	过 n.过去，昔日，往事 prep. 过…，走过某处	46	15	2008/2009/2010/2011/2012/2013/2014/2015/2016/2017/2018/2019/2020/2021/2022	past:46
583		station	ˈsteɪʃ(ə)n	n.	站，所，车站；电台	46	9	2011/2013/2014/2015/2016/2018/2019/2020/2021	station:34 stations:12
584		town	taʊn	n.	城镇，城	46	8	2010/2011/2013/2015/2017/2018/2019/2020	town:36 towns:10
585		writing	raɪt	n.	书写，写	46	10	2010/2011/2013/2014/2016/2017/2018/2019/2020/2022	writing:46
586		green	ɡriːn	adj. n.	绿色的；青的 n. 绿色	45	8	2008/2010/2012/2013/2014/2015/2019/2020	green:40 greener:4 greens:1
587		outside	aʊtˈsaɪd	n. adv. prep.	外面 ad. 在外面；向外面 prep. 在…外面	45	11	2008/2009/2010/2011/2015/2016/2017/2018/2019/2020/2021	outside:45
588		project	ˈprɔdʒekt	n.	工程	45	7	2010/2013/2014/2015/2017/2019/2020	project:35 projects:10
589		restaurant	ˈrestərɔnt; (US) ˈrestərənt	n.	饭馆, 饭店	45	10	2010/2011/2012/2013/2014/2015/2016/2018/2019/2022	restaurant:28 restaurants:17
590		short	ʃɔːt	adj.	短的；矮的	45	12	2008/2009/2010/2011/2012/2014/2015/2016/2017/2018/2019/2020	short:43 shorter:2
591		themselves	ðəmˈselvz	pron.	他/她/它们自己	45	10	2010/2011/2012/2013/2014/2015/2016/2017/2019/2021	themselves:45
592		available	əˈveɪləbl	adj.	可获得的，有空的	44	10	2008/2010/2011/2012/2014/2016/2017/2018/2019/2022	available:44
593		father	ˈfɑːðə(r)	n.	父亲	44	10	2008/2010/2011/2012/2013/2014/2017/2018/2020/2022	father:43 fathers:1
594		full	fʊl	adj.	满的，充满的；完全的	44	14	2009/2010/2011/2012/2013/2014/2015/2016/2017/2018/2019/2020/2021/2022	full:44
595		jazz	dʒæz	n.	爵士音乐，爵士舞曲	44	3	2016/2017/2022	jazz:44
596		memory	ˈmemərɪ	n.	回忆，记忆	44	8	2008/2011/2012/2013/2015/2016/2017/2022	memory:26 memories:18
597		perform	pəˈfɔːm	v.	表演，履行；行动	44	11	2009/2010/2012/2013/2014/2016/2017/2018/2019/2020/2022	perform:19 performed:12 performing:11 performs:2
598		product	ˈprɔdʌkt	n.	产品，制品	44	9	2010/2011/2013/2014/2018/2019/2020/2021/2022	products:24 product:20
599		race	reɪs	n. v.	种族，民族 v. （速度）竞赛，比赛 n. 赛跑，竞赛	44	6	2008/2013/2014/2015/2020/2021	race:41 races:2 racing:1
600		understand	.ʌndә'stænd	v.	懂得; 明白; 理解	44	12	2009/2011/2013/2014/2015/2016/2017/2018/2019/2020/2021/2022	understand:37 understood:5 understands:2
601		condition	kənˈdɪʃ(ə)n	n.	条件，状况	43	9	2009/2013/2014/2015/2016/2017/2020/2021/2022	conditions:27 condition:8 conditioned:4 conditioner:2
602		enter	ˈentə(r)	vt.	进入	43	10	2008/2010/2011/2012/2013/2014/2015/2017/2018/2021	enter:26 entered:10 enters:4 entering:3
603		environment	ɪnˈvaɪərənmənt	n.	环境	43	10	2012/2013/2014/2015/2016/2018/2019/2020/2021/2022	environment:41 environments:2
604		fill	fɪl	vt.	填空，装满	43	10	2008/2010/2011/2015/2016/2017/2018/2019/2020/2021	filled:22 fill:13 filling:6 fills:2
605		follow	ˈfɔləʊ	vt.	跟随；仿效；跟得上	43	12	2008/2009/2010/2011/2012/2014/2015/2016/2018/2019/2020/2021	follow:18 follows:11 followed:10 follower:4
606		happy	ˈhæpɪ	adj.	幸福；快乐的，高兴的；harbour (美harbor	43	10	2009/2010/2011/2012/2013/2014/2015/2017/2019/2020	happy:31 happier:9 happiest:3
607		holiday	ˈhɔlɪdɪ	n.	假日；假期	43	8	2010/2013/2014/2015/2016/2017/2018/2020	holiday:37 holidays:6
608		island	ˈaɪlənd	n.	岛	43	8	2010/2011/2012/2015/2016/2017/2020/2022	island:32 islands:11
609		kill	kɪl	v.	杀死，弄死	43	9	2008/2010/2011/2014/2016/2017/2018/2019/2021	kill:16 killed:12 killing:12 killer:3
610		mile	maɪl	n.	英里	43	9	2010/2013/2014/2015/2016/2017/2018/2019/2020	miles:34 mile:9
611		poor	pʊə(r)	adj.	贫穷；可怜；不好的,差的	43	9	2010/2011/2012/2013/2014/2015/2016/2018/2019	poor:38 poorest:3 poorer:2
612		ready	ˈredɪ	adj.	准备好的	43	10	2011/2013/2014/2015/2016/2017/2018/2019/2020/2021	ready:41 readying:2
613		remain	rɪˈmeɪn	vt. vi.	余下,留下vi.保持,仍是	43	14	2008/2009/2010/2011/2012/2014/2015/2016/2017/2018/2019/2020/2021/2022	remained:13 remains:12 remain:10 remaining:8
614		running	ˈrʌnɪŋ	n.	跑步	43	8	2008/2010/2014/2015/2017/2018/2019/2020	running:43
615		situation	sɪtjʊˈeɪʃ(ə)n	n.	形势，情况	43	9	2008/2011/2012/2013/2014/2015/2018/2019/2021	situation:38 situations:5
616		smart	smɑːt	adj.	灵巧的，伶俐的；（人、服装等）时髦的，帅的；smell (smelt, smelt 或-ed,-ed	43	7	2012/2013/2017/2018/2019/2021/2022	smart:38 smarter:5
617		stress	stres	n. v.	精神压力，心理负担 v. 强调，重读	43	7	2009/2010/2012/2016/2017/2019/2020	stress:32 stressed:7 stresses:4
618		top	tɔp	n.	顶部,（物体的）上面	43	11	2008/2010/2013/2014/2015/2016/2017/2018/2019/2020/2022	top:40 tops:3
619		usually	ˈjuːʒʊəlɪ	adv.	通常，经常	43	13	2008/2009/2010/2011/2012/2013/2014/2016/2017/2018/2019/2020/2022	usually:43
620		answer	ˈɑːnsə(r); (US) ˈænsər	n. v.	回答,答复;回信;答案 v.回答,答复;回信;（作出）答案	42	11	2008/2010/2011/2012/2013/2014/2016/2017/2019/2020/2021	answer:30 answers:7 answering:4 answered:1
621		benefit	ˈbenɪfɪt	n. v.	/ v.优势,益处,使…受益	42	8	2010/2011/2017/2018/2019/2020/2021/2022	benefits:29 benefit:12 benefited:1
622		cover	ˈkʌvə(r)	n. v.	盖子；罩 v. 覆盖，遮盖；掩盖	42	12	2008/2010/2011/2012/2013/2016/2017/2018/2019/2020/2021/2022	covered:19 cover:16 covering:4 covers:3
623		invite	ɪnˈvaɪt	vt.	邀请，招待	42	10	2010/2011/2012/2014/2016/2017/2018/2019/2021/2022	invited:18 invite:14 invites:8 inviting:2
624		key	kiː	n.	钥匙;答案;键;关键	42	9	2008/2010/2011/2013/2016/2017/2018/2019/2022	key:36 keys:6
625		machine	məˈʃiːn	n.	机器	42	5	2010/2014/2016/2018/2020	machines:26 machine:16
626		member	ˈmembə(r)	n.	成员，会员	42	9	2010/2011/2013/2015/2016/2017/2018/2019/2021	members:24 member:18
627		positive	'pɒzitiv	adj.	肯定的, 积极的, 相信, 确实的	42	11	2010/2012/2013/2014/2015/2016/2017/2018/2019/2020/2022	positive:40 positives:2
628		promote	prəˈməʊt	v.	促进,推动,促销,晋升	42	8	2011/2014/2015/2016/2019/2020/2021/2022	promote:29 promoted:7 promoting:4 promotes:2
629		rich	rɪtʃ	adj.	富裕的，有钱的；rid (rid, rid / ridded, ridded	42	10	2010/2011/2012/2013/2015/2016/2017/2018/2019/2020	rich:37 riches:2 richer:2 richest:1
630		several	ˈsevr(ə)l	pron. adj.	几个,数个 a.若干	42	12	2009/2011/2012/2013/2014/2015/2016/2017/2018/2019/2020/2021	several:42
631		toward	təˈwɔːd	prep.	向，朝，对于	42	12	2010/2011/2012/2013/2014/2015/2016/2017/2018/2019/2020/2022	towards:24 toward:18
632		view	vjuː	n.	看法,见解;风景,景色	42	8	2010/2013/2014/2016/2018/2019/2020/2021	view:26 viewing:7 views:6 viewed:3
633		white	waɪt; (US) hwaɪt	adj. n.	白色的 n. 白色	42	10	2009/2010/2011/2012/2013/2016/2017/2020/2021/2022	white:42
634		although	ɔːlˈðəʊ	conj.	虽然，尽管	41	12	2008/2010/2011/2012/2013/2014/2015/2016/2017/2018/2020/2022	although:41
635		bed	bed	n.	床	41	9	2010/2011/2012/2014/2015/2016/2017/2020/2021	bed:22 beds:19
636		complete	kəmˈpliːt	adj. vt.	完成vt. 完成，结束	41	11	2008/2010/2012/2013/2014/2015/2016/2017/2018/2021/2022	complete:30 completed:8 completing:3
637		development	dɪˈveləpmənt	n.	发展，发达，发育，开发	41	12	2008/2010/2011/2012/2014/2015/2016/2017/2018/2019/2020/2022	development:41
638		forget	fəˈrevə(r)	v.	(forgot, forgotten) v. 忘记；忘掉	41	14	2008/2009/2010/2011/2012/2013/2014/2015/2017/2018/2019/2020/2021/2022	forget:27 forgot:7 forgotten:7
639		fresh	freʃ	adj.	新鲜的	41	6	2012/2015/2016/2018/2019/2022	fresh:41
640		heart	hɑːt	n.	心.心脏, 纸牌中的红桃	41	10	2008/2010/2014/2016/2017/2018/2019/2020/2021/2022	heart:40 hearts:1
641		passage	ˈpæsɪdʒ	n.	（文章等的）一节，一段；通道；走廊	41	9	2008/2009/2010/2011/2013/2014/2015/2016/2020	passage:41
642		personal	ˈpɜːsən(ə)l	adj.	个人的，私人的	41	10	2008/2010/2012/2013/2014/2015/2016/2018/2019/2021	personal:41
643		practice	ˈpræktɪs	n.	练习	41	10	2009/2010/2012/2013/2014/2016/2018/2020/2021/2022	practice:27 practices:7 practicing:5 practiced:2
644		railway	ˈreɪlweɪ	n.	铁路；铁道	41	3	2010/2017/2022	railway:32 railways:9
645		serve	sɜːv	vt.	招待（顾客等）,服务	41	10	2008/2010/2011/2013/2014/2015/2016/2017/2018/2020	served:13 serves:11 serve:11 serving:6
646		sign	saɪn	n.	符号，标记	41	8	2010/2011/2015/2016/2017/2018/2020/2022	sign:21 signed:9 signs:9 signing:2
647		similar	ˈsɪmɪlə(r)	adj.	相似的，像	41	9	2010/2012/2013/2014/2017/2018/2020/2021/2022	similar:41
648		simply	ˈsɪmplɪ	adv.	简单地,(加强语气)的确	41	11	2011/2013/2014/2015/2016/2017/2018/2019/2020/2021/2022	simply:41
649		sun	sʌn	n.	太阳，阳光	41	8	2008/2009/2010/2014/2015/2019/2020/2022	sun:41
650		value	ˈvæljuː	n.	价值，益处	41	11	2008/2009/2010/2011/2012/2013/2016/2017/2018/2019/2020	value:26 values:12 valued:3
651		variety	vəˈraɪətɪ	n.	种种，种类	41	11	2008/2009/2011/2012/2013/2015/2016/2017/2018/2019/2020	variety:31 varieties:10
652		accept	əkˈsept	vt.	接受	40	11	2008/2010/2011/2014/2015/2016/2017/2018/2020/2021/2022	accept:24 accepted:14 accepting:2
653		against	əˈɡeɪnst	prep.	对着，反对	40	9	2010/2011/2012/2013/2015/2016/2017/2019/2021	against:40
654		anyone	ˈenɪwʌn	pron.	任何人，无论谁	40	9	2008/2010/2011/2014/2016/2017/2020/2021/2022	anyone:40
655		check	tʃek	n. vt.	检查；批改 vt. 校对，核对； 检查；批改	40	10	2008/2010/2013/2014/2015/2016/2017/2019/2020/2022	check:21 checking:9 checked:8 checks:2
656		consider	kənˈsɪdə(r)	vt.	考虑	40	13	2009/2010/2011/2013/2014/2015/2016/2017/2018/2019/2020/2021/2022	consider:19 considered:17 considering:3 considers:1
657		driver	ˈdraɪvə(r)	n.	司机，驾驶员	40	6	2010/2011/2013/2014/2016/2017	drivers:22 driver:18
658		engineer	endʒɪˈnɪə(r)	n.	工程师；技师	40	7	2009/2010/2015/2017/2019/2020/2022	engineers:23 engineering:9 engineer:8
659		especially	ɪˈspeʃəlɪ	adv.	特别，尤其	40	10	2008/2010/2012/2013/2014/2015/2016/2018/2019/2021	especially:40
660		fruit	fruːt	n.	水果；果实	40	8	2011/2014/2016/2018/2019/2020/2021/2022	fruit:24 fruits:16
661		gallery	ˈɡælərɪ	n.	画廊；美术品陈列室	40	6	2008/2011/2013/2014/2020/2022	gallery:36 galleries:4
662		ground	ɡraʊnd	n.	地面	40	7	2009/2010/2012/2013/2017/2020/2021	ground:40
663		interesting	ˈɪntrətɪŋ	adj.	有趣的	40	11	2009/2010/2011/2012/2013/2016/2017/2018/2019/2020/2021	interesting:40
664		lesson	ˈles(ə)n	n.	课；功课；教训；let (let, let	40	10	2010/2011/2012/2013/2014/2015/2016/2017/2018/2020	lesson:22 lessons:18
665		main	meɪn	adj.	主要的	40	12	2008/2010/2011/2012/2013/2014/2015/2016/2018/2020/2021/2022	main:40
666		method	ˈmeθəd	n.	方法，办法；metre (美meter	40	10	2010/2011/2013/2015/2016/2017/2018/2019/2020/2022	methods:20 method:20
667		online	ˌɒnˈlaɪn	adj. adv.	在线的；联网的；在线地	40	6	2013/2015/2016/2017/2018/2019	online:40
668		Paris	ˈpærɪs	n.	巴黎	40	4	2015/2017/2018/2020	paris:40
669		per	pə(r)	prep.	每，每一	40	8	2010/2013/2015/2016/2017/2018/2020/2022	per:40
670		pet	pet	n.	宠物，爱畜	40	6	2010/2012/2014/2016/2017/2019	pet:25 peter:15
671		season	ˈsiːz(ə)n	n.	季；季节	40	7	2010/2013/2015/2016/2019/2020/2022	season:30 seasons:6 seasoned:2 seasoning:2
672		six	sɪks	num.	六	40	11	2010/2011/2012/2014/2015/2016/2017/2019/2020/2021/2022	six:40
673		sport	spɔːt	n.	体育运动，锻炼；(复，英)运动会	40	11	2008/2010/2013/2014/2016/2017/2018/2019/2020/2021/2022	sport:20 sports:18 sporting:2
674		sugar	ˈʃʊɡə(r)	n.	糖	40	6	2010/2012/2013/2018/2020/2022	sugar:40
675		cause	kɔːz	n. vt.	原因，起因 vt. 促使，引起，使发生	39	13	2008/2011/2012/2013/2014/2015/2016/2017/2018/2019/2020/2021/2022	cause:20 caused:12 causes:7
676		chair	tʃeə(r)	n.	椅子	39	6	2011/2013/2014/2016/2017/2020	chair:33 chairs:6
677		choice	tʃɔɪs	n.	选择；抉择	39	7	2008/2010/2012/2014/2015/2016/2018	choices:23 choice:16
678		English	ˈɪŋɡlɪʃ	adj. n.	英国的，英国人的，英语的 n. 英语	39	6	2010/2011/2014/2018/2019/2022	english:39
679		festival	ˈfestɪvəl	adj.	节日的，喜庆的	39	8	2011/2013/2014/2016/2017/2018/2020/2022	festival:37 festivals:2
680		healthy	ˈhelθɪ	adj.	健康的，健壮的	39	10	2010/2014/2015/2016/2017/2018/2019/2020/2021/2022	healthy:30 healthier:9
681		please	pliːz	v.	请,使人高兴,使人满意	39	6	2008/2011/2014/2016/2017/2020	please:37 pleases:2
682		receive	rɪˈsiːv	v.	收到，得到	39	12	2009/2010/2011/2012/2013/2015/2016/2017/2018/2019/2020/2021	received:19 receive:13 receiving:4 receives:3
683		rise	raiz	v.	上升, 上涨; 升起, 起身	39	8	2011/2012/2013/2014/2016/2017/2018/2020	rise:25 rising:7 risen:5 rises:2
684		wear	wєә	v.	穿着, 戴; 留蓄; 带着，表现出; 磨损	39	11	2008/2009/2010/2011/2012/2013/2014/2016/2017/2020/2022	wear:16 wearing:9 wore:9 wears:5
685		yet	jet	adv.	尚，还，仍然	39	10	2010/2011/2013/2014/2015/2016/2017/2020/2021/2022	yet:39
686		ability	əˈbɪlɪtɪ	n.	能力；才能	38	9	2009/2010/2012/2014/2016/2019/2020/2021/2022	ability:34 abilities:4
687		alone	əˈləʊn	adj.	单独的，孤独的	38	8	2010/2011/2014/2016/2017/2018/2019/2022	alone:38
688		busy	ˈbɪzɪ	adj.	忙（碌）的	38	7	2008/2010/2013/2014/2017/2018/2022	busy:36 busier:2
689		certain	ˈsɜːt(ə)n	adj.	（未指明真实名称的）某…；确定的，无疑的；一定会…	38	9	2010/2013/2014/2015/2016/2017/2019/2020/2021	certain:38
690		coffee	ˈkɔfɪ; (US) ˈkɔːfɪ	n.	咖啡	38	6	2010/2015/2016/2017/2018/2021	coffee:38
691		collection	kəˈlekʃ(ə)n	n.	收藏品，收集物	38	8	2008/2010/2012/2013/2014/2016/2020/2022	collections:21 collection:17
692		force	fɔːs	vt.	强迫，迫使	38	12	2009/2010/2011/2013/2014/2015/2016/2017/2019/2020/2021/2022	forced:26 force:8 forcing:3 forces:1
693		listen	ˈlɪs(ə)n	vi.	听,仔细听	38	11	2008/2011/2012/2013/2014/2015/2016/2017/2018/2019/2022	listening:15 listen:15 listened:5 listener:2
694		noise	nɔɪz	n.	声音，噪声，喧闹声	38	6	2011/2014/2015/2017/2018/2021	noise:35 noises:3
695		promise	ˈprɔmɪs	n. vi.	答应，允诺	38	13	2008/2010/2011/2012/2013/2014/2015/2016/2018/2019/2020/2021/2022	promise:22 promised:8 promising:7 promises:1
696		strong	strɔŋ; (US) strɔːɡ	adj.	强(壮)的；坚固的；强烈的；坚强的	38	11	2008/2010/2011/2012/2013/2015/2016/2017/2019/2020/2021	strong:28 stronger:7 strongest:3
697		task	tɑːsk; (US) tæsk	n.	任务, 工作	38	9	2009/2010/2011/2013/2016/2017/2020/2021/2022	task:21 tasks:17
698		weight	weɪt	n.	重，重量	38	10	2010/2011/2012/2013/2014/2015/2017/2020/2021/2022	weight:36 weighting:2
699		avoid	əˈvɔɪd	v.	避免，躲开，逃避；awake (awoke, awoken	37	9	2013/2014/2015/2016/2017/2018/2019/2021/2022	avoid:26 avoided:7 avoiding:4
700		cafe	ˈkæfeɪ; (US) kæˈfeɪ	n.	咖啡馆； 餐馆	37	4	2015/2016/2019/2020	cafes:25 cafe:12
701		calm	kɑːm; (US) kɑːlm	adj. v.	镇静,沉着的 v.镇静沉着	37	13	2008/2009/2010/2011/2012/2013/2014/2016/2017/2018/2019/2021/2022	calm:27 calmed:5 calming:3 calmer:2
702		card	kɑːd	n.	卡片；名片；纸牌	37	8	2009/2010/2013/2014/2015/2016/2018/2022	card:23 cards:14
703		device	di'vais	n.	方法；技巧；装置；仪器	37	4	2016/2018/2019/2020	devices:26 device:11
704		Dr		n.	医生; 博士	37	6	2009/2013/2016/2017/2019/2020	dr:37
705		husband	ˈhʌzbənd	n.	丈夫	37	10	2009/2010/2011/2012/2013/2014/2015/2018/2019/2020	husband:36 husbands:1
706		law	lɔː	n.	法律，法令；定律	37	7	2010/2011/2012/2013/2014/2016/2020	law:32 laws:5
707		perhaps	pəˈhæps	adv.	可能，或	37	11	2008/2010/2011/2013/2014/2017/2018/2019/2020/2021/2022	perhaps:37
708		production	prəˈdʌkʃ(ə)n	n.	生产；制造	37	8	2010/2011/2013/2017/2018/2019/2020/2022	production:29 productions:8
709		quite	kwaɪt	adv.	完全，十分	37	10	2008/2009/2010/2011/2012/2013/2016/2017/2018/2019	quite:37
710		red	red	n. adj.	红色 a.红色的	37	7	2010/2012/2013/2015/2017/2018/2020	red:37
711		saying	ˈseɪɪŋ	n.	说，俗话，谚语	37	8	2010/2011/2013/2015/2017/2018/2020/2021	saying:37
712		taste	teɪst	n. vt.	品尝, 尝味；味道 vt. 品尝, 尝味	37	9	2008/2010/2013/2014/2015/2016/2017/2018/2021	taste:30 tastes:4 tasting:2 tasted:1
713		apple	ˈæp(ə)l	n.	苹果	36	3	2015/2016/2020	apple:21 apples:15
714		audience	ˈɔːdɪəns	n.	观众，听众	36	6	2011/2013/2014/2017/2019/2022	audience:34 audiences:2
715		creative	kri:'eitiv	adj.	创造性的	36	5	2016/2019/2020/2021/2022	creative:36
716		cultural	'kʌltʃәrәl	adj.	文化的	36	8	2011/2012/2014/2016/2017/2020/2021/2022	cultural:36
717		elephant	ˈelɪfənt	n.	象	36	4	2011/2014/2016/2020	elephants:28 elephant:8
718		evening	ˈiːvnɪŋ	n.	傍晚，晚上	36	8	2008/2010/2011/2014/2015/2016/2018/2020	evening:34 evenings:2
719		mention	ˈmenʃ(ə)n	n. vt.	提及；记载 vt. 提到，说起；提名表扬	36	9	2008/2010/2011/2012/2013/2014/2016/2019/2021	mentioned:20 mention:13 mentioning:3
720		position	pəˈzɪʃ(ə)n	n.	位置	36	10	2008/2010/2011/2012/2013/2014/2018/2019/2021/2022	position:25 positions:8 positioned:3
721		bike	baɪk	n.	自行车	35	4	2013/2014/2018/2021	bike:30 bikes:3 biking:2
722		case	keɪs	n.	情况；病例；案件；真相 n. 箱；盒；容器	35	9	2010/2011/2012/2014/2016/2017/2020/2021/2022	case:23 cases:12
723		club	klʌb	n.	俱乐部；纸牌中的梅花	35	9	2010/2011/2013/2015/2016/2017/2019/2021/2022	club:35
724		deep	diːp	adj. adv.	深 ad. 深；深厚	35	10	2009/2011/2012/2013/2016/2017/2018/2019/2020/2022	deep:26 deeper:7 deepest:2
725		else	els	adv.	别的，其他的	35	11	2010/2011/2013/2014/2015/2016/2017/2018/2019/2020/2022	else:35
726		generation	dʒenəˈreɪʃ(ə)n	n.	代，一代	35	10	2010/2011/2014/2015/2016/2017/2018/2020/2021/2022	generations:19 generation:16
727		low	ləʊ	adj. adv.	低；矮	35	12	2008/2011/2012/2013/2014/2015/2017/2018/2019/2020/2021/2022	low:30 lowest:5
728		nest	nest	n.	巢；窝	35	4	2012/2014/2017/2022	nest:28 nests:5 nested:2
729		object	ˈɔbdʒɪkt	n.	物，物体；宾语	35	8	2008/2012/2013/2014/2015/2018/2020/2022	objects:29 object:6
730		schedule	ˈʃedjuːl; (US) ˈskedʒʊl	n. v.	工作计划，日程安排v. 安排时间，预定	35	7	2008/2014/2016/2017/2019/2020/2022	schedule:25 scheduled:6 schedules:4
731		strange	streɪndʒ	adj.	奇怪,奇特的,陌生的	35	11	2010/2011/2012/2014/2015/2016/2017/2019/2020/2021/2022	strange:35
732		within	wɪˈðɪn	prep.	在……里面	35	11	2008/2010/2011/2013/2014/2015/2016/2017/2019/2020/2021	within:35
733		apply	əˈplaɪ	v.	申请	34	9	2011/2013/2015/2016/2017/2018/2019/2020/2022	apply:23 applying:5 applied:4 applies:2
734		Cambridge	'keimbridʒ		剑桥（英国城市）	34	4	2011/2013/2014/2015	cambridge:34
735		childhood	ˈtʃaɪldhʊd	n.	幼年时代，童年	34	6	2008/2011/2012/2016/2021/2022	childhood:34
736		decision	dɪˈsɪʒ(ə)n	n.	决定；决心	34	10	2008/2011/2013/2014/2015/2016/2017/2018/2019/2022	decision:23 decisions:11
737		fashion	ˈfæʃn	n.	时尚；流行；方式	34	2	2019/2020	fashion:32 fashions:2
738		fur	fɜː(r)	n.	毛皮；皮子	34	4	2008/2010/2014/2020	fur:34
739		genius	'dʒi:njәs	n.	（pl. geniuses） 天才；天资； 天赋	34	1	2021	genius:24 geniuses:10
740		lunch	lʌntʃ	n.	午餐，午饭	34	8	2008/2010/2013/2016/2017/2018/2019/2022	lunch:32 lunching:2
741		mistake	mis'teik	v.	弄错 错误	34	10	2010/2013/2014/2015/2016/2017/2018/2019/2020/2022	mistake:21 mistakes:13
742		modern	ˈmɔd(ə)n	adj.	现代的	34	8	2011/2013/2015/2016/2017/2018/2021/2022	modern:34
743		protect	prəˈtekt	vt.	保护	34	12	2010/2011/2012/2013/2014/2015/2016/2017/2018/2019/2021/2022	protect:24 protected:6 protecting:3 protects:1
744		rather	ˈrɑːðə; (US) ˈræðər	adv.	相当，宁可	34	10	2008/2010/2011/2012/2014/2015/2016/2018/2020/2021	rather:34
745		snow	snəʊ	n. vi.	雪 vi.下雪	34	9	2008/2009/2010/2012/2018/2019/2020/2021/2022	snow:34
746		successful	səkˈsesfʊl	adj.	成功的,有成就的	34	10	2008/2010/2011/2013/2014/2015/2016/2018/2019/2021	successful:34
747		throw	θrəʊ	v.	投，掷，扔	34	6	2010/2013/2014/2018/2020/2021	throw:10 throwing:8 threw:7 thrown:6
748		track	træk	n.	轨道；田径	34	10	2010/2011/2013/2015/2016/2017/2018/2019/2020/2022	track:20 tracks:6 tracked:5 tracking:3
749		trouble	ˈtrʌb(ə)l	vt. n.	使苦恼,使忧虑,使麻烦 n.问题,疾病,烦恼,麻烦	34	10	2009/2010/2011/2012/2014/2015/2016/2018/2019/2021	trouble:21 troubled:7 troubling:3 troubles:3
750		unit	ˈjuːnɪt	n.	单元，单位	34	10	2008/2010/2011/2014/2015/2016/2017/2018/2020/2022	united:27 unit:4 units:3
751		attract	əˈtrækt	v.	吸引，引起	33	9	2008/2011/2012/2013/2014/2016/2017/2018/2019	attracted:13 attract:12 attracts:5 attracting:3
752		community	kә'mju:niti	n.	社区；团体；社会	33	7	2011/2014/2016/2017/2019/2020/2022	community:22 communities:11
753		dinner	ˈdɪnə(r)	n.	正餐，宴会	33	7	2010/2011/2013/2015/2016/2018/2021	dinner:33
754		disappear	dɪsəˈpɪə(r)	vi.	消失	33	9	2010/2011/2014/2016/2017/2018/2019/2020/2021	disappear:20 disappearing:7 disappeared:6
755		entrance	ˈentrəns	n.	入口；入场；进入的权利;入学许可	33	8	2008/2013/2015/2016/2017/2020/2021/2022	entrance:31 entrances:2
756		fat	fæt	n. adj.	脂肪 a. 胖的；肥的	33	6	2010/2015/2016/2017/2018/2020	fat:29 fats:4
757		finish	ˈfɪnɪʃ	v.	结束；做完	33	9	2010/2011/2012/2013/2014/2015/2016/2019/2020	finished:14 finishing:11 finish:8
758		friendship	ˈfrendʃɪp	n.	友谊，友情	33	9	2010/2011/2012/2013/2015/2016/2017/2019/2022	friendship:20 friendships:13
759		habit	ˈhæbɪt	n.	习惯，习性	33	7	2010/2013/2014/2015/2016/2018/2019	habits:23 habit:10
760		hide	haɪd	v.	躲藏；隐瞒（hid, hidden）	33	9	2010/2011/2012/2014/2016/2017/2019/2020/2022	hiding:11 hide:9 hidden:8 hid:3
761		honey	ˈhʌni	n.	蜂蜜	33	1	2012	honey:33
762		journey	ˈdʒɜːnɪ	n.	旅行，路程	33	7	2010/2013/2016/2018/2019/2020/2022	journey:31 journeys:2
763		opinion	əˈpɪnjən	n.	看法，见解	33	9	2008/2010/2012/2013/2017/2018/2019/2020/2021	opinion:17 opinions:16
764		recent	ˈriːsənt	adj.	近来的，最近的	33	10	2010/2011/2015/2016/2017/2018/2019/2020/2021/2022	recent:33
765		refer to		v.	查阅；提到	33	0		refer to:33
766		standard	ˈstændəd	n. adj.	标准（的	33	6	2010/2011/2013/2014/2017/2021	standards:17 standard:16
767		stranger	ˈstreɪndʒə(r)	n.	陌生人，外人	33	8	2010/2011/2012/2014/2016/2018/2020/2021	strangers:17 stranger:16
768		strength	streŋθ	n.	力量，力气	33	8	2011/2013/2014/2015/2017/2018/2019/2020	strength:19 strengths:14
769		system	ˈsɪstəm	n.	体系；系统	33	7	2009/2010/2011/2013/2017/2019/2020	system:23 systems:10
770		toy	tɔɪ	n.	玩具, 玩物	33	8	2008/2012/2014/2015/2016/2018/2020/2022	toys:21 toy:12
771		traditional	trəˈdɪʃ(ə)n	adj.	传统的，风俗的	33	8	2009/2010/2015/2016/2018/2020/2021/2022	traditional:33
772		weather	weə(r)	n.	天气	33	11	2008/2010/2011/2012/2013/2014/2015/2016/2019/2020/2021	weather:33
773		website	websaɪt	n.	网络	33	11	2008/2010/2012/2014/2015/2016/2017/2018/2019/2021/2022	website:29 websites:4
774		welcome	ˈwelkəm	n. v. adj.	欢迎 a. 受欢迎的	33	10	2008/2010/2012/2015/2017/2018/2019/2020/2021/2022	welcome:20 welcomed:10 welcoming:3
775		agree	əˈɡriː	v.	同意；应允	32	8	2010/2011/2013/2016/2018/2019/2020/2022	agreed:20 agree:12
776		beautiful	ˈbjuːtɪf(ə)l	adj.	美，美丽，美观的	32	11	2008/2010/2011/2014/2015/2016/2017/2018/2019/2020/2022	beautiful:32
777		belief	bɪˈliːf	n.	信条，信念	32	11	2008/2010/2011/2012/2013/2014/2017/2018/2019/2021/2022	belief:14 believes:13 beliefs:5
778		clean	kliːn	vt. adj.	弄干净，擦干净 a. 清洁的，干净的	32	9	2011/2013/2014/2015/2016/2018/2019/2020/2021	clean:20 cleaning:6 cleaned:3 cleans:2
779		compare	kəmˈpeə(r)	vt.	比较，对照	32	8	2008/2012/2013/2016/2018/2019/2020/2021	compared:19 comparing:7 compare:6
780		either	ˈaɪðə(r)	adj. conj. adv.	两方任一方的；二者之一 conj. 二者之一；要么……；ad.	32	11	2008/2009/2010/2011/2012/2013/2014/2015/2016/2017/2019	either:32
781		expert	ˈekspɜːt	n.	专家，能手	32	9	2011/2013/2014/2015/2016/2017/2018/2019/2020	experts:22 expert:10
782		finally	'fainәli	adv.	最后；终于	32	10	2008/2009/2011/2012/2013/2014/2015/2016/2019/2020	finally:32
783		influence	ˈɪnflʊəns	n. v.	影响	32	7	2008/2012/2015/2016/2019/2021/2022	influence:17 influenced:9 influences:6
784		line	laɪn	n. v.	绳索，线，排，行，线路 v. 画线于，（使）成行	32	9	2008/2010/2012/2013/2017/2018/2019/2020/2022	line:19 lines:13
785		medical	ˈmedɪk(ə)l	adj.	医学的，医疗的	32	10	2010/2012/2013/2016/2017/2018/2019/2020/2021/2022	medical:32
786		necessary	ˈnesəsərɪ; (US) ˈnesəserɪ	adj.	必需的，必要的	32	11	2008/2010/2011/2012/2015/2016/2017/2018/2019/2020/2021	necessary:32
787		official	əˈfɪʃ(ə)l; (US) ˈɔːf-	n. adj.	（公司、团体或政府）官员 ,高级职员 a.官方,政府的	32	9	2013/2014/2015/2016/2017/2019/2020/2021/2022	official:22 officials:10
788		prefer	prɪˈfɜː(r)	vt.	宁愿（选择）,更喜欢	32	10	2008/2010/2011/2013/2016/2018/2019/2020/2021/2022	prefer:20 preferred:8 preferring:2 prefers:2
789		recognize	ˈrekəɡnaɪz	vt./vi.	认出，识别；承认； 确认，承认；具结	32	11	2010/2011/2012/2013/2015/2016/2017/2019/2020/2021/2022	recognize:22 recognized:8 recognizes:2
790		relax	rɪˈlæks	v.	（使）放松，轻松	32	8	2009/2010/2012/2013/2015/2016/2018/2020	relaxed:11 relax:11 relaxing:10
791		replace	rɪˈpleɪs	vt.	取代	32	10	2012/2013/2015/2016/2017/2018/2019/2020/2021/2022	replace:17 replaced:10 replaces:3 replacing:2
792		river	ˈrɪvə(r)	n.	江；河；水道；巨流	32	6	2010/2011/2014/2015/2018/2020	river:27 rivers:5
793		role	rəʊl	n.	角色	32	7	2009/2011/2013/2015/2017/2018/2020	role:30 roles:2
794		rush	rʌʃ	vi.	冲，奔跑	32	10	2008/2010/2011/2014/2015/2016/2018/2020/2021/2022	rush:16 rushed:10 rushing:6
795		safety	ˈseɪftɪ	n.	安全，保险	32	8	2008/2010/2013/2017/2018/2020/2021/2022	safety:32
796		scene	sɪːn	n.	（戏剧、电影等的）一场，场景，布景	32	6	2012/2016/2017/2018/2020/2021	scene:26 scenes:6
797		secret	ˈsiːkrɪt	n.	秘密，内情	32	7	2010/2012/2013/2016/2018/2019/2020	secret:27 secrets:5
798		Shakespeare	'ʃeik.spiә		莎士比亚（英国剧作家、诗人）	32	3	2010/2015/2017	shakespeare:32
799		shape	ʃeɪp	n. v.	形状，外形 v. 使成型，制造，塑造	32	7	2011/2012/2013/2015/2018/2020/2022	shape:19 shapes:8 shaped:5
800		stadium	ˈsteɪdɪəm	n.	（露天）体育场	32	1	2021	stadium:20 stadiums:12
801		tend	tend	v.	往往会，常常就，倾向，趋于	32	7	2013/2015/2016/2018/2019/2020/2021	tended:16 tend:15 tends:1
802		tool	tuːl	n.	工具，器具；tooth (复 teeth	32	9	2009/2010/2011/2013/2014/2017/2019/2020/2022	tools:19 tool:13
803		voice	vɔɪs	n.	说话声; 语态	32	10	2009/2011/2012/2013/2014/2016/2017/2020/2021/2022	voice:25 voices:5 voicing:2
804		whole	həʊl	adj.	整个的	32	9	2008/2010/2012/2013/2016/2017/2018/2020/2022	whole:32
805		wing	wɪŋ	n.	机翼，翅膀	32	4	2010/2013/2017/2020	wing:22 wings:10
806		advertising	'ædvәtaiziŋ	n.	广告活动；广告业	31	2	2011/2017	advertising:31
807		amount	əˈmaʊnt	n. v.	/ v. 金额，数量，总计	31	10	2008/2010/2014/2016/2017/2018/2019/2020/2021/2022	amount:23 amounts:7 amounted:1
808		behind	bɪˈhaɪnd	prep. adv.	(表示位置)在…后面 ad. 在后面；向后	31	10	2010/2011/2013/2014/2016/2017/2018/2019/2020/2022	behind:31
809		connect	kəˈnekt	v.	连接，把…联系起来	31	9	2009/2010/2011/2013/2014/2015/2017/2018/2019	connect:17 connected:11 connecting:3
810		damage	ˈdæmɪdʒ	n. vt.	毁坏，损害	31	7	2011/2014/2016/2017/2019/2020/2021	damage:20 damaged:6 damaging:5
811		daughter	ˈdɔːtə(r)	n.	女儿	31	7	2010/2012/2014/2015/2016/2018/2020	daughter:19 daughters:12
812		expensive	ɪkˈspensɪv	adj.	昂贵的	31	9	2008/2011/2013/2014/2016/2017/2018/2019/2022	expensive:31
813		farmer	ˈfɑːmə(r)	n.	农民	31	9	2010/2011/2014/2015/2016/2017/2018/2019/2020	farmers:25 farmer:6
814		gold	ɡəʊld	n.	黄金 a 金的，黄金的	31	6	2008/2010/2015/2016/2018/2019	gold:31
815		knowledge	ˈnɔlɪdʒ	n.	知识，学问	31	8	2008/2011/2013/2014/2015/2016/2018/2020	knowledge:30 knowledges:1
816		manage	ˈmænɪdʒ	v.	管理；设法对付	31	10	2008/2009/2010/2011/2014/2016/2017/2018/2019/2020	managed:13 manage:8 managing:6 manages:4
817		mirror	ˈmɪrə(r)	n.	镜子	31	5	2011/2012/2018/2019/2021	mirror:21 mirrors:10
818		monkey	ˈmʌŋkɪ	n.	猴子	31	4	2018/2019/2020/2022	monkeys:28 monkey:3
819		notice	ˈnəʊtɪs	n. vt.	布告，通告；注意 vt. 注意，注意到	31	9	2008/2011/2012/2013/2014/2015/2016/2019/2021	noticed:20 notice:11
820		puzzle	ˈpʌz(ə)l	n.	难题,（字、画）谜	31	2	2020/2021	puzzles:20 puzzle:11
821		setting	'setiŋ	n.	环境；背景；（小说等的）情节背景	31	8	2010/2012/2013/2014/2017/2018/2019/2021	setting:30 settings:1
822		simple	ˈsɪmp(ə)l	adj.	简单的，简易的	31	11	2010/2012/2014/2015/2016/2017/2018/2019/2020/2021/2022	simple:31
823		size	sɪksˈtiːnθ	n.	尺寸，大小	31	11	2008/2009/2010/2011/2012/2013/2014/2015/2017/2018/2021	size:31
824		speed	spiːd	n. v.	速度 v. （使）加速	31	8	2010/2011/2013/2017/2018/2019/2020/2022	speed:28 speeds:2 speeding:1
825		style	staɪl	n.	方式，作风，款式	31	11	2010/2011/2012/2013/2015/2016/2017/2018/2019/2020/2021	style:22 styles:7 styling:2
826		ticket	ˈtɪkɪt	n.	票；卷	31	6	2011/2013/2014/2016/2017/2020	ticket:21 tickets:10
827		west	west	adj. adv. n.	(在)西；向西,从西来的 ad. 在西方,向西方 n.西部；西方	31	7	2008/2010/2013/2014/2018/2019/2022	west:31
828		wind	wɪnd	n.	风 ；wind(wound,wound	31	6	2008/2010/2011/2012/2015/2016	wind:25 winding:5 winds:1
829		window	ˈwɪndəʊ	n.	窗户；计算机的窗	31	8	2010/2014/2015/2016/2018/2019/2020/2021	window:23 windows:8
830		black	blæk	n. adj.	黑色 a. 黑色的	30	5	2009/2010/2013/2017/2021	black:30
831		camp	kæmp	n. vi.	（夏令）营 vi.野营,宿营	30	4	2014/2017/2018/2019	camping:18 camps:6 camp:4 camper:2
832		code	kәud	n./vt./vi.	代码，密码；编码；法典； 编码；制成法典； 指定遗传密码	30	1	2016	code:18 codes:10 coded:2
833		curiosity	.kjuәri'ɒsiti	n.	好奇心	30	7	2010/2011/2012/2014/2015/2016/2021	curiosity:30
834		discuss	dɪsˈkʌs	vt.	讨论，议论	30	10	2008/2010/2011/2013/2016/2017/2018/2019/2020/2021	discuss:13 discussed:10 discussing:7
835		environmental	in.vaiәrәn'mentәl	adj.	环境的	30	9	2010/2011/2014/2016/2018/2019/2020/2021/2022	environmental:30
836		figure	ˈfɪɡə(r); (US) ˈfɪgjər	n. vt.	数字；数目；图；图形；（人的）身型；人物；（绘画、雕刻）人物像 vt.（美口语）认为，判断.（在心里）想像，描绘	30	9	2008/2011/2012/2015/2016/2018/2019/2020/2022	figure:18 figured:7 figures:4 figuring:1
837		lower	'lәuә	vt./adj.	把……放低；降低；减少； 下面的；下方的；较小的	30	10	2008/2010/2011/2014/2015/2017/2018/2019/2020/2021	lower:24 lowered:6
838		map	mæp	n.	地图	30	4	2010/2011/2012/2018	map:26 maps:4
839		material	məˈtɪərɪəl	n.	材料，原料	30	8	2008/2011/2012/2013/2014/2017/2018/2019	materials:25 material:5
840		movie	ˈmuːvɪ	n.	（口语）电影；Mr. (mister	30	5	2009/2015/2016/2017/2019	movie:26 movies:4
841		organize	ˈɔːrɡənaɪz	vt./vi.	组织；使有系统化；给予生机；组织成立工会等； 组织起来；成立组织	30	8	2009/2011/2013/2014/2015/2016/2017/2019	organize:13 organized:12 organizes:5
842		pair	peə(r)	n.	一双，一对	30	7	2011/2012/2013/2014/2015/2020/2021	pair:18 pairs:12
843		performance	pəˈfɔːm	n.	演出，表演	30	6	2011/2012/2013/2016/2020/2022	performance:15 performances:15
844		pilot	ˈpaɪlət	n.	飞行员	30	4	2013/2017/2019/2022	pilot:16 pilots:14
845		respect	rɪˈspekt	vt. n.	尊敬，尊重	30	9	2009/2010/2011/2012/2013/2015/2016/2021/2022	respect:17 respected:12 respects:1
846		risk	rɪsk	n. v.	/ v. 危险，风险，冒险	30	9	2014/2015/2016/2017/2018/2019/2020/2021/2022	risk:25 risks:3 risking:2
847		sight	saɪ	n.	情景，风景；视力	30	8	2010/2011/2013/2015/2017/2018/2019/2020	sight:27 sights:3
848		suitable	ˈsjuːtəb(ə)l	adj.	合适的，适宜的	30	11	2008/2011/2012/2013/2015/2016/2017/2018/2019/2020/2022	suitable:30
849		Sydney	'sidni	n.	悉尼（澳大利亚港市）	30	2	2014/2022	sydney:30
850		tea	tiː	n.	茶；茶叶 ；teach(taught,taught	30	4	2010/2011/2013/2022	tea:30
851		village	ˈvɪlɪdʒ	n.	村庄，乡村	30	7	2010/2012/2014/2015/2016/2019/2020	village:22 villages:8
852		volunteer	vɔlənˈtɪə(r)	n. v.	/ v. 义工，自愿者，无偿做	30	5	2016/2017/2019/2021/2022	volunteers:13 volunteer:12 volunteering:4 volunteered:1
853		wild	waɪld	adj.	未开发的，荒凉的；野生的，野的	30	8	2012/2013/2014/2016/2018/2020/2021/2022	wild:28 wildest:1 wilder:1
854		wonder	ˈwʌndə(r)	v. n.	对…疑惑，感到惊奇,想知道 n. 惊讶,惊叹;奇迹	30	9	2009/2010/2012/2013/2014/2015/2016/2019/2020	wonder:14 wondered:7 wondering:5 wonders:4
855		action	ˈækʃ(ə)n	n.	行动	29	7	2010/2011/2013/2014/2015/2021/2022	action:19 actions:10
856		actor	ˈæktə(r)	n.	男演员	29	4	2012/2016/2017/2020	actor:16 actors:13
857		April	ˈeɪpr(ə)l	n.	4月	29	6	2010/2014/2017/2018/2020/2022	april:29
858		beach	biːtʃ	n.	海滨，海滩	29	8	2008/2010/2012/2015/2019/2020/2021/2022	beach:19 beaches:10
859		brain	breɪn	n.	脑（子	29	9	2009/2011/2013/2015/2016/2017/2018/2019/2020	brain:19 brains:10
860		charge	tʃɑːdʒ	v. n.	要求收费；索价；将(电池)充电 n. 费用；价钱	29	9	2008/2013/2014/2015/2016/2017/2018/2019/2022	charge:14 charges:10 charged:4 charging:1
861		comedy	ˈkɔmədɪ	n.	喜剧	29	4	2016/2017/2019/2022	comedy:23 comedies:6
862		earth	ɜːθ	n.	地球；土，泥；大地	29	6	2008/2010/2014/2015/2016/2020	earth:29
863		express	ɪkˈspres	vt. n.	表达；表示；表情 n. 快车，特快专递	29	11	2008/2010/2012/2014/2015/2016/2017/2018/2019/2020/2021	express:25 expressed:2 expresses:2
864		field	fiːld	n.	田地；牧场；场地	29	8	2010/2013/2014/2016/2018/2019/2020/2021	field:19 fields:10
865		fight	faɪt	n.	打仗（架），争论	29	10	2011/2012/2013/2014/2015/2016/2017/2018/2020/2021	fight:15 fighting:11 fought:3
866		front	frʌnt	adj. n.	前面的；前部的 n. 前面；前部；前线	29	10	2008/2010/2011/2012/2014/2016/2018/2019/2020/2022	front:29
867		heat	hiːt	n. vt.	热 vt. 把……加热	29	6	2008/2009/2015/2017/2020/2021	heat:23 heated:3 heating:3
868		international	ɪntəˈnæʃən(ə)l	adj.	国际的	29	8	2010/2012/2017/2018/2019/2020/2021/2022	international:29
869		interview	ˈɪntəvjuː	n. vt.	采访,会见,面试	29	6	2008/2013/2017/2018/2019/2021	interview:16 interviews:8 interviewer:5
870		lead	li:d. led	v.	领导, 带领 铅	29	10	2010/2011/2012/2013/2014/2015/2016/2018/2019/2020	lead:18 leads:11
871		meaning	ˈmiːnɪŋ	n.	意思，含意	29	9	2010/2011/2012/2013/2015/2016/2020/2021/2022	meaning:22 meanings:7
872		organization	ɔːɡənaɪˈzeɪʃ(ə)n	n.	组织，机构	29	6	2013/2014/2015/2017/2020/2021	organization:17 organizations:12
873		pack	pæk	n. v.	包,捆;（猎犬、野兽的）一群 v.(为运输或储存而)打包	29	10	2008/2010/2013/2015/2016/2017/2019/2020/2021/2022	packed:15 pack:8 packs:4 packing:2
874		pick	pɪk	v.	拾起，采集；挑选	29	11	2009/2012/2013/2015/2016/2017/2018/2019/2020/2021/2022	pick:19 picked:4 picking:3 picks:3
875		powerful	ˈpaʊəfʊl	adj.	效力大的，强有力的，强大的	29	7	2010/2011/2012/2013/2015/2016/2018	powerful:29
876		reflect	rɪˈflekt	v.	反映，反射	29	9	2008/2010/2011/2014/2015/2018/2019/2020/2022	reflected:14 reflect:12 reflecting:2 reflects:1
877		relate	rɪˈleɪt	vi.	有关； 涉及	29	9	2009/2010/2012/2013/2014/2016/2018/2019/2022	related:17 relate:5 relates:5 relating:2
878		search	sɜːtʃ	n. v.	搜寻，搜查	29	8	2011/2013/2014/2017/2018/2019/2020/2022	searched:11 search:10 searching:5 searches:3
879		seat	siːt	n.	座位，座	29	7	2010/2013/2016/2017/2019/2021/2022	seats:16 seat:11 seating:2
880		Sunday	ˈsʌndeɪ	n.	星期日	29	8	2011/2013/2014/2015/2017/2018/2020/2022	sunday:25 sundays:4
881		ten	ten	num.	十	29	7	2009/2010/2013/2014/2015/2018/2020	ten:26 tens:3
882		trend	trend	n.	趋势，倾向，动态	29	7	2011/2014/2016/2017/2018/2019/2020	trend:27 trends:2
883		TV	‚tiːˈviː	n.	电视机 television的缩写	29	7	2008/2009/2014/2015/2016/2017/2018	tv:29
884		understanding	ʌndəˈstændɪŋ	n.	领会;理解；undertake (undertook, undertaken	29	8	2010/2011/2013/2014/2016/2018/2019/2020	understanding:29
885		achieve	əˈtʃiːv	vt.	达到，取得	28	6	2013/2014/2015/2016/2019/2022	achieve:18 achieved:7 achieving:3
886		admit	ədˈmɪt	vt.	承认，准许（入场，入学，入会	28	7	2009/2013/2018/2019/2020/2021/2022	admit:16 admitted:9 admits:2 admitting:1
887		hill	hɪl	n.	小山;丘陵;土堆;斜坡	28	6	2010/2017/2018/2019/2020/2022	hill:15 hills:13
888		media	ˈmiːdɪə	n.	大众传播媒介	28	7	2013/2016/2018/2019/2020/2021/2022	media:28
889		meeting	ˈmiːtɪŋ	n.	会,集会,会见,汇合点	28	8	2009/2010/2011/2013/2017/2018/2019/2022	meeting:18 meetings:10
890		sale	seɪl	n.	卖，出售	28	9	2010/2011/2012/2013/2014/2016/2017/2019/2020	sales:19 sale:9
891		screen	skriːn	n.	幕，荧光屏	28	9	2008/2009/2011/2012/2013/2015/2017/2018/2019	screen:24 screening:2 screens:2
892		settle	ˈset(ə)l	vi.	安家，定居	28	7	2010/2014/2016/2017/2018/2021/2022	settled:15 settle:9 settling:4
893		spot	spɔt	n. v.	斑点，污点；场所，地点 v. 沾上污渍，弄脏	28	6	2009/2013/2015/2018/2020/2021	spots:18 spot:5 spotted:5
894		tired	ˈtaɪəd	adj.	疲劳的，累的	28	7	2008/2010/2011/2012/2016/2017/2018	tired:28
895		treat	triːt	vt.	对待，看待	28	8	2009/2010/2011/2012/2013/2016/2020/2022	treated:17 treat:7 treating:2 treats:2
896		vegetable	ˈvedʒɪtəb(ə)l	n.	蔬菜	28	6	2011/2013/2015/2016/2017/2020	vegetables:18 vegetable:10
897		America	əˈmerɪkə	n.	* n. 美国；美洲	27	5	2010/2014/2016/2018/2019	america:25 americas:2
898		attack	əˈtæk	vt. n.	/ n. 攻击，袭击	27	8	2010/2012/2014/2015/2017/2019/2021/2022	attack:16 attacked:4 attacking:3 attacker:2
899		bus	bʌs	n.	公共汽车	27	6	2010/2011/2014/2016/2020/2021	bus:23 bused:2 buses:2
900		capital	ˈkæpɪt(ə)l	n.	首都.省会.大写；资本	27	5	2008/2010/2013/2018/2020	capital:27
901		chocolate	ˈtʃɔklət	n.	巧克力	27	2	2010/2013	chocolate:21 chocolates:6
902		cool	kuːl	adj.	凉的，凉爽的；酷	27	9	2008/2009/2010/2011/2015/2016/2018/2019/2021	cool:18 coolest:3 cooling:2 cooler:2
903		cut	kʌt	v. n.	/；切，剪，削，割, 伤口	27	9	2012/2014/2015/2017/2018/2019/2020/2021/2022	cut:25 cuts:2
904		date	deɪt	n.	日期；约会 n.枣	27	4	2015/2017/2020/2022	date:16 dates:5 dating:4 dated:2
905		depend	dɪˈpend	vi.	依靠，依赖，指望；取决于	27	10	2008/2010/2012/2013/2015/2018/2019/2020/2021/2022	depending:11 depends:9 depend:5 depended:2
906		earn	ɜːn	vt.	挣得，赚得	27	8	2010/2011/2013/2015/2017/2018/2020/2022	earn:17 earning:5 earned:5
907		fear	fɪə(r)	n.	害怕；恐惧； 担忧	27	8	2008/2010/2013/2015/2017/2019/2020/2022	fear:21 feared:4 fears:2
908		feed	fi:d	v.	喂（养）; 饲（养）	27	8	2010/2014/2015/2016/2017/2018/2019/2022	feed:14 fed:9 feeding:2 feeds:2
909		flight	flaɪt	n.	航班 n. 楼梯的一段	27	6	2008/2011/2013/2016/2017/2019	flight:25 flights:2
910		general	ˈdʒenər(ə)l	adj.	大体，笼统的，总的	27	9	2011/2012/2013/2014/2015/2016/2018/2020/2022	general:27
911		global	'glәubl	adj.	全球的；全世界的	27	6	2011/2014/2015/2016/2019/2021	global:27
912		major	ˈmeɪdʒə(r)	adj.	较大的；主要的	27	8	2008/2013/2015/2017/2018/2020/2021/2022	major:27
913		nature	ˈneɪtʃə(r)	n.	自然, 性质，种类	27	8	2010/2015/2016/2017/2018/2019/2020/2021	nature:27
914		opportunity	.ɒpә'tju:niti	n.	时机，机会	27	4	2010/2019/2020/2022	opportunities:14 opportunity:13
915		owner	ˈəʊnə(r)	n.	物主，所有人	27	6	2010/2011/2016/2017/2018/2019	owner:18 owners:9
916		publish	ˈpʌblɪʃ	vt.	出版，发行	27	6	2011/2014/2016/2018/2020/2021	published:24 publisher:2 publishing:1
917		rail	reɪl	n.	铁路	27	5	2010/2018/2020/2021/2022	rail:27
918		remove	rɪˈmuːv	vt.	移动，拿走，脱掉（衣服等	27	10	2010/2011/2013/2015/2016/2017/2018/2020/2021/2022	remove:13 removed:7 removing:4 removes:3
919		request	rɪˈkwest	n.	请求，要求的事物	27	7	2011/2014/2017/2019/2020/2021/2022	request:14 requests:11 requested:2
920		reserve	rɪˈzɜːv	n. v.	储备；预定	27	7	2010/2013/2014/2017/2018/2020/2021	reserve:19 reserved:4 reserves:4
921		slow	slɪp	adv.	慢慢地，缓慢地	27	8	2010/2011/2013/2015/2017/2018/2019/2020	slow:16 slowing:5 slower:5 slows:1
922		surface	ˈsɜːfɪs	n.	表面	27	8	2008/2009/2011/2016/2017/2018/2019/2021	surface:17 surfaces:10
923		term	tɜːm	n.	学期;术语;条款;项	27	7	2013/2014/2015/2016/2017/2019/2021	term:21 terms:6
924		thank	θæŋk	vt. n.	感谢，致谢，道谢 n. （复）感谢，谢意	27	10	2008/2010/2011/2014/2015/2016/2018/2019/2020/2021	thanks:13 thank:12 thanked:2
925		throughout	θruːˈaʊt	prep.	遍及，贯穿；throw(threw,thrown	27	8	2011/2012/2017/2018/2019/2020/2021/2022	throughout:27
926		total	ˈtəʊt(ə)l	adj. n. v.	总数的;总括的;完全的,全然的 n.合计,总计 v.合计为	27	7	2013/2014/2015/2016/2018/2020/2021	total:26 totalling:1
927		tourist	ˈtʊərɪst	n.	旅行者，观光者	27	9	2010/2012/2015/2016/2017/2018/2019/2021/2022	tourist:14 tourists:13
928		worth	wɜːθ	adj.	有…的价值,值得…的	27	9	2010/2013/2014/2015/2016/2018/2019/2020/2021	worth:27
929		admission	ədˈmɪʃ(ə)n	n.	准入, 接纳	26	7	2010/2015/2018/2019/2020/2021/2022	admission:22 admissions:4
930		anything	ˈenɪθɪŋ	pron.	什么事（物）；任何事（物	26	9	2010/2011/2012/2013/2015/2016/2017/2018/2020	anything:26
931		beat	bi:t	v.	敲打; 跳动; 打赢 n.（音乐）节拍	26	9	2008/2010/2013/2016/2018/2019/2020/2021/2022	beat:10 beating:7 beaten:6 beats:3
932		beginning	bɪˈɡɪnɪŋ	n.	开始，开端	26	9	2010/2011/2013/2014/2015/2016/2019/2020/2021	beginning:25 beginnings:1
933		blue	bluː	n. adj.	蓝色 a.蓝色的 a. 悲伤的；沮丧的	26	6	2010/2012/2015/2019/2020/2021	blue:26
934		centre	ˈsentə(r)	n.	中心，中央(英)	26	7	2010/2011/2015/2016/2017/2018/2022	centre:22 centres:2 centred:2
935		cup	kʌp	n.	茶杯	26	5	2010/2011/2013/2017/2021	cup:21 cups:5
936		director	dɪˈrektə(r)	n.	所长，处长，主任；董事；导演	26	9	2010/2011/2012/2014/2016/2017/2018/2019/2020	director:26
937		distance	ˈdɪstəns	n.	距离	26	7	2010/2012/2013/2014/2015/2017/2020	distance:22 distances:4
938		easily	ˈiːzɪlɪ	adv.	容易地	26	12	2008/2010/2011/2012/2013/2014/2015/2016/2018/2019/2020/2022	easily:26
939		farm	fɑːm	n.	农场；农庄	26	8	2008/2009/2010/2011/2014/2015/2017/2019	farm:19 farming:5 farms:2
940		hundred	ˈhʌndrəd	num.	百	26	10	2010/2011/2013/2014/2015/2016/2017/2018/2019/2020	hundreds:20 hundred:6
941		internet	ˈɪntənet	n.	互联网，英特网	26	6	2012/2013/2014/2015/2016/2017	internet:26
942		moment	ˈməʊmənt	n.	片刻，瞬间	26	9	2008/2011/2013/2014/2015/2017/2018/2019/2022	moment:24 moments:2
943		passenger	ˈpæsɪndʒə(r)	n.	乘客，旅客	26	5	2011/2014/2016/2017/2022	passenger:22 passengers:4
944		PETS	pets	abbr./n.	公共英语等级考试（Public English Test System）； 宠物（pet的复数）	26	3	2010/2014/2017	pets:26
945		prevent	prɪˈvent	vt.	防止, 预防	26	9	2008/2011/2012/2013/2014/2015/2016/2017/2018	prevent:19 prevented:5 preventing:2
946		programme	proɡrəm	n.	节目；项目 (美program)	26	7	2011/2014/2015/2018/2020/2021/2022	programme:15 programmes:11
947		repair	rɪˈpeə(r)	n. vt.	修理；修补	26	8	2011/2013/2014/2015/2017/2019/2020/2022	repair:15 repaired:6 repairing:5
948		serious	ˈsɪərɪəs	adj.	严肃的,严重的,认真的	26	11	2008/2011/2013/2014/2015/2016/2017/2018/2019/2020/2022	serious:26
949		south	ˈsaʊə(r)	adj. adv. n.	南(方)的；向南的；从南来的 ad. 在南方；向南方；自南方 n. 南；南方；南风；南部	26	8	2011/2014/2016/2018/2019/2020/2021/2022	south:26
950		spread	spred	v.	延伸； 展开	26	6	2010/2011/2016/2018/2019/2020	spread:18 spreading:7 spreads:1
951		studio	ˈstjuːdɪəʊ	n.	工作室，演播室	26	5	2012/2017/2018/2019/2020	studio:26
952		subject	ˈsʌbdʒɪkt	adj. vt. n.	隶属的；受支配的；易受…的；在…条件下 vt. 使隶属；使服从；使受到 n. 题目；主题；学科；主语；主体	26	9	2008/2009/2010/2011/2012/2015/2019/2020/2022	subject:20 subjects:6
953		thousand	ˈθaʊzənd	num.	千	26	8	2008/2010/2014/2016/2017/2018/2020/2021	thousands:21 thousand:5
954		traffic	ˈtræfɪk	n.	交通，来往车辆	26	6	2008/2011/2013/2017/2020/2022	traffic:26
955		advice	ədˈvaɪs	n.	忠告，劝告，建议	25	9	2008/2010/2011/2012/2013/2016/2017/2018/2019	advice:25
956		ahead	əˈhed	adv.	在前，向前	25	7	2010/2011/2012/2014/2016/2018/2022	ahead:25
957		approach	əˈprəʊtʃ	n. v.	/ v. 靠近，接近，建议，要求	25	7	2010/2013/2016/2017/2018/2021/2022	approach:12 approaches:6 approaching:4 approached:3
958		article	ˈɑːtɪk(ə)l	n.	文章;东西,物品;冠词	25	5	2008/2012/2014/2016/2020	articles:16 article:9
959		as well			也；又；还	25	0		as well:25
960		chemical	ˈkemɪk(ə)l	adj. n.	化学的 n. 化学品	25	7	2008/2013/2014/2015/2016/2017/2020	chemicals:17 chemical:8
961		confidence	'kɒnfidәns	n./adj.	信心；信任；秘密； （美）诈骗的；骗得信任的	25	9	2009/2013/2014/2015/2016/2017/2018/2020/2022	confidence:25
962		desire	dɪˈzaɪə(r)	vt. n.	要求；期望	25	7	2015/2016/2018/2019/2020/2021/2022	desire:20 desires:3 desired:2
963		desk	desk	n.	书桌，写字台	25	5	2008/2011/2016/2017/2019	desk:25
964		direct	dɪˈrekt	adj. vt.	/ vt. 直接的；直达的；直截了当的 指挥；指导；监督；管理；指挥（演奏）；导演（电影	25	6	2010/2016/2017/2019/2020/2022	directs:11 direct:7 directing:4 directed:3
965		disabled	dɪsˈeɪb(ə)ld	adj.	残废的，残疾的	25	6	2010/2011/2013/2014/2016/2019	disabled:25
966		forward	ˈfɔːwəd	adv.	将来.今后.向前，前进	25	10	2008/2010/2012/2013/2014/2016/2017/2018/2019/2022	forward:25
967		hospital	ˈhɔspɪt(ə)l	n.	医院	25	8	2010/2013/2016/2017/2018/2019/2020/2022	hospital:25
968		in order to			为了……	25	0		in order to:25
969		industry	ˈɪndəstrɪ	n.	工业，产业	25	6	2010/2011/2013/2017/2018/2022	industry:21 industries:4
970		inside	ɪnˈsaɪd	prep. adv.	在…里面 ad.在里面	25	8	2008/2012/2014/2016/2017/2019/2021/2022	inside:25
971		intelligent	in'telidʒәnt	adj.	智能的；聪明的；理解力强的	25	6	2011/2013/2015/2017/2020/2021	intelligent:25
972		movement	ˈmuːvmənt	n.	运动，活动	25	7	2011/2014/2016/2017/2019/2021/2022	movement:23 movements:2
973		nearly	ˈnɪəlɪ	adv.	将近，几乎	25	8	2010/2012/2014/2015/2017/2018/2019/2022	nearly:25
974		north	nɔːθ	adj. adv. n.	北的;朝北的;从北来的 ad.向（在,从）北方 n.北;北方;北部	25	9	2010/2011/2013/2014/2015/2016/2017/2018/2019	north:25
975		Pacific	pəˈsɪfɪk	adj.	太平洋的	25	4	2012/2016/2017/2018	pacific:25
976		particularly	pә'tikjjlәli	adv.	特别，尤其	25	9	2010/2011/2012/2013/2015/2016/2017/2018/2020	particularly:25
977		pattern	ˈpæt(ə)n	n.	式样	25	7	2011/2012/2013/2016/2018/2019/2021	patterns:16 pattern:9
978		reward	rɪˈwɔːd	n.	奖赏	25	7	2013/2014/2016/2018/2019/2020/2021	reward:12 rewarded:8 rewards:5
979		tall	tɔːl	adj.	高的	25	7	2009/2010/2011/2013/2015/2017/2021	tall:23 taller:2
980		third	θɜːd	num.	第三	25	7	2009/2010/2013/2016/2020/2021/2022	third:23 thirds:2
981		tomato	təˈmɑːtəʊ; (US) təˈmeɪtəʊ	n.	西红柿，番茄	25	4	2011/2014/2015/2020	tomatoes:20 tomato:5
982		topic	ˈtɔpɪk	n.	题目，话题	25	6	2014/2015/2016/2018/2019/2021	topic:21 topics:4
983		user	ˈjuːzə	n.	使用者；用户	25	8	2010/2011/2014/2015/2018/2019/2020/2021	users:21 user:4
984		weekend	wiːkˈend	n.	周末	25	7	2011/2014/2015/2017/2018/2019/2022	weekend:17 weekends:8
985		western	ˈwest(ə)n	adj.	西方的，西部的	25	6	2010/2013/2016/2018/2019/2020	western:25
986		whatever	wɔtˈevə(r)	conj. pron.	无论什么，不管什么	25	8	2008/2012/2013/2015/2016/2018/2020/2021	whatever:25
987		wrong	rɔŋ; (US) rɔːŋ	adj.	错误,不正常,有毛病的	25	10	2008/2009/2010/2011/2012/2013/2014/2016/2018/2021	wrong:25
988		yes	jes	adv.	是，好，同意	25	8	2008/2010/2011/2013/2016/2019/2020/2021	yes:25
989		above	əˈbʌv	prep. adj. adv.	在……上面 a. 上面的 ad. 在……之上	24	8	2008/2010/2011/2014/2016/2017/2019/2020	above:24
990		attend	əˈtend	v.	看护，照料，服侍；出席，参加	24	9	2009/2013/2015/2016/2017/2018/2019/2020/2022	attend:13 attending:7 attended:3 attends:1
991		bank	bæŋk	n.	（河海湖的）岸，堤 n. 银行	24	6	2010/2011/2013/2016/2018/2020	bank:13 banks:9 banking:2
992		bee	biː	n.	. 蜜蜂	24	2	2012/2014	bees:22 bee:2
993		beyond	bɪˈjɔnd	prep.	(表示位置) 在…的那边	24	7	2010/2013/2014/2016/2018/2020/2021	beyond:24
994		board	bɔːd	n. v.	木板；布告牌；委员会；（政府的）部 v. 上（船、火车、飞机	24	8	2013/2014/2016/2018/2019/2020/2021/2022	board:14 boards:6 boarding:2 boarded:2
995		born	bɔːn	adj.	出生	24	7	2010/2012/2013/2014/2018/2019/2021	born:24
996		brother	ˈbrʌðə(r)	n.	兄；弟	24	5	2009/2010/2011/2015/2016	brother:17 brothers:7
997		couple	ˈkʌp(ə)l	n.	夫妇，一对	24	10	2008/2009/2010/2012/2013/2016/2018/2019/2021/2022	couple:22 coupled:2
998		dad	dæd	n.	（口）爸爸	24	7	2010/2014/2015/2016/2017/2019/2020	dad:24
999		December	dɪˈsembə(r)	n.	12月	24	7	2010/2011/2015/2016/2017/2019/2022	december:24
1000		designer	di'zainә	n.	设计师	24	6	2012/2017/2018/2019/2020/2021	designers:18 designer:6
1001		difficulty	ˈdɪfɪkəltɪ	n.	困难，费力；dig (dug, dug	24	9	2010/2011/2013/2015/2016/2017/2019/2021/2022	difficulty:13 difficulties:11
1002		eventually	ɪˈventjʊəlɪ	adv.	最终地	24	8	2010/2015/2017/2018/2019/2020/2021/2022	eventually:24
1003		exist	ɪgˈzɪst	vi.	存在	24	8	2010/2011/2013/2014/2015/2016/2018/2020	exist:11 existed:6 existing:5 exists:2
1004		further	'fә:ðә	adj./vt./adv.	更远的；深一层的； 促进，助长；增进； 进一步地；而且；更远地	24	9	2011/2012/2013/2014/2017/2019/2020/2021/2022	further:24
1005		guest	ɡest	n.	客人，宾客	24	7	2008/2010/2011/2014/2015/2018/2020	guests:18 guest:6
1006		hole	həʊl	n.	洞，坑	24	2	2017/2022	hole:24
1007		humor	ˈhjuːmə(r)	n.	幽默,幽默感【美】	24	2	2010/2020	humor:24
1008		imagine	ɪˈmædʒɪn	vt.	想像，设想	24	8	2010/2013/2015/2017/2018/2019/2020/2022	imagine:15 imagined:9
1009		myself	maɪˈself	pron.	我自己	24	9	2009/2010/2013/2016/2017/2018/2019/2020/2021	myself:24
1010		pollution	pəˈluːʃ(ə)n	n.	污染	24	7	2008/2011/2014/2016/2019/2021/2022	pollution:24
1011		pressure	ˈpreʃə(r)	n.	压迫,压力,压强	24	5	2008/2010/2012/2019/2021	pressure:22 pressures:2
1012		process	ˈprəʊses; (US) ˈprɔses	n. v.	/ v. 过程,加工,处理	24	9	2011/2012/2015/2016/2017/2018/2019/2020/2021	process:19 processes:3 processing:2
1013		prove	pruːv	vt.	证明	24	9	2008/2010/2011/2015/2016/2017/2018/2021/2022	prove:10 proved:9 proven:3 proving:2
1014		push	pʊʃ	n. v.	推；put (put, put	24	9	2009/2011/2012/2013/2014/2018/2020/2021/2022	push:10 pushed:9 pushing:3 pushes:2
1015		regular	ˈreɡjʊlə(r)	adj.	规则的，经常	24	9	2010/2012/2013/2014/2015/2016/2017/2020/2022	regular:24
1016		rhino	'rainәu	n.	犀牛	24	1	2021	rhino:18 rhinos:6
1017		series	'siәri:z	n.	系列，连续；[电] 串联；级数；丛书	24	5	2013/2016/2018/2019/2022	series:24
1018		shoe	ʃuː	n.	鞋	24	9	2008/2010/2012/2013/2015/2016/2017/2018/2022	shoes:23 shoe:1
1019		supply	səˈplaɪ	vt. n.	供给，供应	24	6	2010/2011/2013/2014/2015/2021	supply:20 supplied:2 supplies:2
1020		tax	tæks	n.	税，税款	24	2	2010/2022	tax:24
1021		youth	juːθ	n.	青春；青年	24	4	2011/2016/2018/2019	youth:24
1022		argue	ˈɑːɡjuː	vi.	争辩， 争论	23	9	2010/2011/2013/2015/2016/2018/2019/2020/2021	argue:10 argued:6 arguing:5 argues:2
1023		attitude	ˈætɪtjuːd; (US) ˈætɪtud	n.	态度，看法	23	8	2010/2012/2013/2014/2015/2016/2017/2020	attitude:21 attitudes:2
1024		average	ˈævərɪdʒ	adj. n.	平均；普通的 n.平均数	23	6	2010/2011/2016/2017/2018/2020	average:23
1025		background	ˈbækɡraʊnd	n.	背景；backward(s	23	5	2013/2015/2016/2018/2021	background:22 backgrounds:1
1026		bicycle	ˈbaɪsɪk(ə)l	n.	自行车	23	6	2008/2011/2012/2013/2018/2022	bicycle:23
1027		british	ˈbrɪtɪʃ	adj.	英国的；大不列颠的；英国人的	23	7	2011/2013/2016/2017/2018/2020/2021	british:23
1028		celebrate	ˈselɪbreɪt	v.	庆祝	23	8	2009/2010/2011/2015/2017/2018/2020/2022	celebrate:15 celebrated:4 celebrating:4
1029		central	ˈsentr(ə)l	adj.	中心，中央；主要的；centre (美 center	23	5	2010/2017/2018/2019/2020	central:23
1030		classroom	ˈklɑːsruːm	n.	教室	23	5	2014/2016/2017/2018/2019	classroom:19 classrooms:4
1031		doubt	daʊt	n. v.	怀疑，疑惑	23	8	2011/2015/2016/2017/2018/2020/2021/2022	doubt:12 doubted:7 doubting:2 doubts:2
1032		drop	drɔp	n. v.	滴 v.掉下.落下.投递.放弃	23	7	2011/2014/2016/2017/2018/2019/2021	dropped:12 drops:8 drop:2 dropping:1
1033		equipment	ɪˈkwɪpmənt	n.	装备，设备	23	7	2010/2013/2014/2015/2017/2019/2021	equipment:23
1034		extra	ˈekstrə	adj.	额外的，外加的	23	8	2010/2013/2014/2016/2017/2019/2021/2022	extra:23
1035		fail	feɪl	v.	失败；不及格；衰退	23	8	2010/2011/2013/2015/2016/2017/2020/2021	failed:10 fail:9 fails:2 failing:2
1036		handle	ˈhænd(ə)l	n. v.	柄，把柄 v. 处理	23	8	2010/2013/2014/2016/2017/2018/2020/2022	handle:16 handles:4 handling:2 handled:1
1037		hire	ˈhaɪə(r)	vt.	租用	23	6	2010/2011/2016/2019/2020/2021	hired:10 hiring:8 hire:5
1038		honor	ˈɒnə(r)	n. v.	荣誉；敬意；尊敬（英式 honour）	23	7	2010/2011/2013/2014/2016/2017/2018	honor:12 honored:8 honors:3
1039		hot	hɔt	adj.	热的	23	7	2009/2010/2012/2015/2018/2020/2022	hot:23
1040		importance	ɪmˈpɔːt(ə)ns	n.	重要性	23	9	2008/2009/2010/2013/2014/2015/2016/2019/2022	importance:23
1041		mark	mɑːk	n. vt.	标记 vt.标明,作记号于	23	6	2010/2011/2014/2017/2020/2022	mark:11 marked:7 marks:3 marking:2
1042		operate	ˈɔpəreɪt	v.	做手术，运转；实施，负责, 经营，管理	23	5	2013/2017/2019/2020/2021	operating:11 operate:8 operated:2 operates:2
1043		repeat	rɪˈpiːt	vt.	重说，重做	23	6	2009/2011/2013/2017/2018/2021	repeated:14 repeat:6 repeating:3
1044		review	rɪˈvjuː	vt. n.	重新调查； 回顾； 复习 n. 复查；复习；评论	23	9	2009/2010/2014/2015/2016/2018/2019/2020/2022	review:14 reviews:6 reviewing:3
1045		round	raʊnd	adv. prep. adj.	转过来 prep. 环绕一周，围着 a.圆的；球形的	23	8	2008/2011/2013/2015/2016/2019/2020/2022	round:23
1046		so that			以致于；结果	23	0		so that:23
1047		status	ˈsteɪtəs	n.	法律地位（身份	23	3	2016/2019/2021	status:23
1048		tip	tɪp	n. v.	顶端，尖端；告诫； 提示 (给)小费	23	8	2008/2009/2010/2014/2017/2018/2020/2022	tips:18 tip:5
1049		vehicle	ˈviːɪk(ə)l; (US) ˈviːhɪkl	n.	交通工具，车辆	23	3	2016/2017/2021	vehicle:17 vehicles:6
1050		bag	bæɡ	n.	书包；提包；袋子	22	6	2008/2015/2017/2018/2020/2021	bags:16 bag:6
1051		because of			因为；由于	22	0		because of:22
1052		comfort	ˈkʌmfət	n.	安慰； 慰问	22	8	2010/2013/2014/2015/2016/2018/2020/2021	comfort:15 comforting:5 comforts:2
1053		connection	kəˈnekʃ(ə)n	n.	连接物;接触,联系	22	8	2011/2012/2013/2016/2018/2019/2020/2022	connection:18 connections:4
1054		east	iːst	adj. adv. n.	东方；东部的；朝东的；从东方来 ad. 在东方；向东方；从东方 n. 东，东方；东部	22	9	2008/2010/2011/2013/2016/2018/2020/2021/2022	east:22
1055		edge	edʒ	n.	边缘	22	8	2010/2011/2012/2013/2014/2016/2017/2022	edge:18 edges:4
1056		eight	eɪt	num.	八	22	7	2010/2011/2013/2017/2018/2019/2022	eight:22
1057		entertainment	entəˈteɪnmənt	n.	娱乐	22	7	2008/2013/2017/2018/2019/2020/2022	entertainment:22
1058		Europe	ˈjʊərəp	n.	欧洲	22	5	2010/2011/2013/2018/2020	europe:22
1059		fire	ˈfaɪə(r)	n. vi.	火；火炉；火灾 vi. 开火，开（枪，炮等），射击	22	5	2014/2016/2017/2020/2021	fire:20 fires:2
1060		firm	fɜːm	n. adj.	公司;企业 a.坚固的,坚定的	22	6	2008/2011/2012/2016/2017/2020	firm:16 firms:6
1061		foreign	ˈfɔrən; (US) ˈfɔːrɪn	adj.	外国的	22	6	2010/2014/2017/2018/2020/2022	foreign:22
1062		gain	ɡeɪn	vt.	赢得；挣得	22	8	2011/2012/2015/2016/2017/2018/2019/2020	gain:10 gained:7 gaining:5
1063		imagination	i.mædʒi'neiʃәn	n.	想象（力）；创造力；幻想物	22	7	2011/2013/2016/2019/2020/2021/2022	imagination:18 imaginations:4
1064		jam	dʒæm	n.	果酱；阻塞	22	8	2008/2011/2014/2015/2016/2017/2019/2022	james:15 jams:5 jammed:2
1065		magazine	mæɡəˈziːn	n.	杂志	22	7	2010/2016/2017/2018/2019/2021/2022	magazine:17 magazines:5
1066		monument	ˈmɔnjʊmənt	n.	纪念碑，纪念物	22	4	2014/2015/2018/2020	monuments:20 monument:2
1067		native	ˈneɪtɪv	adj.	本土的，本国的	22	5	2010/2011/2014/2016/2022	native:21 natives:1
1068		paint	peɪnt	n. vt.	油漆 vt.油漆,粉刷,绘画	22	5	2010/2011/2012/2018/2020	painted:11 paint:11
1069		photo	'fәutәu	n.	照片	22	5	2010/2014/2016/2017/2018	photo:14 photos:8
1070		proud	praʊd	adj.	自豪的；骄傲的	22	7	2010/2011/2013/2014/2016/2019/2020	proud:22
1071		pull	pʊl	n.	拉，拖 n. 拉力，引力	22	8	2009/2010/2011/2012/2014/2016/2017/2020	pull:10 pulled:8 pulling:4
1072		ride	raid	v.	骑（马、自行车 乘车 乘车旅行	22	6	2008/2012/2014/2017/2021/2022	ride:11 riding:7 rode:4
1073		stick	stik	v.	粘住, 钉住; 坚持 木棒, 枝条	22	7	2008/2011/2016/2017/2018/2021/2022	stick:21 sticks:1
1074		symbol	ˈsɪmb(ə)l	n.	象征	22	6	2012/2015/2016/2019/2020/2021	symbols:11 symbol:11
1075		thus	ðʌs	adv.	这样；因而	22	9	2009/2010/2011/2012/2015/2016/2017/2019/2020	thus:22
1076		tower	ˈtaʊə(r)	n.	塔	22	3	2010/2015/2018	towers:14 tower:8
1077		trade	treɪd	n. vt.	贸易 vt.用…进行交换	22	8	2010/2011/2012/2013/2015/2018/2019/2020	trade:15 trading:3 trades:2 traded:2
1078		transition	træn'ziʃәn	n.	过渡；转变；[分子生物] 转换；变调	22	2	2010/2017	transition:22
1079		useful	ˈjuːsfʊl	adj.	有用的，有益的	22	9	2008/2013/2014/2016/2017/2018/2020/2021/2022	useful:22
1080		vacation	vəˈkeɪʃ(ə)n	n.	假期，休假	22	8	2009/2010/2011/2013/2015/2016/2018/2020	vacation:17 vacations:3 vacationing:2
1081		wake	weɪk	v.	醒，醒来；唤醒（woke, woken）	22	9	2008/2011/2012/2013/2017/2018/2020/2021/2022	wake:12 woke:7 wakes:2 waking:1
1082		waste	weɪst	n. vt.	浪费	22	6	2010/2014/2017/2018/2019/2021	waste:21 wasted:1
1083		worried	ˈwɜrɪd /ˈwʌ-	adj.	担心的，烦恼的	22	9	2010/2013/2014/2015/2016/2018/2020/2021/2022	worried:22
1084		adventure	ədˈventʃə(r)	n.	冒险； 奇遇	21	6	2010/2015/2016/2018/2020/2021	adventure:15 adventures:4 adventuring:2
1085		afternoon	ɑːftəˈnuːn	n.	下午，午后；afterward(s	21	9	2011/2012/2013/2014/2015/2016/2018/2019/2021	afternoon:19 afternoons:2
1086		ancient	ˈeɪnʃənt	adj.	古代的，古老的	21	8	2011/2012/2013/2015/2019/2020/2021/2022	ancient:21
1087		award	wɔːd	n.	奖品，奖励	21	5	2017/2018/2019/2021/2022	awards:10 award:8 awarded:3
1088		clock	klɔk	n.	钟	21	7	2008/2011/2012/2013/2015/2017/2018	clock:21
1089		consumer	kәn'sju:mә	n.	消费者，顾客	21	4	2013/2018/2019/2022	consumers:16 consumer:5
1090		daily	ˈdeɪlɪ	adj. adv. n.	每日的；日常的 ad. 每天 n. 日报	21	8	2010/2014/2016/2017/2018/2019/2020/2021	daily:21
1091		disease	dɪˈziːz	n.	病，疾病	21	9	2009/2010/2011/2013/2014/2016/2017/2018/2022	disease:19 diseases:2
1092		evidence	ˈevɪdəns	n.	证据，证明	21	7	2009/2011/2015/2016/2018/2019/2022	evidence:21
1093		forest	ˈfɔrɪst; (US) ˈfɔːrɪst	n.	森林	21	8	2008/2010/2012/2014/2016/2017/2018/2021	forest:14 forests:7
1094		freeze	friːz	vi.	(froze, frozen) vi. 结冰	21	6	2011/2014/2015/2016/2018/2021	frozen:14 freeze:6 froze:1
1095		gather	ˈɡæðə(r)	v.	聚集；采集	21	4	2016/2017/2019/2020	gather:8 gathered:8 gathering:5
1096		grade	ɡreɪd	n.	等级；（中小学的）学年；成绩，分数	21	6	2011/2012/2015/2018/2019/2021	grade:12 grades:6 graded:3
1097		hardly	ˈhɑːdlɪ	adv.	几乎不	21	9	2010/2011/2013/2014/2015/2017/2018/2019/2020	hardly:21
1098		hit	hit	n.	打击, 打, 碰撞, (演出等)成功 打, 撞, 击中	21	8	2010/2011/2012/2014/2015/2019/2020/2022	hit:13 hitting:6 hits:2
1099		impossible	ɪmˈpɔsɪb(ə)l	adj.	不可能的	21	7	2008/2013/2014/2017/2019/2020/2021	impossible:21
1100		LED	led	abbr.	(light-emitting diode) 发光二极管	21	7	2010/2013/2015/2017/2019/2020/2022	led:21
1101		lion	ˈlaɪən	n.	狮子	21	2	2010/2014	lion:21
1102		make sure			na. 尽力做到；深信；务必；务请	21	0		make sure:21
1103		maybe	ˈmeɪbiː	adv.	可能，大概，也许	21	8	2008/2013/2014/2016/2017/2020/2021/2022	maybe:21
1104		Mom	mɒm	n.	（美）妈妈	21	5	2008/2013/2014/2015/2020	mom:20 moms:1
1105		nice	naɪs	adj.	令人愉快;好的漂亮的	21	8	2011/2013/2015/2016/2018/2019/2020/2021	nice:21
1106		opening	ˈəʊpənɪŋ	n.	开放，口子	21	8	2010/2011/2013/2018/2019/2020/2021/2022	opening:19 openings:2
1107		pleasure	pliːzd	n.	高兴，愉快	21	7	2008/2010/2011/2014/2016/2018/2020	pleasure:21
1108		pound	pəˈtenʃ(ə)l	n.	磅；英镑	21	7	2010/2011/2015/2016/2018/2020/2022	pounds:14 pound:6 pounded:1
1109		prize	praɪz	n.	奖赏，奖品	21	4	2011/2014/2016/2018	prize:16 prizes:5
1110		protection	prəˈtekʃ(ə)n	n.	保护	21	7	2010/2012/2014/2018/2019/2020/2022	protection:21
1111		psychology	saɪˈkɔlədʒɪ	n.	心理学	21	5	2013/2015/2018/2019/2022	psychology:21
1112		rely	rɪˈlaɪ	v.	依赖，依靠	21	9	2009/2010/2015/2016/2017/2018/2020/2021/2022	rely:16 relying:4 relies:1
1113		seek	si:k	v.	试图; 探寻	21	7	2012/2013/2014/2016/2018/2021/2022	seek:16 seeker:2 seeks:2 sought:1
1114		signal	ˈsɪɡn(ə)l	n.	信号，暗号	21	6	2009/2016/2017/2018/2020/2022	signals:12 signal:7 signaled:2
1115		single	ˈsɪŋɡ(ə)l	adj.	单一的，单个的	21	4	2010/2017/2018/2019	single:21
1116		soft	sɒft	a.	软的，柔和的	21	7	2008/2011/2015/2018/2020/2021/2022	soft:21
1117		speaker	ˈspiːkə(r)	n.	演讲人，演说家	21	4	2011/2014/2018/2019	speakers:14 speaker:7
1118		specific	spɪˈsɪfɪk	adj.	明确的,具体的,独特的	21	8	2014/2015/2016/2018/2019/2020/2021/2022	specific:19 specifics:2
1119		suit	suːt	vt. n.	适合 n.一套（衣服	21	6	2010/2011/2013/2016/2018/2020	suit:15 suits:4 suited:2
1120		trick	trɪk	n.	诡计，把戏	21	6	2011/2012/2013/2014/2020/2021	trick:11 tricks:10
1121		upon	əˈpɔn	prep.	在……上面	21	9	2008/2010/2011/2013/2014/2016/2017/2018/2019	upon:21
1122		wish	wɪʃ	n. vt.	愿望，祝愿 vt. 希望，想要，祝愿	21	8	2010/2011/2014/2016/2019/2020/2021/2022	wish:10 wishing:5 wished:5 wishes:1
1123		wonderful	ˈwʌndəfʊl	adj.	美妙的，精彩的；了不起的；太好了	21	7	2008/2015/2016/2017/2018/2019/2020	wonderful:21
1124		aim	eɪm	n. v.	目的；目标 v. 计划，打算；瞄准；针对	20	8	2008/2011/2013/2014/2017/2019/2021/2022	aim:11 aims:5 aimed:4
1125		analyze	ˈænəlaɪz	v.	分析	20	6	2013/2015/2016/2018/2019/2020	analyzing:9 analyze:6 analyzed:5
1126		arm	ɑːm	n. v.	臂,支架 v. 以…装备,武装起来n. （美）武器,武力	20	7	2008/2010/2011/2014/2015/2016/2018	arm:12 arms:8
1127		basket	ˈbɑːskɪt; (US) ˈbæskɪt	n.	篮子	20	4	2010/2015/2017/2018	basket:16 baskets:4
1128		bridge	brɪdʒ	n.	桥	20	6	2011/2013/2016/2017/2018/2020	bridge:13 bridges:7
1129		Britain	ˈbrɪtən	n.	* n. 英国；不列颠	20	8	2011/2013/2015/2016/2017/2018/2019/2020	britain:20
1130		burn	bɜːn	v. n.	燃，烧，着火；使烧焦；使晒黑；烧伤；晒伤	20	6	2011/2014/2015/2016/2018/2020	burn:10 burning:5 burned:5
1131		camera	ˈkæmərə	n.	照相机；摄像机	20	7	2008/2011/2012/2013/2014/2018/2019	cameras:11 camera:9
1132		canal	kəˈnæl	n.	运河；水道	20	1	2015	canal:16 canals:4
1133		coach	kəʊtʃ	n.	教练；马车；长途车	20	6	2013/2015/2016/2019/2020/2022	coach:12 coaching:4 coaches:4
1134		comfortable	ˈkʌmfətəb(ə)l; (US) ˈkʌmfərtəbl	adj.	舒服的；安逸的；舒服自在的	20	6	2013/2016/2017/2018/2021/2022	comfortable:20
1135		concern	kənˈsɜːn	v. n.	/ n. 涉及，关心	20	7	2011/2013/2017/2018/2019/2020/2022	concern:10 concerns:9 concerning:1
1136		conduct	ˈkɔndʌkt	vt.	引导，带领	20	9	2009/2012/2013/2014/2015/2016/2017/2018/2020	conducted:12 conduct:5 conducting:3
1137		dark	dɑːk	n. adj.	黑暗；暗处；日暮 a. 黑暗的；暗淡的；深色的	20	6	2008/2014/2015/2016/2017/2019	dark:17 darker:3
1138		direction	dɪˈrekʃ(ə)n	n.	方向；方位	20	8	2010/2012/2013/2016/2017/2019/2020/2022	direction:17 directions:3
1139		excellent	ˈeksələnt	adj.	极好的，优秀的	20	8	2010/2011/2012/2014/2016/2017/2018/2019	excellent:20
1140		familiar	fəˈmɪlɪə(r)	adj.	熟悉的	20	7	2010/2011/2012/2016/2018/2019/2020	familiar:20
1141		fit	fɪt	adj. v.	健康的, 适合的 v. （使）适合，安装	20	7	2009/2012/2015/2016/2017/2018/2022	fit:17 fitting:2 fitted:1
1142		flower	ˈflaʊə(r)	n.	花	20	7	2010/2011/2014/2016/2018/2020/2021	flowers:17 flower:3
1143		Friday	ˈfraɪdɪ	n.	星期五	20	7	2008/2011/2013/2014/2017/2018/2020	friday:18 fridays:2
1144		funny	ˈfʌnɪ	adj.	有趣的，滑稽可笑的	20	4	2010/2014/2016/2021	funny:18 funniest:2
1145		gardening	ˈɡɑːdnɪŋ	n.	园艺学	20	5	2011/2014/2016/2017/2018	gardening:20
1146		immediately	ɪˈmiːdɪətlɪ	adv.	立即	20	7	2008/2009/2010/2014/2016/2018/2021	immediately:20
1147		keyboard	kiːbɔːd	n.	键盘	20	1	2019	keyboard:20
1148		kite	kaɪt	n.	风筝	20	2	2011/2012	kite:20
1149		leading	ˈliːdɪŋ	adj.	最主要的，第一位的；leaf (复 leaves	20	5	2010/2011/2015/2017/2019	leading:20
1150		make it			na. 赶到；办成功；规定时间；〔美俚〕性交	20	0		make it:20
1151		nurse	nɜːs	n.	护士；保育员	20	4	2010/2016/2019/2021	nurse:12 nurses:8
1152		operation	ɔpəˈreɪʃ(ə)n	n.	手术，操作	20	5	2012/2013/2016/2021/2022	operation:13 operations:7
1153		pain	peɪn	n.	疼痛，疼	20	5	2012/2013/2014/2017/2018	pain:20
1154		progress	ˈprəʊɡres; (US) ˈprɔɡres	n. vi.	进步,上进vi.进展,进行	20	4	2010/2014/2017/2022	progress:20
1155		quick	kwɪk	adj. adv.	快；敏捷的；急剧的 ad. 快地；敏捷地；急剧地	20	7	2011/2013/2014/2015/2016/2017/2022	quick:20
1156		range	reɪndʒ	n. v.	/ v. 变化，变动，排序	20	7	2013/2015/2016/2018/2019/2020/2021	range:17 ranging:2 ranges:1
1157		Saturday	ˈsætədeɪ	n.	星期六	20	5	2011/2014/2015/2017/2018	saturday:20
1158		select	sɪˈlekt	vt.	选择，挑选，选拔	20	7	2014/2015/2016/2018/2019/2020/2022	selected:10 select:10
1159		shake	ʃeɪk	v.	摇动，震动；握手	20	6	2008/2009/2011/2013/2015/2018	shaking:8 shake:6 shook:3 shakes:3
1160		significant	sig'nifikәnt	n./adj.	象征；有意义的事物； 重大的；有效的；有意义的；值得注意的；意味深长的	20	6	2015/2018/2019/2020/2021/2022	significant:20
1161		society	səˈsaɪətɪ	n.	社会	20	6	2010/2011/2012/2015/2020/2022	society:18 societies:2
1162		solve	sɒlv	v.	解决；解答	20	3	2012/2014/2016	solve:13 solving:6 solved:1
1163		speech	spiːtʃ	n.	演讲	20	7	2009/2010/2011/2014/2016/2018/2019	speech:16 speeches:4
1164		stone	stəʊn	n.	石头，石料	20	5	2014/2016/2018/2019/2021	stone:14 stones:6
1165		whose	huːz	pron.	谁的	20	7	2010/2011/2016/2018/2019/2020/2022	whose:20
1166		a number of			若干；许多	19	0		a number of:19
1167		afraid	əˈfreɪd	adj.	害怕的；担心	19	6	2008/2009/2010/2011/2013/2018	afraid:19
1168		annoy	əˈnɔɪ	vt.	（使）烦恼	19	8	2009/2015/2016/2017/2018/2019/2020/2022	annoying:17 annoys:2
1169		aspect	ˈæspekt	n.	方面，外观，外表	19	6	2010/2011/2013/2017/2020/2022	aspects:12 aspect:7
1170		basic	ˈbeɪsɪk	adj.	基本的	19	9	2008/2012/2013/2014/2016/2017/2018/2019/2020	basic:18 basics:1
1171		bottle	ˈbɔt(ə)l	n.	瓶子	19	7	2008/2011/2012/2015/2018/2021/2022	bottles:8 bottle:6 bottled:5
1172		breakfast	ˈbrekfəst	n.	早餐	19	4	2010/2017/2019/2020	breakfast:18 breakfasted:1
1173		bright	braɪt	adj.	明亮的；聪明的	19	7	2008/2010/2012/2016/2017/2018/2020	bright:19
1174		classic	ˈklæsɪk	adj.	一流的，典型的，有代表性的	19	6	2013/2014/2016/2017/2020/2022	classic:19
1175		communicate	kəˈmjuːnɪkeɪt	v.	交际；传达（感情，信息等	19	9	2009/2012/2014/2015/2016/2017/2018/2020/2022	communicate:12 communicating:5 communicated:2
1176		complex	ˈkɔmpleks	adj. n.	/ n. 复杂的，建筑群	19	5	2012/2017/2018/2020/2021	complex:19
1177		decade	ˈdekeɪd	n.	十年期	19	7	2010/2012/2013/2014/2016/2018/2020	decades:12 decade:7
1178		degree	dɪˈɡriː	n.	程度；度数；学位	19	4	2015/2017/2020/2022	degree:19
1179		die	daɪ	v.	死	19	6	2008/2010/2011/2014/2016/2018	died:14 die:5
1180		discussion	dɪsˈkʌʃ(ə)n	n.	讨论，辩论	19	6	2011/2013/2016/2018/2019/2021	discussion:17 discussions:2
1181		dry	draɪ	v. adj.	使…干；弄干；擦干 a. 干的；干燥的	19	4	2010/2011/2015/2016	dry:13 dried:3 drier:2 drying:1
1182		electronic	ɪlekˈtrɔnɪk	adj.	电子的	19	6	2010/2012/2014/2015/2016/2018	electronic:17 electronics:2
1183		everywhere	ˈevrɪweə(r)	adv.	到处	19	7	2010/2011/2015/2016/2018/2021/2022	everywhere:19
1184		February	ˈfebruəri	n.	2月	19	7	2014/2015/2016/2017/2018/2020/2022	february:19
1185		finding	'faindiŋ	n.	发现；调查结果；（法律）判决	19	5	2012/2016/2018/2020/2022	findings:14 finding:5
1186		French	frentʃ	n.	法语 a法国的；法国人的；法语的	19	3	2015/2016/2020	french:19
1187		function	ˈfʌŋkʃən	n. v.	/ v. 作用,功能,运转	19	7	2008/2012/2017/2018/2020/2021/2022	functions:11 function:8
1188		gas	ɡæs	n.	煤气	19	5	2008/2011/2017/2018/2021	gas:12 gases:7
1189		glass	ɡlɑːs; (US) ɡlæs	n.	玻璃杯,玻璃；(复)眼镜	19	7	2008/2010/2012/2015/2018/2019/2020	glass:16 glasses:3
1190		intelligence	ɪnˈtelɪdʒəns	n.	智力,才智,智慧	19	6	2011/2013/2015/2016/2018/2021	intelligence:19
1191		itself	ɪtˈself	pron.	它自己	19	8	2008/2010/2011/2013/2016/2017/2021/2022	itself:19
1192		joy	dʒɔɪ	n.	欢乐，高兴，乐趣	19	7	2010/2012/2014/2017/2018/2019/2020	joy:19
1193		laugh	lɑːf	n. v.	笑，大笑；嘲笑	19	5	2012/2016/2017/2020/2021	laugh:13 laughed:3 laughing:3
1194		musical	ˈmjuːzɪk(ə)l	adj. n.	音乐的，爱好音乐的 n. 音乐片	19	7	2010/2011/2012/2016/2017/2019/2022	musical:13 musicals:6
1195		neighbor	ˈneɪbə(r)	n.	邻居，邻人 【美】	19	5	2010/2014/2016/2017/2019	neighbors:13 neighboring:4 neighbor:2
1196		neither	ˈnaɪðə(r)	adj.	（两者）都不;也不	19	7	2010/2011/2012/2013/2015/2019/2022	neither:19
1197		normal	ˈnɔːm(ə)l	n. adj.	正常的（状态	19	7	2008/2010/2014/2015/2017/2019/2021	normal:19
1198		peace	piːs	n.	和平	19	6	2008/2011/2015/2016/2019/2020	peace:19
1199		permit	pəˈmɪt	vt. n.	许可,允许;执照 n.许可证	19	5	2008/2012/2016/2017/2019	permit:7 permitted:7 permits:3 permitting:2
1200		physical	ˈfɪzɪk(ə)l	adj.	身体的；物理的	19	5	2012/2013/2016/2017/2020	physical:19
1201		practical	ˈpræktɪk(ə)l	adj.	实际的，适用的；practice(s)e	19	10	2009/2010/2011/2013/2014/2015/2016/2018/2019/2020	practical:19
1202		relative	ˈrelətɪv	n.	亲属，亲戚	19	5	2008/2010/2012/2015/2018	relatives:15 relative:4
1203		reply	rɪˈplaɪ	n.	回答，答复	19	7	2009/2010/2018/2019/2020/2021/2022	replied:10 reply:7 replying:2
1204		rock	rɔk	n. vt.	岩石,大石头vt. 摇,摇晃	19	7	2011/2012/2016/2017/2018/2019/2022	rock:17 rocks:2
1205		September	səpˈtembə(r)	n.	9月	19	4	2014/2016/2019/2021	september:19
1206		sort	sɔːt	n.	]；t. 把…分类，拣选 n. 种类，类别	19	8	2008/2011/2014/2016/2018/2019/2020/2022	sort:12 sorts:5 sorted:2
1207		square	skweə(r)	n. adj.	广场 a. 平方的；方形的，宽而结实的（体格，肩膀	19	4	2008/2013/2015/2019	square:17 squares:2
1208		technique	ˈteknɪk(ə)l	n.	技术;技巧,方法	19	6	2013/2014/2015/2018/2019/2020	techniques:13 technique:6
1209		therefore	ˈðeəfɔː(r)	adv.	因此，所以	19	7	2008/2009/2010/2012/2014/2016/2020	therefore:19
1210		transport	trænsˈpɔːt	n. vt.	运输	19	4	2010/2016/2017/2020	transport:13 transports:3 transported:3
1211		unique	jʊˈniːk	adj.	惟一的,独一无二的	19	6	2013/2015/2017/2018/2019/2021	unique:19
1212		various	ˈveərɪəs	adj.	各种各样的，不同的	19	8	2010/2013/2015/2016/2017/2020/2021/2022	various:19
1213		wave	weɪv	n. v.	（热、光、声等的）波，波浪 v. 挥手，挥动，波动	19	6	2010/2013/2014/2016/2021/2022	waving:8 wave:6 waves:3 waved:2
1214		wife	waɪf	n.	妻子	19	6	2008/2010/2012/2013/2020/2021	wife:19
1215		accident	ˈæksɪdənt	n.	事故，意外的事	18	5	2011/2012/2016/2019/2022	accident:14 accidents:4
1216		account	əˈkaʊnt	n.	账目;描述	18	6	2013/2014/2016/2018/2020/2021	accounts:9 account:5 accounting:3 accounted:1
1217		advise	ədˈvaɪz	vt.	忠告，劝告，建议	18	7	2010/2011/2013/2014/2015/2016/2017	advised:13 advise:5
1218		as well as			na. 和…一样；…不用说	18	0		as well as:18
1219		Asia	ˈeɪʃə	n.	* n. 亚洲	18	7	2008/2010/2012/2015/2016/2018/2020	asia:18
1220		asleep	əˈsliːp	adj.	睡着的，熟睡	18	3	2011/2013/2016	asleep:18
1221		balance	ˈbæləns	n.	平衡	18	5	2010/2016/2017/2018/2022	balance:15 balancing:2 balanced:1
1222		ball	bɔːl	n.	球 n. 舞会	18	6	2011/2012/2018/2019/2020/2022	ball:18
1223		Canada	ˈkænədə	n.	* n. 加拿大	18	6	2010/2011/2017/2018/2019/2021	canada:18
1224		character	ˈkærɪktə(r)	n.	（汉）字.字体；品格	18	8	2009/2010/2011/2013/2014/2016/2017/2019	characters:15 character:3
1225		cinema	ˈsɪnəmə	n.	电影院；电影	18	2	2008/2011	cinema:17 cinemas:1
1226		court	kɔːt	n.	法庭；法院	18	2	2015/2016	court:18
1227		crazy	ˈkreɪzɪ	adj.	疯狂的	18	6	2013/2014/2016/2019/2020/2021	crazy:18
1228		delicious	dɪˈlɪʃəs	adj.	美味的，可口的	18	5	2012/2016/2017/2018/2021	delicious:18
1229		discovery	dɪˈskʌvərɪ	n.	发现	18	6	2010/2013/2017/2018/2020/2021	discovery:11 discoveries:7
1230		document	ˈdɔkjʊmənt	n.	文件；文献	18	3	2010/2014/2015	documents:12 documenting:4 document:2
1231		draw	drɒ:	v.	绘画; 绘制; 拉, 拖; 提取	18	6	2011/2014/2015/2016/2020/2021	draw:7 drawn:5 draws:4 drew:2
1232		electricity	ɪlekˈtrɪsɪtɪ	n.	电；电流	18	4	2010/2011/2018/2020	electricity:18
1233		email	iː- meɪl	n.	电子邮件	18	4	2010/2018/2019/2020	email:10 emails:4 emailing:2 emailed:2
1234		escape	ɪˈskeɪp	n. vi.	逃跑；逃脱	18	7	2008/2011/2014/2015/2019/2021/2022	escape:9 escaping:5 escaped:4
1235		expose	ɪkˈspəʊz; (US) ekspəˈzeɪ	vt.	揭露	18	6	2013/2014/2018/2020/2021/2022	exposed:12 expose:4 exposing:2
1236		extremely	ɪkˈstriːmlɪ	adv.	极其，非常	18	9	2008/2012/2013/2014/2015/2016/2017/2018/2021	extremely:18
1237		fine	faɪn	adj. n. v.	细的；晴朗的；美好的；（身体）健康的 n.& v. 罚款	18	7	2008/2011/2015/2016/2017/2020/2022	fine:18
1238		frequently	'fri:kwәntli	adv.	频繁地；经常	18	7	2010/2013/2015/2016/2018/2020/2022	frequently:18
1239		guess	ɡes	vi.	猜	18	5	2011/2019/2020/2021/2022	guess:12 guessing:4 guesses:2
1240		homework	ˈhəʊmwɜːk	n.	家庭作业	18	5	2010/2013/2014/2018/2019	homework:18
1241		host	həʊst	n. v.	主人；节目主持人 v. 做主人招待	18	4	2019/2020/2021/2022	host:11 hosts:3 hosting:2 hosted:2
1242		huge	hjuːdʒ	adj.	巨大的，庞大的	18	8	2010/2012/2013/2015/2018/2019/2021/2022	huge:18
1243		hurt	hә:t	v.	伤害, 受伤; 伤人感情	18	6	2011/2013/2014/2015/2016/2020	hurt:17 hurts:1
1244		image	'imidʒ	n./vt.	影像；想象；肖像；偶像； 想象；反映；象征；作…的像	18	4	2011/2016/2020/2021	image:11 images:7
1245		indeed	ɪnˈdiːd	adj.	确实；实在	18	8	2008/2012/2016/2018/2019/2020/2021/2022	indeed:18
1246		inspire	ɪnˈspaɪə(r)	vt.	鼓舞； 激励	18	7	2014/2016/2017/2019/2020/2021/2022	inspired:6 inspire:6 inspiring:4 inspires:2
1247		intend	ɪnˈtend	vt.	想要，打算	18	6	2008/2016/2018/2020/2021/2022	intended:10 intend:4 intends:4
1248		January	ˈdʒænjʊərɪ; (US) ˈdʒænjʊerɪ	n.	1月	18	5	2014/2017/2020/2021/2022	january:18
1249		kitchen	ˈkɪtʃɪn	n.	厨房	18	8	2008/2010/2011/2012/2014/2017/2020/2021	kitchen:18
1250		manner	ˈmænə(r)	n.	方式，态度，举止	18	7	2008/2011/2013/2015/2016/2018/2019	manners:11 manner:7
1251		match	mætʃ	vt. n.	使相配，使成对 n. 比赛，竞赛 n. 火柴	18	8	2009/2010/2011/2017/2018/2019/2020/2021	match:13 matching:5
1252		monitor	ˈmɔnɪtə(r)	n.	（班级内的）班长；纠察生；监视器	18	5	2013/2016/2017/2018/2020	monitors:7 monitor:5 monitored:4 monitoring:2
1253		motivation	məʊtɪˈveɪʃn	n.	（做事的）动机	18	3	2016/2017/2019	motivation:17 motivations:1
1254		occur	əˈkɜː(r)	vi.	发生	18	6	2010/2011/2012/2014/2018/2020	occurred:11 occur:4 occurs:3
1255		ocean	ˈəʊʃ(ə)n	n.	海洋	18	4	2008/2016/2020/2021	ocean:11 oceans:7
1256		perfect	kwestʃəˈneə(r)	adj.	完美的，极好的	18	7	2008/2013/2015/2016/2018/2020/2021	perfect:18
1257		period	ˈpɪərɪəd	n.	时期，时代	18	8	2010/2013/2014/2015/2016/2017/2018/2020	period:12 periods:6
1258		phrase	freɪz	n.	短语；习惯用语	18	7	2011/2012/2015/2016/2017/2019/2020	phrase:16 phrases:2
1259		pleasant	ˈplezənt	adj.	令人愉快的，舒适的	18	6	2008/2010/2011/2016/2018/2021	pleasant:18
1260		pleased	pliːzd	adj.	高兴的	18	8	2009/2010/2011/2012/2013/2014/2016/2021	pleased:18
1261		popularity	.pɒpju'læriti	n.	受人喜爱；流行	18	5	2014/2015/2019/2020/2021	popularity:18
1262		producer	prә'dju:sә	n.	制片人；生产者	18	4	2011/2016/2018/2019	producer:10 producers:8
1263		rather than			na. 而不	18	0		rather than:18
1264		represent	reprɪˈzent	vt.	代表	18	6	2012/2014/2015/2016/2019/2020	represent:10 represented:5 representing:2 represents:1
1265		scientific	saɪənˈtɪfɪk	adj.	科学的	18	6	2009/2011/2014/2016/2017/2020	scientific:18
1266		sea	siː	n.	海，海洋	18	5	2008/2010/2016/2018/2020	sea:18
1267		seldom	ˈseldəm	adv.	很少，不常	18	6	2008/2010/2013/2015/2016/2019	seldom:18
1268		separate	ˈsepərət	v. adj.	使分开，使分离a. 单独的，分开的	18	7	2010/2013/2016/2017/2018/2020/2022	separate:15 separated:3
1269		sheet	ʃiːt	n.	成幅的薄片，薄板；shelf (复 shelves	18	2	2013/2017	sheet:16 sheets:2
1270		shopping	ˈʃɔpɪŋ	n.	买东西	18	6	2008/2011/2014/2015/2017/2021	shopping:18
1271		sorry	ˈsɔrɪ	adj.	对不起,抱歉;难过的	18	7	2008/2010/2013/2016/2017/2018/2021	sorry:18
1272		source	sɒ:s	n.	来源；出处	18	7	2008/2010/2011/2017/2019/2020/2021	source:13 sources:5
1273		spring	sprɪŋ	n.	春天,春季 n. 泉水,泉	18	7	2010/2012/2014/2016/2020/2021/2022	spring:18
1274		stage	steɪdʒ	n.	舞台；阶段	18	6	2012/2015/2016/2017/2018/2022	stage:18
1275		statistics	stəˈtɪstɪks	n.	统计数字，统计资料，统计学	18	4	2015/2016/2019/2020	statistics:18
1276		turning	ˈtɜːnɪŋ	n.	拐弯处, 拐角处	18	7	2011/2014/2015/2017/2018/2019/2022	turning:18
1277		underground	ʌndəˈɡraʊnd	adj. n.	地下的 n. 地铁	18	7	2009/2010/2011/2013/2016/2017/2020	underground:18
1278		unknown	juːnɪˈvɜːsɪtɪ	adj.	不知道的	18	7	2008/2010/2011/2014/2018/2019/2020	unknown:18
1279		unusual	ʌnˈjuːʒʊəl	adj.	不平常的，异常的	18	6	2009/2010/2012/2013/2018/2020	unusual:18
1280		wide	weə(r); (US) hweər	adj.	宽阔的	18	7	2012/2013/2014/2015/2016/2019/2021	wide:18
1281		worker	ˈwɜːkə(r)	n.	工人；工作者	18	7	2008/2010/2011/2015/2016/2017/2018	workers:12 worker:6
1282		worry	ˈwʌrɪ	n. v.	烦恼,担忧,发怒,困扰	18	6	2010/2012/2014/2016/2018/2021	worry:16 worries:2
1283		anxiety	æŋˈzaɪətɪ	n.	担忧，焦虑	17	5	2013/2014/2016/2018/2019	anxiety:15 anxieties:2
1284		architecture	ˈɑːkɪtektʃə(r)	n.	建筑学，建筑设计，风格	17	4	2017/2018/2020/2022	architecture:17
1285		blood	blʌd	n.	血，血液	17	4	2010/2012/2019/2020	blood:17
1286		boot	buːt	n.	长统靴；靴	17	2	2009/2012	boots:17
1287		cheap	tʃiːp	adj.	便宜的，贱	17	6	2008/2010/2011/2013/2018/2022	cheap:9 cheaper:6 cheapest:2
1288		citizen	ˈsɪtɪz(ə)n	n.	公民；居民	17	6	2010/2011/2014/2017/2018/2019	citizens:11 citizen:6
1289		clever	ˈklevə(r)	adj.	聪明的，伶俐的	17	5	2010/2011/2016/2017/2022	clever:15 cleverer:2
1290		colleague	ˈkɔliːɡ	n.	同事	17	6	2010/2014/2016/2018/2020/2021	colleagues:13 colleague:4
1291		contain	kənˈteɪn	v.	包含；包括；能容纳	17	6	2010/2011/2012/2018/2020/2022	contain:7 contained:4 contains:4 containing:2
1292		content	kənˈtent	adj. n.	甘愿的,满意的 n.内容	17	6	2008/2010/2014/2017/2019/2022	content:15 contents:2
1293		copy	ˈkɔpɪ	n. v.	抄本，副本；一本（份，册……） v. 抄写；复印；（计算机用语）拷（备 份盘	17	5	2010/2011/2018/2019/2020	copies:9 copy:4 copied:4
1294		curious	ˈkjʊərɪəs	adj.	好奇的；奇异的	17	5	2012/2013/2014/2015/2020	curious:17
1295		deal with			处理；安排；对付	17	0		deal with:17
1296		deliver	dɪˈlɪvə(r)	vt.	投递（信件，邮包等	17	5	2010/2011/2014/2016/2018	delivering:8 delivered:7 deliver:2
1297		department	dɪˈpɑːtmənt	n.	部门；（机关的）司，处；（大学的）系	17	4	2011/2013/2017/2018	department:13 departments:4
1298		discourage	dɪˈskʌrɪdʒ	vt.	（使）气馁；打消（做…的念头	17	7	2009/2014/2016/2017/2018/2019/2021	discouraged:10 discourage:5 discouraging:2
1299		dollar	dɔl; (US) dɔːl	n.	元（美国、加拿大、澳大利亚等国货币单位	17	7	2010/2013/2015/2016/2017/2018/2020	dollars:12 dollar:5
1300		dress	dres	n. v.	女服，连衣裙；(统指)服装；童装 v. 穿衣；穿着	17	7	2009/2010/2011/2013/2015/2016/2020	dress:13 dressed:4
1301		duty	ˈdjuːtɪ; (US) ˈduːtɪ	n.	责任，义务	17	6	2011/2016/2017/2019/2020/2021	duty:12 duties:5
1302		emergency	ɪˈmɜːdʒənsɪ	n.	紧急情况或状态	17	3	2016/2020/2021	emergency:14 emergencies:3
1303		examine	ɪɡˈzæmɪn	vt.	检查；诊察	17	6	2010/2011/2017/2019/2021/2022	examined:10 examine:6 examining:1
1304		floor	flɔː(r)	n.	地面，地板.（楼房的）层	17	6	2011/2013/2014/2018/2020/2021	floor:15 floors:2
1305		friendly	ˈfrendlɪ	adj.	友好的	17	7	2010/2011/2013/2014/2016/2019/2020	friendly:13 friendlier:4
1306		glove	ɡlʌv	n.	手套	17	2	2009/2013	gloves:17
1307		growth	ɡrəʊθ	n.	生长，增长	17	6	2010/2011/2013/2015/2016/2018	growth:17
1308		himself	hɪmˈself	pron.	他自己	17	6	2010/2011/2013/2016/2019/2020	himself:17
1309		Italy	ˈɪtəlɪ	n.	* n. 意大利	17	4	2010/2011/2020/2022	italy:17
1310		limited	'limitid	adj./n.	有限的； 高级快车	17	6	2008/2011/2012/2016/2020/2021	limited:17
1311		link	lɪŋk	v.	连接； 联系	17	7	2009/2011/2014/2015/2016/2018/2019	link:9 links:5 linking:2 linked:1
1312		moon	muːn	n.	月球；月光；月状物	17	3	2015/2020/2022	moon:16 moons:1
1313		mostly	'mәustli	adv.	主要地；一般地	17	8	2010/2011/2013/2014/2016/2017/2019/2021	mostly:17
1314		Mrs	'misiz		太太	17	5	2010/2011/2016/2017/2018	mrs:17
1315		network	ˈnetwɜːk	n.	网络，网状系统	17	7	2010/2011/2015/2016/2017/2018/2019	network:8 networks:5 networking:4
1316		November	nəʊˈvembə(r)	n.	11月	17	5	2011/2015/2016/2018/2022	november:17
1317		ourselves	aʊəˈselvz	pron.	我们自己	17	6	2012/2015/2017/2018/2020/2021	ourselves:17
1318		particular	pəˈtɪkjʊlə(r)	adj.	特殊的，个别的	17	8	2010/2013/2014/2015/2016/2017/2019/2020	particular:17
1319		path	pɑːθ; (US) pæθ	n.	小道，小径	17	6	2011/2012/2013/2015/2018/2019	path:15 paths:2
1320		president	ˈprezɪdənt	n.	总统；主席	17	8	2011/2012/2013/2014/2015/2016/2018/2019	president:14 presidents:3
1321		pretend	ˈpreʃə(r)	vi.	假装，装作	17	6	2010/2011/2013/2020/2021/2022	pretended:9 pretending:5 pretend:3
1322		refuse	rɪˈfjuːz	vi.	拒绝，不愿	17	8	2010/2011/2013/2014/2015/2016/2021/2022	refused:8 refuse:6 refusing:2 refuses:1
1323		remind	rɪˈmaɪnd	vt.	提醒，使记起	17	8	2009/2011/2012/2014/2015/2016/2018/2020	remind:6 reminded:4 reminds:3 reminding:2
1324		roll	rəʊl	v. n.	滚动, 打滚 n. 面包圈，小圆面包；卷状物	17	5	2013/2016/2018/2019/2020	rolling:9 roll:4 rolled:3 rolls:1
1325		Roman	'rәumәn	n./adj.	罗马人；古罗马语； 罗马的；罗马人的	17	4	2015/2016/2020/2021	roman:11 romans:6
1326		San Francisco		n.	旧金山	17	0		san francisco:17
1327		set up			设立;建立	17	0		set up:17
1328		spoken	ˈspəʊkən	adj.	口语的；spoken man/ woman (pl. spokemen/ women	17	5	2008/2010/2014/2017/2018	spoken:17
1329		swim	swɪm	n.	游泳，游；swim (swam, swum	17	4	2008/2010/2012/2015	swim:9 swum:4 swam:2 swims:2
1330		switch	swɪtʃ	v. n.	/ n. 开关,转换,改变	17	7	2010/2014/2015/2016/2018/2020/2022	switch:6 switching:5 switched:3 switches:3
1331		teens	ti:ns	n.	十几岁（13至19岁的年龄）	17	4	2008/2011/2018/2019	teens:17
1332		active	ˈæktɪv	adj.	积极的，主动的	16	6	2011/2012/2016/2017/2020/2022	active:16
1333		Antarctica	ænˈtɑːktikə	n.	* n. 南极洲	16	2	2016/2022	antarctica:16
1334		architect	ˈɑːkɪtekt	n.	建筑师，设计师	16	4	2015/2018/2020/2021	architects:13 architect:3
1335		at work			有某种影响；在工作	16	0		at work:16
1336		atmosphere	ˈætməsfɪə(r)	n.	大气；气氛	16	4	2008/2016/2019/2021	atmosphere:16
1337		attempt	əˈtempt	vt.	试图，尝试	16	7	2010/2012/2013/2016/2019/2020/2021	attempt:7 attempting:5 attempts:4
1338		Australia	ɔˈstreɪljə	n.	* n. 澳洲；澳大利亚	16	7	2010/2011/2014/2018/2020/2021/2022	australia:16
1339		bath	bɑːθ; (US) bæθ	n.	洗澡；浴室；澡盆	16	5	2010/2014/2015/2018/2022	bath:6 baths:4 bathed:4 bathes:2
1340		birthday	ˈbɜːθdeɪ	n.	生日	16	6	2011/2012/2015/2017/2018/2022	birthday:9 birthdays:7
1341		borrow	ˈbɔrəʊ	v.	（向别人）借用；借	16	4	2010/2013/2017/2020	borrowed:8 borrow:4 borrowing:2 borrows:2
1342		careful	ˈkeəfʊl	adj.	小心，仔细，谨慎的	16	6	2010/2013/2015/2016/2019/2021	careful:16
1343		cell	sel	n.	（监狱的）单人牢房；（修道院等的）单人小室；（蜂巢的）小蜂窝，蜂房；［生物］ 细胞	16	5	2008/2012/2016/2018/2020	cells:10 cell:6
1344		chick	tʃɪk	n.	小鸡	16	1	2017	chick:10 chicks:6
1345		conflict	ˈkɔnflɪkt	n.	冲突，争执，争论	16	7	2010/2014/2015/2016/2017/2020/2022	conflict:9 conflicts:5 conflicting:2
1346		contribution	kɔnˈtrɪbjuːt	n.	贡献	16	6	2009/2015/2016/2018/2021/2022	contribution:9 contributions:7
1347		cross	krɔs	adj. n. vt.	脾气不好的，易怒的 n. 十字形的东西 vt. 越过；穿过	16	4	2013/2018/2020/2022	cross:13 crosses:2 crossed:1
1348		cry	kraɪ	n. v.	叫喊；哭声 v. 喊叫；哭	16	6	2012/2013/2014/2015/2016/2017	cry:10 crying:6
1349		demand	dɪˈmɑːnd; (US) dɪˈmænd	vt.	要求	16	6	2014/2015/2018/2020/2021/2022	demand:8 demands:4 demanded:4
1350		duration	dju'reiʃәn	n.	持续时间；期间	16	2	2017/2018	duration:16
1351		effective	i'fektiv	adj.	有效的，起作用的；实际的，实在的；给人深刻印象	16	6	2011/2013/2014/2018/2020/2022	effective:16
1352		fix	fɪks	vt.	修理；安装；确定，决定	16	4	2010/2011/2014/2015	fixed:8 fix:6 fixing:2
1353		guarantee	ɡærənˈtiː	v.	保证，担保	16	5	2013/2014/2019/2020/2022	guarantee:10 guaranteed:4 guarantees:1 guaranteeing:1
1354		hearing	ˈhɪərɪŋ	n.	听力	16	6	2011/2013/2014/2017/2019/2021	hearing:16
1355		heavy	ˈhevɪ	adj.	重的	16	4	2012/2013/2016/2018	heavy:12 heavier:3 heaviest:1
1356		hungry	ˈhʌŋɡrɪ	adj.	（饥）饿的	16	6	2010/2014/2015/2017/2019/2021	hungry:16
1357		ignore	ɪɡˈnɔː(r)	v.	忽视，对…不理会	16	5	2008/2014/2015/2017/2022	ignored:12 ignoring:2 ignore:2
1358		India	ˈɪndɪə	n.	* n. 印度	16	5	2013/2014/2016/2020/2022	india:16
1359		indicate	ˈɪndɪkeɪt	v.	表明，象征，暗示	16	7	2009/2015/2016/2018/2019/2020/2022	indicates:10 indicate:3 indicating:2 indicated:1
1360		insect	ˈɪnsekt	n.	昆虫	16	3	2014/2017/2020	insects:12 insect:4
1361		lack	læk	n. vt.	缺乏，缺少	16	6	2010/2015/2016/2019/2020/2022	lack:15 lacking:1
1362		leg	leɡ	n.	腿；腿脚；支柱	16	7	2008/2011/2012/2014/2018/2020/2022	legs:8 leg:8
1363		loud	laʊd	adj.	大声的	16	6	2012/2014/2015/2017/2018/2021	loud:12 louder:2 loudest:2
1364		luck	lʌk	n.	运气，好运	16	7	2012/2013/2014/2017/2018/2020/2021	luck:16
1365		membership	'membәʃip	n.	资格；成员资格；会员身份	16	4	2011/2016/2021/2022	membership:16
1366		middle	ˈmɪd(ə)l	n.	中间;当中;中级的	16	8	2010/2011/2014/2017/2018/2019/2020/2022	middle:16
1367		NASA	'næsә	abbr.	美国国家航空和宇宙航行局（National Aeronautics and Space Administration）	16	1	2019	nasa:16
1368		nervous	ˈnɜːvəs	adj.	紧张不安的	16	7	2010/2013/2016/2017/2018/2019/2022	nervous:16
1369		police	pəˈliːs	n.	警察，警务人员；policeman (复-men	16	5	2011/2013/2014/2016/2020	police:15 policing:1
1370		post	pəʊst	n. v.	邮政，邮寄，邮件 v. 投寄； 邮寄	16	5	2011/2014/2016/2017/2018	post:6 posted:6 posts:4
1371		predict	prɪˈdɪkt	v.	预言，预告，预报	16	4	2017/2018/2019/2022	predicted:11 predict:2 predicts:2 predicting:1
1372		private	ˈpraɪvɪt	adj.	私人的	16	5	2010/2013/2016/2019/2020	private:16
1373		recycle	riːˈsaɪk(ə)l	vt.	回收；再循环	16	3	2014/2018/2021	recycling:8 recycled:6 recycle:2
1374		retire	rɪˈtaɪə(r)	v.	退休	16	6	2014/2015/2019/2020/2021/2022	retired:7 retirees:4 retire:3 retiring:2
1375		ruin	ˈruːɪn	vt. n.	（使）毁坏；（使） 毁灭 n. (复) 废墟；遗迹	16	6	2010/2014/2016/2018/2019/2020	ruin:7 ruined:5 ruining:2 ruins:2
1376		sky	skaɪ	n.	天；天空	16	7	2008/2012/2014/2016/2019/2021/2022	sky:16
1377		smell	smel	v. n.	嗅，闻到；发气味；气味	16	7	2010/2012/2013/2015/2016/2017/2018	smell:15 smelled:1
1378		somebody	ˈsʌmbʌdɪ; ˈsʌmbədɪ	pron.	某人；有人；有名气的人	16	8	2008/2010/2011/2013/2016/2017/2019/2021	somebody:16
1379		straight	streɪt	adj. adv.	一直的，直的 ad. 一直地，直地	16	5	2008/2010/2012/2015/2020	straight:14 straighter:2
1380		struggle	ˈstrʌɡ(ə)l	vi.	斗争	16	6	2009/2013/2014/2016/2017/2018	struggling:8 struggled:5 struggle:3
1381		succeed	səkˈsiːd	vi.	成功	16	7	2010/2011/2012/2013/2015/2019/2020	succeed:11 succeeded:4 succeeding:1
1382		teenager	ˈtiːneɪdʒə(r)	n.	（13～19岁的）青少年，十几岁的少年	16	5	2011/2016/2019/2021/2022	teenager:8 teenagers:8
1383		vitamin	'vaitәmin	n.	维生素	16	3	2015/2018/2019	vitamin:16
1384		war	wɔː(r)	n.	战争	16	5	2010/2013/2015/2016/2018	war:11 wars:5
1385		wheelchair	'hwi:l.tʃєә	n.	轮椅	16	4	2010/2013/2017/2020	wheelchair:14 wheelchairs:2
1386		wildlife	ˈwaɪldlaɪf	n.	野生动物	16	5	2010/2011/2017/2021/2022	wildlife:16
1387		absorb	əbˈsɔːb	v.	吸收，使全神贯注	15	5	2008/2009/2017/2018/2019	absorbed:8 absorb:6 absorbs:1
1388		AD	ˌeɪˈdiː	n.	公元	15	3	2009/2011/2019	ad:15
1389		advance	ədˈvɑːns; (US) ədˈvæns	v.	推进，促进；前进	15	4	2016/2017/2018/2019	advance:11 advances:4
1390		agency	ˈeɪdʒənsɪ	n.	代理机构	15	3	2011/2016/2019	agencies:12 agency:3
1391		AI	ai	abbr.	人工智能（artificial intelligence）	15	1	2022	ai:15
1392		announce	əˈnaʊns	vt.	宣布，宣告	15	6	2009/2010/2011/2017/2018/2022	announced:11 announcing:2 announce:2
1393		arrival	əˈraɪv(ə)l	n.	到来，到达	15	5	2014/2015/2018/2020/2021	arrival:13 arrivals:2
1394		as if			na. 彷佛；活像	15	0		as if:15
1395		associate	əˈsəʊʃɪeɪt	v.	联想，联系	15	5	2010/2017/2018/2019/2020	associate:11 associated:4
1396		aware	əˈweə(r)	adj.	知道，意识到，发觉	15	5	2011/2013/2015/2016/2018	aware:15
1397		beauty	ˈbjuːtɪ	n.	美丽，美人	15	6	2010/2015/2017/2019/2020/2022	beauty:15
1398		birth	bɜːθ	n.	出生； 诞生	15	4	2010/2015/2017/2019	birth:14 births:1
1399		boss	bɔs	n.	领班；老板	15	5	2009/2010/2011/2013/2019	boss:15
1400		brown	braʊn	n. adj.	褐色，棕色 a. 褐色的，棕色的	15	5	2010/2012/2015/2018/2020	brown:15
1401		ceremony	ˈserɪmənɪ	n.	典礼，仪式，礼节	15	6	2009/2011/2014/2015/2016/2022	ceremony:12 ceremonies:3
1402		challenging	ˈtʃælɪndʒɪŋ	adj.	具有挑战性的	15	5	2017/2018/2020/2021/2022	challenging:15
1403		chess	tʃes	n.	棋	15	2	2013/2018	chess:15
1404		climate	ˈklaɪmɪt	n.	气候	15	3	2011/2018/2022	climate:15
1405		confirm	kənˈfɜːm	v.	证实，证明，确认	15	5	2014/2016/2018/2020/2022	confirmed:11 confirm:4
1406		correct	kəˈrekt	v. adj.	改正；纠正 a. 正确的，对的；恰当的	15	5	2010/2011/2013/2014/2022	correct:14 correcting:1
1407		creature	ˈkriːtʃə(r)	n.	生物，动物	15	6	2009/2015/2017/2020/2021/2022	creatures:10 creature:5
1408		credit	ˈkredɪt	n.	信用；信赖；信誉	15	4	2013/2014/2018/2022	credits:12 credit:3
1409		drawing	ˈdrɔːɪŋ	n.	图画，素描,绘画；dream (dreamt, dreamt 或--ed, --ed	15	6	2010/2013/2014/2015/2019/2021	drawing:11 drawings:4
1410		employee	.emplɒi'i:	n.	雇员	15	3	2012/2017/2020	employees:15
1411		entry	ˈentrɪ	n.	进入	15	7	2008/2014/2015/2016/2020/2021/2022	entry:9 entries:6
1412		evolution	iːvəˈluːʃ(ə)n; (US) ev-	n.	进化，演变	15	3	2014/2018/2020	evolution:15
1413		exactly	ɪɡˈzæktli	adv.	精确地；确切地	15	7	2008/2010/2011/2015/2016/2020/2022	exactly:15
1414		expression	ɪkˈspreʃ(ə)n	n.	表达；词句；表示，说法；表情	15	6	2010/2011/2013/2014/2015/2020	expressions:8 expression:7
1415		financial	fai'nænʃәl	adj.	金融的；财政的，财务的	15	5	2010/2016/2017/2019/2020	financial:15
1416		focus on			致力于; 使聚焦于; 对（某事或做某事）予以注意; 把…作为兴趣中心	15	0		focus on:15
1417		goods	ɡʊd	n.	商品，货物；goose (复 geese	15	6	2008/2009/2010/2011/2013/2020	goods:15
1418		graduate	ˈɡrædjʊət	v.	毕业	15	5	2011/2013/2015/2018/2020	graduate:8 graduated:5 graduates:2
1419		grandparents	ˈɡrændpeərənt	n.	祖父母.外祖父母	15	2	2016/2018	grandparents:15
1420		in time			及时；终于	15	0		in time:15
1421		Italian	ɪˈtæljən	adj. n.	意大利(人)的；意大利语的 n. 意大利人；意大利语	15	6	2010/2011/2015/2016/2020/2022	italian:10 italians:5
1422		jump	dʒʌmp	n. v.	跳跃；跳变 v. 跳跃；惊起；猛扑	15	6	2013/2014/2015/2016/2018/2019	jumped:8 jumping:3 jumps:2 jump:2
1423		lake	leɪk	n.	湖	15	6	2008/2014/2016/2018/2019/2020	lakes:10 lake:5
1424		latest	ˈleɪtɪst	adj.	最近，最新的；最晚的	15	5	2011/2014/2018/2020/2022	latest:15
1425		lecture	ˈlektʃə(r)	n.	讲课，演讲	15	3	2011/2016/2022	lecture:9 lectures:6
1426		mobile	ˈməʊbaɪl; (US) məʊbl	adj.	活动的，可移动的	15	5	2016/2017/2018/2020/2021	mobile:15
1427		persuade	ˈpɜːsənəlɪ	vt.	说服，劝说	15	9	2008/2009/2010/2012/2014/2018/2019/2020/2021	persuade:8 persuading:4 persuaded:3
1428		player	ˈpleɪə(r)	n.	比赛者，选手	15	4	2015/2016/2018/2019	player:10 players:5
1429		print	prɪnt	vt.	印刷	15	6	2008/2011/2016/2017/2018/2020	printed:13 print:2
1430		purchase	ˈpɜːtʃəs	v.	购买，采购	15	6	2010/2012/2013/2018/2019/2020	purchase:10 purchased:3 purchases:2
1431		quiet	ˈkwaɪət	adj.	安静的；寂静的	15	6	2011/2012/2013/2016/2019/2020	quiet:14 quieter:1
1432		recover	rɪˈkʌvə(r)	vi.	痊愈；恢复	15	6	2010/2012/2013/2017/2019/2021	recovering:7 recovered:5 recover:3
1433		rescue	ˈreskjuː	vt.	营救，援救	15	4	2014/2016/2017/2019	rescue:12 rescued:3
1434		resident	'rezidәnt	n./adj.	居民；住院医生； 居住的；定居的	15	3	2010/2011/2019	residents:15
1435		rope	rəʊp	n.	绳，索	15	3	2008/2011/2014	rope:10 ropes:5
1436		shout	ˈʃəʊldə(r)	n. v.	喊，高声呼喊	15	5	2011/2012/2014/2018/2021	shouted:6 shouting:6 shouts:3
1437		slightly	'slaitli	adv.	略微；稍微	15	6	2009/2013/2015/2017/2020/2021	slightly:15
1438		solution	sә'lu:ʃәn	n.	解决办法	15	3	2017/2018/2019	solution:11 solutions:4
1439		spirit	ˈspɪrɪt	n.	精神	15	5	2010/2011/2013/2017/2018	spirits:9 spirit:6
1440		tear	teə(r)	n. v.	眼泪 v. 扯破, 撕开	15	6	2008/2010/2012/2014/2015/2020	tears:11 tear:3 tore:1
1441		television	ˈtelɪɡrɑːf; (US) -ɡræf	n.	电视；tell (told, told	15	4	2008/2011/2015/2018	television:14 televisions:1
1442		tend to			易于，往往会	15	0		tend to:15
1443		update	ʌp'deit	v.	使现代化, 修正, 校正, 更新 修正, 校正, 更新	15	5	2015/2016/2017/2018/2021	update:9 updated:4 updates:2
1444		valley	ˈvælɪ	n.	山谷, 溪谷	15	4	2010/2017/2019/2020	valley:11 valleys:4
1445		victim	ˈvɪktɪm	n.	受害者，牺牲品	15	3	2011/2015/2016	victim:11 victims:4
1446		worse	wɜːs	adj.	(bad的比较级)更坏的	15	7	2010/2013/2014/2016/2018/2020/2021	worse:15
1447		addition	əˈdɪʃ(ə)n	n.	增加;（算数用语）加	14	7	2011/2013/2015/2016/2017/2019/2020	addition:14
1448		advantage	ədˈvɑːntɪdʒ	n.	优点； 好处	14	8	2008/2011/2013/2015/2016/2017/2019/2020	advantage:9 advantages:5
1449		afford	əˈfɔːd	vt.	负担得起（……的费用）；抽得出（时间）；提供	14	7	2008/2010/2011/2013/2016/2020/2021	afford:14
1450		all over the world		adv.	遍及全世界	14	0		all over the world:14
1451		artistic	ɑ:'tistik	adj.	艺术的；艺术家的	14	4	2011/2015/2016/2017	artistic:14
1452		attach	əˈtætʃ	v.	把…固定，重视	14	4	2010/2020/2021/2022	attached:10 attach:4
1453		attraction	əˈtrækʃ(ə)n	n.	吸引，爱慕	14	5	2010/2015/2020/2021/2022	attractions:8 attraction:6
1454		August	ˈɔːɡəst	n.	8月	14	5	2013/2015/2016/2017/2018	august:14
1455		banana	bəˈnɑːnə; (US) bəˈnænə	n.	香蕉	14	1	2018	bananas:14
1456		bar	bɑː(r)	n.	条（长方）块，棒，横木 n.（酒店的）买酒柜台；酒吧；（卖东西的）柜台	14	2	2016/2019	bar:14
1457		based	beist	v./adj.	立基于，以…为基础（base的过去式和过去分词）； 有根基的	14	4	2010/2014/2019/2020	based:14
1458		battle	ˈbæt(ə)l	n.	战斗；战役	14	5	2013/2015/2018/2019/2020	battle:10 battles:2 battled:2
1459		bear	beə(r)	v. n.	承受，负担，承担；忍受；容忍 n. 熊	14	4	2012/2015/2016/2019	bear:7 bears:5 bore:2
1460		calorie	'kælәri	n.	卡路里（热量单位）	14	3	2015/2018/2020	calories:12 calorie:2
1461		capacity	kә'pæsiti	n.	能力；容量；资格，地位；生产力	14	1	2021	capacity:12 capacities:2
1462		celebration	selɪˈbreɪʃ(ə)n	n.	庆祝；庆祝会	14	4	2014/2015/2017/2018	celebration:7 celebrations:7
1463		chimp	tʃimp	n.	（非洲）黑猩猩	14	1	2016	chimps:12 chimp:2
1464		chopsticks	ˈtʃɔpstɪks	n.	筷子	14	3	2015/2016/2022	chopsticks:14
1465		Christmas	ˈkrɪsməs	n.	圣诞节（12月25日	14	4	2011/2014/2016/2020	christmas:14
1466		church	tʃɜːtʃ	n.	教堂；教会	14	4	2012/2013/2015/2019	church:12 churches:2
1467		comment	ˈkɔment	n.	评论	14	6	2012/2015/2017/2018/2019/2021	comment:7 comments:7
1468		contribute	kənˈtrɪbjuːt	v.	贡献	14	4	2008/2014/2015/2020	contribute:5 contributes:4 contributing:3 contributed:2
1469		count	kaʊnt	vt.	数，点数	14	4	2011/2017/2018/2019	count:7 counted:4 counts:3
1470		cure	kjʊə(r)	n. vt.	治疗；医好	14	7	2012/2013/2015/2016/2017/2019/2020	cure:7 cured:5 cures:2
1471		danger	ˈdeɪndʒə(r)	n.	危险	14	6	2010/2011/2013/2016/2020/2022	danger:9 dangers:5
1472		decline	dɪˈklaɪn	v.	减少,下降,衰退,谢绝	14	5	2014/2016/2017/2018/2019	decline:9 declined:2 declining:2 declines:1
1473		district	ˈdɪstrɪkt	n.	区；地区；区域	14	5	2010/2011/2016/2017/2020	district:13 districts:1
1474		egg	eɡ	n.	蛋；卵	14	4	2011/2013/2015/2020	eggs:9 egg:5
1475		European	jʊərəˈpiːən	adj. n.	欧洲的，欧洲人的 n. 欧洲人	14	6	2010/2011/2012/2013/2021/2022	european:12 europeans:2
1476		even if			na. 即使…也	14	0		even if:14
1477		except	ɪkˈsept	prep.	除……之外	14	5	2008/2011/2015/2019/2021	except:14
1478		excuse	ɪkˈskjuːz	n. vt.	借口.辩解 vt.原谅.宽恕	14	4	2010/2013/2017/2019	excuse:12 excused:2
1479		fan	fæn	n.	（电影、运动等的）迷；热心的爱好者（支持者） n. 风扇	14	5	2011/2012/2015/2021/2022	fans:9 fan:5
1480		favorite	ˈfeɪvərɪt	adj. n.	最喜爱的；最喜爱的人（物）（英式 favourite）	14	6	2008/2010/2011/2012/2015/2021	favorite:12 favorites:2
1481		forbid	fəˈbɪd	vt.	(forbade, forbidden) vt. 禁止，不许	14	5	2008/2011/2015/2016/2019	forbidden:7 forbidding:4 forbids:2 forbid:1
1482		France	fræns	n.	法国	14	4	2015/2018/2020/2022	france:14
1483		frightened	'frait(ә)nd	adj.	害怕的；受惊的	14	5	2010/2011/2014/2018/2019	frightened:14
1484		furniture	ˈfɜːnɪtʃə(r)	n.	（总称）家具	14	4	2008/2010/2013/2018	furniture:14
1485		give up			na. 放弃；断绝；投降；自首	14	0		give up:14
1486		gossip	'gɒsip	n./v.	闲话；闲谈；说闲话，说长道短	14	0		gossip:14
1487		in all			一共；总计	14	0		in all:14
1488		inch	ɪntʃ	n.	英寸	14	4	2008/2011/2015/2017	inches:8 inch:6
1489		Ireland	ˈaɪələnd	n.	* n. 爱尔兰	14	1	2011	ireland:12 irelands:2
1490		item	'aitәm	n./adj./v.	条款，项目；一则；一件商品（或物品）； 又，同上； 记下；逐条列出	14	2	2008/2020	items:14
1491		journal	'dʒә:nәl	n.	日报，杂志；日记；分类账	14	3	2016/2018/2020	journal:14
1492		juice	dʒuːs	n.	汁、液	14	4	2015/2018/2019/2022	juice:10 juices:4
1493		measure	ˈmeʒə(r)	v.	量	14	4	2010/2013/2014/2019	measures:10 measured:4
1494		neighborhood	ˈneɪbəhʊd	n.	邻近地区；街区（英式 neighbourhood）	14	3	2011/2013/2015	neighborhood:13 neighborhoods:1
1495		note	nəʊt	n. vt.	便条，笔记，注释；钞票，纸币；音符，音调 vt. 记下，记录；注意，留意	14	7	2008/2009/2011/2017/2019/2020/2021	note:14
1496		rain	reɪn	n. vi.	雨，雨水 vi. 下雨	14	5	2010/2011/2015/2016/2019	rain:9 raining:4 rains:1
1497		regard	rɪˈɡɑːd	v.	把……看作	14	6	2012/2015/2016/2019/2021/2022	regard:9 regarded:3 regarding:2
1498		regret	rɪˈɡret	n. vt.	/ vt.可惜,遗憾;痛惜;哀悼	14	8	2008/2013/2015/2017/2019/2020/2021/2022	regretted:8 regret:6
1499		responsibility	rɪspɔnsɪˈbɪlɪtɪ	n.	责任，负责	14	5	2014/2015/2016/2019/2021	responsibility:10 responsibilities:4
1500		satisfy	ˈsætɪsfaɪ	vt.	满足，使满意	14	5	2010/2011/2013/2015/2017	satisfied:7 satisfying:5 satisfy:2
1501		scholar	ˈskɔlə(r)	n.	学者	14	4	2014/2016/2017/2020	scholars:9 scholar:5
1502		sharp	ʃɑːp	adj.	锋利的，尖的	14	5	2013/2015/2017/2018/2022	sharp:13 sharper:1
1503		temperature	ˈtemprɪtʃə(r)	n.	温度	14	5	2008/2012/2014/2015/2018	temperature:7 temperatures:7
1504		tie	taɪ	vt. n.	（用绳，线）系，拴，扎 n. 领带，绳子，结；关系	14	8	2008/2009/2011/2012/2015/2016/2021/2022	tied:8 ties:3 tie:3
1505		tube	tjuːb; (US) tuːb	n.	管，管状物	14	2	2017/2018	tube:12 tubes:2
1506		video	ˈvɪdɪəʊ	n.	录像，视频	14	4	2008/2014/2019/2020	videos:7 video:6 videoing:1
1507		wax	wæks	n.	蜡	14	1	2012	wax:14
1508		wheel	wiːl; (US) hwiːl	n.	轮，机轮	14	3	2012/2013/2017	wheel:8 wheels:4 wheeled:2
1509		zone	zuː	n.	区域；范围	14	5	2017/2018/2019/2020/2021	zone:8 zones:6
1510		absolutely	'æbsәlu:tli	adv.	绝对地；完全地	13	3	2017/2020/2021	absolutely:13
1511		adapt	əˈdæpt	v.	使适应，适合，改编	13	1	2020	adapting:6 adapt:4 adapted:3
1512		adaptation	ədæpˈteɪʃ(ə)n	n.	适应，改编本	13	3	2015/2017/2020	adaptation:11 adaptations:2
1513		ant	ænt	n.	蚂蚁	13	2	2015/2020	ants:9 ant:4
1514		appreciate	əˈpriːʃɪeɪt	v.	欣赏； 感激	13	4	2015/2017/2018/2020	appreciate:9 appreciated:4
1515		aside	əˈsaɪd	adv.	在旁边	13	6	2011/2013/2018/2020/2021/2022	aside:13
1516		attractive	əˈtræktɪv	adj.	迷人的，有吸引力的	13	5	2010/2011/2015/2018/2020	attractive:13
1517		awkward	ˈɔːkwəd	adj.	令人尴尬,使人难堪的	13	5	2009/2013/2018/2019/2021	awkward:13
1518		bedroom	ˈbedruːm	n.	寝室，卧室	13	5	2008/2016/2017/2020/2021	bedroom:12 bedrooms:1
1519		bill	bɪl	n.	账单；法案，议案； （美）钞票，纸币	13	4	2012/2014/2016/2017	bill:9 bills:4
1520		billion	ˈbɪlɪən	num.	十亿，百亿	13	6	2010/2013/2014/2016/2020/2022	billion:8 billions:5
1521		bit	bɪt	n.	一点，一些，少量的；bite (bit, bitten	13	5	2010/2017/2019/2020/2022	bit:9 bites:4
1522		block	blɔk	n. vt.	大块；（木、石等）块；街区；路障 vt. 阻塞；阻挡	13	6	2010/2015/2018/2019/2020/2021	blocks:6 block:5 blocking:2
1523		bond	bɔnd	n. v.	/v. 纽带，联系，使牢固	13	5	2009/2014/2016/2018/2020	bond:12 bonding:1
1524		cherry	'tʃeri	n./adj.	樱桃；樱桃树；樱桃色； 樱桃色的；鲜红色的	13	2	2014/2018	cherry:9 cherries:4
1525		clearly	ˈklɪəlɪ	adv.	清楚地，无疑地	13	4	2012/2018/2019/2021	clearly:13
1526		clothing	ˈkləʊðɪŋ	n.	(总称) 衣服	13	3	2012/2019/2021	clothing:13
1527		commercial	kəˈmɜːʃ(ə)l	adj.	商业的，贸易的	13	4	2012/2014/2015/2016	commercial:11 commercials:2
1528		confused	kәn'fju:zd	adj.	感到困惑的	13	4	2014/2015/2016/2022	confused:13
1529		consume	kənˈsʌltənt	v.	消耗，耗费（燃料，能量，时间等	13	5	2015/2017/2018/2020/2022	consumed:7 consume:4 consuming:2
1530		diet	daɪ	n.	饮食	13	4	2010/2015/2017/2018	diet:10 diets:3
1531		dig	dig	v.	挖; 掘	13	3	2017/2018/2021	dug:6 dig:4 digging:3
1532		disaster	dɪˈzɑːstə(r); (US) dɪzˈæstər	n.	灾难；祸患	13	3	2016/2017/2019	disasters:8 disaster:5
1533		dive	daɪv	vi.	跳水	13	4	2008/2009/2019/2020	diving:8 dive:5
1534		dull	dʌl	adj.	阴暗的；单调无味	13	5	2010/2015/2017/2019/2020	dull:11 dulled:2
1535		emission	i'miʃәn	n.	排放物；散发物；排放	13	2	2014/2018	emissions:12 emission:1
1536		empty	ˈemptɪ	adj.	空的	13	7	2010/2011/2016/2018/2019/2020/2022	empty:11 emptied:2
1537		everybody	evribɒdi	pron.	每人，人人	13	4	2010/2012/2018/2019	everybody:13
1538		factory	ˈfæktəri	n.	工厂	13	5	2010/2011/2012/2013/2020	factory:11 factories:2
1539		gradually	ˈɡrædjʊəlɪ	adv.	逐渐地	13	6	2013/2015/2017/2018/2019/2020	gradually:13
1540		hesitate	'heziteit	v.	犹豫, 踌躇, 不愿	13	5	2013/2016/2018/2020/2021	hesitated:6 hesitate:5 hesitating:2
1541		historic	hi'stɒrik	adj.	有历史意义的；历史上著名的	13	2	2015/2020	historic:13
1542		independence	ɪndɪˈpendəns	n.	独立	13	5	2011/2013/2014/2015/2017	independence:13
1543		injured	'indʒәd	adj.	受伤的；受损害的	13	5	2010/2011/2016/2017/2019	injured:13
1544		injury	ˈɪndʒərɪ	n.	受伤处	13	4	2012/2015/2017/2020	injuries:11 injury:2
1545		insist	ɪnˈsɪst	vi.	坚持；坚决认为	13	4	2012/2013/2020/2022	insist:4 insisting:3 insisted:3 insists:3
1546		instruction	ɪnˈstrʌkʃ(ə)n	n.	说明,须知;教导	13	4	2014/2016/2017/2022	instructions:12 instruction:1
1547		Irish	ˈaɪərɪʃ	adj.	爱尔兰的，爱尔兰人的	13	2	2010/2011	irish:13
1548		joke	dʒəʊk	n.	笑话	13	3	2018/2019/2021	jokes:8 joke:3 joked:2
1549		lamp	læmp	n.	灯，油灯；光源	13	4	2012/2015/2020/2021	lamps:12 lamp:1
1550		landscape	'lændskeip	n./vt./vi.	风景；风景画；景色；山水画；乡村风景画；地形；（文件的）横向打印格式； 对…做景观美化，给…做园林美化；从事庭园设计； 美化（环境等），使景色宜人；从事景观美化工作，做庭园设计师	13	2	2020/2021	landscape:11 landscapes:2
1551		limit	ˈlɪmɪt	vt.	限制；减少	13	3	2009/2017/2018	limit:11 limits:1 limiting:1
1552		lovely	ˈlʌvlɪ	adj.	美好的，可爱的	13	4	2017/2018/2020/2022	lovely:13
1553		lucky	ˈlʌkɪ	adj.	运气好，侥幸	13	5	2010/2011/2013/2017/2020	lucky:13
1554		medicine	ˈmeds(ə)n; (US) ˈmedɪsn	n.	药	13	3	2013/2015/2016	medicine:10 medicines:3
1555		mexican	ˈmeksɪkən	adj.	墨西哥的	13	5	2010/2012/2016/2018/2022	mexican:7 mexicans:6
1556		Monday	ˈmʌndeɪ	n.	星期一	13	4	2008/2017/2018/2020	monday:13
1557		nearby	ˈnɪəbaɪ	adj.	附近的	13	6	2008/2012/2015/2016/2018/2019	nearby:13
1558		oh	əʊ	int.	哦！啊！	13	6	2008/2012/2014/2016/2021/2022	oh:13
1559		oil	ɔɪl	n.	油	13	4	2011/2016/2018/2020	oil:13
1560		onto	ˈɔntʊ	prep.	到…的上面	13	5	2012/2019/2020/2021/2022	onto:13
1561		orange	ˈɔrɪndʒ; (US) ˈɔːr-	n. adj.	橘子，橙子，橘汁 a. 橘色的，橙色的	13	5	2013/2015/2018/2019/2020	orange:8 oranges:5
1562		overcome	əʊvəˈkʌm	v.	克服，解决	13	4	2010/2013/2015/2019	overcome:10 overcoming:3
1563		plate	pleɪt	n.	板；片；牌；盘子；盆子	13	4	2012/2015/2016/2022	plate:10 plates:3
1564		pour	pɔː(r)	vi.	倾泻，不断流出	13	7	2010/2015/2016/2017/2020/2021/2022	pour:4 pouring:4 poured:3 pours:2
1565		press	ˈprezɪdənt	vt. n.	压,按 n.新闻界,出版社	13	5	2010/2013/2019/2020/2021	pressed:6 press:5 presses:2
1566		pretty	ˈprɪtɪ	adj.	漂亮的，俊俏的	13	6	2008/2009/2011/2016/2019/2022	pretty:13
1567		pump	ˈpʌmp	vt.	用泵抽水	13	4	2009/2010/2011/2017	pump:7 pumped:3 pumping:3
1568		regularly	'regjulәli	adv.	定期地；有规律地；整齐地；匀称地	13	5	2010/2016/2017/2018/2022	regularly:13
1569		relief	rɪˈliːf	n.	轻松,解脱,缓和,救济	13	6	2009/2016/2017/2018/2019/2020	relief:13
1570		remote	rɪˈməʊt	adj.	偏远的，偏僻的	13	5	2011/2014/2019/2020/2022	remote:13
1571		requirement	rɪˈkwaɪəmənt	n.	需要； 要求； 必要的条件	13	6	2010/2013/2016/2017/2020/2022	requirements:8 requirement:5
1572		root	ruːt	n.	根，根源，起源	13	5	2008/2014/2015/2017/2020	roots:6 root:5 rooted:2
1573		seven	ˈsev(ə)n	num.	七	13	6	2010/2012/2016/2017/2019/2020	seven:13
1574		ship	ʃɪp	n. vi.	船，轮船 vi. 用船装运	13	5	2010/2014/2015/2016/2022	ship:8 shipped:3 ships:2
1575		shoulder	ˈʃəʊldə(r)	n.	肩膀,(道路的)路肩	13	6	2008/2011/2013/2014/2016/2019	shoulder:11 shoulders:2
1576		silent	ˈsaɪlənt	adj.	无声的，无对话的	13	5	2013/2014/2016/2018/2019	silent:13
1577		solar	ˈsəʊlə(r)	adj.	太阳的	13	3	2008/2009/2017	solar:13
1578		strict	strɪkt	adj.	严格的，严密的	13	6	2011/2013/2014/2016/2017/2021	strict:13
1579		sunlight	ˈsʌnlaɪt	n.	日光，阳光	13	3	2008/2013/2019	sunlight:13
1580		sweet	swiːt	n. adj.	甜食;蜜饯;甜点;糖果;芳香a.甜的;新鲜的;可爱的;亲切的；swell (swelled, swollen	13	4	2013/2015/2016/2018	sweet:9 sweets:2 sweeter:2
1581		terrible	ˈterɪb(ə)l	adj.	可怕的；糟糕的	13	6	2012/2013/2014/2015/2017/2020	terrible:13
1582		tough	tʌf	adj.	坚硬的；结实的；棘手的，难解的	13	5	2012/2013/2014/2016/2020	tough:8 tougher:3 toughest:2
1583		truck	trʌk	n. v.	卡车, 运货车；车皮 v. 装车；用货车运	13	6	2011/2012/2014/2015/2017/2021	truck:11 trucks:2
1584		truth	truːθ	n.	真理,事实,真相,实际	13	6	2009/2010/2011/2016/2020/2022	truth:13
1585		unexpected	.ʌnik'spektid	adj.	没料到的；意外的	13	5	2012/2016/2017/2018/2022	unexpected:13
1586		valuable	ˈvæljʊəb(ə)l	adj.	值钱的，贵重的	13	5	2008/2014/2016/2017/2020	valuable:13
1587		wander	ˈwɔndə(r)	vi.	漫游,游荡,漫步,流浪	13	3	2018/2020/2021	wander:8 wandering:4 wanders:1
1588		well-known	ˌwelˈnəʊn	adj.	出名的，众所周知的	13	0		well-known:13
1589		willing	ˈwɪlɪŋ	adj.	乐意的； 愿意的	13	5	2013/2014/2015/2016/2020	willing:13
1590		advanced	әd'vɑ:nst	adj./v.	先进的；高级的；晚期的；年老的； 前进；增加；上涨（advance的过去式和过去分词形式）	12	6	2010/2012/2013/2014/2018/2022	advanced:12
1591		affect	əˈfekt	vt.	影响	12	7	2010/2011/2015/2016/2019/2020/2021	affect:6 affected:4 affects:2
1592		Africa	ˈæfrɪkə	n.	* n. 非洲	12	6	2012/2014/2018/2019/2020/2022	africa:12
1593		alarm	əˈlɑːm	n.	警报	12	4	2014/2015/2017/2018	alarm:12
1594		appetite	ˈæpɪtaɪt	n.	食欲，胃口	12	4	2012/2014/2015/2017	appetites:7 appetite:5
1595		arrange	əˈreɪndʒ	v.	安排，布置	12	3	2015/2016/2017	arranged:6 arrange:4 arranges:1 arranging:1
1596		assess	əˈses	v.	评价,评定（性质,质量	12	5	2015/2016/2019/2020/2021	assessed:6 assess:3 assessing:3
1597		Australian	ɔˈstreɪlɪən	adj. n.	澳洲的，澳大利亚人的 n. 澳大利亚人	12	2	2016/2021	australian:8 australians:4
1598		basis	ˈbeɪsɪs	n.	原因，缘由，要素	12	6	2010/2014/2018/2019/2020/2022	basis:12
1599		below	bɪˈləʊ	prep.	在……下面	12	5	2009/2014/2016/2018/2019	below:12
1600		blame	bleɪm	n. v.	责备；责怪	12	5	2010/2016/2017/2020/2021	blame:10 blamed:1 blaming:1
1601		blow	bləʊ	n.	击；打击；blow (blew, blown	12	4	2010/2012/2016/2019	blowing:5 blows:3 blew:2 blow:1
1602		bread	bred	n.	面包	12	4	2010/2011/2014/2015	bread:12
1603		breath	breθ	n.	气息；呼吸	12	5	2008/2010/2015/2019/2022	breathing:6 breath:5 breathes:1
1604		brush	brʌʃ	v. n.	刷；擦 n. 刷子	12	3	2011/2014/2021	brushes:5 brushed:3 brush:3 brushing:1
1605		campaign	kæmˈpeɪn	n.	运动，战役；can (could) canˈt = can not modal	12	3	2011/2014/2019	campaign:8 campaigns:4
1606		cat	kæt	n.	猫 	12	3	2014/2016/2022	cat:11 cats:1
1607		claw	klɔː	n.	爪	12	1	2010	claws:10 claw:2
1608		crowd	kraʊd	n. vt.	人群 vt. 拥挤，群聚	12	6	2010/2014/2015/2016/2017/2019	crowds:10 crowd:2
1609		delay	dɪˈleɪ	v. n.	拖延，延误，延迟，延期；耽搁	12	3	2011/2013/2020	delayed:8 delay:4
1610		disappointed	.disә'pɒintid	adj.	失望的	12	5	2010/2015/2017/2018/2021	disappointed:12
1611		dozen	ˈdaʊnwəd	n.	十二个；几十，许多；Dr(缩) = Doctor	12	6	2010/2014/2015/2016/2018/2020	dozen:6 dozens:6
1612		entire	ɪnˈtaɪə(r)	adj.	整个的，全部的	12	5	2012/2013/2017/2020/2021	entire:12
1613		exam	ɪɡˈzæm	n.	考试，测试	12	3	2012/2013/2015	exams:9 exam:3
1614		excitement	ik'saitmәnt	n.	兴奋；刺激	12	6	2008/2010/2012/2014/2018/2020	excitement:12
1615		failure	ˈfeɪljə(r)	n.	失败	12	4	2010/2012/2019/2020	failure:8 failures:4
1616		fee	fiː	n.	费，费用；feed (fed, fed	12	1	2015	fees:10 fee:2
1617		Freddy		n.	弗雷迪（男名）	12	1	2017	freddy:12
1618		gap	gæp	n./vt./vi.	间隙；缺口；差距；分歧； 使形成缺口； 裂开	12	2	2015/2016	gap:12
1619		graffiti		n.	墙上乱写乱画的东西（graffito的复数形式）	12	1	2011	graffiti:12
1620		Greek	ɡriːk	adj. n.	/ n. 希腊的，希腊人的，希腊语的 ; 希腊人，希腊语	12	4	2011/2012/2020/2022	greeks:7 greek:5
1621		hair	heə(r)	n.	头发	12	3	2009/2010/2021	hair:12
1622		hang	hæŋ		处（人）绞刑; 上吊 (hung, hung) v.悬挂, 把…吊起	12	4	2010/2011/2013/2020	hung:4 hang:3 hangs:3 hanging:2
1623		harmful	ˈhɑːmfʊl	adj.	有害的；致伤的	12	4	2012/2015/2016/2020	harmful:12
1624		hate	heɪt	vt. n.	恨，讨厌；have (has, had, had	12	6	2009/2011/2013/2018/2020/2021	hate:12
1625		height	haɪt	n.	高，高度	12	4	2010/2011/2013/2014	height:8 heights:4
1626		helpful	ˈhelpfʊl	adj.	有帮助的，有益的	12	6	2009/2012/2015/2017/2021/2022	helpful:12
1627		herself	hɜːˈself	pron.	她自己	12	6	2012/2014/2016/2019/2020/2022	herself:12
1628		highlight	'hailait	n./vt.	最好或最精彩的部分； 突出；强调；使醒目	12	2	2011/2020	highlights:9 highlight:3
1629		historical	hi'stɒrikәl	adj.	历史的；史学的；基于史实的	12	4	2011/2017/2019/2020	historical:12
1630		hunt	hʌnt	vt.	寻找；狩猎，猎取	12	4	2010/2016/2019/2020	hunting:5 hunted:4 hunt:3
1631		independent	ɪndɪˈpendənt	adj.	独立的,有主见的	12	7	2010/2011/2012/2016/2017/2018/2022	independent:12
1632		interaction	.intәr'ækʃәn	n.	交流；相互影响	12	4	2017/2018/2019/2021	interactions:8 interaction:4
1633		knee	niː	n.	膝盖	12	5	2013/2018/2020/2021/2022	knee:9 knees:3
1634		lab	læb	n.	= laboratory n. 实验室；labour (美labor	12	3	2017/2020/2022	lab:12
1635		lay	lei	v.	放, 搁	12	4	2014/2016/2017/2021	lay:9 laid:3
1636		located		adj.	处于，位于；坐落的	12	3	2017/2018/2020	located:12
1637		mass	mæs	n.	众多;大量;（复）群众	12	5	2009/2014/2016/2019/2020	mass:9 masses:3
1638		memorial	mɪˈmɔːrɪəl	n.	纪念馆	12	3	2010/2016/2018	memorial:6 memorials:6
1639		mental	ˈment(ə)l	adj.	精神的；脑力的	12	6	2009/2010/2013/2016/2017/2020	mental:12
1640		merchant	ˈmɜːtʃənt	adj. n.	商业的；商人的 n. 商人；生意人	12	3	2010/2011/2017	merchants:6 merchant:6
1641		Ms	miz		美国微软公司\n[计] 主存储器, 制造系统, 毫秒, 微软公司	12	3	2010/2011/2016	ms:12
1642		nation	ˈneɪʃ(ə)n	n.	民族，国家	12	5	2008/2012/2014/2017/2022	nations:10 nation:2
1643		nobody	ˈnəʊbədɪ	n. pron.	渺小人物 pron. 没有人，谁也不	12	4	2011/2013/2016/2019	nobody:12
1644		October	ɔkˈtəʊbə(r)	n.	10月	12	3	2016/2017/2021	october:12
1645		option	'ɒpʃәn	n.	[计] 选项；选择权；买卖的特权	12	4	2014/2017/2018/2020	options:8 option:4
1646		pipe	paɪp	n.	管子，输送管	12	3	2009/2010/2016	pipes:7 pipe:5
1647		platform	ˈplætfɔːm	n.	讲台,(车站的)月台	12	3	2015/2020/2021	platform:6 platforms:6
1648		poem	ˈpəʊɪm	n.	诗	12	5	2008/2010/2012/2014/2020	poems:6 poem:6
1649		policy	ˈpɔlɪsɪ	n.	政策，方针，原则	12	4	2008/2013/2017/2022	policy:7 policies:5
1650		polite	pəˈlaɪt	adj.	有礼貌的,有教养的	12	4	2008/2010/2011/2020	polite:12
1651		possibility	pɔsɪˈbɪlɪtɪ	n.	可能，可能性	12	4	2010/2012/2016/2020	possibility:9 possibilities:3
1652		preview	ˈpriːvjuː	vt.	预习;试演;预展	12	2	2011/2019	previews:10 preview:2
1653		radio	reɪdɪəʊ	n.	无线电，收音机	12	4	2011/2015/2017/2020	radio:12
1654		recommend	rekəˈmend	v.	推荐	12	5	2009/2017/2019/2020/2022	recommend:7 recommended:4 recommending:1
1655		register	ˈredʒɪstə(r)	n. v.	登记簿，花名册，注册员 v. 登记，注册	12	4	2010/2016/2017/2020	register:6 registered:4 registers:2
1656		resource	ri'sɒ:s	n.	资源，财力；办法；智谋	12	4	2010/2013/2019/2021	resources:7 resource:5
1657		rose	rəʊz	n.	玫瑰花	12	5	2011/2016/2018/2019/2022	rose:12
1658		sad	sæd	adj.	（使人）悲伤的	12	4	2010/2013/2016/2017	sad:12
1659		sing	siŋ	v.	唱, 唱歌	12	6	2010/2011/2012/2013/2017/2018	sing:6 singing:3 sings:2 sung:1
1660		Spain	speɪn	n.	西班牙	12	2	2015/2020	spain:12
1661		straw	strɔː	n.	稻草	12	1	2021	straw:6 straws:6
1662		strengthen	ˈstreŋθ(ə)n	vt.	加强，增强	12	5	2013/2014/2016/2019/2022	strengthen:5 strengthened:4 strengthens:3
1663		suffer	ˈsʌfə(r)	vi.	受苦，遭受	12	6	2008/2010/2012/2016/2019/2022	suffered:6 suffer:4 suffers:2
1664		survival	səˈvaɪv(ə)l	n.	存活，幸存	12	6	2013/2015/2016/2017/2018/2020	survival:12
1665		survive	səˈvaɪv	v.	生存，存活，幸免于难	12	5	2010/2014/2015/2021/2022	survived:5 surviving:4 survive:3
1666		talent	ˈtælənt	n.	天才，天赋	12	4	2010/2013/2016/2019	talent:11 talents:1
1667		theory	θɪəˈretɪk(ə)l	n.	理论	12	4	2013/2018/2020/2022	theory:8 theories:4
1668		unwilling	ʌnˈwɪlɪŋ	adj.	不愿意的，勉强的	12	6	2013/2017/2018/2019/2020/2022	unwilling:12
1669		upset	ʌpˈset	adj.	心烦的，苦恼的	12	4	2012/2014/2020/2022	upset:6 upsets:4 upsetting:2
1670		Wednesday	ˈwenzdeɪ	n.	星期三	12	5	2008/2013/2016/2017/2019	wednesday:10 wednesdays:2
1671		work out		v.	作出；拟定；制定；计划一下	12	0		work out:12
1672		worldwide	ˈwɜːldwaɪd	adj.	遍及全球的，世界范围的	12	7	2010/2011/2015/2017/2018/2019/2022	worldwide:12
1673		worst	wɜːst	adj.	(bad的最高级)最坏的	12	5	2010/2011/2013/2017/2018	worst:12
1674		abandon	əˈbændən	v.	抛弃，舍弃，放弃	11	6	2016/2017/2018/2020/2021/2022	abandoned:10 abandoning:1
1675		access	ˈækses	n. v.	/ v. 通道，入径，存取（计算机文件	11	7	2010/2013/2015/2016/2019/2020/2021	access:10 accessed:1
1676		address	əˈdres	n.	地址	11	5	2008/2011/2014/2017/2022	address:7 addresses:3 addressed:1
1677		agent	ˈeɪdʒənt	n.	代理人，经纪人	11	3	2014/2016/2017	agent:9 agents:2
1678		aid	eɪd	n.	援助；救护；辅助器具	11	5	2016/2018/2019/2021/2022	aid:11
1679		alive	əˈlaɪv	adj.	活着的，存在的	11	3	2010/2014/2018	alive:11
1680		amazing	əˈmeɪzɪŋ	adj.	惊奇,惊叹的;震惊的；ambassador (ambassadress	11	4	2015/2017/2019/2022	amazing:11
1681		anger	ˈæŋɡə(r)	n.	怒，愤怒	11	4	2015/2016/2018/2020	anger:11
1682		annual	ˈænjʊəl	adj.	每年的，年度的，一年一次的	11	5	2014/2017/2019/2021/2022	annual:11
1683		appearance	əˈpɪərəns	n.	出现，露面；容貌	11	3	2010/2020/2021	appearance:11
1684		Asian	ˈeɪʃ(ə)n	adj. n.	亚洲（人）的n. 亚洲人	11	4	2008/2010/2011/2016	asian:11
1685		assistant	əˈsɪst(ə)nt	n.	助手，助理	11	5	2008/2011/2014/2016/2020	assistant:11
1686		bathroom	ˈbɑːθruːm	n.	浴室，盥洗室	11	5	2008/2015/2017/2019/2020	bathroom:9 bathrooms:2
1687		belong	bɪˈlɔŋ	vi.	属，附属	11	4	2012/2016/2018/2021	belonging:8 belong:3
1688		biologist	bai'ɒlәdʒist	n.	生物学家	11	4	2010/2017/2019/2020	biologists:6 biologist:5
1689		boat	bəʊt	n.	小船，小舟	11	4	2009/2011/2020/2022	boat:6 boats:5
1690		brilliant	ˈbrɪlɪənt	adj.	巧妙的，使人印象深刻的，技艺高的；bring (brought, brought	11	5	2013/2016/2019/2020/2022	brilliant:11
1691		broken	ˈbrəʊkən	adj.	弄坏了的	11	3	2012/2015/2016	broken:11
1692		certainly	ˈsɜːtənlɪ	adv.	当然；一定，无疑	11	5	2008/2012/2015/2017/2021	certainly:11
1693		chat	tʃæt	n. vi.	n. & vi. 聊天，闲谈	11	4	2018/2019/2020/2022	chat:7 chatted:4
1694		chicken	ˈtʃɪkən	n.	鸡；鸡肉	11	3	2010/2011/2018	chicken:6 chickens:5
1695		classmate	ˈklɑːsmeɪt	n.	同班同学	11	6	2010/2013/2016/2017/2019/2021	classmates:11
1696		companion	kəmˈpænɪən	n.	同伴；同事	11	3	2010/2016/2022	companions:8 companion:3
1697		compete	kəmˈpiːt	vi.	比赛，竞赛	11	4	2011/2017/2019/2021	compete:7 competing:4
1698		concerned	kәn'sә:nd	v./adj.	关心（concern的过去时和过去分词）；与…有关； 有关的；关心的	11	4	2011/2013/2016/2020	concerned:11
1699		concert	ˈkɔnsət	n.	音乐会；演奏会	11	4	2016/2017/2019/2022	concert:9 concerts:2
1700		consumption	kәn'sʌmpʃәn	n.	消耗；消耗量；消费	11	2	2018/2020	consumption:11
1701		contact	'kɒntækt	vt./n.	联络；联系；接触	11	4	2011/2012/2020/2022	contact:9 contacted:2
1702		crash	kræʃ	v. n.	/ n. 碰撞，撞击	11	4	2016/2017/2020/2021	crash:5 crashed:3 crashing:2 crashes:1
1703		crop	krɔp	n.	庄稼；收成	11	3	2011/2014/2018	crops:8 crop:2 cropping:1
1704		cycle	ˈsaɪk(ə)l	vi.	骑自行车	11	5	2008/2010/2015/2018/2022	cycle:7 cycling:4
1705		dangerous	ˈdeɪndʒərəs	adj.	危险的	11	5	2008/2010/2011/2019/2022	dangerous:11
1706		dare	deə(r)	v. aux.	.（后接不带to的不定式；主要用于疑问，否定或条件句）敢，敢于	11	4	2013/2014/2017/2019	daring:4 dare:3 dares:2 dared:2
1707		decorate	ˈdekəreɪt	vt.	装饰…，修饰…	11	3	2012/2017/2020	decorated:5 decorate:4 decorating:2
1708		deer	dɪə(r)	n.	鹿	11	2	2010/2017	deer:11
1709		delighted	diˈlaitid	adj.	高兴的，快乐的	11	5	2009/2015/2016/2020/2021	delighted:11
1710		destroy	dɪˈstrɔɪ	vt.	破坏，毁坏	11	4	2010/2011/2012/2020	destroying:5 destroyed:5 destroy:1
1711		eager	ˈiːɡə(r)	adj.	渴望的，热切的	11	4	2016/2017/2018/2021	eager:11
1712		ear	ɪə(r)	n.	耳朵.耳状物；听力，听觉	11	3	2013/2016/2022	ears:6 ear:5
1713		employ	ɪmˈplɔɪ	vt.	雇佣	11	5	2010/2011/2013/2015/2019	employed:10 employ:1
1714		enemy	ˈenɪmɪ	n.	敌人；敌军	11	5	2008/2010/2012/2015/2017	enemies:9 enemy:2
1715		explanation	ekspləˈneɪʃ(ə)n	n.	解释，说明	11	5	2008/2012/2016/2019/2020	explanation:8 explanations:3
1716		fellow	ˈfeləʊ	n.	同伴；伙伴	11	5	2010/2013/2015/2020/2022	fellow:9 fellows:2
1717		figure out			na. 估计；解决；了解；〈口〉确定	11	0		figure out:11
1718		flood	flʌd	n. vt.	洪水 vt. 淹没，使泛滥	11	4	2010/2015/2016/2018	flooded:4 flood:3 floods:3 flooding:1
1719		football	ˈfʊtbɔːl	n.	（英式）足球；（美式）橄榄球	11	2	2016/2019	football:11
1720		highway	ˈhaɪweɪ	n.	公路,主要交通道路	11	2	2011/2020	highway:9 highways:2
1721		household	'haushәuld	n.	一家人；家庭；同住一所（套）房子的人	11	3	2018/2020/2021	household:7 households:4
1722		impression	ɪmˈpreʃ(ə)n	n.	印象，感觉	11	4	2013/2016/2018/2022	impression:7 impressions:4
1723		in addition			na. 加之	11	0		in addition:11
1724		invent	ɪnˈvent	vt.	发明，创造	11	4	2008/2010/2011/2014	invented:10 invent:1
1725		invitation	ɪnvɪˈteɪʃ(ə)n	n.	邀请，请帖	11	5	2011/2012/2017/2021/2022	invitation:7 invitations:4
1726		meter	ˈmi:tə	n.	米，公尺【美】	11	5	2014/2016/2019/2020/2021	meters:11
1727		nine	naɪn	num.	九	11	2	2011/2019	nine:11
1728		nod	nɔd	vi.	点头	11	4	2008/2013/2016/2021	nodded:5 nod:4 nods:2
1729		observe	əbˈzɜːv	v.	观察，监视，观测	11	5	2011/2016/2017/2018/2019	observed:5 observing:4 observe:2
1730		obviously	'ɔbviәsli	adv.	显然	11	3	2019/2020/2021	obviously:11
1731		opposite	ˈɔpəzɪt	n. adj.	相反，对面 a. 相反的，对面的	11	3	2010/2013/2019	opposite:11
1732		outcome	ˈaʊtkʌm	n.	结果，效果	11	4	2015/2017/2019/2020	outcome:7 outcomes:4
1733		participant	pɑ:'tisipәnt	n./adj.	参与者；关系者； 参与的；有关系的	11	2	2019/2021	participants:10 participant:1
1734		Philadelphia	.filә'delfjә	n.	费城（美国宾西法尼亚州重要港口）	11	1	2011	philadelphia:11
1735		photographer	fəˈtɔɡrəfə(r)	n.	摄影师	11	3	2008/2016/2021	photographers:7 photographer:4
1736		preserve	prezənˈteɪʃ(ə)n; (US) priːzenˈteʃn	v.	保护，保留，保存	11	4	2017/2018/2020/2022	preserve:7 preserving:2 preserved:2
1737		property	'prɒpәti	n.	性质；特征；财产	11	2	2010/2020	property:11
1738		rare	reə(r)	adj.	罕见的，稀有的	11	6	2013/2015/2017/2019/2021/2022	rare:11
1739		reporter	rɪˈpɔːtə(r)	n.	记者，新闻通讯员	11	5	2013/2016/2017/2019/2021	reporter:8 reporters:3
1740		ring	riŋ	v.	（钟、铃等）响; 打电话 电话, 铃声; 环形物（如环、圈、戒指等）	11	5	2011/2014/2018/2021/2022	ring:6 ringing:3 rang:2
1741		sacrifice	ˈsækrɪfaɪs	vt.	牺牲	11	3	2015/2016/2017	sacrifice:8 sacrifices:2 sacrificed:1
1742		saving	'seiviŋ	n./prep./adj.	节约；挽救；存款； 考虑到；除...之外； 节约的；挽救的；补偿的；保留的	11	5	2013/2015/2018/2021/2022	saving:9 savings:2
1743		section	ˈsekʃ(ə)n	n.	段，部分，部门	11	5	2012/2016/2019/2021/2022	section:11
1744		shot	ʃɔt	n.	射击，开枪，开炮，射击声；子弹	11	5	2014/2015/2016/2019/2020	shot:8 shots:3
1745		skin	skɪn	n.	皮，皮肤；兽皮	11	3	2010/2018/2019	skin:11
1746		smartphone		n.	智能手机	11	3	2018/2019/2021	smartphones:9 smartphone:2
1747		song	sʌn	n.	歌唱；歌曲	11	5	2011/2013/2016/2017/2021	songs:7 song:4
1748		species	'spi:ʃiz	n./adj.	[生物] 物种；种类； 物种上的	11	1	2020	species:11
1749		telephone	ˈtelɪɡrɑːf; (US) -ɡræf	v. n.	打电话 n. 电话	11	6	2008/2009/2012/2013/2014/2016	telephone:11
1750		temporary	ˈtempərərɪ	adj.	短暂的，暂时的	11	4	2012/2013/2019/2020	temporary:11
1751		theme	θiːm	n.	主题	11	4	2012/2013/2015/2019	theme:11
1752		thin	θɪn	adj.	薄的；瘦的；稀的	11	3	2011/2016/2021	thin:11
1753		timetable	ˈtaɪmteɪb(ə)l	n.	（火车、公共汽车等）时间表；（学校）课表	11	4	2008/2015/2016/2020	timetable:11
1754		treasure	ˈtreʒə(r)	n.	金银财宝, 财富	11	5	2009/2014/2016/2017/2020	treasure:8 treasures:3
1755		twice	twaɪs	adv.	两次；两倍	11	5	2009/2011/2013/2016/2020	twice:11
1756		unable	juː ˈən	adj.	不能的，不能胜任的	11	5	2009/2018/2019/2020/2022	unable:11
1757		whenever	wenˈevə(r)	conj.	每当，无论何时	11	5	2011/2012/2015/2016/2022	whenever:11
1758		whom	huːm	pron.	(who的宾格	11	4	2014/2016/2019/2020	whom:11
1759		actual	ˈæktʃʊəl	adj.	实际的； 现实的	10	6	2013/2014/2017/2018/2019/2020	actual:10
1760		adopt	əˈdɔpt	v.	收养，领养	10	3	2013/2019/2020	adopting:4 adopt:3 adopted:3
1761		after all			na. 毕竟；终究；最后	10	0		after all:10
1762		amazed	ә'meizd	v./adj.	使…吃惊；把…弄糊涂（amaze的过去分词）； 惊奇的，吃惊的	10	4	2012/2016/2018/2020	amazed:10
1763		angry	ˈænɡrɪ	adj.	生气的，愤怒的	10	3	2011/2012/2014	angry:10
1764		apart	əˈpɑːt	adj.	, / a. 相隔，相距，除外	10	5	2010/2012/2013/2016/2018	apart:10
1765		athlete	ˈæθliːt	n.	运动员	10	2	2016/2020	athletes:7 athlete:3
1766		bean	biːn	n.	豆，豆科植物	10	2	2011/2013	beans:8 bean:2
1767		beehive	ˈbiːhaɪv	n.	蜂箱	10	2	2012/2014	beehives:7 beehive:3
1768		campus	'kæmpәs	n.	校园；校区	10	2	2016/2018	campus:10
1769		circle	ˈsɜːk(ə)l	n. vt.	/vt. 圆圈 将…圈起来	10	3	2010/2014/2019	circle:10
1770		cloud	ˈkləʊðɪŋ	n.	云；云状物；阴影	10	5	2008/2011/2016/2019/2020	cloud:5 clouds:5
1771		coin	kɔɪn	n.	硬币	10	3	2011/2015/2019	coin:10
1772		concept	ˈkɔnsept	n.	概念	10	4	2014/2016/2021/2022	concept:7 concepts:3
1773		confident	ˈkɔnfɪdənt	adj.	自信的	10	3	2016/2018/2019	confident:10
1774		constant	ˈkɔnstənt	adj.	经常的，不断的	10	4	2010/2017/2021/2022	constant:10
1775		contemporary	kənˈtempərərɪ; (US) kənˈtempərerɪ	adj.	属同时期的，同一时代的	10	4	2019/2020/2021/2022	contemporary:8 contemporaries:2
1776		countryside	ˈkʌntrɪsaɪd	n.	乡下，农村	10	5	2008/2011/2015/2018/2020	countryside:10
1777		cream	kriːm	n.	奶油，乳脂	10	3	2010/2017/2018	cream:10
1778		crew	kruː	n.	全体船员；criterion (pl. criteria	10	3	2013/2016/2022	crew:6 crews:4
1779		death	deθ	n.	死	10	4	2008/2010/2012/2018	death:9 deaths:1
1780		defeat	dɪˈfiːt	vt.	击败；战胜；defence (美defense	10	5	2011/2013/2015/2016/2018	defeated:7 defeat:2 defeats:1
1781		determined	di'tә:mind	v./adj.	决定；断定（determine的过去分词）； 决定了的；坚决的	10	5	2008/2011/2012/2017/2018	determined:10
1782		dine	daɪn	v.	吃饭；（指正式）进餐	10	3	2010/2020/2022	dining:8 dines:2
1783		discount	ˈdɪskaʊnt	n.	折扣	10	3	2016/2017/2022	discounts:6 discount:2 discounted:2
1784		dye	dai	v./n.	给……染色；染；染色剂	10	4	2010/2014/2015/2016	dying:10
1785		evaluate	ɪˈvæljʊeɪt	v.	估值，评价，评估	10	5	2016/2017/2018/2019/2020	evaluate:8 evaluates:2
1786		face to face			面对面地	10	0		face-to-face:10
1787		float	fləʊt	vi.	漂浮，浮动	10	3	2008/2010/2020	floating:5 float:3 floated:2
1788		fuel	fjuːəl	n.	燃料	10	4	2015/2017/2019/2020	fuel:6 fueled:2 fueling:2
1789		fund	fʌnd	n./vt.	基金；资金；存款； 投资；资助	10	4	2016/2018/2020/2021	fund:8 funding:2
1790		golden	ˈɡəʊld(ə)n	adj.	金(黄)色的	10	3	2011/2012/2016	golden:10
1791		greenhouse	'gri:nhaus	n.	温室；造成温室效应的	10	3	2008/2017/2018	greenhouse:8 greenhouses:2
1792		heading	'hediŋ	n.	标题	10	5	2010/2013/2015/2016/2018	heading:10
1793		hurry	ˈhʌrɪ	vi.	赶快；急忙；hurt (hurt, hurt	10	4	2010/2013/2014/2020	hurry:7 hurried:3
1794		immediate	ɪˈmiːdɪət	adj.	立即的，马上	10	5	2012/2014/2016/2018/2019	immediate:10
1795		impressive	im'presiv	adj.	给人深刻印象的；感人的	10	4	2012/2016/2020/2022	impressive:10
1796		in need			在困难中；在危急中	10	0		in need:10
1797		income	ˈɪnkʌm	n.	收入，所得	10	6	2008/2011/2013/2014/2017/2020	income:10
1798		institute	ˈɪnstɪtjuːt; (US) ˈɪnstətuːt	n.	(研究)所, 院，学院	10	4	2016/2017/2018/2020	institute:10
1799		interrupt	ɪntəˈrʌpt	v.	打扰，打断	10	4	2016/2017/2018/2021	interrupt:6 interrupted:4
1800		king	kɪŋ	n.	国王	10	5	2014/2015/2016/2018/2019	king:8 kings:2
1801		kit	kit	n./vt./vi.	工具箱；成套工具； 装备； 装备	10	1	2012	kites:10
1802		leaf	li:f	n.	（树, 菜）叶	10	3	2010/2016/2020	leaves:10
1803		length	leŋθ	n.	长，长度，段，节；less（little的比较级	10	3	2011/2012/2015	length:10
1804		less than			少于	10	0		less than:10
1805		lonely	ˈləʊnlɪ	adj.	孤独的，寂寞的	10	5	2010/2011/2014/2019/2020	lonely:10
1806		merely	ˈmɪəlɪ	adv.	仅仅，只不过	10	5	2010/2011/2013/2016/2020	merely:10
1807		metal	ˈmet(ə)l	n. adj.	金属 a. 金属制成的	10	6	2008/2010/2011/2012/2013/2016	metal:8 metals:2
1808		mix	mɪks	v.	混合，搅拌	10	3	2015/2019/2022	mixed:4 mix:3 mixing:2 mixes:1
1809		northern	ˈnɔːð(ə)n	adj.	北方的，北部的	10	6	2010/2011/2012/2014/2018/2020	northern:10
1810		nose	nəʊz	n.	鼻	10	3	2011/2021/2022	nose:8 noses:2
1811		orchestra	'ɒ:kistrә	n.	管弦乐队	10	1	2016	orchestra:10
1812		original	ә'ridʒәnl	n./adj.	原件；原作；原物；原型； 原始的；最初的；独创的；新颖的	10	2	2018/2020	original:8 originals:2
1813		ox	ɒks	n.	牛; 公牛	10	1	2009	oxen:8 ox:2
1814		palace	ˈpælɪs	n.	宫，宫殿	10	1	2015	palace:10
1815		passport	ˈpɑːspɔːt; (US) ˈpæ-	n.	护照	10	3	2010/2014/2017	passport:8 passports:2
1816		patience	ˈpeɪʃns	n.	容忍；耐心	10	5	2012/2014/2015/2016/2021	patience:10
1817		planet	ˈplænɪt	n.	行星	10	4	2008/2019/2020/2021	planet:10
1818		port	pɔːt	n.	港口，码头	10	2	2018/2021	port:10
1819		praise	preɪz	n. vt.	n.& vt.赞扬，表扬	10	5	2010/2016/2019/2020/2021	praised:4 praise:4 praising:2
1820		proper	ˈprɔpə(r)	adj.	恰当的，合适的	10	6	2009/2011/2012/2014/2016/2020	proper:10
1821		queen	kwiːn	n.	皇后，女王	10	5	2011/2012/2015/2016/2019	queen:7 queens:3
1822		rat	ræt	n.	老鼠	10	3	2010/2019/2020	rates:10
1823		rely on			依赖；依靠；信赖	10	0		rely on:10
1824		respond	rɪˈspekt	v.	回答,回应,作出反应	10	6	2009/2016/2017/2018/2019/2022	responded:7 respond:3
1825		rid	rɪd	vt.	使摆脱	10	5	2014/2015/2018/2019/2021	rid:8 rides:2
1826		senior	ˈsiːnɪə(r)	adj. n.	年长的,资深的,高年级的 n. 上级，长辈，高年级生	10	1	2014	senior:10
1827		shock	ʃɔk	vt.	使震惊	10	3	2011/2012/2018	shocked:6 shock:3 shocking:1
1828		sick	sɪk	adj.	有病,患病的,（想）呕吐	10	4	2010/2017/2018/2019	sick:10
1829		sofa	ˈsəʊfə	n. adj.	（长）沙发；soft sɔft; (US) sɔːft]；a. 软的，柔和的	10	2	2016/2018	sofa:8 sofas:2
1830		soup	suːp	n.	汤	10	3	2009/2013/2020	soup:10
1831		statement	ˈsteɪtmənt	n.	声明，陈诉，说法；statesman/ woman (pl. statesmen/ women	10	4	2009/2016/2020/2022	statement:10
1832		stem	stem	n.	茎；干	10	1	2016	stem:10
1833		stomach	ˈstʌmək	n.	胃，胃部	10	4	2010/2012/2016/2020	stomach:10
1834		substitute	ˈsʌbstɪtjuːt	v.	代替，取代	10	5	2011/2016/2017/2020/2021	substitute:8 substitutes:2
1835		sunshine	ˈsʌnʃaɪn	n.	阳光	10	4	2015/2016/2018/2019	sunshine:10
1836		tablet	tæblit	n.	药片	10	1	2018	tablets:6 tablet:4
1837		target	ˈtɑːɡɪt	n. v.	/ v. 目标，把…作为攻击目标	10	4	2015/2019/2020/2021	target:7 targeted:2 targets:1
1838		tent	tent	n.	帐篷	10	4	2014/2015/2016/2017	tent:8 tents:2
1839		thanks to			幸亏；由于	10	0		thanks to:10
1840		thirty	ˈθɜːtɪ	num.	三十	10	4	2010/2015/2017/2018	thirty:10
1841		Thursday	ˈθɜːzdeɪ	n.	星期四	10	4	2015/2018/2020/2022	thursday:10
1842		tourism	ˈtʊərɪz(ə)m	n.	旅游业；观光	10	4	2010/2018/2019/2021	tourism:10
1843		translate	trænsˈleɪt	vt.	翻译	10	4	2016/2017/2018/2020	translate:4 translating:3 translated:3
1844		Tuesday	ˈtjuːzdeɪ	n.	星期二	10	2	2017/2018	tuesday:10
1845		twenty	ˈtwentɪ	num.	二十	10	5	2008/2011/2012/2013/2014	twenty:9 twenties:1
1846		uncomfortable	ʌnˈkʌmftəb(ə)l	adj.	令人不舒服的	10	4	2011/2016/2017/2018	uncomfortable:10
1847		unless	ʌnˈles	conj.	如果不，除非	10	4	2010/2012/2016/2020	unless:10
1848		unlike	ʌnˈlaɪk	prep.	不像，和…不同	10	5	2009/2010/2012/2013/2017	unlike:10
1849		vary	'vєәri	vi.	（根据情况）变化；改变	10	4	2014/2016/2019/2022	vary:6 varies:2 varying:2
1850		viewer	ˈvjuːə(r)	n.	观看者	10	3	2015/2018/2021	viewers:8 viewer:2
1851		warning	ˈwɔːnɪŋ	n.	警报	10	6	2011/2014/2015/2016/2018/2022	warning:10
1852		weakness	ˈwiːknɪs	n.	软弱	10	6	2012/2013/2015/2016/2019/2020	weaknesses:6 weakness:4
1853		workout	'wә:kaut	n.	锻炼；训练	10	3	2008/2018/2020	workout:8 workouts:2
1854		yesterday	ˈjestədeɪ	n. adv.	昨天	10	4	2010/2017/2018/2021	yesterday:10
1855		abundant	əˈbʌndənt	adj.	大量,丰盛的,充裕的	9	2	2014/2018	abundant:9
1856		accessible	əkˈsesɪb(ə)l	adj.	可到达的，可接受的，易相处的	9	3	2010/2017/2022	accessible:9
1857		agreement	əˈɡriːmənt	n.	同意，一致；协定，协议	9	2	2010/2016	agreement:7 agreements:2
1858		agriculture	ˈæɡrɪkʌltʃə(r)	n.	农业，农学	9	4	2009/2010/2017/2018	agriculture:9
1859		alike	əˈlaɪk	adv.	很相似地，同样地	9	4	2010/2012/2021/2022	alike:9
1860		ambitious	æm'biʃәs	adj.	有野心的；有雄心的	9	3	2019/2020/2021	ambitious:9
1861		apartment	əˈpɑːtmənt	n.	（美）楼中单元房，一套房间；房间	9	4	2010/2013/2016/2020	apartment:6 apartments:3
1862		appeal	əˈpiːl	v.	上诉，申诉，吸引力	9	3	2011/2018/2019	appeal:4 appealing:2 appealed:2 appeals:1
1863		as a result		adv.	结果	9	0		as a result:9
1864		association	əsəʊsɪˈeɪʃ(ə)n	n.	协会，社团，联系	9	3	2009/2010/2014	associations:5 association:4
1865		authority	ɔːˈθɔrɪtɪ	n.	权力,权威,威信,官方	9	3	2013/2016/2019	authority:8 authorities:1
1866		bacteria	bæk'tiәriә	n.	[微] 细菌	9	2	2019/2020	bacteria:9
1867		bay	beɪ	n.	湾； 海湾	9	3	2018/2019/2022	bay:9
1868		belt	belt	n.	（皮）带	9	4	2010/2011/2017/2022	belt:9
1869		birthplace	ˈbɜːθpleɪs	n.	出生地；故乡	9	2	2010/2022	birthplace:9
1870		blossom	'blɒsәm	n.	花朵；花簇	9	2	2018/2020	blossom:6 blossoms:3
1871		bowl	bəʊl	n.	碗	9	4	2011/2015/2016/2020	bowl:5 bowls:4
1872		branch	brɑːntʃ	n.	树枝；分枝；分公司，分店；支部	9	4	2014/2017/2019/2020	branches:9
1873		burden	ˈbɜːd(ə)n	n.	（义务，责任的）重担，负担	9	2	2014/2016	burden:9
1874		castle	ˈkɑːs(ə)l; (US) ˈkæsl	n.	城堡	9	2	2015/2020	castle:8 castles:1
1875		cheat	tʃiːt	n. v.	骗取，哄骗；作弊	9	2	2013/2015	cheating:6 cheated:2 cheat:1
1876		cheer	tʃɪə(r)	n. vi.	欢呼； 喝彩	9	4	2010/2013/2016/2019	cheer:6 cheering:2 cheered:1
1877		circumstance	ˈsɜːkəmstəns	n.	条件,环境,状况	9	3	2013/2015/2019	circumstances:5 circumstance:4
1878		classical	ˈklæsɪk(ə)l	adj.	传统的；古典的	9	3	2016/2020/2022	classical:9
1879		combine	kəmˈbaɪn	vt.	使联合；使结合；come (came, come	9	3	2016/2018/2019	combined:6 combines:2 combine:1
1880		cow	kaʊ	n.	母牛，奶牛	9	1	2010	cow:6 cows:3
1881		crowded	ˈkraʊdɪd	adj.	拥挤的	9	5	2011/2015/2016/2018/2019	crowded:9
1882		curtain	ˈkɜːt(ə)n	n.	窗帘	9	4	2015/2017/2020/2021	curtains:9
1883		deeply	ˈdiːplɪ	adv.	深深地	9	4	2014/2018/2019/2020	deeply:9
1884		description	dɪˈskrɪpʃ(ə)n	n.	描述，描写	9	4	2010/2013/2018/2022	description:7 descriptions:2
1885		dialogue	ˈdaɪəlɔɡ	n.	对话【英】	9	2	2017/2019	dialogue:6 dialogues:3
1886		digital	ˈdɪdʒɪt(ə)l	adj.	.数字的，数码的	9	3	2014/2017/2018	digital:9
1887		dislike	dɪsˈlaɪk	vt.	不喜爱；厌恶	9	4	2010/2013/2018/2021	dislikes:4 dislike:3 disliked:2
1888		double	ˈdʌb(ə)l	adj. n.	两倍.双的 n. 两个.双	9	5	2008/2011/2017/2018/2020	double:7 doubling:2
1889		educational	.edju'keiʃәnl	adj.	教育的	9	4	2010/2012/2014/2017	educational:9
1890		elderly	'eldәli	adj.	年纪较大的；上了年纪的（婉辞	9	4	2010/2014/2018/2020	elderly:9
1891		expand	ɪkˈspænd	v.	扩大，增加，扩展	9	3	2015/2020/2022	expand:4 expanded:4 expanding:1
1892		fantastic	fæn'tæstik	adj.	(口语)极好的，美妙的，很棒的	9	4	2017/2018/2020/2021	fantastic:9
1893		feel like			想要（做）……	9	0		feel like:9
1894		final	ˈfaɪn(ə)l	adj.	最后的；终极的	9	3	2018/2019/2020	final:9
1895		former	ˈfɔːmə(r)	adj.	以前的，从前的；（两者之中的）前者	9	4	2014/2015/2017/2018	former:9
1896		fortune	ˈfɔːtjuːn	n.	财产；运气	9	5	2010/2012/2014/2020/2021	fortune:9
1897		generous	ˈdʒenərəs	adj.	慷慨大方的	9	4	2015/2017/2019/2020	generous:9
1898		grass	ɡrɑːs; (US) ɡræs	n.	草；草场；牧草	9	3	2011/2014/2019	grass:9
1899		harm	hɑːm	n. v.	伤害；损伤	9	4	2014/2016/2018/2019	harm:9
1900		hat	hæt	n.	帽子(一般指有边的)；礼帽	9	4	2009/2015/2016/2021	hat:4 hated:3 hats:2
1901		hobby	ˈhɔbɪ	n.	业余爱好，嗜好；hold (held, held	9	4	2011/2015/2018/2021	hobby:8 hobbies:1
1902		humorous	ˈhjuːmərəs	adj.	富于幽默的；humour (美humor	9	3	2015/2017/2019	humorous:9
1903		hunter	ˈhʌntə(r)	n.	猎人	9	4	2010/2013/2014/2020	hunters:7 hunter:2
1904		identity	aɪˈdentɪtɪ	n.	身份，特征	9	4	2013/2019/2021/2022	identity:6 identities:3
1905		immigrant	'imigrәnt	n./adj.	移民，侨民； 移民的；迁入的	9	1	2019	immigrants:5 immigrant:4
1906		inspiration	.inspә'reiʃәn	n.	灵感；鼓舞	9	2	2018/2019	inspiration:9
1907		instrument	ˈɪnstrʊmənt	n.	乐器;工具,器械	9	6	2011/2012/2017/2019/2020/2022	instruments:9
1908		introduction	ɪntrəˈdʌkʃ(ə)n	n.	引进，介绍	9	5	2009/2010/2011/2014/2018	introduction:8 introductions:1
1909		issue	'isju	n./vt./vi.	问题；流出；期号；发行物； 发行，发布；发给；放出，排出； 发行；流出；造成…结果；传下	9	3	2008/2010/2022	issue:5 issues:2 issued:2
1910		lock	lɔk	n. vt.	锁 vt. 锁，锁上	9	5	2008/2011/2013/2017/2021	locked:8 lock:1
1911		make up			na. 弥补；起草；定；签订	9	0		make up:9
1912		make-up	'meikʌp	n.	化妆品；（美）补考；性格；构造；排版	9	0		make up:9
1913		Malaysia	mә'leiziә	n.	马来西亚；马来群岛	9	2	2010/2020	malaysia:9
1914		mentally	ˈmentəlɪ	adv.	精神上；智力上	9	3	2012/2017/2021	mentally:9
1915		musician	mjuːˈzɪʃ(ə)n	n.	音乐家，乐师	9	3	2016/2017/2019	musicians:5 musician:4
1916		no longer			不再……	9	0		no longer:9
1917		none	nʌn	pron.	无任何东西, 无一人	9	3	2012/2018/2019	none:9
1918		novel	ˈnɔv(ə)l	n.	（长篇）小说	9	3	2019/2020/2021	novel:7 novels:2
1919		Olympic	əˈlɪmpɪk	adj.	奥林匹克（运动会）的	9	2	2016/2020	olympic:5 olympics:4
1920		on the other hand			(可是)另一方面	9	0		on the other hand:9
1921		origin	ˈɔrɪdʒɪn	n.	起源，由来	9	5	2010/2016/2017/2020/2021	origin:9
1922		partly	ˈpɑːtlɪ	adv.	部分地,在一定程度上	9	4	2010/2016/2020/2022	partly:9
1923		pioneer	paɪəˈnɪə(r)	n.	先锋，开拓者	9	3	2015/2016/2017	pioneers:7 pioneer:2
1924		plane	pleɪn	n.	飞机	9	4	2010/2013/2016/2020	plane:9
1925		pot	pɔt	n.	锅，壶，瓶，罐	9	3	2010/2016/2018	pot:7 pots:2
1926		principle	ˈprɪnsɪp(ə)l	n.	道德原则，法则	9	4	2014/2015/2018/2021	principle:7 principles:2
1927		recipe	ˈresɪpɪ	n.	烹饪法，食谱	9	2	2014/2018	recipes:7 recipe:2
1928		response	ri'spɒns	n.	响应；反应；回答	9	3	2020/2021/2022	response:7 responses:2
1929		responsible	ri'spɒnsәbl	adj.	负责的，可靠的；有责任的	9	5	2015/2016/2019/2021/2022	responsible:9
1930		restriction	rɪˈstrɪkʃ(ə)n	n.	限制，约束	9	4	2010/2017/2020/2021	restrictions:9
1931		row	rəʊ	n. v.	（一）排,（一）行 v.划船	9	4	2010/2011/2019/2020	row:5 rows:4
1932		sculpture	ˈskʌlptʃə(r)	n.	雕塑（术），雕刻（术），雕刻作品，雕像	9	2	2015/2021	sculptures:7 sculpture:2
1933		silly	ˈsɪlɪ	adj.	傻的，愚蠢的	9	3	2010/2019/2021	silly:9
1934		Singapore	.siŋgә'pɒ:	n.	新加坡（东南亚国家）	9	3	2008/2010/2013	singapore:9
1935		skateboard	ˈskeɪtbɔːd	n.	冰鞋，滑板	9	2	2008/2021	skateboarding:7 skateboards:2
1936		southern	ˈsʌð(ə)n	adj.	南部的，南方的	9	3	2015/2019/2020	southern:9
1937		speed up			加速	9	0		speed up:9
1938		spoon	spuːn	n.	匙, 调羹	9	4	2010/2011/2015/2022	spoons:7 spoon:2
1939		staff	stɑːf	n.	全体职工（雇员	9	4	2010/2018/2020/2022	staff:9
1940		steady	ˈstedɪ	adj.	稳固的；平稳的	9	5	2011/2014/2015/2016/2017	steady:9
1941		steam	stiːm	n.	汽，水蒸气	9	2	2016/2017	steam:9
1942		storm	stɔːm	n.	风暴，暴（风）雨	9	3	2010/2014/2018	storm:6 storms:3
1943		string	strɪŋ	n.	细绳，线，带	9	3	2010/2012/2022	string:6 strings:3
1944		stuck	stʌk	v./adj.	刺（stick的过去式）； 被卡住的；不能动的	9	4	2009/2016/2017/2018	stuck:9
1945		suburb	'sʌbә:b	n.	郊区；边缘	9	1	2010	suburbs:9
1946		suggestion	səˈdʒestʃ(ə)n	n.	建议	9	4	2011/2013/2015/2020	suggestion:8 suggestions:1
1947		take part in			na. 参加；贡献	9	0		take part in:9
1948		Taylor	'teilә	n.	泰勒	9	0		taylor:9
1949		tiny	ˈtaɪnɪ	adj.	tinier, tiniest a. 极小的，微小的	9	5	2008/2012/2019/2020/2021	tiny:9
1950		treatment	ˈtriːtmənt	n.	治疗,疗法	9	3	2012/2013/2020	treatment:8 treatments:1
1951		typical	ˈtɪpɪk(ə)l	adj.	典型的，有代表性的，特有的	9	3	2014/2017/2020	typical:9
1952		urge	ɜːdʒ	v.	敦促，催促，力劝	9	3	2016/2017/2018	urge:5 urged:2 urges:1 urging:1
1953		what if		v.	应如何	9	0		what if:9
1954		wine	waɪn	n.	酒	9	5	2012/2015/2016/2017/2021	wine:9
1955		achievement	əˈtʃiːvmənt	n.	成就,成绩,功绩	8	3	2016/2019/2020	achievements:7 achievement:1
1956		admire	ədˈmaɪə(r)	v.	钦佩；羡慕	8	4	2015/2016/2017/2019	admired:3 admire:2 admiring:2 admires:1
1957		affair	əˈfeə(r)	n.	事，事情	8	3	2010/2014/2016	affairs:8
1958		afterward(s)	ˈɑːftəwəd(z)	adv.	后来，以后	8	0		afterwards:8
1959		afterwards	'ɑ:ftәwәdz	adv.	后来	8	4	2011/2015/2016/2018	afterwards:8
1960		ahead of			在……前面	8	0		ahead of:8
1961		airline	ˈeəlaɪn	n.	航空公司；航空系统	8	3	2013/2017/2019	airline:6 airlines:2
1962		anxious	ˈæŋkʃəs	adj.	忧虑的，焦急的	8	4	2014/2015/2018/2020	anxious:8
1963		assistance	əˈsɪst(ə)ns	n.	帮助，援助，支持	8	4	2011/2016/2020/2022	assistance:8
1964		at present			现在；目前	8	0		at present:8
1965		aware of			un. 有见识；清楚；注意到；听到	8	0		aware of:8
1966		beam	biːm	n.	平衡木	8	2	2019/2021	beam:8
1967		beaver	'bi:vә	n.	海狸	8	2	2017/2021	beavers:4 beaver:4
1968		beer	bɪə(r)	n.	啤酒	8	3	2016/2019/2021	beer:8
1969		brand	brænd	n.	品牌	8	4	2015/2017/2020/2022	brand:6 brands:2
1970		brief	briːf	adj.	简洁的	8	3	2017/2018/2020	brief:8
1971		broad	brɔːd	adj.	宽的，宽大的	8	3	2013/2014/2022	broad:8
1972		calf	kɑ:f	n.	小牛；牛犊	8	1	2021	calf:6 calves:2
1973		canadian	kəˈneɪdɪən	adj. n.	加拿大的；加拿大人的 n. 加拿大人	8	3	2010/2017/2018	canadian:6 canadians:2
1974		career	kә'riә	n.	职业；事业	8	4	2008/2009/2016/2022	career:7 careers:1
1975		channel	ˈtʃæn(ə)l	n.	频道；通道；水渠	8	1	2015	channels:6 channel:2
1976		characteristic	kærɪktəˈrɪstɪk	adj.	典型的，独特的	8	4	2019/2020/2021/2022	characteristics:6 characteristic:2
1977		cheerful	ˈtʃɪəfʊl	adj.	兴高采烈的，快活的	8	4	2008/2011/2017/2022	cheerful:8
1978		cheese	tʃiːz	n.	奶酪	8	3	2011/2013/2022	cheese:8
1979		chef	ʃef	n.	厨师长，主厨	8	2	2018/2022	chef:8
1980		circus	ˈsɜːkəs	n.	马戏团	8	2	2013/2021	circus:8
1981		closing	'klәuziŋ	n./v./adj.	结尾辞； 关闭（close的ing形式）； 收盘的；结束的；结尾的	8	2	2010/2014	closing:8
1982		collapse	kә'læps	n./vt./vi.	倒塌；失败；衰竭； 使倒塌，使崩溃；使萎陷；折叠； 倒塌；瓦解；暴跌	8	2	2020/2021	collapsed:6 collapse:2
1983		come up			走近；上来；提出	8	0		come up:8
1984		competition	kɔmpəˈtɪʃ(ə)n	n.	比赛，竞赛	8	2	2012/2021	competitions:5 competition:3
1985		concentrate	ˈkɔnsəntreɪt	v.	聚精会神	8	5	2009/2016/2017/2019/2021	concentrate:6 concentrated:2
1986		constantly	'kɒnstәntli	adv.	不断地	8	3	2011/2020/2022	constantly:8
1987		construct	kənˈstrʌkt	v.	构筑；建造，建设	8	2	2017/2020	construct:6 constructing:2
1988		container	kənˈteɪnə(r)	n.	容器	8	2	2017/2018	container:6 containers:2
1989		county	'kaunti	n.	郡，县	8	3	2010/2014/2022	county:7 counties:1
1990		deaf	def	adj.	聋的	8	2	2011/2017	deaf:8
1991		debate	dɪˈbeɪt	n. v.	讨论，辩论	8	3	2014/2017/2020	debate:4 debating:2 debated:2
1992		declare	dɪˈkleə(r)	vt.	声明；断言	8	5	2014/2015/2016/2019/2020	declared:5 declare:3
1993		delight	dɪˈlaɪt	n.	快乐；乐事	8	4	2010/2018/2021/2022	delight:8
1994		demanding	di'mɑ:ndiŋ	adj.	要求很高的；费力的	8	2	2019/2020	demanding:8
1995		detect	di'tekt	vt.	发现；查明	8	2	2020/2022	detect:4 detecting:2 detected:2
1996		diary	ˈdaɪərɪ	n.	日记；日记簿	8	3	2017/2019/2022	diary:8
1997		diverse	daɪˈvɜːs	v.	不同的，多种多样，形形色色的	8	4	2018/2019/2020/2022	diverse:8
1998		diversity	dai'vә:siti	n.	多样性；差异	8	2	2017/2022	diversity:8
1999		divide	dɪˈvaɪd	vt.	分，划分	8	4	2013/2014/2016/2021	divided:7 dividing:1
2000		donate	'dәuneit	v.	捐赠, 赠予	8	3	2014/2018/2021	donate:8
2001		due	djuː; (US) duː	adj.	预期的；约定的	8	4	2008/2015/2018/2021	due:8
2002		due to			un. 由于；预定；因为；亏	8	0		due to:8
2003		eastern	ˈiːst(ə)n	adj.	东方的；东部的	8	3	2010/2019/2021	eastern:8
2004		economy	i'kɒnәmi	n.	经济；节约	8	4	2009/2011/2016/2020	economy:8
2005		electric	ɪˈlektrɪk	adj.	电的	8	4	2011/2015/2016/2017	electric:8
2006		ensure	in'ʃuә	vt.	保证，确保；使安全	8	4	2016/2017/2020/2022	ensure:8
2007		equal	ˈiːkw(ə)l	adj. vt.	平等的 vt.等于，使等于	8	4	2010/2014/2015/2019	equal:8
2008		expense	ɪkˈspens	n.	消费； 支出	8	3	2010/2018/2021	expense:5 expenses:3
2009		fare	feə(r)	n.	（车或船的）费用，票（价	8	2	2014/2022	fare:8
2010		fist	fɪst	n.	拳(头	8	3	2011/2015/2017	fist:8
2011		flat	flæt	adj. n.	平的 n. 楼中一套房间； 公寓(常用复数	8	4	2008/2009/2019/2020	flat:8
2012		fold	fəʊld	vt.	折叠；合拢	8	3	2011/2015/2017	folded:2 fold:2 folding:2 folder:2
2013		formal	'fɒ:mәl	adj.	正式的；正规的	8	3	2017/2018/2020	formal:8
2014		freezing	ˈfriːziŋ	adj.	冻结的；极冷的	8	3	2015/2016/2018	freezing:8
2015		from time to time			不时；偶尔	8	0		from time to time:8
2016		get into			陷入；染上（坏习惯）	8	0		get into:8
2017		globe	ɡləʊb	n.	地球仪,地球	8	4	2016/2017/2018/2022	globe:8
2018		gravity	ˈɡrævɪtɪ	n.	重力，地球引力	8	2	2010/2019	gravity:8
2019		heal	hi:l	v.	（使）康复；痊愈	8	2	2016/2019	healing:8
2020		ice-cream	ˌaɪsˈkriːm	n.	冰淇淋	8	0		ice cream:8
2021		imaginative	i'mædʒinәtiv	adj.	富于想象力的	8	3	2016/2017/2020	imaginative:8
2022		in return			na. 作报复[报酬,回答,报答]；作替换	8	0		in return:8
2023		inform	ɪnˈfɔːm	vt.	告诉； 通知	8	5	2008/2014/2016/2018/2021	inform:5 informing:2 informed:1
2024		involve	in'vɒlv	vt.	包含；需要；涉及；影响；（使）参加	8	2	2010/2015	involved:7 involving:1
2025		kiss	kɪs	n. vt.	吻，亲吻	8	1	2011	kiss:8
2026		knock	nɔk	n. v.	敲；打；击 ；know(knew,known	8	2	2017/2020	knocked:4 knocks:2 knock:2
2027		Los Angeles		n.	na. 洛杉矶	8	0		los angeles:8
2028		loss	lɔs; (US) lɔːs	n.	丧失；损耗；lose (lost, lost	8	3	2014/2016/2021	loss:5 losses:3
2029		marathon	ˈmærəθ(ə)n	n.	马拉松	8	2	2015/2020	marathon:8
2030		married	ˈmærɪd	adj.	已婚的	8	4	2008/2011/2012/2020	married:8
2031		master	ˈmɑːstə(r); (US) ˈmæstər	vt.	精通，掌握	8	5	2009/2010/2013/2017/2019	master:4 masters:3 mastering:1
2032		menu	ˈmenʃ(ə)n	n.	菜单	8	3	2015/2016/2017	menu:8
2033		mexico	ˈmeksɪkəʊ	n.	* n. 墨西哥	8	3	2010/2012/2018	mexico:8
2034		Mississippi	.misi'sipi	n.	密西西比河；密西西比州（美国州名）	8	1	2016	mississippi:8
2035		misunderstanding	.misʌndә'stændiŋ	n.	误解；误会	8	3	2010/2012/2018	misunderstanding:6 misunderstandings:2
2036		necessity	ni'sesәti	n.	必要性；需要	8	4	2010/2017/2018/2021	necessities:4 necessity:4
2037		nor	nɔː(r)	conj.	也不	8	2	2019/2022	nor:8
2038		now that			na. 由于	8	0		now that:8
2039		nursing	nɜːsɪŋ	n.	(职业性的）保育,护理	8	2	2010/2021	nursing:8
2040		objective	әb'dʒektiv	n./adj.	目标；目的； 客观的	8	3	2019/2020/2021	objective:4 objectives:4
2041		on purpose			故意	8	0		on purpose:8
2042		ordinary	ˈɔːdɪnərɪ; (US) ˈɔːrdənerɪ	adj.	普通的，平常的	8	3	2010/2014/2020	ordinary:8
2043		other than			na. 与…不同；除了	8	0		other than:8
2044		page	peɪdʒ	n.	页，页码	8	3	2011/2016/2020	page:6 pages:2
2045		painter	ˈpeɪntə(r)	n.	绘画者,（油）画家	8	3	2020/2021/2022	painter:6 painters:2
2046		penny	ˈpenɪ	n.	(英复pence) n. （英）便士；美分	8	1	2019	penny:8
2047		personnel	pɜːsəˈnel	n.	全体人员，职员	8	3	2011/2016/2022	personnel:8
2048		pile	paɪ	n.	堆	8	2	2014/2021	pile:6 piled:2
2049		pole	pəʊl	n.	杆，电线杆；；the North (South) Pole	8	2	2015/2016	pole:6 poles:2
2050		potential	pəˈtenʃ(ə)l	adj.	潜在的，可能的	8	3	2013/2016/2017	potential:8
2051		preparation	prepəˈreɪʃ(ə)n	n.	准备	8	3	2015/2017/2019	preparation:8
2052		professional	prә'feʃәnl	n./adj.	专业人员；职业运动员； 专业的；职业的；职业性的	8	4	2010/2018/2021/2022	professional:6 professionals:2
2053		rainy	ˈreɪnɪ	adj.	下雨的；多雨的	8	2	2010/2016	rainy:8
2054		reaction	ri'ækʃәn	n.	反应，感应；反动，复古；反作用	8	3	2012/2016/2017	reaction:4 reactions:4
2055		relation	rɪˈleɪʃ(ə)n	n.	关系； 亲属	8	3	2010/2013/2022	relations:6 relation:2
2056		religious	rɪˈlɪdʒəs	adj.	宗教的	8	3	2012/2013/2015	religious:8
2057		restore	ri'stɒ:	vt.	恢复；使复原；修复	8	2	2014/2021	restored:7 restore:1
2058		royal	ˈrɔɪəl	adj.	皇家的，王室的，国王的，女王的	8	2	2015/2016	royal:8
2059		rude	ruːd	adj.	无理的, 粗鲁的	8	3	2016/2020/2022	rude:8
2060		runner	ˈrʌnə(r)	n.	赛跑者；操作者；滑行装置	8	4	2010/2015/2018/2020	runner:5 runners:3
2061		salt	sɔːlt	n.	盐	8	2	2017/2022	salt:8
2062		scared	skeәd	v./adj.	使害怕（scare的过去分词）； 害怕的	8	5	2013/2015/2018/2019/2022	scared:8
2063		score	skɔː(r)	n. v.	得分，分数	8	3	2015/2019/2021	score:4 scoring:2 scored:2
2064		scream	skriːm	n.	尖叫	8	3	2012/2017/2018	screams:3 screaming:3 scream:1 screamed:1
2065		security	sɪˈkjʊərɪtɪ	n.	安全，平安；see (saw, seen	8	3	2008/2019/2021	security:8
2066		shortage	'ʃɒ:tidʒ	n.	不足；缺少；短缺	8	2	2010/2011	shortage:4 shortages:4
2067		sister	ˈsɪstə(r)	n.	姐；妹	8	4	2010/2014/2016/2019	sister:7 sisters:1
2068		slip	slɪp	n.	片，条，纸片，纸条	8	3	2008/2016/2022	slips:3 slip:3 slipped:2
2069		snack	snæk	n.	小吃	8	2	2016/2017	snack:5 snacks:3
2070		somewhere	ˈsʌmtaɪmz	adv.	在某处	8	3	2014/2015/2019	somewhere:8
2071		speak up			大声点说；明确表态	8	0		speak up:8
2072		stand for			代表；象征；表示	8	0		stand for:8
2073		steal	stiːl	vt.	偷，窃取	8	3	2015/2019/2020	stolen:6 stole:2
2074		stream	striːm	n.	小河；溪流	8	2	2010/2021	stream:7 streams:1
2075		suitcase	ˈsjuːtkeɪs	n.	(旅行用)小提箱,衣箱	8	2	2014/2021	suitcase:8
2076		sum	sʌm	vi./n.	总结；概括； 金额；款项；总数；总和	8	2	2016/2019	sum:8
2077		super	ˈsuːpə(r)	adj.	顶好的，超级的	8	1	2019	super:8
2078		survey	sә'vei	n.	调查；测验	8	2	2019/2021	survey:5 surveys:2 surveyed:1
2079		swap	swɔp	v.	交换（东西）；swear (swore, sworn	8	1	2021	swap:8
2080		swimming	ˈswɪmɪŋ	n.	游泳	8	4	2008/2012/2015/2018	swimming:8
2081		textbook	tekstbuk	n.	课本，教科书	8	3	2008/2012/2018	textbook:7 textbooks:1
2082		the South Pole			na. 南极	8	0		the south pole:8
2083		thoughtful	'θɒ:tful	adj.	关切的；体贴的；深思的	8	4	2016/2019/2021/2022	thoughtful:8
2084		tight	taɪt	adj.	紧的	8	3	2014/2016/2018	tight:8
2085		ton	tʌn	n.	（重量单位）吨	8	3	2014/2018/2019	tons:8
2086		tonight	təˈnaɪt	adv. n.	今晚，今夜	8	4	2011/2013/2015/2018	tonight:8
2087		truly	ˈtruːlɪ	adv.	真正地，真实地	8	2	2016/2019	truly:8
2088		UNESCO	ju:'neskәj	abbr.	联合国教科文组织（United Nations Educational，Scientific，and Cultural Organization）	8	2	2014/2017	unesco:8
2089		unfortunately	ʌnˈfɔːtjʊnətlɪ	adv.	不幸地	8	3	2012/2015/2017	unfortunately:8
2090		Van Gogh			梵高；梵谷；凡高	8	0		van gogh:8
2091		voyage	ˈvɔɪɪdʒ	n.	航行，旅行	8	2	2011/2016	voyage:8
2092		waiter	ˈweɪtə(r)	n.	（餐厅）男服务员	8	2	2016/2018	waiter:8
2093		warmth	wɔːmθ	n.	暖和，温暖	8	3	2008/2015/2017	warmth:8
2094		weak	wiːk	adj.	差的，弱的，淡的	8	3	2010/2014/2017	weak:7 weaker:1
2095		weigh	weɪ	vt.	称…的重量，重（若干	8	4	2014/2015/2016/2021	weighed:3 weighs:3 weigh:2
2096		winner	ˈwɪnə(r)	n.	获胜者	8	2	2014/2018	winners:4 winner:4
2097		witness	ˈwɪtnɪs	v. n.	/ n. 目击者，见证人；wolf（复wolves	8	2	2020/2022	witnessing:3 witnessed:3 witness:2
2098		workplace	wɜːkpleɪs	n.	工作场所，车间	8	1	2020	workplaces:4 workplace:4
2099		academic	ækəˈdemɪk	adj. n.	/ n. 学术的，教学的	7	3	2013/2015/2019	academic:6 academics:1
2100		adolescent	ædəˈlesənt	n.	青少年	7	3	2013/2014/2019	adolescents:6 adolescent:1
2101		aggressive	ˈəɡresɪv	adj.	侵略的；咄咄逼人	7	3	2012/2017/2019	aggressive:7
2102		airport	ˈeəpɔːt	n.	航空站，飞机场	7	3	2013/2016/2018	airport:5 airports:2
2103		and so on			等等	7	0		and so on:7
2104		annoyed		adj.	恼怒的；烦闷的	7	4	2009/2015/2016/2021	annoyed:7
2105		apparently	ә'pærәntli	adv.	显而易见；看来； 显然	7	2	2017/2020	apparently:7
2106		approximately	əprɔksɪˈmətlɪ	adv.	近似，大约	7	4	2008/2013/2020/2022	approximately:7
2107		artificial	ɑːtɪˈfɪʃ(ə)l	adj.	人工的，人造的	7	3	2009/2018/2019	artificial:7
2108		ashamed	əˈʃeɪmd	adj.	惭愧； 害臊	7	3	2016/2018/2020	ashamed:7
2109		assist	əˈsɪst	v.	帮助，协助	7	4	2016/2018/2021/2022	assist:3 assists:2 assisting:2
2110		astonish	əˈstɔnɪʃ	vt.	使惊讶	7	4	2013/2016/2018/2020	astonished:7
2111		awake	əˈweɪk	v. adj.	唤醒；醒着的（awoke, awoken）	7	2	2011/2018	awake:7
2112		badly	ˈbædlɪ	adv.	坏，恶劣地	7	4	2014/2015/2016/2020	badly:7
2113		belongings	bi'lɒŋiŋz	n./pl.	［；］ 财物；动产	7	3	2017/2018/2020	belongings:7
2114		beneficial	benɪˈfɪʃ(ə)l	adj.	有利的，有帮助的，有用的	7	3	2011/2019/2020	beneficial:7
2115		besides	bɪˈsaɪdz	prep. adv.	除…以外（还有） ad. 还有，此外；best（good, well 的最 高级	7	5	2008/2009/2010/2011/2014	besides:7
2116		boring	ˈbɔːrɪŋ	adj.	乏味的，无聊的	7	3	2013/2014/2015	boring:7
2117		budget	ˈbʌdʒɪt	n.	预算	7	1	2018	budget:7
2118		by chance			碰巧；凑巧	7	0		by chance:7
2119		cake	keɪk	n.	蛋糕，糕点；饼	7	2	2015/2021	cake:5 cakes:2
2120		calculate	ˈkælkjʊleɪt	v.	计算，核算，推测	7	3	2014/2019/2022	calculated:4 calculate:1 calculates:1 calculating:1
2121		care about			关心；忧虑；惦念	7	0		care about:7
2122		carrier	ˈkærɪə(r)	n.	搬运者；媒介;（自行车等的）置物架；（车的）货架	7	2	2008/2017	carrier:4 carriers:3
2123		cautious	ˈkɔːʃəs	adj.	小心的，谨慎的	7	4	2014/2015/2017/2020	cautious:7
2124		colour	ˈkʌlə	n.	颜色 vt.给…着色，涂色【英】	7	3	2013/2018/2020	colour:6 colours:1
2125		comparison	kәm'pærisn	n.	比较；对照；比喻；比较关系	7	3	2012/2015/2020	comparison:6 comparisons:1
2126		consequence	ˈkɔnsɪkwəns; (US) ˈkɔnsɪkwens	n.	结果，后果	7	3	2016/2019/2020	consequences:6 consequence:1
2127		corn	kɔːn	n.	玉米，谷物	7	2	2015/2018	corn:7
2128		dear	dɪə(r)	int. adj.	（表示惊愕）哎呀！唷！ a. 亲爱的；贵的	7	4	2010/2011/2012/2014	dear:7
2129		determine	dɪˈtɜːmɪn	vt.	决定；决心	7	3	2018/2019/2021	determine:5 determines:2
2130		educated	'edjukeitid	adj.	有教养的；受过教育的	7	3	2011/2014/2016	educated:7
2131		elsewhere	'elshwєә	adv.	在别处；到别处	7	2	2011/2018	elsewhere:7
2132		embarrassing	im'bærәsiŋ	adj.	使人尴尬的；令人为难的	7	3	2011/2018/2022	embarrassing:7
2133		engine	ˈendʒɪn	n.	发动机，引擎	7	2	2017/2022	engine:4 engines:3
2134		England	ˈɪŋɡlənd	n.	英格兰	7	3	2013/2015/2018	england:7
2135		envelope	ˈenvələʊp	n.	信封	7	5	2008/2012/2017/2019/2020	envelope:6 envelopes:1
2136		exchange	ɪksˈtʃeɪndʒ	n.	交换，掉换；交流	7	4	2013/2017/2018/2022	exchanged:2 exchanging:2 exchange:2 exchanges:1
2137		factor	'fæktә	n.	因素；要素	7	1	2021	factor:4 factors:3
2138		fair	feə(r)	adj. n.	公平的，合理的 a. (肤色)白皙的； （人）白肤金发的 n. 集市；庙会；展览会	7	3	2017/2018/2020	fair:5 fairs:2
2139		fantasy	ˈfæntəsɪ	n.	幻想，梦想	7	3	2013/2019/2020	fantasy:6 fantasies:1
2140		fiction	ˈfɪkʃ(ə)n	n.	小说，虚构的事	7	2	2013/2016	fiction:7
2141		fifty	ˈfɪftɪ	num.	五十	7	2	2010/2017	fifties:6 fifty:1
2142		Florida	'flɒridә	n.	佛罗里达镇（位于密苏里州）佛罗里达州（美国州名）	7	2	2015/2018	florida:7
2143		fool	fuːl	n.	傻子，蠢人	7	2	2015/2022	fool:4 fooled:3
2144		foundation	faun'deiʃәn	n.	基础；地基；基金会；根据；创立	7	2	2016/2022	foundation:7
2145		frame	freim	n./vt.	画面；框架； 给……镶框；陷害	7	2	2020/2022	frame:5 framed:2
2146		freedom	ˈfriːdəm	n.	自由	7	3	2017/2019/2021	freedom:7
2147		glacier	'gleiʃә	n.	冰川	7	1	2019	glaciers:6 glacier:1
2148		gradual	'grædʒuәl	adj.	逐渐的, 逐步的, 渐进的	7	5	2010/2011/2014/2015/2016	gradual:7
2149		harvest	ˈhɑːvɪst	n. vt.	收割，收获（物	7	2	2016/2020	harvested:3 harvesting:2 harvest:1 harvests:1
2150		Hollywood	'hɔliwud	n.	好莱坞；美国电影业	7	1	2020	hollywood:7
2151		horse	hɔːs	n.	马	7	1	2022	horse:5 horses:2
2152		housing	'hausiŋ	n.	房屋；住房供给；[机] 外壳；遮盖物；机器等的防护外壳或外罩	7	4	2008/2010/2013/2020	housing:7
2153		impact	'impækt	vi./n./vt.	影响；撞击；冲突；压紧（on，upon，with）； 影响；效果；碰撞；冲击力； 挤入，压紧；撞击；对…产生影响	7	2	2019/2021	impact:7
2154		impress	ɪmˈpres	vt.	留下极深的印象	7	3	2012/2013/2018	impressed:4 impress:2 impresses:1
2155		in place			在适当的位置；适当	7	0		in place:7
2156		individual	.indi'vidʒuәl	n./adj.	个人，个体； 个人的；个别的；独特的	7	2	2015/2017	individual:4 individuals:3
2157		inspect	ɪnˈspekt	vt.	检查；检验；审视	7	2	2008/2022	inspect:4 inspected:3
2158		intention	ɪnˈtenʃ(ə)n	n.	打算,计划,意图	7	1	2020	intention:6 intentions:1
2159		Joseph	'dʒәuzif		约瑟夫	7	2	2014/2019	joseph:7
2160		June	dʒuːn	n.	6月	7	3	2015/2016/2020	june:7
2161		kindergarten	kɪndəˈɡɑːt(ə)n	n.	幼儿园	7	3	2008/2009/2018	kindergarten:7
2162		knife	naɪf	n.	(复 knives) n.小刀;匕首;刀片	7	4	2010/2012/2016/2020	knives:5 knife:2
2163		lifetime	ˈlaɪftaɪm	n.	一生，终生	7	4	2019/2020/2021/2022	lifetime:7
2164		mail	meɪl	n. v.	邮政,邮递 v. (美)邮寄	7	4	2008/2010/2011/2016	mail:4 mailed:2 mailing:1
2165		manager	ˈmænɪdʒə(r)	n.	经理	7	3	2010/2019/2021	manager:7
2166		mine	maɪn	n. vt. pron.	矿藏,矿山vt.开采(矿物) pron. 我的	7	3	2009/2010/2018	mine:5 mined:2
2167		mobile phone	ˈməʊbaɪl fəʊn	n.	手提电话，手机	7	0		mobile phone:7
2168		muscle	'mʌsl	n.	肌肉；力量	7	3	2015/2018/2019	muscles:6 muscle:1
2169		nutrition	njuːˈtrɪʃ(ə)n	n.	营养，滋养	7	3	2010/2015/2018	nutrition:7
2170		oneself	wʌnˈself	pron.	自己；自身	7	4	2008/2015/2020/2022	oneself:7
2171		or so			大约	7	0		or so:7
2172		painful	ˈpeɪnfʊl	adj.	使痛的，使痛苦的	7	4	2013/2014/2015/2019	painful:7
2173		partner	ˈpɑːtnə(r)	n.	搭档，合作者	7	4	2010/2011/2016/2019	partner:4 partners:3
2174		pause	pɔːz	n. vi.	中止，暂停；停止	7	3	2019/2021/2022	paused:3 pauses:2 pausing:2
2175		peak	pi:k	n.	顶峰；山峰；尖形	7	2	2019/2020	peaks:4 peak:3
2176		permanent	ˈpɜːmənənt	adj.	永久的，永恒的	7	3	2019/2020/2021	permanent:7
2177		permission	pəˈmɪʃ(ə)n	n.	允许,许可,同意	7	2	2010/2014	permission:7
2178		phenomenon	fəˈnɒmɪnən	n.	现象	7	3	2010/2015/2018	phenomenon:7
2179		pocket	ˈpɔkɪt	n.	（衣服的）口袋	7	3	2008/2014/2021	pocket:7
2180		pollute	pəˈluːt	vt.	污染	7	4	2014/2015/2018/2021	polluting:3 polluted:3 pollute:1
2181		pop	pɒp	adj. n.	（口语）流行的；流行音乐（popular 的缩写）	7	4	2012/2016/2017/2022	pop:7
2182		presence	'prezns	n.	出席；到场；存在	7	2	2016/2017	presence:7
2183		prohibit	prəˈhɪbɪt	v.	禁止	7	3	2008/2014/2017	prohibited:5 prohibiting:2
2184		properly	ˈprɔpəlɪ	adv.	适当地	7	3	2008/2013/2020	properly:7
2185		protein	'prәuti:in	n.	蛋白质	7	2	2018/2020	protein:6 proteins:1
2186		reality	rɪˈælɪtɪ	n.	现实；realise (美realize	7	3	2013/2014/2017	reality:7
2187		recite	rɪˈsaɪt	v.	背诵；recognise (美recognize	7	3	2009/2017/2021	recited:4 recite:3
2188		recognition	.rekәg'niʃәn	n.	承认；认出；赞誉	7	2	2018/2022	recognition:7
2189		regardless	rɪˈɡɑːdlɪs	adj.	不顾，不加理会	7	3	2013/2019/2020	regardless:7
2190		regardless of			不管；不顾	7	0		regardless of:7
2191		rice	raɪs	n.	稻米；米饭	7	2	2016/2018	rice:7
2192		roof	ruːf	n.	屋顶，顶部	7	4	2009/2017/2018/2020	roofs:4 roof:3
2193		rubbish	ˈrʌbɪʃ	n.	垃圾； 废物	7	3	2014/2017/2019	rubbish:7
2194		scan	skæn	v.	略读，浏览，扫描	7	2	2013/2019	scanning:4 scans:2 scanned:1
2195		scenery	ˈsiːnərɪ	n.	风景，景色，风光；sceptical (AmE skeptical	7	4	2015/2016/2020/2022	scenery:5 sceneries:2
2196		selfish	ˈselfɪʃ	adj.	自私的	7	2	2016/2019	selfish:7
2197		shine	ʃaɪn	n.	光泽；光彩；阳光；晴天；光(亮)；shine (shone, shone 或-d, -d	7	2	2015/2019	shining:5 shine:2
2198		sigh	saɪ	vi.	叹息；叹气	7	3	2009/2010/2019	sigh:5 sighed:2
2199		sink	sɪŋk	n.	洗涤槽；污水槽；sink (sank, sunk	7	1	2018	sink:4 sank:2 sinking:1
2200		smooth	ˈsməʊkɪŋ	adj.	光滑的;平坦的	7	5	2010/2011/2016/2018/2022	smooth:7
2201		soccer	ˈsɔkə(r)	n.	英式足球	7	3	2015/2020/2021	soccer:7
2202		software	sɔft; (US) sɔːft	n.	软件	7	2	2011/2015	software:7
2203		Spanish	ˈspænɪʃ	adj. n.	西班牙人的，西班牙的，西班牙语的 n. 西班牙语	7	3	2014/2016/2018	spanish:7
2204		spare	speə(r)	adj.	空闲,多余的，剩余的	7	4	2008/2010/2017/2020	spare:7
2205		spiritual	ˈspɪrɪtʃʊəl	adj.	精神的； 心灵的	7	3	2015/2019/2020	spiritual:7
2206		striking	'straikiŋ	v./adj.	打（strike的ing形式）； 显著的，突出的，惊人的；打击的；罢工的	7	3	2010/2011/2022	striking:7
2207		struck	strʌk	v./adj.	罢工，打击，撞击（strike的过去式和过去分词）； 受罢工影响的	7	3	2015/2016/2021	struck:7
2208		sudden	ˈsʌd(ə)n	adj.	突然的	7	2	2010/2014	sudden:7
2209		tale	teɪl	n.	故事, 传说	7	2	2012/2019	tales:4 tale:3
2210		tap	tæp	n.	(自来水煤气等的)龙头	7	3	2008/2014/2019	tap:2 tapped:2 tapping:2 taped:1
2211		Texas	'teksәs	n.	德克萨斯州（美国州名）	7	3	2010/2016/2021	texas:7
2212		the Amazon			亚马孙河热带丛林	7	0		the amazon:7
2213		totally	ˈtɔt(ə)lɪ	adv.	总合地，完全地	7	3	2008/2018/2019	totally:7
2214		transportation	.trænspә'teiʃәn	n.	运输；运输系统；运输工具；流放	7	3	2010/2013/2022	transportation:7
2215		turn to		v.	向(某人)求助；求助于	7	0		turn to:7
2216		unpleasant	ʌnˈplez(ə)nt	adj.	使人不愉快的	7	3	2017/2019/2020	unpleasant:7
2217		usual	ˈjuːʒʊəl	adj.	通常的，平常的	7	3	2011/2013/2020	usual:7
2218		visual	ˈvɪʒjʊəl	adj.	视力的，视觉的	7	2	2018/2022	visual:7
2219		warn	wɒ:n	v.	警告, 通知	7	3	2011/2015/2018	warned:4 warner:2 warn:1
2220		wound	wuːnd	vt. n.	伤,伤害 n.创伤,伤口	7	3	2010/2016/2022	wound:6 wounding:1
2221		yellow	ˈjeləʊ	adj.	黄色的	7	2	2015/2018	yellow:7
2222		accompany	əˈkʌmpənɪ	v.	陪同，陪伴，与…同时发生	6	3	2017/2018/2022	accompanied:6
2223		accomplish	əˈkʌmplɪʃ	v.	完成	6	3	2014/2016/2017	accomplish:5 accomplished:1
2224		advertise	ˈædvətaɪz	vt.	为……做广告	6	2	2017/2019	advertise:4 advertised:2
2225		advertisement	ədˈvɜːtɪsmənt	n.	广告	6	3	2011/2013/2015	advertisements:4 advertisement:2
2226		African	ˈæfrɪkən	adj. n.	非洲的，非洲人的 n. 非洲人	6	3	2012/2014/2018	african:6
2227		agricultural	æɡrɪˈkʌltʃər(ə)l	adj.	农业的	6	2	2010/2016	agricultural:6
2228		alphabet	ˈælfəbet	n.	字母表，字母	6	2	2016/2017	alphabet:6
2229		altitude	ˈæltɪtjuːd; (US) ælˈtɪtuːd	n.	海拔高度	6	4	2010/2015/2020/2022	altitudes:4 altitude:2
2230		anniversary	ænɪˈvɜːsərɪ	n.	周年纪念日	6	3	2017/2018/2022	anniversary:4 anniversaries:2
2231		announcement	əˈnaʊnsmənt	n.	通告，通知	6	3	2011/2014/2020	announcement:4 announcements:2
2232		anywhere	ˈenɪweə(r)	adv.	任何地方	6	3	2008/2011/2021	anywhere:6
2233		application	æplɪˈkeɪʃ(ə)n	n.	申请	6	3	2013/2021/2022	application:6
2234		as though			好像	6	0		as though:6
2235		assume	əˈsjuːm; (US) əˈsuːm	v.	假定，假设	6	3	2010/2018/2020	assume:6
2236		astronaut	ˈæstrənɔːt	n.	宇航员	6	1	2019	astronauts:6
2237		at last			na. 终于	6	0		at last:6
2238		bargain	ˈbɑːɡɪn	n. v.	（经讨价还价后）成交的商品；廉价货 v. 讨价还价	6	3	2013/2017/2020	bargain:4 bargaining:2
2239		base	beɪs	n.	根据地，基地（棒球）垒	6	4	2016/2018/2019/2020	base:6
2240		beg	beɡ	v.	请求，乞求，乞讨 ；begin(began,begun	6	2	2015/2022	begging:4 beg:2
2241		blanket	ˈblæŋkɪt	n.	毛毯，毯子	6	2	2021/2022	blanket:6
2242		blind	blaɪnd	adj.	瞎的	6	3	2013/2021/2022	blinding:4 blind:2
2243		boom	buːm	n. v.	/ v. 繁荣，轰鸣，激增	6	3	2015/2018/2020	boom:4 boomed:2
2244		burst	ˈbɜːst	v.	突然发生； 突然发作	6	3	2014/2015/2016	burst:4 bursts:2
2245		cage	keɪdʒ	n.	笼；鸟笼	6	3	2016/2019/2022	cage:4 cages:2
2246		carbon	ˈkɑːbən	n.	碳	6	2	2018/2022	carbon:6
2247		cater	ˈkeɪtə(r)	v.	提供饮食，承办酒席	6	3	2011/2015/2016	caters:2 catering:2 catered:2
2248		cattle	ˈkæt(ə)l	n.	牛（总称），家畜	6	3	2009/2018/2020	cattle:6
2249		charity	'tʃæriti	n.	慈善；施舍；慈善团体；宽容；施舍物	6	1	2013	charity:6
2250		chief	tʃiːf	adj. n.	主要,首要的 n.领导，头；child (复children	6	4	2008/2018/2019/2020	chief:6
2251		combination	.kɒmbi'neiʃәn	n.	结合；组合	6	2	2019/2022	combination:6
2252		comfort zone			舒适区；舒适范围	6	0		comfort zone:6
2253		compromise	ˈkɔmprəmaɪz	v.	妥协,折中,让步	6	3	2013/2018/2022	compromise:4 compromised:2
2254		conclusion	kənˈkluːʒ(ə)n	n.	结论；结束	6	2	2014/2019	conclusion:4 conclusions:2
2255		construction	kənˈstrʌkʃ(ə)n	n.	建造,建设,建筑物	6	2	2016/2022	construction:4 constructions:2
2256		convenience	kənˈviːnɪəns	n.	便利	6	3	2010/2011/2018	convenience:4 conveniences:2
2257		convenient	kənˈviːnɪənt	adj.	便利的，方便的	6	3	2013/2014/2021	convenient:6
2258		corporation	kɔːpəˈreɪʃ(ə)n	n.	（大）公司	6	3	2013/2015/2017	corporations:3 corporation:3
2259		CPR		abbr.	加拿大太平洋铁路（Canadian Pacific Railways）；现行页面寄存器（Current Page Register）；心肺复苏术（cardiopulmonary resuscitation）	6	0		cpr:6
2260		dead	ded	adj.	死的；无生命的	6	3	2014/2016/2021	dead:6
2261		debt	det	n.	债务；欠款	6	2	2015/2020	debt:6
2262		decrease	dɪˈkriːs	v.	减少，减小，降低	6	2	2010/2018	decreased:3 decrease:2 decreasing:1
2263		delta	'deltә	n.	三角洲	6	1	2013	delta:6
2264		depth	depθ	n.	深，深度	6	3	2009/2013/2019	depth:5 depths:1
2265		despite	di'spait	prep.	即使；尽管	6	2	2016/2017	despite:6
2266		destination	destɪˈneɪʃ(ə)n	n.	目的地，终点	6	2	2015/2019	destinations:4 destination:2
2267		differ	ˈdɪfə(r)	v.	相异，有区别	6	3	2015/2020/2021	differ:6
2268		disability	dɪsəˈbɪlɪtɪ	n.	. 残疾；无能	6	2	2013/2019	disability:6
2269		disadvantage	dɪsədˈvɑːntɪdʒ	n.	不利条件；弱点	6	3	2008/2018/2022	disadvantage:4 disadvantaged:2
2270		disturbing	dɪˈstɜːbɪŋ	adj.	令人不安的，引起恐慌的	6	3	2012/2019/2021	disturbing:6
2271		diver	'daivә	n.	潜水员	6	1	2020	divers:6
2272		dolphin	'dɒlfin	n.	海豚	6	1	2011	dolphins:6
2273		dozens of			许多；很多	6	0		dozens of:6
2274		drawer	ˈdrɔːə(r)	n.	抽屉	6	2	2010/2020	drawer:6
2275		enable	i'neibl	vt.	使能够，使成为可能；授予权利或方法	6	3	2016/2019/2020	enables:4 enabled:2
2276		endanger	in'deindʒә	vt.	危及；使遭到危险	6	3	2014/2020/2021	endangered:6
2277		enterprise	ˈentəpraɪz	n.	公司，企，事业单位	6	1	2011	enterprise:6
2278		entertain	.entә'tein	v.	款待；使欢乐	6	2	2014/2018	entertain:4 entertainer:2
2279		ever since			从那以后	6	0		ever since:6
2280		expectation	ekspekˈteɪʃ(ə)n	n.	预料；期望	6	3	2016/2021/2022	expectations:4 expectation:2
2281		exploration	.eksplә'reiʃәn	n.	探险，探测	6	3	2013/2017/2018	exploration:6
2282		extreme	ɪkˈstriːm	adj.	极其的，非常的	6	4	2017/2019/2020/2022	extreme:5 extremes:1
2283		fade	feɪd	vi.	褪色，（颜色）消退	6	2	2019/2020	fade:2 fading:2 faded:2
2284		fault	fɔːlt	n.	缺点，毛病	6	2	2010/2022	faults:4 fault:2
2285		feather	ˈfeðə(r)	n.	羽毛	6	2	2010/2012	feathers:6
2286		feature	'fi:tʃә	n./vt./vi.	特色，特征；容貌；特写或专题节目； 特写；以…为特色；由…主演； 起重要作用	6	2	2010/2014	feature:4 features:2
2287		fertilizer	'fә:tilaizә	n.	[肥料] 肥料；受精媒介物；促进发展者	6	2	2016/2018	fertilizer:4 fertilizers:2
2288		fifteen	fɪfˈtiːn	num.	十五	6	2	2016/2019	fifteen:6
2289		fin	fin	n./vt./vi.	鳍；鱼翅；鳍状物； 切除鳍；装上翅； 猛挥鳍；潜泳	6	3	2015/2017/2022	fin:2 fined:2 finest:2
2290		flavor	'fleivә	n./vt.	情味，风味；香料；滋味； 加味于	6	1	2013	flavors:4 flavored:2
2291		flexible	ˈfleksəbl	adj.	灵活的，可变动的	6	3	2013/2015/2019	flexible:6
2292		folk	fəʊk	adj.	民间的	6	3	2009/2019/2022	folk:6
2293		fortunately	'fɒitʃәnitli	adv.	幸运地	6	3	2015/2018/2021	fortunately:6
2294		forty	ˈfɔːtɪ	num.	四十	6	3	2014/2017/2022	forty:6
2295		fox	fɔks	n.	狐狸	6	3	2017/2018/2022	foxes:6
2296		frank	fræŋk	n./adj./vt.	免费邮寄特权； 坦白的，直率的；老实的； 免费邮寄	6	1	2016	frank:6
2297		frequent	ˈfriːkwənt	adj.	经常的；频繁的	6	2	2018/2020	frequent:6
2298		gallon	ˈɡælən	n.	加仑	6	1	2017	gallon:4 gallons:2
2299		garbage	ˈɡɑːbɪdʒ	n.	垃圾	6	2	2021/2022	garbage:6
2300		glad	ɡlæd	adj.	高兴的；乐意的	6	3	2013/2018/2020	glad:6
2301		go through			na. 认真检查；仔细地搜；(提案或法案)通过；被批准	6	0		go through:6
2302		grammar	ˈɡræmə(r)	n.	语法	6	2	2014/2015	grammar:6
2303		greeting	ˈɡriːtɪŋ	n.	祝贺	6	3	2012/2013/2021	greeting:4 greetings:2
2304		harbor	ˈhɑːbə(r)	n./vt./vi.	海港；避难所； 庇护；怀有； 居住，生存；入港停泊；躲藏	6	1	2022	harbor:6
2305		hello	həˈləʊ	int.	喂；你好（表示打招呼，问候或唤起注意	6	2	2021/2022	hello:6
2306		hey	heɪ	int.	嘿！	6	2	2010/2016	hey:6
2307		hike	haik	n./vt./vi.	远足；徒步旅行；涨价； 提高；拉起；使…高涨； 远足；徒步旅行；上升	6	2	2021/2022	hiking:4 hiked:1 hike:1
2308		housework	ˈhaʊswɜːk	n.	家务劳动	6	1	2021	housework:6
2309		ill	ɪl	adj.	有病的；不健康的	6	4	2010/2013/2017/2020	ill:6
2310		illness	ˈɪlnɪs	n.	疾病	6	3	2013/2017/2018	illnesses:4 illness:2
2311		in advance			提前	6	0		in advance:6
2312		in need of			需要……	6	0		in need of:6
2313		institution	ɪnstɪˈtjuːʃ(ə)n; (US) ɪnstəˈtuːʃn	n.	(慈善、宗教等性质的)公共机构； 学校	6	3	2013/2015/2020	institutions:5 institution:1
2314		Japan	dʒæˈpæn	n.	* n. 日本	6	4	2008/2011/2016/2022	japan:6
2315		jar	dʒɑː(r)	n.	罐子；坛子	6	2	2011/2013	jar:6
2316		judg			abbr. 法官（judges）	6	3	2010/2013/2016	judged:4 judging:2
2317		judge	dʒʌdʒ	n. vt.	裁判；审判员；法官vt. 判断，断定	6	3	2010/2013/2019	judge:6
2318		lady	ˈleɪdɪ	n.	女士，夫人	6	1	2016	lady:4 ladies:2
2319		lead to			na. 通向	6	0		lead to:6
2320		leader	ˈliːdə(r)	n.	领袖，领导人	6	3	2010/2014/2016	leader:4 leaders:2
2321		lemon	ˈlemən	n. adj.	柠檬 a. 柠檬色(味)的	6	2	2015/2018	lemon:6
2322		lend	lend	v.	借（出）, 把…借给	6	2	2013/2017	lend:2 lent:2 lending:2
2323		lift	lɪft	v. n.	举起，抬起；（云、烟等）消散 n. （英）电梯	6	4	2013/2017/2018/2020	lifted:3 lift:2 lifts:1
2324		location	lәu'keiʃәn	n.	位置（形容词locational）；地点；外景拍摄场地	6	3	2015/2017/2018	location:3 locations:3
2325		lung	lʌŋ	n.	肺；肺脏	6	3	2013/2018/2019	lungs:5 lung:1
2326		make use of			利用；使用	6	0		make use of:6
2327		marriage	ˈmærɪdʒ	n.	结婚，婚姻	6	3	2010/2015/2017	marriages:3 marriage:3
2328		mature	məˈtjʊə(r); (US) məˈtʊər	adj.	成熟的	6	3	2015/2020/2021	mature:4 matured:2
2329		midnight	ˈmɪdnaɪt	n.	午夜	6	2	2013/2014	midnight:6
2330		minister	ˈmɪnɪstə(r)	n.	部长；牧师	6	3	2019/2020/2022	ministers:4 minister:2
2331		mixture	ˈmɪkstʃə(r)	n.	混合物；mm (缩) = millimetre	6	2	2017/2018	mixture:6
2332		monthly	'mʌnθli	adv./adj./n.	每月；每月一次的； 月刊	6	2	2011/2015	monthly:6
2333		mouth	maʊθ	n.	嘴，口	6	2	2018/2022	mouth:6
2334		negative	'negәtiv	adj.	消极的；有害的；否定的	6	1	2016	negative:6
2335		Nepal	ni'pɒ:l	n.	尼泊尔（亚洲国家）	6	1	2014	nepal:6
2336		nut	nʌt	n.	坚果,果仁(胡桃,栗子等	6	1	2022	nut:6
2337		obtain	əbˈteɪn	vt.	获得；得到	6	3	2014/2017/2020	obtain:3 obtained:2 obtaining:1
2338		obvious	ˈɔbvɪəs	adj.	显然	6	2	2017/2020	obvious:6
2339		opera	ˈɔpərə	n.	歌剧	6	1	2016	opera:6
2340		oral	ˈɔːrəl	adj.	口述的，口头上的	6	1	2014	oral:6
2341		oxygen	ˈɔksɪdʒ(ə)n	n.	氧；氧气	6	1	2019	oxygen:6
2342		parade	pә'reid	n./vt./vi.	游行；阅兵；炫耀；行进；阅兵场； 游行；炫耀；列队行进； 游行；炫耀；列队行进	6	2	2011/2018	parade:6
2343		photography	fә'tɒgrәfi	n.	照相术；摄影	6	3	2014/2016/2021	photography:6
2344		picnic	ˈpɪknɪk	n. v.	野餐	6	2	2012/2018	picnic:6
2345		plenty	pliːzd	n.	充足，大量	6	2	2019/2021	plenty:6
2346		poet	ˈpəʊɪt	n.	诗人	6	3	2008/2010/2012	poet:5 poets:1
2347		precisely	pri'saisli	adv.	准确地；精确地；的确如此	6	2	2019/2022	precisely:6
2348		previous	'pri:viәs	adj.	在前的, 早先的	6	3	2013/2016/2018	previous:6
2349		primitive	ˈprɪmɪtɪv	adj.	原始的，远古的	6	1	2010	primitive:6
2350		printing	ˈprɪntɪŋ	n.	印刷，印刷术	6	1	2011	printing:6
2351		privacy	'praivәsi	n.	隐私；秘密；隐居；隐居处	6	3	2020/2021/2022	privacy:6
2352		province	ˈprɔvɪns	n.	省	6	4	2018/2019/2020/2022	province:5 provinces:1
2353		puzzled	ˈpʌz(ə)l	adj.	迷惑的，困惑的	6	3	2014/2015/2021	puzzled:6
2354		quarter	ˈkwɔːtə(r)	n.	四分之一，一刻钟	6	2	2011/2021	quarter:6
2355		rank	ræŋk	n.	职衔，军衔	6	3	2016/2019/2021	ranks:4 ranked:1 ranking:1
2356		ray	reɪ	n.	光辉，光线	6	2	2018/2019	ray:4 rays:2
2357		react	riːˈækt	v.	回应，过敏，起物理，化学反应；read (read, read	6	3	2016/2017/2022	react:6
2358		recall	ri'kɒ:l	vt./vi.	记起；回想起	6	2	2016/2019	recall:4 recalls:2
2359		reference	ˈref(ə)rəns	n.	提到,涉及,谈及,查询	6	1	2022	reference:4 references:2
2360		repeatedly	ri'pi:tidli	adv.	重复地	6	2	2013/2020	repeatedly:6
2361		reservation	rezəˈveɪʃ(ə)n	n.	预定	6	2	2017/2022	reservations:6
2362		rough	rʌf	adj.	粗糙的，粗略的	6	3	2010/2011/2017	rough:6
2363		route	ru:t	n.	路线；路途；途径	6	3	2011/2018/2022	route:5 routes:1
2364		sandwich	ˈsænwɪdʒ	n.	三明治（夹心面包片	6	1	2015	sandwich:6
2365		satisfaction	sætɪsˈfækʃ(ə)n	n.	满意	6	2	2011/2012	satisfaction:6
2366		secure	sɪˈkjʊə(r)	adj.	安心的,有把握的,牢靠的	6	2	2017/2021	securing:4 secure:2
2367		seed	siːd	n.	种子	6	2	2011/2018	seeds:4 seed:2
2368		sense of touch			触觉	6	0		sense of touch:6
2369		sensitive	ˈsensɪtɪv	adj.	体贴的,善解人意的	6	3	2013/2021/2022	sensitive:6
2370		sensor	'sensә	n.	传感器；敏感元件	6	2	2020/2022	sensors:6
2371		session	ˈseʃ(ə)n	n.	一场,一节,一段时间；set (set, set	6	2	2015/2018	session:6
2372		shade	ʃeɪd	n.	阴凉处，树荫处	6	4	2012/2017/2019/2020	shades:4 shade:2
2373		shelf	ʃelf	n.	架子; 搁板	6	3	2008/2013/2016	shelf:5 shelves:1
2374		shirt	ʃɜːt	n.	男衬衫	6	3	2012/2017/2021	shirt:5 shirts:1
2375		significance	ˈsɪɡnətʃə(r)	n.	重要性，意义	6	3	2014/2017/2020	significance:6
2376		site	sait	n./vt.	地点；位置；场所； 设置；为…选址	6	1	2016	site:6
2377		skip	skɪp	v.	蹦蹦跳跳；跳绳	6	3	2015/2018/2020	skip:3 skipped:3
2378		sleep in			na. 睡懒觉；〈英〉(佣人)住在东家家里；睡过头	6	0		sleep in:6
2379		slice	sliːv	n.	片，切面（薄）片	6	2	2018/2019	sliced:4 slices:2
2380		smoke	smaɪl	n. v.	烟 v. 冒烟；吸烟	6	4	2011/2016/2017/2018	smoke:6
2381		specialist	ˈspeʃəlɪst	n.	（医学）专家，专科医生；专家；专业人员	6	3	2010/2012/2017	specialists:4 specialist:2
2382		tail	teɪl	n.	(动物的)尾巴	6	2	2020/2022	tail:4 tails:2
2383		tasty	ˈteɪstɪ	adj.	味道好的	6	3	2016/2018/2020	tasty:6
2384		teamwork	ˈtiːmwɜːk	n.	合作，协同工作	6	2	2015/2021	teamwork:6
2385		thrill	θrɪl	n. v.	/ v. 兴奋，激动	6	3	2017/2018/2022	thrilled:4 thrilling:2
2386		tire	ˈtaɪə(r)	vi.	使疲劳	6	2	2010/2018	tire:3 tiring:3
2387		transform	trænsˈfɔːm	v.	使改变形态,使改观	6	2	2018/2021	transformed:3 transforms:2 transform:1
2388		turn up			出现；到场	6	0		turn up:6
2389		twentieth	ˈtwentiəθ	num.	第二十	6	2	2011/2019	twentieth:6
2390		twin	twɪst	n.	双胞胎之一	6	2	2016/2020	twins:5 twin:1
2391		typewriter	ˈtaɪpraɪtə(r)	n.	打字机	6	1	2010	typewriters:4 typewriter:2
2392		underwater	'ʌndә'wɒ:tә	n./adj./adv.	水下； 在水中的；水面下的； 在水下	6	2	2020/2022	underwater:6
2393		upstairs	ʌpˈsteəz	adv.	在楼上，到楼上	6	2	2017/2020	upstairs:6
2394		vaccine	'væksi:n	n.	疫苗	6	0		vaccine:4 vaccines:2
2395		vain	veɪn	n.	自负的，自视过高的，徒劳的，无效的	6	3	2016/2017/2019	vain:6
2396		Vietnam	.vjet'næm	n.	越南（国家名）	6	4	2010/2015/2016/2021	vietnam:6
2397		vote	vəʊt	vi.	选举，投票	6	3	2016/2017/2019	vote:4 voted:2
2398		Wales	weilz	n.	威尔士（英国大不列颠岛西南部地区）	6	1	2022	wales:6
2399		weekday	ˈwiːkdeɪ	n.	平日	6	2	2008/2014	weekdays:3 weekday:3
2400		wet	wet	adj.	湿的,潮的,多雨的	6	1	2018	wet:6
2401		Windsor Castle			温莎城堡（英国著名城堡）	6	0		windsor castle:6
2402		wire	ˈwaɪə(r)	n.	电线	6	3	2016/2017/2021	wire:2 wired:2 wires:2
2403		wise	waɪz	adj.	聪明,英明的,有见识的	6	3	2015/2019/2020	wise:6
2404		wood	wʊd	n.	木头,木材,(复)树木,森林	6	3	2014/2016/2018	wood:5 woods:1
2405		worn	wɜrn /wɜːm	adj.	用坏,用旧的,疲惫的	6	3	2008/2012/2018	worn:6
2406		zoo	zuː	n.	动物园	6	1	2011	zoo:6
2407		(be) faced with			面临	5	0		faced with:5
2408		academy	əˈkædəmɪ	n.	专科学院,（美）私立学校	5	2	2011/2018	academy:5
2409		advocate	ˈædvəkət	v.	拥护，支持，提倡	5	2	2019/2020	advocates:3 advocate:2
2410		airplane	ˈeəpleɪn	n.	（美）飞机	5	2	2010/2018	airplanes:3 airplane:2
2411		Alaska	ә'læskә	n.	阿拉斯加（州）	5	2	2010/2018	alaska:5
2412		alongside	əlɔŋˈsaɪd; (US) əlɔːŋˈsaɪd	adv.	在…旁边,与…同时	5	1	2019	alongside:5
2413		ancestor	ˈænsəstə(r)	n.	祖宗； 祖先	5	1	2010	ancestors:4 ancestor:1
2414		appointment	əˈpɔɪntmənt	n.	约会	5	2	2008/2010	appointment:4 appointments:1
2415		appreciation	əpriːʃɪˈeɪʃ(ə)n	n.	欣赏,鉴定,评估	5	2	2019/2020	appreciation:5
2416		as usual			照常	5	0		as usual:5
2417		astonishing	ә'stɒniʃiŋ	adj.	令人感到惊讶的	5	2	2010/2011	astonishing:5
2418		Atlantic	ətˈlæntɪk	adj.	大西洋的	5	2	2008/2010	atlantic:5
2419		bark	bɑːk	v. n.	狗叫 n. 狗叫声	5	2	2010/2019	barked:4 barking:1
2420		behave	bɪˈheɪv	v.	守规矩，行为	5	3	2015/2016/2020	behaved:3 behaving:1 behave:1
2421		bench	bentʃ	n.	长凳；工作台；bend (bent, bent	5	1	2016	bench:3 benches:2
2422		brave	breɪv	adj.	勇敢的	5	2	2010/2011	brave:5
2423		breathe	briːð	vi.	呼吸	5	2	2015/2019	breathe:5
2424		businessman	ˈbɪznɪsmæn	n.	商人（男）；男企业家	5	2	2013/2022	businessman:5
2425		California	.kæli'fɒ:njә	n.	加利福尼亚（美国一个州）	5	2	2015/2016	california:5
2426		cancel	ˈkæns(ə)l	vt.	取消	5	2	2013/2020	cancelled:5
2427		care for			关怀，照顾	5	0		care for:5
2428		chest	tʃest	n.	箱子；盒子；胸部	5	3	2008/2016/2018	chest:5
2429		coast	kəʊst	n.	海岸；海滨	5	3	2010/2011/2020	coast:4 coasts:1
2430		commitment	kəˈmɪtmənt	n.	承诺,允诺,承担	5	3	2016/2018/2019	commitment:5
2431		complain	kәm'plein	vi./vt.	投诉；发牢骚；诉说； 抱怨；控诉	5	1	2014	complain:2 complaining:2 complained:1
2432		composition	kɔmpəˈzɪʃ(ə)n	n.	作文；作曲	5	1	2020	composition:3 compositions:2
2433		concerned about			担忧；关注；对…担忧	5	0		concerned about:5
2434		convincing	kәn'vinsiŋ	adj.	令人信服的	5	3	2009/2017/2018	convincing:5
2435		corner	ˈkɔːnə(r)	n.	角；角落；拐角	5	2	2010/2013	corner:4 corners:1
2436		council	'kaunsәl	n.	委员会；会议；理事会；地方议会；顾问班子	5	2	2011/2020	council:5
2437		cousin	ˈkʌz(ə)n	n.	堂（表）兄弟，堂（表）姐妹	5	2	2011/2016	cousins:4 cousin:1
2438		crime	kraɪm	n.	（法律上的）罪，犯罪	5	1	2020	crime:5
2439		cruel	ˈkruːəl	adj.	残忍的，残酷的；无情的	5	2	2011/2019	cruel:5
2440		currency	ˈkʌrənsɪ	n.	货币；现金	5	1	2020	currency:5
2441		deserve	dɪˈzɜːv	v.	（不用于进行时态）应得，应受	5	3	2016/2019/2021	deserve:5
2442		dessert	dɪˈzɜːt	n.	甜点	5	1	2018	dessert:5
2443		digest	dɪˈdʒest	v.	消化, 领会	5	2	2015/2020	digest:5
2444		dinosaur	ˈdaɪnəsɔː(r)	n.	恐龙	5	2	2012/2015	dinosaur:4 dinosaurs:1
2445		dirty	ˈdɜːtɪ	adj.	脏的	5	1	2015	dirty:3 dirtier:2
2446		disappearance	.disә'piәrәns	n.	消失	5	1	2017	disappearance:5
2447		distant	ˈdɪst(ə)nt	adj.	远的，遥远的	5	3	2013/2014/2022	distant:5
2448		disturb	dɪˈstɜːb	vt.	扰乱；打扰	5	2	2010/2017	disturbed:4 disturb:1
2449		drought	draut	n.	干旱；缺乏	5	1	2016	drought:3 droughts:2
2450		drunk	drʌŋk	adj.	醉的	5	2	2010/2011	drunk:5
2451		dust	dʌst	n.	灰尘，尘土	5	2	2011/2016	dust:5
2452		eco-friendly		adj.	对生态环境友好的，不妨害生态环境的	5	0		eco-friendly:5
2453		elegant	ˈelɪɡənt	adj.	文雅的,漂亮的,精美的	5	2	2016/2022	elegant:5
2454		even though			na. “even if”的变体	5	0		even though:5
2455		evolve	i'vɒlv	v.	进化，发展，进展	5	2	2018/2020	evolved:4 evolving:1
2456		exact	ɪɡˈzækt	adj.	精确的；确切的	5	2	2014/2019	exact:5
2457		extend	ik'stend	vt./vi.	延伸；扩大；推广；伸出；给予；使竭尽全力；对…估价； 延伸；扩大；伸展；使疏开	5	3	2010/2019/2020	extend:3 extends:2
2458		eyesight	ˈaɪsaɪt	n.	视力；视觉	5	3	2011/2019/2022	eyesight:5
2459		facility	fә'siliti	n.	设施；设备；容易；灵巧	5	2	2013/2022	facilities:3 facility:2
2460		faith	feɪθ	n.	信仰；信念	5	2	2011/2014	faith:5
2461		female	ˈfiːmeɪl	adj.	女的；女性的；雌性的	5	2	2018/2021	female:5
2462		fence	fens	n.	栅栏；围栏；篱笆	5	2	2008/2016	fence:5
2463		finger	ˈfɪŋɡə(r)	n.	手指	5	3	2008/2019/2022	fingers:5
2464		flash	flæʃ	n.	闪；闪光； 转瞬间	5	2	2019/2021	flash:3 flashes:2
2465		fortunate	ˈfɔːtʃənət	adj.	幸运的； 侥幸的	5	3	2010/2012/2017	fortunate:5
2466		funeral	ˈfjuːˈnər(ə)l	n.	葬礼	5	1	2008	funeral:5
2467		generate	'dʒenәreit	vt.	产生；引起	5	2	2020/2022	generate:4 generated:1
2468		gentleman	ˈdʒent(ə)lmən	n.	绅士，先生；有身份、有教养的人	5	1	2010	gentleman:5
2469		Germany	ˈdʒɜːmənɪ	n.	* n. 德国	5	2	2010/2011	germany:5
2470		giant	'dʒaiәnt	n./adj.	巨人；伟人；[动] 巨大的动物； 巨大的；巨人般的	5	0		giants:5
2471		glance	glæns /glɑːns	vi.	匆匆一看；一瞥	5	2	2021/2022	glance:3 glances:2
2472		go ahead			前进；（用于祈使句）可以；往下说	5	0		go ahead:5
2473		graduation	ɡrædjʊˈeɪʃ(ə)n	n.	毕业，毕业典礼	5	2	2014/2017	graduation:5
2474		granddaughter	ˈɡrændɔːtə(r)	n.	（外）孙女	5	3	2016/2019/2022	granddaughter:3 granddaughters:2
2475		grasp	ɡrɑːsp; (US) ɡræsp	v.	抓住；紧握	5	2	2013/2018	grasp:3 grasped:2
2476		grateful	ˈɡreɪtfʊl	adj.	感激的，感谢的	5	3	2008/2019/2021	grateful:5
2477		Greece	ɡriːs	n.	* n. 希腊	5	3	2011/2015/2021	greece:5
2478		greet	ɡriːt	vt.	问候；向……致敬	5	3	2013/2019/2022	greeted:3 greets:2
2479		guidance	ˈɡaɪdəns	n.	引导，指导	5	2	2013/2014	guidance:5
2480		guideline	'gaidlain	n.	指导方针；参考	5	3	2010/2014/2020	guidelines:5
2481		happily	ˈhæpɪlɪ	adv.	幸福地，快乐地	5	3	2011/2018/2021	happily:5
2482		hunger	ˈhʌŋɡə(r)	n.	饥饿	5	3	2011/2016/2017	hunger:5
2483		imply	im'plai	vt.	意味着；暗示	5	2	2010/2016	implies:3 implied:2
2484		industrial	in'dʌstriәl	adj.	工业的；产业的	5	1	2014	industrial:5
2485		insight	'insait	n.	洞察力；眼光	5	1	2017	insights:3 insight:2
2486		inspection	in'spekʃәn	n.	检查；查看；视察	5	2	2008/2022	inspection:5
2487		iron	ˈaɪən; (US) ˈaɪərn	n. vt.	铁，熨斗 vt. 熨烫	5	4	2010/2012/2018/2020	iron:5
2488		jacket	ˈdʒækɪt	n.	短上衣，夹克衫	5	2	2009/2012	jacket:5
2489		juicy	dʒuːsɪ	adj.	多汁的；水分多的	5	2	2014/2015	juicy:4 juicier:1
2490		literature	ˈlɪtərətʃə(r); (US) ˈlɪtrətʃʊər	n.	文学	5	3	2011/2013/2014	literature:5
2491		lose weight			体重减轻；减肥	5	0		lose weight:5
2492		male	meɪl	adj.	男（性）的；雄的；man (复men	5	2	2011/2018	male:4 males:1
2493		mess	mes	n.	凌乱	5	2	2021/2022	mess:5
2494		mineral	ˈmɪnər(ə)l	n.	矿物质，矿物	5	2	2014/2018	minerals:5
2495		ministry	ˈmɪnɪstrɪ	n.	（政府的）部	5	3	2016/2018/2020	ministry:5
2496		more like			更接近；相像的；差不多接近	5	0		more like:5
2497		neighbour	ˈneɪbə(r)	n.	邻居，邻人【英】	5	3	2012/2016/2017	neighbours:4 neighbouring:1
2498		no matter where			无论哪里；无论何处；无论何地	5	0		no matter where:5
2499		officer	ˈɔfɪsə(r); (US) ˈɔːfɪsər	n.	军官;公务员,官员；警察，警官	5	3	2008/2016/2019	officer:4 officers:1
2500		on board			na. 在船上；〔美国〕在车上；〈口〉【棒】出垒	5	0		on board:5
2501		outdoors	aʊtˈdɔːz	adv.	在户外, 在野外	5	3	2008/2016/2018	outdoors:5
2502		outstanding	aʊtˈstændɪŋ	adj.	优秀的，杰出的；outward(s	5	2	2014/2016	outstanding:5
2503		overall	'әuvәrɒ:l	adv./adj.	总体上；大致上； 全面的；综合的	5	1	2010	overall:5
2504		overweight	əʊvəˈweɪt	adj.	太胖的,超重的	5	3	2017/2018/2020	overweight:5
2505		pace	peɪs	n.	步子；节奏	5	3	2008/2011/2020	pace:5
2506		panda	ˈpændə	n.	熊猫	5	1	2016	pandas:4 panda:1
2507		part-time	ˌpɑːtˈtaɪm	adj. adv.	兼职的；部分时间的（地）	5	0		part-time:5
2508		pillow	pɪl	n.	枕头	5	2	2013/2018	pillows:4 pillow:1
2509		pity	ˈpɪtɪ	n.	怜悯，同情	5	2	2009/2018	pity:5
2510		playground	ˈpleɪgraʊnd	n.	操场，运动场	5	1	2019	playground:5
2511		polar	'pәulә	adj.	（近）极地的；南极（或北极）的 磁极的	5	1	2019	polar:5
2512		possess	pəˈzɪʃ(ə)n	vt.	占有；拥有	5	3	2010/2016/2022	possess:3 possessed:2
2513		potentially	pә'tenʃәli	adv.	潜在地；可能地	5	2	2016/2017	potentially:5
2514		printer	ˈprɪntə(r)	n.	打印机	5	1	2019	printers:3 printer:2
2515		profit	ˈprɔfɪt	n.	利润，收益；programme (美program	5	3	2013/2016/2022	profit:3 profits:2
2516		quantity	ˈkwɔntətɪ	n.	量，数	5	3	2010/2015/2019	quantity:3 quantities:2
2517		quit	kwɪt	v.	离任，离校，戒掉	5	3	2013/2014/2015	quit:5
2518		reasonable	ˈriːzənəb(ə)l	adj.	合乎情理的	5	2	2016/2018	reasonable:5
2519		rebuild	riːˈbɪld	vt.	重建	5	3	2011/2016/2018	rebuild:4 rebuilding:1
2520		region	'ri:dʒәn	n.	地区；范围；部位	5	2	2010/2020	region:3 regions:2
2521		reject	rɪˈdʒekt	v.	拒绝	5	2	2016/2021	rejected:5
2522		Scottish	ˈskɔtɪʃ	adj. n.	苏格兰（人）的 n. 苏格兰人	5	3	2010/2013/2022	scottish:5
2523		sentence	ˈsent(ə)ns	n.	句子	5	4	2008/2009/2010/2016	sentences:4 sentence:1
2524		set aside			将……放在一边；为……节省或保留（钱或时间）	5	0		set aside:5
2525		settlement	ˈsetəlmənt	n.	新拓居地；（美）部落，村落	5	3	2008/2019/2022	settlement:3 settlements:2
2526		sharpen	ˈʃɑːpən	v.	（使）变锐利，削尖	5	3	2011/2013/2019	sharpen:4 sharpening:1
2527		shore	ʃɔː(r)	n.	滨，岸	5	3	2016/2018/2019	shore:5
2528		shy	ʃaɪ	adj.	害羞的	5	3	2010/2016/2018	shy:5
2529		skillfully	ˈskilfuli	adv.	精湛地,巧妙地	5	2	2010/2019	skillfully:5
2530		soil	sɔɪl	n.	土壤，土地	5	4	2008/2014/2016/2018	soil:5
2531		sorrow	ˈsɔrəʊ	n.	悲伤，悲痛	5	3	2013/2014/2018	sorrow:5
2532		southeast	‚saʊθˈɪːs	n.	东南	5	3	2010/2018/2020	southeast:5
2533		spell	spiːd	vt.	拼写	5	2	2009/2016	spell:5
2534		sponsor	ˈspɔnsə(r)	n.	赞助者，赞助商	5	3	2010/2017/2020	sponsor:4 sponsors:1
2535		structure	'strʌktʃә	n./vt.	结构；体系； 系统安排；精心组织	5	2	2010/2012	structure:3 structures:2
2536		superb	suːˈpɜːb	adj.	卓越的,质量极高的	5	2	2020/2022	superb:5
2537		suppose	səˈpəʊz	vt.	猜想,假定,料想	5	2	2010/2018	supposed:3 supposing:1 suppose:1
2538		sustain	sә'stein	vt.	维持；遭受；承受住	5	2	2010/2022	sustain:5
2539		sweep	swiːp	v.	扫除，清扫	5	3	2008/2017/2022	sweep:3 sweeping:2
2540		teenage	'ti:nidʒ	n./adj.	青少年时期； 青少年的；十几岁的	5	3	2014/2016/2019	teenage:5
2541		the Rocky Mountains			落基山脉	5	0		the rocky mountains:5
2542		thick	θɪk	adj.	厚的；thief (复thieves	5	3	2015/2018/2019	thick:5
2543		Toronto	tә'rɔntәu	n.	多伦多（加拿大城市）	5	2	2016/2017	toronto:5
2544		uncle	ˈʌŋk(ə)l	n.	叔,伯,舅,姑夫,姨父	5	2	2010/2016	uncle:5
2545		unfold	ʌnˈfəʊld	vt.	展开，打开	5	1	2019	unfolds:2 unfolded:2 unfold:1
2546		vast	vɑːst; (US) væst	adj.	巨大的，广阔的	5	2	2018/2020	vast:5
2547		version	ˈvɜːʃ(ə)n; (US) ˈvərʒn	n.	变体，变种，改写本	5	1	2020	version:4 versions:1
2548		wash	wɒʃ	n. v.	洗(涤)冲洗,洗剂,泼溅,洗的衣服 v.洗(涤),冲洗,流过,弄湿	5	2	2008/2020	washing:3 washed:1 washer:1
2549		wealth	welθ	n.	财产，财富	5	3	2011/2014/2020	wealth:5
2550		web	web	n.	网，网状物	5	3	2011/2013/2016	web:5
2551		abroad	əˈbrɔːd	adv.	到（在）国外	4	1	2016	abroad:4
2552		absence	ˈæbsəns	n.	不在，缺席	4	2	2017/2018	absence:4
2553		accountant	əˈkaʊnt(ə)nt	n.	会计，会计师	4	1	2011	accountants:4
2554		accumulate	əˈkjuːmjʊleɪt	v.	积累，积聚	4	2	2014/2018	accumulated:3 accumulating:1
2555		accuracy	ˈækjʊrəsɪ	n.	准确，精确	4	2	2015/2019	accuracy:4
2556		accurate	'ækjurәt	adj.	正确的, 精确的	4	2	2008/2016	accurate:4
2557		adjust	əˈdʒʌst	v.	调整,调节,适应,习惯	4	1	2019	adjust:4
2558		administration	ədmɪnɪˈstreɪʃ(ə)n	n.	管理,行政部门	4	2	2011/2017	administration:4
2559		affection	əˈfekʃ(ə)n	n.	喜爱，钟爱	4	2	2017/2020	affection:4
2560		alcohol	ˈælkəhɔl	n.	含酒精饮料，酒	4	1	2013	alcohol:4
2561		alcoholic	ælkəˈhɔlɪk	adj. n.	/ n. 含酒精的，酒鬼	4	1	2022	alcoholic:4
2562		amuse	əˈmjuːz	vt.	（使人）快乐，逗乐	4	2	2016/2022	amused:4
2563		Amy	'eimi	n.	艾米（女名）	4	2	2017/2019	amy:4
2564		Antarctic	ænˈtɑːktɪk	adj.	南极的	4	1	2016	antarctic:4
2565		anti-	'ænti		[前缀]反；抗；阻	4	0		anti:4
2566		antique	ænˈtiːk	n.	古董	4	2	2010/2020	antiques:4
2567		apologize	əˈpɔlədʒaɪz	vi.	道歉，谢罪	4	2	2020/2021	apologized:2 apologize:2
2568		apology	əˈpɔlədʒɪ	n.	道歉；歉意	4	2	2016/2021	apology:4
2569		apparent	əˈpærənt	adj.	显而易见	4	1	2015	apparent:4
2570		appeal to			有吸引力；有感染力；呼吁；上诉；打动	4	0		appeal to:4
2571		approve	əˈpruːv	v.	赞成,同意,批准,通过	4	2	2018/2020	approved:2 approving:2
2572		argument	ˈɑːɡjʊmənt	n.	争论，辩论；arise (arose, arisen	4	2	2010/2011	argument:2 arguments:2
2573		arithmetic	əˈrɪθmətɪk	n.	算术	4	1	2010	arithmetic:4
2574		at risk			处境危险；遭受危险	4	0		at risk:4
2575		authentic	ɜːˈθentɪk	adj.	真正的，真品的	4	1	2017	authentic:4
2576		automatic	ɔːtəˈmætɪk	adj.	自动的，机械的	4	1	2009	automatic:4
2577		bamboo	bæmˈbuː	n.	竹	4	2	2016/2020	bamboo:4
2578		ban	bæn	n. v.	禁令 v. 禁止；取缔	4	1	2021	ban:2 banned:2
2579		bet	bet	n./vt./vi.	打赌，赌注；被打赌的事物； 打赌；敢断定，确信； 打赌	4	1	2013	bet:4
2580		biography	baɪˈɔɡrəfɪ	n.	传记	4	2	2019/2021	biography:4
2581		bleed	bliːd	vi.	出血，流血	4	1	2016	bleeds:4
2582		bone	bəʊn	n.	骨头，骨质（复数bones骨骼；骨骸	4	3	2009/2013/2016	bone:3 bones:1
2583		brick	brɪk	n.	砖；砖块	4	1	2018	bricks:4
2584		bush	bʊʃ	n.	灌木丛，矮树丛	4	2	2010/2011	bushes:2 bush:2
2585		businesswoman	ˈbɪznɪswʊmæn	n.	商人（女）；女企业家	4	2	2013/2020	businesswoman:4
2586		button	ˈbʌt(ə)n	n. v.	纽扣；（电铃等的）按钮 v. 扣（纽扣） ；buy (bought,bought	4	1	2012	buttons:2 button:2
2587		captain	ˈkæptɪn	n.	（海军）上校；船长，舰长；队长	4	1	2016	captain:4
2588		Caroline	'kærәlaiŋ		卡罗琳	4	1	2016	caroline:4
2589		casual	ˈkæʒʊəl	adj.	漫不经心的，不经意的，非正式的	4	2	2018/2020	casual:4
2590		category	ˈkætɪɡərɪ	n.	类别，种类	4	2	2019/2021	categories:2 category:2
2591		cent	sent	n.	美分（100 cents = 1 dollar	4	1	2019	cents:4
2592		certificate	səˈtɪfɪkət	n.	证明，证明书	4	1	2010	certificate:4
2593		char	tʃɑ:	v.	烧焦	4	1	2013	charing:4
2594		cherry blossom			樱花	4	0		cherry blossom:4
2595		Chicago	ʃi'kɑ:gәu	n.	芝加哥（美国城市名）	4	2	2016/2020	chicago:4
2596		clone	kləʊn	n.	克隆（无性繁殖出来的有机体群	4	1	2013	clone:3 clones:1
2597		cocoa	ˈkəʊkəʊ	n.	可可粉	4	1	2013	cocoa:4
2598		coke	kəʊk	n.	可口可乐	4	2	2017/2022	coke:4
2599		come across			（偶然）遇见；碰见	4	0		come across:4
2600		compensate	ˈkɔmpenseɪt	v.	补偿，弥补	4	2	2017/2022	compensating:2 compensate:2
2601		conservation	kɔnsəˈveɪʃ(ə)n	n.	保存；（自然资源的）保护，管理	4	3	2010/2011/2021	conservation:4
2602		conservative	kənˈsɜːvətɪv	adj. n.	保守的，守旧的；保守主义的；谨慎的 n.保守的人，保守主义	4	2	2020/2021	conservative:4
2603		consideration	kənsɪdəˈreɪʃ(ə)n	n.	考虑；关心	4	2	2016/2020	consideration:4
2604		consist	kənˈsɪst	v.	包含，组成，构成	4	1	2019	consisting:3 consists:1
2605		consult	kənˈsʌlt	v.	咨询，商量	4	2	2020/2021	consult:2 consulted:2
2606		continent	ˈkɔntɪnənt	n.	大陆，大洲；陆地	4	3	2016/2020/2022	continent:2 continents:2
2607		contract	'kɒntrækt	n./vt./vi.	合同；婚约； 感染；订约；使缩短； 收缩；感染；订约	4	1	2016	contract:2 contracts:2
2608		convince	kənˈvɪns	v.	使确信，使信服	4	2	2016/2020	convince:3 convinced:1
2609		cookie	ˈkʊkɪ	n.	小甜饼	4	2	2018/2021	cookies:4
2610		cooperation	kәu.ɒpә'reiʃәn	n.	合作；协作	4	2	2016/2022	cooperation:4
2611		core	kɒ:	n.	核心；精髓；（水果的）核儿	4	2	2016/2017	core:4
2612		cottage	ˈkɔtɪdʒ	n.	(郊外)小屋,村舍,别墅	4	1	2020	cottage:4
2613		courage	ˈkʌrɪdʒ	n.	勇气； 胆略	4	2	2014/2021	courage:4
2614		critic	'kritik	n.	评论家；批评者	4	1	2010	critic:4
2615		current	'kʌrәnt	n./adj.	（水，气，电）流；趋势；涌流； 现在的；流通的，通用的；最近的；草写的	4	2	2010/2016	current:4
2616		cushion	ˈkʊʃ(ə)n	n.	垫子	4	2	2011/2018	cushions:2 cushion:2
2617		custom	ˈkʌstəm	n.	习惯，习俗，风俗习惯	4	2	2013/2015	custom:4
2618		customs	ˈkʌstəm	n.	海关，关税；cut (cut, cut	4	2	2009/2020	customs:4
2619		Cyclops	'saiklɔps		塞克罗伯斯（希腊神话独眼巨人）	4	1	2016	cyclops:4
2620		deadline	ˈdedlaɪn	n.	最后期限，截止日期	4	1	2019	deadlines:2 deadline:2
2621		decide on			决定；选定）	4	0		decide on:4
2622		decoration	dekəˈreɪʃ(ə)n	n.	装饰，修饰	4	2	2018/2020	decorations:3 decoration:1
2623		depend on			依靠；依赖	4	0		depend on:4
2624		deposit	dɪˈpɔzɪt	v. n.	/ n. 订金，押金，放下，放置，储存	4	1	2017	deposit:2 deposits:2
2625		detail	'di:teil	n.	细节；详情	4	1	2010	detail:2 details:2
2626		devoted	di'vәutid	adj.	深爱的；忠实的	4	2	2011/2015	devoted:4
2627		disagreement	dɪsəˈɡriːmənt	n.	意见不一致；相违；争论	4	3	2015/2021/2022	disagreements:2 disagreement:2
2628		disappointment	dɪsəˈpɔɪntmənt	n.	失望；沮丧	4	2	2010/2021	disappointment:4
2629		disapprove	.disә'pru:v	v.	不赞成；反对；认为不好	4	1	2017	disapproving:4
2630		discrimination	dɪskrɪmɪˈneɪʃ(ə)n	n.	歧视	4	2	2016/2021	discrimination:4
2631		dish	dɪʃ	n.	盘，碟；盘装菜；盘形物	4	3	2015/2020/2021	dishes:2 dish:2
2632		dominant	'dɒminәnt	adj.	首要的；占支配地位的；显著的	4	1	2018	dominant:4
2633		doorway	'dɒ:wei	n.	门口；途径	4	2	2011/2020	doorways:2 doorway:2
2634		downtown	ˈdaʊntaʊn	adv. n. adj.	往或在城市的商业区（或中心区、闹市区） n. 城市的商业区，中心区，闹市区 a.城市的商业区的，中心区的，闹市区的	4	2	2016/2019	downtown:4
2635		drama	'drɑ:mә	n.	戏；剧；戏剧艺术	4	1	2022	drama:4
2636		editor	ˈedɪtə(r)	n.	编辑	4	2	2020/2022	editor:4
2637		elder	ˈeldə(r)	n.	长者；前辈	4	2	2016/2017	elder:2 elders:2
2638		embarrassed	im'bærәst	adj.	难堪的；尴尬的	4	2	2017/2020	embarrassed:4
2639		emotion	i'mәuʃәn	n.	情感；情绪	4	1	2017	emotion:2 emotions:2
2640		ending	ˈendɪŋ	n.	结局；结尾，最后	4	2	2017/2022	ending:4
2641		endurance	in'djuәrәns	n.	忍耐力；耐久力	4	1	2016	endurance:4
2642		engage	in'geidʒ	vi./vt.	参加；参与（活动）； 吸引（注意力、兴趣）	4	1	2019	engage:2 engaged:1 engaging:1
2643		enjoyable	ɪnˈdʒɔɪəb(ə)l	adj.	愉快的；有趣的	4	2	2019/2022	enjoyable:4
2644		equip	ɪˈkwɪp	vt.	提供设备；装备；配备	4	2	2013/2018	equipped:4
2645		Ernest Shackleton			欧内斯特·沙克尔顿（英国探险家）	4	0		ernest shackleton:4
2646		error	ˈerə(r)	n.	错误；差错	4	2	2019/2022	error:4
2647		everyday	ˈevrɪbɔdɪ	adj.	每日的；日常的	4	2	2012/2020	everyday:4
2648		evil	'i:vl	n./adj.	罪恶，邪恶；不幸； 邪恶的；不幸的；有害的；讨厌的	4	2	2012/2019	evil:3 evils:1
2649		exotic	ig'zɒtik	adj.	异国情调的，外来的，奇异的	4	1	2013	exotic:4
2650		extension	ɪkˈstenʃ(ə)n	n.	扩大，延伸	4	1	2019	extension:4
2651		fairly	ˈfeəlɪ	adv.	公正地，正当地；相当（程度）地	4	3	2008/2011/2014	fairly:4
2652		federal	ˈfedər(ə)l	adj.	l a.中央的（政府）联邦的	4	1	2017	federal:4
2653		ferry	ˈferɪ	n.	渡船	4	1	2022	ferries:4
2654		fingerprint	'fiŋgәprint	n.	指纹，手印	4	1	2019	fingerprint:4
2655		fireworks	'faiәwә:ks	n.	焰火	4	1	2018	fireworks:4
2656		flour	ˈflaʊə(r)	n.	面粉，粉	4	2	2011/2018	flour:4
2657		flow	fləʊ	vi.	流动	4	2	2010/2016	flow:4
2658		forever	fəˈrevə(r)	adv.	永远；永恒的	4	2	2011/2018	forever:4
2659		fridge	frɪdʒ	n.	冰箱	4	2	2012/2016	fridge:3 fridges:1
2660		fundamental	fʌndəˈment(ə)l	adj.	十分重大的，根本的	4	2	2015/2018	fundamental:4
2661		German	ˈdʒɜːmən	adj. n.	德国的，德国人的，德语的 n. 德国人，德语	4	2	2010/2011	german:2 germans:2
2662		good-bye	ˌɡʊdˈbaɪ	int.	再见，再会	4	0		good-bye:4
2663		grocery	'grәusәri	n.	食品, 杂货	4	1	2012	grocery:3 groceries:1
2664		guilty	ˈɡɪltɪ	adj.	有罪,犯法的,做错事的	4	1	2013	guilty:4
2665		happiness	ˈhæpɪnɪs	n.	幸福，愉快	4	2	2010/2015	happiness:4
2666		hatch	hætʃ	v.	（鸟、鸡）孵蛋	4	0		hatching:2 hatch:1 hatched:1
2667		helmet	ˈhelmɪt	n.	头盔	4	1	2018	helmet:4
2668		hero	ˈhɪərəʊ	n.	英雄，勇士，男主角	4	2	2011/2013	heroes:4
2669		Higgins			希金斯 （姓）	4	1	2015	higgins:4
2670		hilly	ˈhɪlɪ	adj.	丘陵的； 多小山的	4	1	2018	hilly:2 hillier:2
2671		honest	ˈɔnɪst	adj.	诚实的，正直的	4	2	2016/2021	honest:4
2672		hopeful	ˈhəʊpfʊl	adj.	有希望的；有前途的	4	2	2018/2020	hopeful:4
2673		identification	aɪdentɪfɪˈkeɪʃ(ə)n	n.	鉴定，辨别	4	1	2016	identification:4
2674		illegally		adv.	非法地	4	1	2020	illegally:4
2675		import	ɪmˈpɔːt	v. n.	进口，输入	4	2	2015/2022	importing:2 import:2
2676		in a way			在某种程度上	4	0		in a way:4
2677		in case			na. 以防万一；作为准备；如果；免得〔用作连词〕	4	0		in case:4
2678		in danger			在危险中；垂危	4	0		in danger:4
2679		in debt			欠债	4	0		in debt:4
2680		in general			总的来说；通常	4	0		in general:4
2681		in good condition			状况很好；情况很好	4	0		in good condition:4
2682		in vain			白费力气；枉费心机	4	0		in vain:4
2683		information desk	ɪnfəˈmeɪʃ(ə)n desk	n.	问讯处	4	0		information desk:4
2684		ingredient	in'gri:diәnt	n.	（尤指烹饪）材料；成分	4	1	2014	ingredients:4
2685		interpersonal	.intә'pә:sәnәl	adj.	人际的，人与人之间的	4	1	2019	interpersonal:4
2686		invaluable	in'væljuәbl	adj.	无价的；极宝贵的	4	2	2018/2019	invaluable:4
2687		irrigation	ɪrɪˈɡeɪʃ(ə)n	n.	灌溉	4	1	2010	irrigation:4
2688		jet	dʒet	n.	喷气式飞机；喷射（器	4	1	2010	jet:4
2689		July	dʒʊˈlaɪ	n.	7月	4	2	2018/2020	july:4
2690		keeper	ˈkiːpə(r)	n.	（动物园中的）饲养员，看守人	4	2	2020/2022	keeper:4
2691		kick	kɪk	v. n.	踢	4	2	2016/2019	kicked:3 kick:1
2692		kindness	ˈkaɪndnɪs	n.	仁慈；善良	4	2	2014/2019	kindness:4
2693		Korea	kә'riә	n.	韩国；朝鲜	4	2	2016/2021	korea:4
2694		labour	ˈleɪbə(r)	n.	劳动【英】	4	1	2017	labour:4
2695		lately	ˈleɪtlɪ	adv.	最近，不久前	4	2	2010/2020	lately:4
2696		leisure	'li:ʒә	n.	闲暇；休闲；空闲	4	1	2010	leisure:4
2697		Leonardo da Vinci			莱昂纳多·达·芬奇（意大利艺术家、学者、发明家	4	0		leonardo da vinci:4
2698		liquid	ˈlɪkwɪd	n. adj.	液体；液体的	4	2	2015/2017	liquid:4
2699		litre	liːtə(r)	n.	升； 公升【英】	4	1	2022	litre:2 litres:2
2700		load	ləʊd	n.	担子，货物	4	2	2020/2021	load:2 loads:2
2701		loneliness	'lәunlinis	n.	孤单；寂寞	4	2	2010/2022	loneliness:4
2702		mad	mæd	adj.	发疯的；生气的	4	2	2010/2020	mad:4
2703		magical	'mædʒikәl	adj.	巫术的；魔术的；有魔力的	4	2	2011/2016	magical:4
2704		mainland	ˈmeɪnlənd	n.	大陆	4	2	2011/2022	mainland:4
2705		majority	məˈdʒɔrɪtɪ	n.	大多数 ；make (made,made	4	2	2011/2016	majority:4
2706		make a difference			na. 发生差别；使…有差别；(结果等)是重要的	4	0		make a difference:4
2707		mall	mɔ:l	n.	购物商场；林荫路；铁圈球场	4	1	2018	mall:4
2708		mall (also shopping mall)		n.	（also shopping mall） 购物商场；购物广场	4	0		mall:4
2709		mansion	'mænʃәn	n.	大厦；宅邸	4	1	2020	mansion:4
2710		massive	'mæsiv	adj.	巨大的；非常严重的	4	2	2020/2021	massive:4
2711		mathematics	ˌmæθəˈmætɪks	n.	数学	4	2	2013/2020	mathematics:4
2712		medium	ˈmiːdɪəm	n.	媒体,中间的,中等的；meet (met, met	4	1	2018	medium:4
2713		memorize	ˈmeməraɪz	v.	记忆	4	1	2019	memorizing:2 memorize:2
2714		minimum	ˈmɪnɪməm	adj.	最小的	4	2	2016/2018	minimum:4
2715		mood	mu:d	n.	情绪；心情；语气	4	2	2013/2019	moods:2 mood:2
2716		motivate	'mәutiveit	vt.	成为……的动机；激发；激励	4	1	2019	motivate:4
2717		mouse	maus	n.	鼠, 耗子; 鼠标	4	1	2022	mice:4
2718		moveable	'mu:vәbl	adj.	可移动的；活动的	4	1	2020	moveable:4
2719		northeast	ˌnɔːθˈiːst	n.	东北（部	4	2	2010/2015	northeast:4
2720		not to mention			na. …不用说	4	0		not to mention:4
2721		observation	.ɒbzә:'veiʃәn	n.	观察；观测	4	0		observation:3 observations:1
2722		occasion	ә'keiʒәn	n./vt.	时机，机会；场合；理由； 引起，惹起	4	3	2015/2017/2020	occasion:4
2723		on average			平均；平均起来；通常	4	0		on average:4
2724		operator	ˈɔpəreɪtə(r)	n.	接线员	4	2	2012/2022	operator:2 operators:2
2725		opposed	ә'pәuzd	adj.	反对的；对立的	4	2	2013/2017	opposed:4
2726		otherwise	ˈʌðəwaɪz	adv.	要不然,否则,另样	4	2	2018/2020	otherwise:4
2727		outbreak	'autbreik	n.	爆发；发作（尤指疾病或战争）	4	2	2016/2019	outbreak:4
2728		ownership	ˈəʊnəʃɪp	n.	所有制；ox (复oxen	4	2	2010/2022	ownership:4
2729		package	ˈpækɪdʒ	n.	（尤指包装好或密封的容器）一包，一袋，一盒	4	1	2008	package:3 packaged:1
2730		pancake	ˈpænkeɪk	n.	薄煎饼	4	1	2014	pancakes:4
2731		parking	ˈpɑːkɪŋ	n.	停车	4	2	2010/2016	parking:4
2732		parrot	ˈpærət	n.	鹦鹉	4	1	2022	parrot:2 parrots:2
2733		participate	pɑːˈtɪsɪpeɪt	v.	参加，参与	4	2	2016/2019	participate:4
2734		peaceful	ˈpiːsfʊl	adj.	和平的，安宁的	4	2	2018/2020	peaceful:4
2735		penguin	'pengwin	n.	企鹅	4	1	2022	penguins:4
2736		pepper	ˈpepə(r)	n.	胡椒粉	4	2	2013/2022	pepper:4
2737		perfume	ˈpɜːfjuːm	n.	香水	4	1	2017	perfumes:4
2738		personality	.pә:sә'næliti	n.	个性；品格；名人	4	2	2013/2015	personality:4
2739		piano	pɪˈænəʊ	n.	钢琴	4	1	2016	piano:4
2740		Pickering	'pikәriŋ		皮克林（姓）	4	1	2016	pickering:4
2741		plain	pleɪn	adj.	家常的； 普通的	4	2	2011/2019	plain:4
2742		poetry	'pәuitri	n.	诗；诗意，诗情；诗歌艺术	4	1	2020	poetry:4
2743		politics	ˈpɔlɪtɪks	n.	政治	4	1	2019	politics:4
2744		poverty	'pɒvәti	n.	贫穷；贫困	4	2	2014/2016	poverty:4
2745		prehistoric	'pri:his'tɔrik	adj.	史前的	4	2	2015/2022	prehistoric:4
2746		premier	ˈpremɪə(r); (US) priːˈmɪər	n.	首相，总理	4	2	2011/2022	premieres:2 premier:2
2747		presentation	prezənˈteɪʃ(ə)n; (US) priːzenˈteʃn	n.	演示，演出	4	2	2013/2018	presentation:4
2748		purple	ˈpɜːp(ə)l	n. adj.	/ a. 紫色	4	2	2012/2016	purple:4
2749		put forward			提出	4	0		put forward:4
2750		quarrel	ˈkwɔrəl; (US) ˈkwɔːrəl	vi.	争吵，吵架	4	2	2010/2020	quarrels:2 quarrel:2
2751		rainfall	ˈreɪnfɔːl	n.	一场雨； 降雨量	4	1	2010	rainfall:4
2752		random	ˈrændəm	adj.	随意,未经事先考虑的	4	2	2018/2022	random:4
2753		rate	reɪt	n. v.	/ v. 率，评估，评价	4	1	2019	rate:4
2754		refresh	rɪˈfreʃ	v.	使恢复精力，提醒	4	2	2019/2021	refreshing:2 refreshes:2
2755		refrigerator	rɪˈfrɪdʒəreɪtə(r)	n.	冰箱	4	2	2016/2017	refrigerator:4
2756		Reid	ri:d	n.	里德（等于Read，男子名）	4	1	2018	reid:4
2757		Renoir			雷诺阿（法国印象派画家）	4	1	2013	renoir:4
2758		rent	rent	n. v.	租金	4	3	2010/2017/2020	rent:4
2759		repairs	rɪˈpeə(r)	n.	修理工作	4	1	2011	repairs:4
2760		republic	rɪˈpʌblɪk	n.	共和国	4	2	2011/2018	republic:4
2761		reputation	repjʊˈteɪʃ(ə)n	n.	名声，名誉	4	2	2019/2020	reputation:4
2762		respectful	ri'spektful	adj.	恭敬的	4	2	2014/2017	respectful:4
2763		result in			na. 终于(失败)	4	0		result in:4
2764		revolution	revəˈluːʃ(ə)n	n.	革命，变革	4	2	2017/2019	revolution:4
2765		robot	ˈrəʊbɔt	n.	机器人	4	1	2014	robot:3 robots:1
2766		roughly	'rʌfli	adv.	粗略地	4	3	2015/2016/2019	roughly:4
2767		routine	ruːˈtiːn	n.	常规,正常顺序,无聊	4	3	2014/2016/2021	routine:3 routines:1
2768		rubber	ˈrʌbə(r)	n.	橡胶； 合成橡胶	4	2	2010/2018	rubber:4
2769		Russian	ˈrʌʃ(ə)n	adj. n.	俄国人的，俄语的 n. 俄国人，俄语	4	1	2016	russian:2 russians:2
2770		sacred	ˈseɪkrɪd	adj.	害怕，恐惧，担心	4	1	2020	sacred:4
2771		sand	sænd	n.	沙，沙子	4	1	2010	sands:2 sand:2
2772		seagull	ˈsiːɡʌl	n.	海鸥	4	1	2021	seagulls:4
2773		seal	siːl	n.	海豹	4	2	2012/2018	sealed:2 seals:1 seal:1
2774		self	self	n.	自己，自我，自身	4	2	2013/2014	self:4
2775		series of			系列分类；系列类；舞步	4	0		series of:4
2776		set off			na. 分；分割；划开；区划	4	0		set off:4
2777		Shanghai	ʃæŋˈhaɪ	n.	上海	4	3	2010/2015/2020	shanghai:4
2778		shelter	ˈʃeltə(r)	n.	掩蔽；隐蔽处	4	1	2016	shelters:2 sheltered:2
2779		shift	ʃift	n./vi./vt.	改变；转换；轮班； &； 转移；挪动；转向	4	2	2010/2020	shifts:1 shift:1 shifted:1 shifting:1
2780		shower	ˈʃaʊə(r)	n.	阵雨；淋浴；shrink (shrank, shrunk / shrunk, shrunken	4	2	2011/2017	shower:4
2781		sir	sɜː(r)	n.	先生；阁下	4	2	2016/2022	sir:4
2782		sixty	ˈsɪkstɪ	num.	六十	4	2	2019/2022	sixty:4
2783		skilful	'skilful	adj.	有技巧的；熟练的(<美>skillful)	4	1	2022	skilful:4
2784		sleepy	sliːp	adj.	想睡的,困倦的,瞌睡的	4	2	2015/2020	sleepy:4
2785		sparrow	ˈspærəʊ	n.	麻雀，雀型鸟类；speak (spoke, spoken	4	1	2015	sparrow:4
2786		squeeze	skwiːz	n.	挤压，捏，塞	4	2	2018/2022	squeeze:2 squeezing:2
2787		stable	ˈsteɪb(ə)l	adj.	稳固的，牢固的	4	2	2019/2020	stable:4
2788		stare	steə(r)	vi.	盯，凝视	4	1	2020	stare:4
2789		stare at			盯着看；凝视	4	0		stare at:4
2790		strawberry	ˈstrɔːbərɪ; (US) -berɪ	n.	草莓	4	2	2015/2018	strawberries:4
2791		suite	swiːt	n.	套间；组曲	4	1	2010	suite:4
2792		sunrise	ˈsʌnraɪs	n.	黎明，拂晓	4	2	2020/2022	sunrises:2 sunrise:2
2793		supermarket	ˈsuːpəmɑːkɪt	n.	超级市场	4	2	2015/2016	supermarkets:2 supermarket:2
2794		surgeon	ˈsɜːdʒ(ə)n	n.	外科医生	4	1	2013	surgeon:4
2795		surround	səˈraʊnd	vt.	围绕；包围	4	3	2016/2018/2020	surrounded:3 surround:1
2796		swing	swɪŋ	vt. n.	挥舞，摆动 n. 秋千	4	1	2020	swing:2 swinging:2
2797		sympathy	ˈsɪmpəθɪ	n.	同情	4	3	2009/2012/2018	sympathy:4
2798		symphony	ˈsɪmfənɪ	n.	交响乐	4	1	2016	symphony:4
2799		T-shirt	ˌtiːˈʃɜːt	n.	T恤衫	4	0		t-shirt:4
2800		take in			吸收	4	0		take in:4
2801		take the place of			代替	4	0		take the place of:4
2802		temple	ˈtemp(ə)l	n.	庙宇，寺院	4	1	2020	temples:4
2803		Thanksgiving	'θæŋks.giviŋ	n.	感恩	4	2	2017/2019	thanksgiving:4
2804		the International Space Station			无	4	0		the international space station:4
2805		The Middle Ages			中世纪	4	0		the middle ages:4
2806		till	tɪl	conj. prep.	直到,直到…为止	4	1	2010	till:4
2807		trainer	treɪˈnə(r)	n.	训练人；教练	4	1	2011	trainer:4
2808		tug	tʌg	v.	用力拉或拖（某物）	4	1	2019	tug:4
2809		tutor	ˈtjuːtə(r)	n.	家庭教师，私人教师，导师；TV(缩) = television	4	1	2015	tutor:2 tutors:2
2810		twelve	twelv	num.	十二	4	1	2019	twelve:4
2811		ugly	ˈʌɡlɪ	adj.	丑陋的；难看的；U.K./ UK(缩) = United Kingdom	4	2	2009/2011	ugly:4
2812		uncertain	ˈsɜːt(ə)n	adj.	不确定的	4	2	2017/2020	uncertain:4
2813		unconscious	ʌnˈkɔnʃəs	adj.	昏迷,不省人事的	4	1	2018	unconscious:4
2814		undo	ʌnˈduː	v.	解开，松开	4	1	2014	undoing:4
2815		unfair	ʌnˈfeə(r)	adj.	不公平的，不公正的	4	2	2014/2021	unfair:4
2816		upper	ˈʌpə(r)	adj.	较高的，较上的	4	2	2008/2011	upper:4
2817		virtual	'vә:tʃuәl	adj.	[计] 虚拟的；实质上的，事实上的（但未在名义上或正式获承认）	4	1	2016	virtual:4
2818		weekly	ˈwiːklɪ	adj.	每周的	4	2	2017/2018	weekly:4
2819		whisper	ˈwɪspə(r)	v.	低语，私下说	4	2	2013/2019	whispering:2 whispered:1 whispers:1
2820		wipe	waɪp	v.	擦；擦净；擦干	4	1	2019	wipes:2 wiping:1 wiped:1
2821		with the help of			在……的帮助下	4	0		with the help of:4
2822		wooden	ˈwʊd(ə)n	adj.	木制的	4	2	2010/2016	wooden:4
2823		world-famous	ˌwɜːldˈfeɪməs	adj.	世界闻名的	4	0		world-famous:4
2824		worm	wɜːm	n.	软体虫,蠕虫(尤指蚯蚓	4	1	2010	worm:4
2825		zero	ˈzɪərəʊ	n. num.	零,零度,零点	4	1	2019	zero:4
2826		a series of			一连串的；一系列；一套	3	0		a series of:3
2827		absolute	ˈæbsəluːt	adj.	完全，全部，绝对的	3	1	2018	absolute:3
2828		ache	eɪk	vi. n.	痛，疼痛	3	2	2012/2013	ache:2 aches:1
2829		acknowledge	əkˈnɔlɪdʒ	v.	承认	3	1	2019	acknowledging:2 acknowledged:1
2830		acre	ˈeɪkə(r)	n.	英亩	3	2	2016/2020	acres:2 acre:1
2831		adolescence	ædəʊˈlesns	n.	青春，青春期	3	2	2014/2019	adolescence:3
2832		album	ˈælbəm	n.	相册，影集，集邮簿	3	2	2014/2017	albums:3
2833		allowance	əˈlaʊəns	n.	津贴，补助	3	1	2020	allowance:3
2834		aloud	əˈlaʊd	adv.	大声地	3	2	2011/2018	aloud:3
2835		alternative	ɔːlˈtɜːnətɪv	adj.	可供替代,非传统的	3	2	2016/2022	alternatives:2 alternative:1
2836		altogether	ɔːltəˈɡeðə(r)	adv.	总共	3	2	2015/2017	altogether:3
2837		ambition	æmˈbɪʃ(ə)n	n.	目标,野心,雄心,抱负	3	1	2014	ambition:2 ambitions:1
2838		ambulance	ˈæmbjʊləns	n.	救护车	3	2	2018/2020	ambulance:2 ambulances:1
2839		analysis	əˈnæləsɪs	n.	分析，分析结果	3	1	2018	analysis:3
2840		angle	ˈæŋɡ(ə)l	n.	角度	3	2	2015/2020	angle:3
2841		anybody	ˈenɪbɔdɪ	pron.	任何人，无论谁	3	1	2013	anybody:3
2842		app		abbr.	应用（Application）；穿甲试验（Armor Piercing Proof）	3	0		app:3
2843		army	ˈɑːmɪ	n.	军队	3	1	2011	armies:3
2844		assessment	əˈsesmənt	n.	看法，评价	3	1	2017	assessments:2 assessment:1
2845		associate with			与……联系	3	0		associate with:3
2846		assumption	əˈsʌmpʃ(ə)n	n.	假定，假设	3	1	2022	assumptions:2 assumption:1
2847		automatically	.ɒ:tә'mætikli	adv.	自动地；无意识地	3	2	2012/2022	automatically:3
2848		avenue	ˈævənjuːˈævənuː	n.	大道	3	2	2014/2022	avenue:3
2849		basin	ˈbeɪs(ə)n	n.	水盆，脸盆	3	1	2020	basin:2 basins:1
2850		battery	ˈbætərɪ	n.	电池	3	1	2014	batteries:2 battery:1
2851		behaviour	bɪˈheɪvjə(r)	n.	行为，举止	3	2	2009/2018	behaviours:2 behaviour:1
2852		belong to		v.	属于；附属	3	0		belong to:3
2853		bend	bend	v.	弯曲；使弯曲	3	1	2021	bend:3
2854		bent	bent	adj.	弯的	3	1	2012	bent:3
2855		bite	baɪt	v.	咬；叮（bit, bitten）	3	1	2017	bitten:2 bite:1
2856		bless	bles	vt.	保佑，降福	3	2	2010/2018	blessing:3
2857		boil	bɔɪl	v.	沸腾；烧开；煮……	3	1	2013	boil:3
2858		bother	'bɒðә	v.	烦扰, 打扰, 费心	3	2	2018/2020	bother:2 bothered:1
2859		bottom	ˈbɔtəm	n.	底部；底	3	1	2020	bottom:3
2860		boyhood	'bɒihud	n.	少年时代	3	1	2011	boyhood:3
2861		brake	breɪk	n. vi.	闸 vi. 刹车	3	1	2016	brake:2 brakes:1
2862		bring about			na. 造成；带来；【航】(使船)回转	3	0		bring about:3
2863		bring up			抚养；培养；教育；提出	3	0		bring up:3
2864		broadcast	ˈbrɔːdkɑːst	n.	广播节目；broadcast（broadcast, broadcast或--ed,--ed	3	2	2016/2022	broadcasts:3
2865		brochure	brəʊˈʃə(r); (US) brəʊˈʃʊər	n.	资料（或广告）手册	3	2	2014/2018	brochure:3
2866		build up			逐渐增强；建立；开发	3	0		build up:3
2867		carry on		adj./n.	(飞机乘客的行李)可随身携带的； (飞机乘客的)随身行李	3	0		carry on:3
2868		cart	kɑ:t	n./vt./vi.	二轮运货马车； 用车装载； 驾运货马车；用运货车运送	3	1	2010	cart:2 carter:1
2869		cash	kæʃ	n. v.	现金，现钞 v. 兑现	3	1	2015	cash:3
2870		cave	keɪv	n.	洞，穴；地窖	3	2	2010/2020	cave:3
2871		ceiling	ˈsiːlɪŋ	n.	天花板，顶棚	3	2	2010/2018	ceilings:2 ceiling:1
2872		celebrity	si'lebrti	n.	名望；名誉；名人；名流	3	1	2012	celebrities:2 celebrity:1
2873		champion	ˈtʃæmpɪən	n.	冠军，优胜者	3	1	2016	champions:2 champion:1
2874		championship	'tʃæmpiәnʃip	n.	锦标赛；冠军称号；冠军的地位	3	1	2016	championship:2 championships:1
2875		civil	ˈsɪv(ə)l	adj.	国内的；平民（非军人）的；民用的	3	2	2015/2016	civil:3
2876		cleaner	kliːnə(r)	n.	清洁工.,清洁器.,清洁剂	3	2	2011/2021	cleaner:3
2877		click	klɪk	v.	点击（计算机用语	3	2	2014/2015	clicked:2 click:1
2878		coal	kəʊl	n.	煤；煤块	3	1	2011	coal:3
2879		coat	kəʊt	n. vt.	外套；涂层；表皮；皮毛 vt. 给……穿外套；涂上	3	2	2008/2020	coats:3
2880		committee	kəˈmɪtɪ	n.	委员会	3	0		committee:3
2881		concentrate on			na. 集中在；专心于	3	0		concentrate on:3
2882		conclude	kənˈkluːd	v.	完成，结束	3	3	2010/2014/2016	conclude:1 concluded:1 concluding:1
2883		conference	ˈkɔnfərəns	n.	(正式的)会议；讨论	3	2	2009/2020	conference:2 conferences:1
2884		congratulation	kənɡrætjʊˈleɪʃ(ə)n	n.	祝贺，庆贺	3	2	2011/2018	congratulations:3
2885		consequently	'kɒnsikwәntli	adv.	所以；因而	3	2	2009/2019	consequently:3
2886		context	'kɒntekst	n.	环境；上下文；来龙去脉	3	2	2015/2017	context:3
2887		convey	kənˈveɪ	v.	表达，传递（思想，感情等	3	1	2021	convey:2 conveyed:1
2888		costume	'kɒstju:m	n./vt.	服装，装束；戏装，剧装； 给…穿上服装	3	2	2013/2015	costume:3
2889		counter	ˈkaʊntə(r)	n.	柜台，结账处	3	1	2019	counter:3
2890		crossing	ˈkrɔsɪŋ	n.	十字路口，人行横道	3	1	2016	crossing:3
2891		cutting	'kʌtiŋ	n.	剪枝；剪报	3	2	2013/2016	cutting:3
2892		dam	dæm	n.	水坝，堰堤	3	1	2010	dams:3
2893		define	di'fain	vt.	定义；使明确；规定	3	1	2018	defined:2 define:1
2894		delicate	ˈdelɪkət	adj.	易损的，易碎的	3	1	2017	delicate:3
2895		descendant	di'sendәnt	n./adj.	后裔；子孙； 下降的；祖传的	3	1	2010	descendants:3
2896		desert	dɪˈzɜːt	n. vt.	沙漠 vt. 舍弃； 遗弃	3	2	2010/2019	desert:3
2897		disappoint	dɪsəˈpɔɪnt	vt.	使失望	3	2	2014/2022	disappointing:2 disappoint:1
2898		dismiss	dɪsˈmɪs	vt.	让……离开；遣散；解散；解雇	3	1	2018	dismissing:2 dismissed:1
2899		division	dɪˈvɪʒ(ə)n	n.	（算术用语）除	3	2	2011/2015	division:3
2900		dove	dʌv	n./v.	鸽子；鸽派人士； 潜水（dive的过去式）	3	1	2020	dove:3
2901		drug	drʌɡ	n.	药，药物；毒品	3	1	2016	drug:2 drugs:1
2902		ecology	ɪˈkɔlədʒɪ	n.	生态，生态学	3	2	2010/2017	ecology:3
2903		economic	.i:kә'nɒmik	adj.	经济的，经济上的；经济学的	3	2	2014/2020	economic:3
2904		efficient	i'fiʃәnt	adj.	效率高的；有功效的	3	1	2022	efficient:3
2905		enjoyment	in'dʒɒimәnt	n.	享受；欢乐；乐趣	3	2	2008/2010	enjoyments:2 enjoyment:1
2906		enormous	i'nɒ:mәs	adj.	巨大的；极大的	3	0		enormous:3
2907		entirely	in'taiәli	adv.	全部地；完整地；完全地	3	2	2020/2022	entirely:3
2908		etc		abbr.	诸如此类；等等	3	2	2011/2019	etc:3
2909		except for			na. 只有	3	0		except for:3
2910		existence	ɪɡˈzɪst(ə)ns	n.	存在；生存；存在物	3	1	2016	existence:3
2911		expansion	ik'spænʃәn	n.	扩张；扩展；扩大	3	2	2010/2015	expansion:3
2912		export	ɪkˈspɔːt	n. v.	/ v.出口，输出	3	1	2010	exported:2 export:1
2913		extinction	ik'stiŋkʃәn	n.	灭绝；消失；消灭；废止	3	1	2018	extinction:3
2914		extraordinary	ɪkˈstrɔːdɪnərɪ; (US) -dənerɪ	adj.	离奇的；使人惊奇的	3	1	2011	extraordinary:3
2915		fancy	ˈfænsɪ	adj.	花式；装饰的；奇特的	3	2	2016/2019	fancy:3
2916		faraway	'fɑ:rәwei	adj.	遥远的；恍惚的	3	2	2010/2020	faraway:3
2917		fasten	ˈfɑːs(ə)n; (US) fæsn	vt.	扎牢；扣住	3	2	2012/2017	fastened:3
2918		firmly	ˈfɜːmlɪ	adv.	牢牢地	3	2	2012/2020	firmly:3
2919		fitness	'fitnis	n.	健康；健壮	3	1	2020	fitness:3
2920		flame	fleɪm	n.	火焰，光辉	3	1	2016	flames:3
2921		forecast	ˈfɔːkɑːst; (US) ˈfɔrkæst	n. vt.	预告	3	2	2014/2019	forecasted:2 forecast:1
2922		foreigner	ˈfɔrənə(r)	n.	外国人	3	0		foreigners:2 foreigner:1
2923		forgive	fəˈɡɪv	vt.	(forgave, forgiven) vt. 原谅，宽恕	3	2	2014/2020	forgive:2 forgiving:1
2924		fourteen	ˈfɔːˈtiːn	num.	十四	3	2	2016/2017	fourteen:3
2925		from then on			na. 从那时起	3	0		from then on:3
2926		fry	fraɪ	vt.	用油煎；用油炸	3	2	2020/2021	fry:2 frying:1
2927		gate	ɡeɪt	n.	大门	3	1	2021	gate:2 gates:1
2928		gentle	ˈdʒent(ə)l	adj.	温柔的，轻轻的	3	2	2020/2022	gentle:3
2929		geographical	dʒiә'græfikl	adj.	地理（学）的	3	2	2018/2021	geographical:3
2930		gifted	ˈɡɪftɪd	adj.	有天赋的；有才华的	3	2	2012/2016	gifted:3
2931		give out			发出（气味，热等）；分发	3	0		give out:3
2932		grandma	'grændmɑ:	n.	奶奶; 外婆	3	2	2016/2019	grandma:3
2933		gym	dʒɪm	n.	体操；体育馆；健身房	3	2	2008/2016	gyms:3
2934		head to			引至, 通到; 〈非正〉引出结果	3	0		head to:3
2935		herd	hә:d	n./vt./vi.	兽群，畜群；放牧人； 放牧；使成群； 成群，聚在一起	3	0		herd:3
2936		homeless	'hәumlis	adj.	无家的；无家可归的	3	2	2016/2017	homeless:3
2937		honour	ˈɔnə	n. vt.	荣誉，光荣；尊敬，给予荣誉【英】	3	2	2016/2021	honour:3
2938		hopeless	ˈhəʊplɪs	adj.	没有希望,不可救药的	3	2	2010/2015	hopeless:3
2939		hug	hʌɡ	v.	拥抱	3	2	2010/2013	hug:3
2940		identify	ai'dentifai	vt./vi.	确定；鉴定；识别，辨认出；使参与；把…看成一样； 确定；认同；一致	3	1	2016	identify:2 identified:1
2941		immunity	i'mju:niti	n.	免疫性	3	0		immunity:3
2942		in charge			主管；看管	3	0		in charge:3
2943		in other words			换句话说；也就是说	3	0		in other words:3
2944		in particular			尤其；特别	3	0		in particular:3
2945		in that case			na. 既然是那样	3	0		in that case:3
2946		in turn			相应地； 转而；依次；轮流	3	0		in turn:3
2947		Indonesia	.indәu'ni:ʒә	n.	印尼，印度尼西亚（东南亚岛国）	3	2	2016/2020	indonesia:3
2948		initial	ɪˈnɪʃ(ə)l	adj.	开始的，最初的	3	2	2014/2020	initial:3
2949		invention	ɪnˈvenʃ(ə)n	n.	发明，创造	3	1	2019	invention:3
2950		investigation	in.vesti'geiʃәn	n.	调查	3	0		investigation:3
2951		Japanese	dʒæpəˈniːz	adj. n.	日本的，日本人的，日语的 n. 日本人，日语	3	2	2010/2011	japanese:3
2952		keep track of			na. 追踪；记录；保持联系；密切注意…的动向	3	0		keep track of:3
2953		keep up			跟上	3	0		keep up:3
2954		Kent	kent	n.	肯特	3	2	2015/2016	kent:3
2955		kingdom	ˈkɪŋdəm	n.	王国	3	2	2011/2016	kingdom:3
2956		labor	ˈleɪbə(r)	n.	劳动【美】	3	1	2015	labor:3
2957		lean	li:n	vi./adj./vt./n.	倾斜；倚靠；倾向；依赖； 瘦的；贫乏的，歉收的； 使倾斜； 瘦肉；倾斜；倾斜度	3	1	2018	leaning:3
2958		license	ˈlaɪsəns	n.	执照，许可证	3	2	2010/2014	licenses:2 license:1
2959		lively	ˈlaɪvlɪ	adj.	活泼的;充满生气的	3	2	2010/2016	lively:3
2960		loudly	laʊdlɪ	adv.	大声地	3	2	2011/2019	loudly:3
2961		magic	ˈmædʒɪk	adj.	有魔力的	3	2	2012/2013	magic:3
2962		maintain	mein'tein	vt.	维持；继续；维修；主张；供养	3	2	2009/2016	maintain:1 maintains:1 maintaining:1
2963		man-made	ˌmænˈmeɪd	adj.	人造的，人工的	3	0		man-made:3
2964		mankind	mænˈkaɪnd	n.	人类;（总称）人	3	2	2015/2022	mankind:3
2965		masterpiece	'mɑ:stәpi:s	n.	杰作；名著	3	2	2020/2022	masterpieces:2 masterpiece:1
2966		measurement	'meʒәdmәnt	n.	尺寸；衡量；测量	3	1	2011	measurement:2 measurements:1
2967		meat	miːt	n.	（猪、牛、羊等的）肉	3	2	2016/2018	meat:3
2968		meet with			遇到；经历；会晤	3	0		meet with:3
2969		mission	'miʃәn	n./vt.	使命，任务；代表团；布道； 派遣；向……传教	3	1	2020	mission:3
2970		modem	ˈməʊdem	n.	调制解调器	3	2	2018/2019	modem:3
2971		mountainous	ˈmaʊntɪnəs	adj.	多山的	3	1	2021	mountainous:3
2972		mud	mʌd	n.	泥, 泥浆	3	1	2022	mud:3
2973		narrow	ˈnærəʊ	adj.	狭窄的	3	1	2011	narrow:3
2974		neat	niːt	adj.	整洁的；灵巧的	3	1	2017	neat:3
2975		net	net	n.	网	3	2	2014/2019	nets:2 net:1
2976		nevertheless	.nevәðә'les	adv.	尽管如此；不过；然而	3	1	2017	nevertheless:3
2977		noisy	ˈnɔɪzɪ	adj.	喧闹的，嘈杂的	3	2	2014/2017	noisier:2 noisy:1
2978		nowhere	ˈnəʊweə(r); (US) ˈnəʊhweər	adv.	任何地方都不,无处	3	1	2018	nowhere:3
2979		nylon	ˈnaɪlɔn	n.	尼龙	3	1	2012	nylon:3
2980		obey	əʊˈbeɪ	v.	服从，顺从，听从	3	2	2008/2012	obey:2 obeys:1
2981		on earth			na. 到底；在地球上；全然	3	0		on earth:3
2982		opponent	ә'pәunәnt	n.	对手；竞争者	3	2	2012/2018	opponent:2 opponents:1
2983		optimistic	ɔptɪˈmɪstɪk	adj.	乐观的	3	2	2014/2015	optimistic:3
2984		ours	ˈaʊəz	pron.	我们的	3	1	2017	ours:3
2985		overlook	əʊvəˈlʊk	v.	忽略,不予理会	3	2	2016/2019	overlook:2 overlooked:1
2986		overseas	'әuvә'si:z	adv./adj.	在海外，海外； 海外的，国外的	3	2	2016/2022	overseas:3
2987		pale	peɪl	adj.	苍白的，灰白的	3	2	2013/2016	pale:3
2988		pan	pæn	n.	平底锅	3	2	2010/2020	pan:2 pans:1
2989		participate in			参加；参与	3	0		participate in:3
2990		passion	'pæʃәn	n.	酷爱；激情	3	1	2017	passion:3
2991		percentage	pəˈsentədʒ	n.	百分率	3	1	2017	percentage:3
2992		personally	ˈpɜːsənəlɪ	adv.	就自己而言	3	1	2020	personally:3
2993		philosophy	fi'lɒsәfi	n.	哲学；哲理；人生观	3	0		philosophy:3
2994		pink	piŋk	adj.	粉红色的	3	2	2012/2015	pink:3
2995		plus	plʌs	prep.	加，加上；p.m./pm, P.M. /PM	3	2	2015/2016	plus:3
2996		possibly	ˈpɒsəbli	adv.	可能地，也许	3	2	2010/2014	possibly:3
2997		pray	preɪ	v.	祈祷；祈求	3	1	2020	prayed:3
2998		precious	ˈpreʃəs	adj.	宝贵的, 珍贵的	3	2	2011/2022	precious:3
2999		prejudice	ˈpredʒʊdɪs	n.	偏见，成见	3	2	2011/2022	prejudice:3
3000		pronounce	prəˈnaʊns	vt.	发音	3	2	2009/2014	pronounce:3
3001		put up with			忍受；容忍	3	0		put up with:3
3002		rainbow	ˈreɪnbəʊ	n.	虹，彩虹	3	1	2012	rainbow:3
3003		relaxation	.ri:læk'seiʃәn	n.	放松，松弛	3	2	2015/2021	relaxation:3
3004		release	ri'li:s	vt./n.	排放；释放；发布	3	1	2020	released:2 release:1
3005		reveal	ri'vi:l	vt.	揭示；显示；露出	3	2	2009/2014	reveal:3
3006		right away			立刻；马上	3	0		right away:3
3007		ripe	raɪp	adj.	成熟的，熟的	3	1	2018	ripe:3
3008		roundabout	ˈraʊndəbaʊt	adj. n.	绕道的，不直接的；转盘路	3	2	2016/2019	roundabout:3
3009		ruler	ˈruːlə(r)	n.	统治者；直尺；run (ran, run	3	2	2010/2011	rulers:2 ruler:1
3010		rural	'ruәrәl	adj.	乡村的；农村的	3	2	2015/2020	rural:3
3011		sail	seɪl	n. v.	航行 v. 航行，开航	3	2	2011/2018	sailed:2 sail:1
3012		sailing	ˈseɪlɪŋ	n.	航海	3	2	2011/2022	sailing:3
3013		sample	'sæmpl	n./adj./vt.	样品；样本；例子； 试样的，样品的；作为例子的； 取样；尝试；抽样检查	3	1	2020	samples:3
3014		search for			na. 寻找；寻求；探求	3	0		search for:3
3015		seaside	ˈsiːsaɪd	n.	海滨	3	2	2008/2021	seaside:3
3016		Seattle	si'ætl	n.	西雅图（美国城市）	3	1	2016	seattle:3
3017		set out			出发；启程；（怀着目标）开始工作	3	0		set out:3
3018		set out (to do)			开始（做）	3	0		set out:3
3019		seventeen	sevənˈtiːn	num.	十七	3	1	2011	seventeen:3
3020		severe	sɪˈvɪə(r)	adj.	极为恶劣,十分严重的；sew (sewed, sewn 或sewed	3	1	2022	severe:3
3021		shut	ʃʌt	v. n.	/；关上，封闭；禁闭；	3	2	2009/2022	shut:3
3022		silver	ˈsɪlvə(r)	n.	银	3	1	2016	silver:3
3023		simplify	ˈsɪmplɪfaɪ	v.	使简化，使简易	3	1	2018	simplified:3
3024		skilled	skiː	adj.	熟练的；有技能的	3	2	2015/2016	skilled:3
3025		slide	slaɪd	n. v.	幻灯片,滑道 v.滑行,滑动	3	1	2020	sliding:3
3026		slim	slɪm	adj.	苗条的，纤细的	3	1	2016	slim:3
3027		smog	smaɪl	n.	烟雾(= smoke + fog	3	2	2015/2019	smog:3
3028		smoking	ˈsməʊkɪŋ	n.	吸烟,抽烟;冒烟	3	2	2008/2019	smoking:3
3029		sock	sɔk	n.	短袜	3	1	2011	sock:2 socks:1
3030		softball	ˈsɔftbɔːl	n.	垒球	3	0		softball:3
3031		somehow	'sʌmhau	adv.	不知何故	3	2	2009/2022	somehow:3
3032		southwest	sauθˈwest	n.	西南	3	2	2010/2015	southwest:3
3033		stamp	stæmp	n.	邮票	3	1	2014	stamp:2 stamping:1
3034		stand out			杰出	3	0		stand out:3
3035		star in			担任主角；主演	3	0		star in:3
3036		statue	ˈstætjuː	n.	法令，法规，章程	3	1	2013	statue:2 statues:1
3037		straightforward	streɪtˈfɔːwəd	adj. adv.	/ ad. 简单的，坦率的	3	2	2019/2020	straightforward:3
3038		strike	straɪk	v.	（钟）鸣;敲（响）,罢工；strike (struck, struck 或stricken	3	2	2008/2012	strike:2 strikes:1
3039		stupid	ˈstjuːpɪd	adj.	愚蠢的，笨的	3	1	2011	stupid:3
3040		suffering	ˈsʌfərɪŋ	n.	痛苦，苦难	3	2	2013/2021	suffering:3
3041		swept	swept	v./adj.	扫除（sweep的过去式和过去分词）； 扫频的	3	2	2016/2022	swept:3
3042		take control of			控制；掌管；取得对……的控制	3	0		take control of:3
3043		take place			发生	3	0		take place:3
3044		technical	ˈteknɪk(ə)l	adj.	技术的，工艺的	3	1	2010	technical:3
3045		telescope	ˈtelɪɡrɑːf; (US) -ɡræf	n.	望远镜	3	1	2019	telescopes:3
3046		threat	θret	n.	威胁，恐吓；凶兆	3	0		threat:3
3047		tick	tɪk	vt.	作记号	3	2	2008/2020	ticker:2 ticking:1
3048		tidy	ˈtɪkɪt	adj. vt.	整洁的，干净的 vt. 弄整洁，弄干净	3	2	2014/2021	tidying:2 tidied:1
3049		toilet	ˈtɔɪlɪt	n.	厕所	3	1	2019	toilets:2 toilet:1
3050		translation	trænsˈleɪʃ(ə)n	n.	翻译；译文	3	1	2017	translation:3
3051		trial	ˈtraɪəl	n.	审判；试验；试用	3	2	2012/2014	trials:3
3052		unbelievable	ʌnbɪˈliːvəb(ə)l	adj.	难以置信的	3	2	2012/2014	unbelievable:3
3053		unemployed	.ʌnim'plɒid	adj.	失业的；未被利用的	3	1	2015	unemployed:3
3054		unimportant	ʌnɪmˈpɔːt(e)nt	adj.	不重要的,无意义	3	2	2015/2018	unimportant:3
3055		universal	juːnɪˈvɜːs(ə)l	adj.	普遍的，全体的	3	1	2018	universal:3
3056		universe	ˈjuːnɪvɜːs	n.	宇宙	3	1	2012	universe:3
3057		upward	ˈʌpwəd	adv.	向上；往上	3	2	2010/2011	upwards:3
3058		valid	ˈvælɪd	adj.	有效的,合理的,有根据的	3	2	2013/2020	valid:3
3059		vision	'viʒәn	n.	想象； 视力；视野；影像	3	2	2016/2017	vision:3
3060		vital	ˈvaɪt(ə)l	adj.	必不可少的，对…极重要的	3	2	2013/2022	vital:3
3061		voluntary	ˈvɔləntərɪ	adj.	自愿的，主动的	3	0		voluntary:3
3062		waterfall	'wɒtәfɒ:l	n.	瀑布	3	2	2014/2020	waterfalls:2 waterfall:1
3063		wealthy	ˈwelθɪ	adj.	富的；wear (wore, worn	3	2	2010/2022	wealthy:2 wealthier:1
3064		whale	weɪl; (US) hweɪl	n.	鲸	3	2	2021/2022	whale:3
3065		wheat	wiːt; (US) hwiːt	n.	小麦	3	2	2010/2011	wheat:3
3066		wherever	weərˈevə(r)	conj.	无论在哪里	3	1	2021	wherever:3
3067		worthwhile	wɜːθˈwaɪl	adj.	值得做的	3	1	2015	worthwhile:3
3068		yard	jɑːd	n.	码；院子；场地	3	2	2011/2021	yard:3
3069		yours	jɔːz	pron.	你的；你们的	3	2	2009/2020	yours:3
3070		a bunch of			一束；一串；一群；大量	2	0		a bunch of:2
3071		a great deal			na. 很多	2	0		a great deal:2
3072		a handful of		det.	一把；一小撮；少数	2	0		a handful of:2
3073		above all			最重要的是；尤其是	2	0		above all:2
3074		abruptly	ә'brʌptli	adv.	突然地；唐突地	2	1	2019	abruptly:2
3075		absent	ˈæbsənt	adj.	缺席， 不在	2	1	2017	absent:2
3076		abstract	ˈæbstrækt	adj. n.	抽象的（作品）	2	1	2017	abstract:2
3077		accelerate	əkˈseləreɪt	v.	（使）加速，加快	2	1	2022	accelerate:2
3078		accent	ˈæksənt	n.	口音，音调	2	1	2017	accent:2
3079		accommodation	əkɔməˈdeɪʃ(ə)n	n.	住宿，膳宿	2	1	2021	accommodations:1 accommodation:1
3080		acquire	əˈkwaɪə(r)	v.	获得，得到	2	1	2019	acquire:2
3081		acquisition	ækwɪˈzɪʃ(ə)n	n.	获得，得到	2	1	2009	acquisition:2
3082		actress	ˈæktrɪs	n.	女演员	2	1	2012	actress:2
3083		adjustment	əˈdʒʌstmənt	n.	调整，适应	2	1	2019	adjustment:2
3084		adorable	ә'dɒ:rәbl	adj.	可爱的；讨人喜爱的	2	1	2021	adorable:2
3085		adore	əˈdɔː(r)	v.	（不用于进行时）热爱，爱慕某人	2	1	2018	adore:2
3086		agenda	əˈdʒendə	n.	（会议）议程表，议事日程	2	1	2018	agenda:2
3087		air conditioner			空调机； 空调设备	2	0		air conditioner:2
3088		aircraft	ˈeəkrɑːft	n.	飞机 (单复数同	2	1	2017	aircraft:2
3089		Alabama	.ælә'bæmә		阿拉巴马州（美国的一个州）	2	1	2016	alabama:2
3090		allergic	əˈlɜːdʒɪk	adj.	过敏的，厌恶	2	1	2019	allergic:2
3091		allocate	ˈæləkeɪt	v.	拨给,划归,分配…给	2	1	2020	allocated:2
3092		ambiguous	æmˈbɪɡjʊəs	adj.	模棱两可的	2	1	2017	ambiguous:2
3093		ample	ˈæmp(ə)l	adj.	足够的，丰裕的	2	1	2019	ample:2
3094		anchor	ˈæŋkə(r)	v. n.	/ n. 锚，抛锚	2	1	2017	anchor:2
3095		ankle	ˈæŋk(ə)l	n.	踝，踝关节	2	1	2020	ankles:2
3096		annoyance	ә'nɒiәns	n.	烦恼	2	1	2019	annoyance:2
3097		anyhow	ˈenɪhaʊ	adv.	不管怎样	2	1	2010	anyhow:2
3098		anyway	ˈenɪweɪ	adv.	不管怎样	2	1	2013	anyway:2
3099		applicant	ˈæplɪkənt	n.	申请人	2	1	2015	applicants:2
3100		appoint	əˈpɔɪnt	v.	任命，委任，安排，确定（时间，地点	2	1	2010	appointed:2
3101		appropriate	əˈprəʊprɪət	adj.	合适的，恰当的	2	1	2017	appropriate:2
3102		Arab	ˈærəb	adj. n.	* a. 阿拉伯的 n. 阿拉伯人	2	1	2020	arabs:2
3103		Arabic	ˈærəbɪk	adj. n.	阿拉伯语的 n. 阿拉伯语	2	1	2014	arabic:2
3104		Arctic	ˈɑːktɪk	adj.	北极的	2	1	2019	arctic:2
3105		arise	əˈraɪz	vi.	出现，发生；起身（arose, arisen）	2	1	2019	arise:2
3106		arouse	ә'rauz	v.	激发;引起	2	1	2016	aroused:2
3107		as a matter of fact			na. 事实上；事实是	2	0		as a matter of fact:2
3108		as for			关于；至于	2	0		as for:2
3109		assignment	ә'sainmәnt	n.	任务; 作业	2	1	2016	assignments:2
3110		at midnight			在午夜	2	0		at midnight:2
3111		at most			至多；最多	2	0		at most:2
3112		atlas	'ætlәs	n.	地图；地图集	2	1	2021	atlas:2
3113		attain	əˈteɪn	v.	（经过努力）获得,得到	2	1	2013	attained:2
3114		autonomous	ɔːˈtɔnəməs	adj.	自治的，自主的	2	0		autonomous:2
3115		autumn	ˈɔːtəm	n.	秋天，秋季	2	1	2010	autumn:2
3116		aviation	.eivi'eiʃәn	n.	航空制造业；航空；飞行	2	1	2017	aviation:2
3117		awesome	ˈɔːsəm	adj.	令人惊叹,很困难的	2	1	2020	awesome:2
3118		band	bænd	n.	乐队	2	1	2016	bands:2
3119		barrier	ˈbærɪə	n.	屏障，障碍，关卡	2	1	2011	barrier:2
3120		baseball	ˈbeɪsbɔːl	n.	棒球	2	1	2012	baseball:2
3121		basement	ˈbeɪsmənt	n.	地下室	2	1	2014	basement:2
3122		basketball	ˈbɑːskɪtbɔːl	n.	篮球	2	1	2010	basketball:2
3123		bathtub	ˈbɑːθtʌb	n.	澡盆	2	1	2022	bathtub:2
3124		be aware of			对……知道、明白；意识到……	2	0		be aware of:2
3125		be satisfied with			对……感到满意	2	0		be satisfied with:2
3126		bearing	'bєәriŋ	n.	方位	2	1	2018	bearing:2
3127		bedding	'bediŋ	n.	寝具；铺盖	2	1	2011	bedding:2
3128		before long			不久以后	2	0		before long:2
3129		Belgium	ˈbeldʒəm	n.	* n. 比利时	2	1	2018	belgium:2
3130		beneath	bɪˈniːθ	prep.	在…下方（面	2	1	2017	beneath:2
3131		beside	bɪˈsaɪd	prep.	在…旁边；靠近	2	2	2014/2017	beside:2
3132		betray	bɪˈtreɪ	v.	出卖,泄露（机密）,辜负	2	1	2015	betrayed:2
3133		biology	baɪˈɔlədʒɪ	n.	生物（学	2	1	2018	biology:2
3134		Birmingham	'bә:miŋәm	n.	伯明翰（英国一座城市）	2	1	2013	birmingham:2
3135		blog		n.	博客；部落格；网络日志	2	1	2019	blogs:2
3136		boating	ˈbəʊtɪŋ	n.	划船（游玩），泛舟 body n. 身体	2	1	2018	boating:2
3137		bookcase	ˈbʊkkeɪs	n.	书橱	2	1	2016	bookcase:2
3138		bookshelf	ˈbʊkʃelf	n.	书架	2	1	2018	bookshelves:2
3139		bookstore	ˈbʊkstɔː(r)	n.	书店	2	1	2018	bookstore:2
3140		booming	'bu:miŋ	n.	发隆声的	2	1	2013	booming:2
3141		border	ˈbɔːdə(r)	n.	边缘；边境，国界	2	1	2010	border:2
3142		bounce	baʊns	v.	弹起，蹦，上下晃动	2	1	2018	bouncing:2
3143		boundary	ˈbaʊndərɪ	n.	边界，界限	2	1	2017	boundaries:2
3144		boycott	ˈbɔɪkɔt	v.	拒绝购买，抵制	2	1	2016	boycott:2
3145		break down			消除；分解；打破	2	0		break down:2
3146		break out			（战争、打斗等不愉快的事情）突然开始；爆发	2	0		break out:2
3147		bride	braɪd	n.	新娘	2	1	2010	brides:2
3148		brighten	'braitn	v.	使更明亮	2	1	2010	brighten:2
3149		brightness	'braitnis	n.	明亮；亮度；聪颖	2	1	2015	brightness:2
3150		brunch	ˈbrʌntʃ	n.	早午饭（晚早饭	2	1	2014	brunch:2
3151		build on			建立于	2	0		build on:2
3152		bunch	bʌntʃ	n.	串,束,扎,大量,大批	2	1	2019	bunch:2
3153		bus stop	bʌs stɔp	n.	公共汽车站	2	0		bus stop:2
3154		by accident			na. 偶然 (opp. on purpose)	2	0		by accident:2
3155		by comparison			（与……）相比较	2	0		by comparison:2
3156		by law			根据法律	2	0		by law:2
3157		cab	kæb	n.	（美）出租车	2	1	2016	cab:2
3158		call on			（短暂地）访问；要求（某人讲话等）； 正式邀请	2	0		call on:2
3159		camel	ˈkæm(ə)l	n.	骆驼	2	0		camel:1 camels:1
3160		candidate	ˈkændɪdət; (US) ˈkændɪdeɪt	n.	候选人，申请人	2	1	2021	candidates:2
3161		candle	ˈkænd(ə)l	n.	蜡烛	2	1	2012	candles:2
3162		candy	ˈkændɪ	n.	糖果	2	0		candy:2
3163		cap	kæp	n.	（无檐的或仅在前面有檐的）帽子；（瓶子的）盖；（钢笔等的）笔套	2	1	2011	cap:2
3164		carbon dioxide			二氧化碳	2	0		carbon dioxide:2
3165		careless	ˈkeəlɪs	adj.	粗心的，漫不经心的	2	1	2020	careless:2
3166		carpet	ˈkɑːpɪt	n.	地毯	2	1	2017	carpet:2
3167		carriage	ˈkærɪdʒ	n.	四轮马车;（火车）客车厢	2	1	2017	carriages:2
3168		Casey	'keisi		凯西（姓）	2	1	2010	casey:2
3169		catalogue	ˈkætəlɔg	n.	目录	2	1	2020	catalogues:2
3170		CD	ˌsiːˈdiː	n.	光盘 (compact disk的缩写	2	1	2016	cd:2
3171		centimeter	'sentimi:tә	n.	[计量] 厘米；[计量] 公分	2	1	2013	centimeters:2
3172		chain	tʃeɪn	n.	链； 链条；chain store(s	2	1	2019	chain:2
3173		chalk	tʃɔːk	n.	粉笔	2	1	2021	chalked:2
3174		changeable	ˈtʃeɪndʒəb(ə)l	adj.	易变的，变化无常的	2	1	2018	changeable:2
3175		check in		v.	〈美〉报到；(旅馆)登记	2	0		check-in:2
3176		chemist	ˈkemɪst	n.	药剂师；化学家	2	1	2021	chemist:2
3177		chew	tʃuː	vt.	咀嚼	2	1	2010	chewed:2
3178		chip	tʃip	n./vt./vi.	[电子] 芯片；筹码；碎片；(食物的) 小片; 薄片； 削，凿；削成碎片； 剥落；碎裂	2	1	2012	chip:2
3179		Christchurch	'kraist-tʃә:tʃ		克莱斯特彻奇（新西兰南岛东岸港口城市）	2	1	2018	christchurch:2
3180		cigarette	sɪɡəˈret	n.	纸烟，香烟	2	1	2019	cigarettes:2
3181		Claire	kleә	n.	克莱儿（女子名）	2	0		claire:2
3182		clarify	ˈklærɪfaɪ	v.	澄清，阐明	2	1	2018	clarified:2
3183		cloudy	ˈklaʊdɪ	adj.	多云的，阴天的	2	1	2019	cloudy:2
3184		clue	klu:	n./vt.	线索；（故事等的）情节； 为…提供线索；为…提供情况	2	1	2022	clues:2
3185		coincidence	kəʊɪnˈsɪdəns	n.	巧合，巧事	2	1	2018	coincidence:2
3186		cola	'kәulә	n.	可乐饮料	2	1	2022	cola:2
3187		collar	ˈkɔlə(r)	n.	衣领； 硬领	2	0		collar:2
3188		Columbus	kә'lʌmbәs	n.	哥伦布（美国一座城市）；哥伦布（意大利航海家）	2	1	2021	columbus:2
3189		comb	kəʊm	n. v.	梳子 v. 梳	2	1	2013	comb:2
3190		come along			na. 进步；同意；一道来；请过来	2	0		come along:2
3191		competence	ˈkɔmpətəns	n.	能力,胜任,管辖权	2	0		competence:2
3192		competitor	kəmˈpetɪtə(r)	n.	竞赛者，比赛者	2	1	2018	competitor:2
3193		component	kəmˈpəʊnənt	n.	组成部分，部件	2	1	2017	components:2
3194		compulsory	kəmˈpʌlsərɪ	adj.	强制的,必须做的	2	1	2018	compulsory:2
3195		concrete	ˈkɔŋkriːt	adj.	混凝土制的	2	1	2020	concrete:2
3196		conductor	kənˈdʌktə(r)	n.	管理人；指导者；（车上的）售票员，列车员；乐队指挥	2	1	2013	conductor:2
3197		confidential	kɔnfɪˈdenʃ(ə)l	adj.	机密的，保密的	2	1	2019	confidential:2
3198		Confucius	kәn'fju:ʃjәs	n.	孔子（中国哲学家，教育家）	2	1	2016	confucius:2
3199		congratulate	kənˈɡrætjʊleɪt	vt.	祝贺	2	1	2020	congratulate:2
3200		conquer	'kɒŋkә	vt./vi.	战胜，征服；攻克，攻取； 胜利；得胜	2	1	2011	conquer:2
3201		contradict	kɔntrəˈdɪkt	v.	反驳，驳斥，批驳	2	1	2022	contradicted:2
3202		contrast	kәn'træst	n./vt./vi.	对比；差别；对照物； 使对比；使与…对照； 对比；形成对照	2	1	2012	contrast:2
3203		controversial	kɔntrəˈvɜːʃ(ə)l	adj.	引起争论的,有争议的	2	1	2021	controversial:2
3204		cooperate	kәu'ɒpәreit	vi.	合作；协作；配合	2	1	2016	cooperate:2
3205		cope	kәup	v.	（妥善地）处理，对付，应付，克服	2	1	2020	cope:2
3206		cope with			应付，对付，克服	2	0		cope with:2
3207		corridor	'kɒridɒ:	n.	狭长地带；走廊；过道；通道	2	1	2018	corridors:2
3208		cotton	ˈkɔt(ə)n	n. adj.	棉花 a. 棉花的	2	1	2013	cotton:2
3209		cough	kɔf; (US) kɔːf	n. vi.	咳嗽	2	1	2013	cough:2
3210		craft	kræft	n.	手艺；工艺；技艺	2	1	2017	craft:2
3211		criminal	ˈkrɪmɪn(ə)l	n.	罪犯	2	1	2016	criminals:1 criminal:1
3212		criteria	krai'tiәriә	n.	标准，条件（criterion的复数）	2	1	2018	criteria:2
3213		criterion	kraɪˈtɪəriən	n.	标准，准则（复 criteria）	2	1	2018	criterion:2
3214		cut down			削减；删节	2	0		cut down:2
3215		CV		abbr.	简历（Curriculum Vitae）	2	1	2011	cv:2
3216		damp	dæmp	adj. n.	潮湿（的	2	1	2017	damp:2
3217		daylight	ˈdeɪlaɪt	n.	日光，白昼； 黎明	2	1	2020	daylight:2
3218		deed	diːd	n.	行为；事迹	2	1	2019	deeds:2
3219		deliberately	dɪˈlɪbərətlɪ	adv.	故意,蓄意,存心	2	1	2021	deliberately:2
3220		desperate	ˈdespərət	adj.	（因绝望而）不惜冒险的，不顾一切的，拼命的	2	0		desperate:2
3221		devote	dɪˈvəʊt	vt.	把…奉献, 把…专用（于	2	1	2008	devote:2
3222		devotion	dɪˈvəʊʃ(ə)n	n.	奉献，奉献精神	2	2	2012/2015	devotion:2
3223		diamond	ˈdaɪəmənd	n.	钻石，金刚石；纸牌中的方块	2	1	2012	diamond:2
3224		dictionary	ˈdɪkʃənərɪ; (US) ˈdɪkʃənerɪ	n.	词典，字典	2	1	2008	dictionary:2
3225		die out			na. 死绝	2	0		die out:2
3226		dining-room	ˈdainiŋ-rʊm		食堂，饭厅【连字符】	2	0		dining room:2
3227		dioxide	daɪˈɔksaɪd	n.	二氧化物	2	2	2018/2022	dioxide:2
3228		diploma	dɪˈpləʊmə	n.	毕业文凭；学位证书	2	1	2013	diplomas:2
3229		dirt	dɜːt	n.	污物；脏物	2	1	2017	dirt:2
3230		Disneyland	'diznilænd	n.	迪斯尼乐园；幻想世界	2	1	2018	disneyland:2
3231		display	dis'plei	n./vt.	展览；陈列；展览品； 显示；陈列	2	1	2020	displayed:2
3232		distinguish	dɪˈstɪŋɡwɪʃ	v.	区分，辨别，分清	2	0		distinguishes:1 distinguish:1
3233		distract	dis'trækt	vt.	分散（注意力）；使分心	2	1	2021	distracted:2
3234		distribute	dɪˈstrɪbjuːt	v.	分发，分配	2	1	2017	distribute:2
3235		distribution	.distrә'bju:ʃәn	n.	分布；分配	2	1	2018	distribution:2
3236		dive into			迅速把手伸入；一心投入	2	0		dive into:2
3237		dived		v.	（使）潜水；俯冲；（使）跳水；急剧下降；钻研（dive的过去式和过去分词）	2	1	2018	dived:2
3238		doll	dɔl; (US) dɔːl	n.	玩偶，玩具娃娃	2	1	2019	dolls:2
3239		drawback	ˈdrɔːbæk	n.	缺点，不利条件	2	1	2016	drawback:2
3240		drill	drɪl	n. vt.	钻头；（反复的）训练 vt. 钻(孔)， 在…上钻孔；重复训练	2	1	2022	drilling:2
3241		drop in			顺便走访	2	0		drop in:2
3242		drunken	'drʌŋkәn	adj.	醉的，喝醉的	2	1	2011	drunken:2
3243		duck	dʌk	n.	鸭子	2	1	2018	ducks:1 ducking:1
3244		dusty	ˈdʌstɪ	adj.	尘土般的，尘土多的	2	1	2015	dusty:2
3245		dynamic	daɪˈnæmɪk	adj.	充满活力,精力充沛的	2	1	2022	dynamic:2
3246		dynasty	ˈdɪnəstɪ; (US) ˈdaɪnəstɪ	n.	王朝，朝代	2	2	2019/2021	dynasty:2
3247		Easter	ˈiːstə(r)	n.	复活节	2	1	2018	easter:2
3248		economics	.i:kә'nɒmiks	n.	经济学	2	1	2010	economics:2
3249		educate	ˈedjʊkeɪt	vt.	教育，培养	2	2	2017/2021	educate:2
3250		educator	ˈedjuːkeitə(r)	n.	教育家	2	1	2012	educators:2
3251		eel	i:l	n.	鳗；鳝	2	1	2016	eels:2
3252		effectively	i'fektivli	adv.	有效地	2	0		effectively:2
3253		Egyptian	ɪˈdʒɪpʃ(ə)n	adj. n.	埃及的；埃及人的；埃及语的 n. 埃及人	2	1	2012	egyptians:2
3254		electrical	ɪˈlektrɪk(ə)l	adj.	电的；电器的	2	1	2022	electrical:2
3255		element	'elimәnt	n.	元素；要素；原理；成分；自然环境	2	1	2018	elements:2
3256		emperor	ˈempərə(r)	n.	皇帝	2	1	2020	emperor:2
3257		employer	im'plɒiә	n.	雇主，老板	2	1	2016	employers:2
3258		encyclopedia	in.saiklәu'pi:diә	n.	百科全书	2	1	2008	encyclopedia:2
3259		endless	ˈendlɪs	adj.	无止境的； 没完的	2	1	2021	endless:2
3260		enrich	in'ritʃ	v.	充实；改善；使富裕	2	1	2020	enrich:2
3261		enthusiastic	ɪnθjuːzɪˈæstɪk	adj.	热情的，热心的	2	1	2020	enthusiastic:2
3262		environmentalist	in,vaiәrәn'mentlist	n.	环境保护论者	2	1	2020	environmentalist:2
3263		envy	ˈenvɪ	vt. n.	忌妒； 羡慕	2	2	2012/2016	envy:2
3264		establish	i'stæbliʃ	vi./vt.	植物定植； 建立；创办；安置	2	1	2010	established:2
3265		every so often			偶尔，时常	2	0		every so often:2
3266		evident	ˈevɪdənt	adj.	清楚的，显而易见的	2	1	2019	evident:2
3267		exceptional	ik'sepʃәnәl	adj.	特别的；罕见的	2	1	2020	exceptional:2
3268		exit	ˈeksɪt	n.	出口，太平门	2	1	2015	exiting:2
3269		explode	ɪkˈspləʊd	v.	（使）爆炸	2	1	2016	explode:2
3270		extent	ik'stent	n.	程度；范围；长度	2	0		extent:2
3271		faint	feint	n./adj./vi.	[中医] 昏厥，昏倒； 模糊的；头晕的；虚弱的；[医] 衰弱的； 昏倒；变得微弱；变得没气力	2	1	2020	faint:2
3272		fall apart			na. 土崩瓦解	2	0		fall apart:2
3273		false	fɔːls	adj.	不正确的；假的	2	1	2014	false:2
3274		favourite	ˈfeivərit	adj. n.	(美 favorite) a. 喜爱的 n. 特别喜爱的人（或物	2	1	2019	favourite:2
3275		feast	fiːst	n.	盛宴，宴会，（宗教的）节日	2	1	2020	feast:2
3276		file	faɪl	n.	公文柜；档案(计算机)文档	2	1	2011	files:2
3277		fine art		n.	【艺】艺术(尤指绘画及雕塑)	2	0		fine art:2
3278		fine art (also fine arts)			美术（尤指绘画和雕塑）	2	0		fine art:2
3279		firewood	ˈfairwud	n.	木柴	2	1	2020	firewood:2
3280		first hand			un. 第一手的	2	0		first hand:2
3281		fisherman	ˈfɪʃəmən	n.	渔民；钓鱼健身者	2	1	2016	fisherman:2
3282		flu	fluː	n.	流行性感冒	2	1	2019	flu:2
3283		fluently		adv.	流利地；流畅地	2	1	2015	fluently:2
3284		fond	fɔnd	adj.	喜爱的，爱好的	2	1	2019	fond:2
3285		footprint	'futprint	n.	足迹；（某物所占的）空间量；面积	2	1	2021	footprint:2
3286		forgiven		vt.	原谅（forgive的过去分词）	2	1	2020	forgiven:2
3287		fork	fɔːk	n.	叉，餐叉	2	1	2022	forks:2
3288		Foster	'fɒstә		福斯特（姓或男名）	2	1	2017	foster:2
3289		frightening	'fraitәniŋ	adj.	令人恐惧的	2	1	2019	frightening:2
3290		frontier	ˈfrʌntɪə(r); (US) frʌnˈtɪər	n.	前沿 ，边界；前线	2	1	2019	frontier:2
3291		geography	dʒɪˈɔɡrəfɪ	n.	地理学	2	1	2018	geography:2
3292		get through			na. 花光；了结；(使)通过(议案)；及格	2	0		get through:2
3293		get-together	ˌɡet təˈɡeðə(r)	n.	聚会	2	0		get together:2
3294		Ghana	'gɑ:nә	n.	加纳（非洲西部国家）	2	1	2013	ghana:2
3295		god	ɡɔd	n.	神，（大写）上帝	2	1	2008	god:2
3296		golf	ɡɔlf	n.	高尔夫球；good (better ,best	2	1	2014	golfing:2
3297		govern	ˈɡʌv(ə)n	v.	统治；管理	2	1	2008	governs:1 govern:1
3298		governor	'gʌvәnә	n.	州长；总督	2	1	2014	governor:2
3299		grace	greis	n./vt.	优雅；恩惠；魅力；慈悲； 使优美	2	1	2009	grace:2
3300		grain	ɡreɪn	n.	谷物，谷类	2	1	2014	grain:2
3301		grand	ɡrænd	adj.	宏伟的	2	1	2016	grand:2
3302		granny	ˈɡrænɪ	n.	老奶奶；祖母；外婆	2	1	2012	granny:2
3303		graphic	'græfik	adj.	形象的；图表的；绘画似的	2	1	2020	graphics:2
3304		gratitude	'grætitju:d	n.	感谢（的心情）；感激	2	1	2021	gratitude:2
3305		grill	ɡrɪl	n.	（烧食物的）烤架	2	1	2018	grilling:2
3306		guard	ɡɑːd	n.	防护装置，警戒	2	1	2010	guard:2
3307		gun	ɡʌn	n.	枪，炮	2	1	2019	gun:2
3308		guy	gai	n./vt./vi.	男人，家伙； 嘲弄，取笑； 逃跑	2	0		guy:2
3309		haircut	ˈheəkʌt	n.	（男子）理发	2	1	2013	haircut:2
3310		Halloween	.hælәu'i:n	n.	万圣节前夕（指十月三十一日夜晚）	2	1	2017	halloween:2
3311		handbag	ˈhændbæɡ	n.	女用皮包，手提包	2	1	2020	handbag:2
3312		handful	ˈhændfʊl	n.	(一)把；少数，少量	2	1	2020	handful:2
3313		harbour	ˈhɑːbə(r)	n.	港口【英】	2	1	2018	harbour:2
3314		harbour (especially US harbor)		n.	（海）港；港口	2	0		harbour:2
3315		hardship	ˈhɑːdʃɪp	n.	困难	2	1	2022	hardships:2
3316		harmony	ˈhɑːmənɪ	n.	融洽，和睦	2	1	2018	harmony:2
3317		hay	heɪ	n.	作饲料用的干草	2	1	2022	hayes:2
3318		head start		n.	起步前的优势	2	0		head start:2
3319		headache	ˈhedeɪk	n.	头疼	2	1	2015	headache:2
3320		heartily	'hɑ:tili	adv.	尽情地；热心地；痛快地	2	1	2017	heartily:2
3321		heaven	ˈhev(ə)n	n.	天，天空	2	1	2012	heaven:2
3322		heavily	ˈhevɪlɪ	adv.	重地，大量地	2	1	2017	heavily:2
3323		hillside	ˈhɪlsaɪd	n.	（小山）山腰，山坡	2	1	2020	hillside:2
3324		holy	ˈhəʊlɪ	adj.	神圣的	2	1	2020	holy:2
3325		hometown	ˈhəʊmtaʊn	n.	故乡	2	2	2008/2020	hometown:2
3326		hook	hʊk	n. v.	钩子；衔接，连接	2	1	2019	hook:2
3327		hostess	ˈhəʊstɪs	n.	女主人	2	1	2020	hostess:2
3328		housewife	ˈhaʊswaɪf	n.	家庭主妇	2	1	2013	housewife:2
3329		hurricane	ˈhʌrɪkən	n.	飓风，十二级风	2	1	2016	hurricane:2
3330		illustrate	'ilәstreit	vi./vt.	举例； 阐明，举例说明；图解	2	1	2021	illustrate:2
3331		imitate	'imiteit	v.	模仿	2	0		imitate:1 imitated:1
3332		immigration	ɪmɪˈgreɪʃn	n.	移民	2	0		immigration:2
3333		in charge of			主管；掌管	2	0		in charge of:2
3334		in hand			na. 现有；(工作)正在进行；控制住	2	0		in hand:2
3335		in many ways			在很多方面	2	0		in many ways:2
3336		in peace			和平地；和睦地；安祥地	2	0		in peace:2
3337		in reality			实际上，现实	2	0		in reality:2
3338		in response to			回答；答复	2	0		in response to:2
3339		in search of			寻找	2	0		in search of:2
3340		in tears			na. 流着泪	2	0		in tears:2
3341		in the open air			na. 在户外[野外]	2	0		in the open air:2
3342		incident	ˈɪnsɪd(ə)nt	n.	事件	2	1	2021	incident:2
3343		independently	.indi'pendәntli	adv.	独立地；自立地	2	1	2016	independently:2
3344		Indian	ˈɪndɪən	adj. n.	（美洲）印地安人的； 印度人的 n. 印地安人；印度人	2	1	2015	indians:2
3345		infect	in'fekt	vt.	使感染；传染	2	1	2016	infect:2
3346		initiative	i'niʃiәtiv	n.	倡议；新方案	2	1	2022	initiative:2
3347		insert	ɪnˈsɜːt	vt.	插入	2	1	2022	inserting:2
3348		insignificant	.insig'nifikәnt	adj.	无关紧要的	2	1	2021	insignificant:2
3349		insist on			坚决要求	2	0		insist on:2
3350		instant	ˈɪnst(ə)nt	adj.	瞬间；刹那	2	2	2014/2015	instant:2
3351		instruct	ɪnˈstrʌkt	vt.	通知；指示；教	2	1	2022	instruct:2
3352		integrate	'intigreit	vi./vt.	（使）合并； 成为一体	2	1	2015	integrate:2
3353		internal	in'tә:nәl	adj.	内部的；里面的	2	1	2008	internal:2
3354		interpret	in'tә:prit	vt./vi.	把……理解（解释）为； &； 口译	2	1	2022	interpreted:2
3355		inventor	ɪnˈventə(r)	n.	发明者，创造者	2	1	2017	inventors:2
3356		investment	in'vestmәnt	n.	投资额；投资；（时间、精力的）投入	2	2	2010/2016	investment:2
3357		jewel	ˈdʒuːəl	n.	宝石	2	1	2018	jewels:2
3358		join in			参加；加入	2	0		join in:2
3359		joint	dʒɒint	n./adj./vt./vi.	关节；接缝；接合处，接合点；（牛，羊等的腿）大块肉； 共同的；连接的；联合的，合办的； 连接，贴合；接合；使有接头； 贴合；生节	2	1	2020	joint:2
3360		Jordan	'dʒɒ:dәn	n.	约旦（西亚国家）	2	1	2017	jordan:2
3361		journalist	ˈdʒɜːnəlɪzt	n.	记者，新闻工作者	2	1	2018	journalist:2
3362		joyful	'dʒɒiful	adj.	欢喜的；令人高兴的	2	1	2016	joyful:2
3363		junk	dʒʌŋk	n.	（口语）废品，破烂货	2	1	2018	junk:2
3364		junk food	dʒʌŋk fuːd	n.	没有营养的垃圾食品	2	0		junk food:2
3365		junk food (also junk)			垃圾食品	2	0		junk food:2
3366		keep in touch			保持联系；保持联络；再联系	2	0		keep in touch:2
3367		keep in touch (with ...)			（与……）保持联系； 了解（某课题或领域的情况）	2	0		keep in touch:2
3368		keep it up			保持优秀成绩；继续干下去	2	0		keep it up:2
3369		Kenya	'kenjә	n.	肯尼亚（非洲国家）	2	1	2014	kenya:2
3370		kilo	ˈkiːləʊ	n.	千克；千米	2	1	2022	kilos:2
3371		kilometre	ˈkiləʊmi:tə(r)	n.	e；千米（公里）	2	1	2022	kilometres:2
3372		knit	nit	vi./vt./n.	编织；结合；皱眉； 编织；结合； 编织衣物；编织法	2	1	2018	knit:2
3373		Latin	'lætin	n./adj.	拉丁文，拉丁语；拉丁文的，拉丁语的	2	1	2012	latin:2
3374		layer	'leiә	n.	层；表层；层次	2	1	2019	layer:2
3375		lazy	ˈleɪzɪ	adj.	懒惰的；lead (led, led	2	1	2011	lazy:2
3376		leadership	'li:dәʃip	n.	领导；领导地位；领导才能	2	1	2022	leadership:2
3377		leant	lent		lean的过去式及过去分词	2	1	2018	leant:2
3378		legal	ˈliːɡ(ə)l	adj.	与法律有关的，法律的	2	0		legal:2
3379		Lester	'lestә	n.	莱斯特（姓错；男名）	2	1	2018	lester:2
3380		let out			发出	2	0		let out:2
3381		liberation	lɪbəˈreɪʃ(ə)n	n.	解放	2	1	2014	liberation:2
3382		lid	lɪd	n.	盖子；lie (lay, lain	2	1	2022	lid:2
3383		limitation	.limi'teiʃәn	n.	限制，局限性	2	1	2022	limitations:2
3384		literary	ˈlɪtərərɪ; (US) ˈlɪtərerɪ	adj.	文学的；litre (美liter	2	1	2010	literary:2
3385		live on			靠 (某数额的钱) 过活	2	0		live on:2
3386		loaf	ləʊf	n.	一个面包	2	1	2014	loaf:2
3387		locust	ˈləʊkəst	n.	蝗虫	2	1	2017	locust:2
3388		look down upon			蔑视；瞧不起	2	0		look down upon:2
3389		loose	luːs	adj.	松散的； 宽松的	2	1	2015	loose:2
3390		lounge	laʊndʒ	n.	休息厅；休息室	2	1	2010	lounge:2
3391		madam	'mædәm	n.	夫人；女士	2	1	2013	madam:2
3392		make progress			na. 前进；进展	2	0		make progress:2
3393		makeup	'meikʌp	n.	化妆品	2	1	2021	makeup:2
3394		manufacture	.mænju'fæktʃә	v.	(用机器)大量生产；成批制造	2	1	2022	manufacturing:2
3395		maple	ˈmeɪp(ə)l	n.	枫树	2	1	2017	maple:2
3396		Marie Curie			居里夫人；居礼夫人；玛丽·居里	2	0		marie curie:2
3397		marine	mә'ri:n	adj./n.	船舶的；海生的；海产的；航海的，海运的； 海运业；舰队；水兵；（海军）士兵或军官	2	1	2010	marine:2
3398		mathematical	.mæθә'mætikl	adj.	数学的	2	1	2020	mathematical:2
3399		mathematician	.mæθәmә'tiʃәn	n.	数学家	2	0		mathematician:2
3400		merry	ˈmerɪ	adj.	高兴的，愉快的	2	1	2022	merrier:2
3401		messy	ˈmesɪ	adj.	乱七八糟的	2	1	2020	messier:2
3402		Michelangelo	.mi:kel'ɑ:ndʒelɒ:		米开朗琪罗（意大利雕塑家、画家、建筑师、诗人）	2	1	2013	michelangelo:2
3403		mild	maɪld	adj.	温和,暖和的,凉爽的	2	1	2018	mild:2
3404		misleading	mis'li:diŋ	adj.	易误解的，令人误解的	2	1	2012	misleading:2
3405		misread	mis'ri:d	v.	误解；读错	2	1	2014	misreading:2
3406		mistaken	mɪsˈteɪkən	adj.	错误的；misunderstand (-stood, -stood	2	1	2018	mistaken:2
3407		misunderstand	mɪsʌndəˈstænd	v.	误会；不理解	2	1	2011	misunderstand:2
3408		modest	ˈmɔdɪst	adj.	谦虚的；谦逊的	2	1	2017	modest:2
3409		moral	ˈmɔr(ə)l; (US) ˈmɔːrəl	adj. n.	道德的 n.寓意,道德启示；more（much或many 的比较级	2	0		moral:1 morals:1
3410		Moscow	ˈmɔskəʊ	n.	莫斯科	2	1	2017	moscow:2
3411		motivated	'mәutiveitid	adj.	积极的；主动的	2	1	2019	motivated:2
3412		motor	ˈməʊtə(r)	n.	发动机，马达	2	1	2014	motors:2
3413		mount	maunt	vt./vi./n./v.	增加；爬上；使骑上马；安装，架置；镶嵌，嵌入；准备上演；成立（军队等）； 爬；增加；上升； 山峰；底座；乘骑用马；攀，登；运载工具；底座； 登上；骑上	2	1	2020	mount:2
3414		multiply	ˈmʌltɪplaɪ	vt.	乘；使相乘	2	1	2020	multiplied:2
3415		Muslim	'mjzlim; (?@) 'mʌzlem	n./adj.	穆斯林（的）；伊斯兰教信徒（的）	2	1	2012	muslims:2
3416		navigation	.nævi'geiʃәn	n.	导航；航行	2	1	2017	navigation:2
3417		neck	nek	n.	颈，脖子	2	1	2016	neck:2
3418		nerve	nә:v	n.	神经	2	1	2021	nerve:2
3419		never mind			不必担心	2	0		never mind:2
3420		no matter what			na. 不管怎什么	2	0		no matter what:2
3421		no wonder			难怪；不足为奇	2	0		no wonder:2
3422		Nobel Peace Prize			诺贝尔和平奖	2	0		nobel peace prize:2
3423		Nobel Prize			诺贝尔奖	2	0		nobel prize:2
3424		nonsense	'nɒnsәns	n.	胡说；无稽之谈；废话	2	1	2010	nonsense:2
3425		noodle	ˈnuːd(ə)l	n.	面条	2	0		noodle:2
3426		northwestern	.nɒ:θ'westәn	adj.	西北方的；来自西北的	2	1	2010	northwestern:2
3427		Norway	'nɒ:wei		挪威（北欧国家）	2	1	2019	norway:2
3428		novelist	ˈnɔvəlɪst	n.	小说家	2	1	2020	novelist:2
3429		now and then			偶尔；时而；不时	2	0		now and then:2
3430		nutritional	nju: 'triʃәnәl	adj.	营养（物）的	2	1	2018	nutritional:2
3431		nutritious	nju:'triʃәs	adj.	有营养的；营养丰富的	2	1	2018	nutritious:2
3432		obesity	әu'bi:siti	n.	过度肥胖	2	1	2022	obesity:2
3433		occupation	ɔkjʊˈpeɪʃ(ə)n	n.	职业，工作	2	1	2010	occupations:2
3434		occupy	'ɒkjupai	v.	占, 占用, 占领, 占据	2	1	2022	occupied:2
3435		on duty			na. 在工作时间内；上班；值班	2	0		on duty:2
3436		one after another			陆续地；一个接一个地	2	0		one after another:2
3437		opener	ˈəʊpənə(r)	n.	开具，启子	2	1	2016	opener:2
3438		oppose	əˈpəʊz	vt.	反对；反抗	2	1	2020	oppose:2
3439		organic	ɒ:'gænik	adj.	有机的；不使用化肥的； 有机物的	2	1	2017	organic:2
3440		organise	ˈɔːrɡənaɪz	vt.	组织【英】	2	1	2022	organised:2
3441		originate	ә'ridʒineit	vi./vt.	起源；发源；创立	2	1	2015	originated:2
3442		ought	ɔːt	v. aux.	应该，应当	2	1	2008	ought:2
3443		ought to		v.	modalv. 应该；应当；（表示期望或可能发生的事）应该；（表示劝告或建议）应该； 应该	2	0		ought to:2
3444		overcoat	ˈəʊvəkəʊt	n.	大衣	2	1	2012	overcoat:2
3445		overhead	əʊvəˈhed	adj.	在头顶上;架空的	2	1	2022	overhead:2
3446		owe	əʊ	vt.	欠（债等	2	1	2017	owed:2
3447		pants	pænts	n.	裤子	2	1	2009	pants:2
3448		paperwork	ˈpeɪpəwɜːk	n.	日常文书工作	2	1	2014	paperwork:2
3449		Papua	'pæpjuә		巴布亚新几内亚	2	1	2018	papua:2
3450		Papua New Guinea			巴布亚岛(新几内亚岛)	2	0		papua new guinea:2
3451		parallel	ˈpærəlel	n.	极其相似的人,纬线	2	1	2022	parallel:2
3452		pasta	'pæstә	n.	意大利面食（包括通心粉及面条等）	2	1	2016	pasta:2
3453		peach	piːtʃ	n.	桃子	2	1	2018	peaches:2
3454		pen	pen	n.	钢笔，笔	2	1	2011	pen:2
3455		performer	pəˈfɔːmə(r)	n.	表演者，执行者	2	1	2013	performers:2
3456		perseverance	pә:si'viәrәns	n.	毅力；韧性；不屈不挠的精神	2	1	2021	perseverance:2
3457		petrol	ˈpetr(ə)l	n.	石油；phenomenon (pl. phenomena	2	1	2022	petrol:2
3458		photograph	ˈfəʊtəɡrɑːf; (US) -ɡræf	n.	照片	2	1	2014	photographs:2
3459		physicist	ˈfɪzɪsɪst	n.	物理学家	2	0		physicist:2
3460		physics	ˈfɪzɪks	n.	物理（学	2	1	2013	physics:2
3461		pick out			辨别出；挑出	2	0		pick out:2
3462		pine	paɪn	n.	松树	2	1	2017	pine:2
3463		plot	plɔt	v. n.	/ n. 故事情节，密谋	2	1	2009	plot:2
3464		poison	ˈpɔɪz(ə)n	n.	毒药	2	1	2017	poisoning:2
3465		policeman	pəˈliːsmən	n.	警察,巡警policewoman ( -women) n.女警察	2	1	2014	policeman:2
3466		political	pəˈlɪtɪk(ə)l	adj.	政治的	2	1	2014	political:2
3467		politician	pɔlɪˈtɪʃ(ə)n	n.	政治家	2	1	2019	politicians:2
3468		pond	pɔnd	n.	池塘	2	1	2018	pond:1 ponds:1
3469		pool	puːl	n.	水塘，水池	2	1	2015	pools:2
3470		popcorn	ˈpɔpkɔːn	n.	爆米花	2	1	2017	popcorns:2
3471		portable	ˈpɔːtəb(ə)l	adj.	手提的，便携式的	2	1	2017	portable:2
3472		possession	pəˈzeʃ(ə)n	n.	所有，拥有；财产，所有物	2	1	2020	possession:2
3473		postpone	pəʊstˈpəʊn	vt.	推迟，延期	2	1	2016	postpone:2
3474		potato	pəˈteɪtəʊ	n.	土豆，马铃薯	2	2	2009/2011	potatoes:2
3475		practise	'præktis	v.	练习, 实践	2	1	2022	practise:2
3476		prayer	preə(r)	n.	祈祷	2	1	2015	prayer:2
3477		press conference		n.	新闻发布会；记者招待会	2	0		press conference:2
3478		prime	praim	adj.	首要的；主要的；基本的	2	1	2019	prime:2
3479		prison	ˈprɪz(ə)n	n.	监狱	2	1	2016	prison:2
3480		procedure	prəˈsiːdʒə(r)	n.	程序,手续,待遇	2	1	2008	procedures:2
3481		profession	prəˈfeʃ(ə)n	n.	（需要有高等教育学位的）职业（如医生或律师	2	1	2018	professions:2
3482		pronunciation	prənʌnsɪˈeɪʃ(ə)n	n.	发音	2	1	2019	pronunciation:2
3483		proportion	prә'pɒ:ʃәn	n.	比例，比率；均衡	2	1	2018	proportion:2
3484		punctual	ˈpʌŋktjʊəl	adj.	准时的	2	1	2011	punctual:2
3485		pursue	pә'sju:	vi./vt.	追赶；继续进行； 继续；从事；追赶；纠缠	2	0		pursue:2
3486		pursuit	pә'sju:t	n.	寻求，追求	2	1	2008	pursuit:2
3487		qualification	kwɔlɪfɪˈkeɪʃ(ə)n	n.	资格，学历	2	1	2018	qualification:2
3488		qualified	'kwɒlifaid	adj.	符合资格；具备……的知识（或技能、学历等）	2	1	2020	qualified:2
3489		quantities of			大量的	2	0		quantities of:2
3490		quilt	kwɪlt	n.	被子；被状物	2	1	2022	quilt:2
3491		Raphael	'reifl, 'ræfeil		拉斐尔（意大利画家）	2	1	2013	raphael:2
3492		rapid	ˈræpɪd	adj.	快的，迅速的	2	1	2010	rapid:2
3493		realise	ˈrɪəlaɪz	vt.	认识到,实现【英】	2	1	2019	realise:2
3494		realistic	riә'listik	adj.	现实的；逼真的	2	1	2019	realistic:2
3495		receptionist	rɪˈsepʃənɪst	n.	接待员	2	1	2020	receptionists:2
3496		recognise	ˈrekəɡnaɪz	vt.	认出【英】	2	1	2017	recognised:2
3497		recreation	rekrɪˈeɪʃ(ə)n	n.	娱乐，消遣	2	1	2018	recreation:2
3498		reform	rɪˈfɔːm	v. n.	/ n. 改革，改进，改良	2	1	2019	reform:2
3499		regulation	reɡjʊˈleɪʃ(ə)n	n.	规则，规章	2	1	2020	regulation:1 regulations:1
3500		reinforce	.ri:in'fɒ:s	v.	增强，补充	2	1	2009	reinforce:1 reinforced:1
3501		relate to			na. 有关联；与…有关；理解	2	0		relate to:2
3502		relevant	ˈreləvənt	adj.	紧密相关,有意义的	2	1	2016	relevant:2
3503		reliable	rɪˈlaɪəb(ə)l	adj.	可信赖的，可依靠的	2	1	2022	reliable:2
3504		remark	rɪˈmɑːk	n.	陈述；话；议论	2	1	2021	remark:2
3505		repetition	.repi'tiʃәn	n.	重复；背诵；副本	2	1	2011	repetition:2
3506		representative	reprɪˈzentətɪv	n.	代表,典型人物	2	1	2020	representative:2
3507		resolve	ri'zɒlv	vi./vt./n.	决定；决心；解决（问题或困难）； 决心；坚定的信念	2	1	2022	resolving:2
3508		respectively	ri'spektivli	adv.	分别；各自；依次为	2	1	2018	respectively:2
3509		reunite	.ri:ju:'nait	v.	再统一；再联合；重聚	2	1	2013	reunite:2
3510		rewarding	ri'wɒ:diŋ	adj.	值得做的；有益的	2	0		rewarding:2
3511		ripen	ˈraɪpən	v.	成熟；rise (rose, risen	2	1	2018	ripening:2
3512		robbery	'rɒbәri	n.	抢劫；盗窃	2	1	2019	robbery:2
3513		Rome	rәum		罗马（意大利首都）；（史）罗马城；罗马帝国	2	1	2021	rome:2
3514		salad	ˈsæləd	n.	色拉（西餐中的一种菜	2	1	2019	salad:2
3515		Sam	sæm	n.	萨姆（男名）	2	1	2018	sam:2
3516		satellite	ˈsætəlaɪt	n.	卫星	2	1	2020	satellite:2
3517		scent	sent	n./vt./vi.	气味；嗅觉；痕迹；察觉能力； 闻到；发觉；使充满…的气味；循着遗臭追踪； 发出…的气味；有…的迹象；嗅着气味追赶	2	1	2020	scent:2
3518		school-leaver	ˌskuːlˈliːvə(r)	n.	（英）学校毕业生	2	0		school leaver:2
3519		science fiction		n.	科幻小说；科幻电影	2	0		science fiction:2
3520		scores	skɔː(r) z	n.	许多，很多	2	0		scores:2
3521		Scotland	ˈskɔtlənd	n.	* n. 苏格兰	2	1	2022	scotland:2
3522		seasonal	'si:znәl	adj.	季节的；季节性的	2	1	2017	seasonal:2
3523		seize	siːz	vt.	抓住(时机等	2	1	2013	seized:2
3524		Seoul	sәul	n.	汉城，首尔（韩国首都）	2	1	2008	seoul:2
3525		separation	sepəˈreɪʃ(ə)n	n.	分离，隔离	2	1	2017	separation:2
3526		settle down			定居；平静下来；专心于	2	0		settle down:2
3527		settle in			（迁入新居、更换工作后）安顿下来	2	0		settle in:2
3528		settler	ˈsetlə(r)	n.	移居者，开拓者	2	1	2018	settlers:2
3529		sex	seks	n.	性，性别	2	1	2010	sexes:2
3530		shadow	ˈʃædəʊ	n.	影子, 阴影；shake (shook, shak en	2	1	2013	shadows:2
3531		shame	ʃeɪm	n.	遗憾的事；羞愧	2	1	2013	shame:2
3532		shellfish	'ʃelfiʃ	n.	水生有壳动物	2	1	2020	shellfish:2
3533		shoot	ʃuːt	vt. n.	(shot, shot) vt. 射击，射中，发射 n. 嫩枝；苗；芽	2	1	2010	shoot:2
3534		shooting	ˈʃuːtɪŋ	n.	射击	2	1	2016	shooting:2
3535		shopkeeper	ˈʃɔpkiːpə(r)	n.	店主，零售商人	2	1	2020	shopkeepers:2
3536		shortcoming	ˈʃɔːtkʌmɪŋ	n.	缺点，短处	2	1	2020	shortcomings:2
3537		shortly	ˈʃɔːtlɪ	adv.	不久	2	1	2020	shortly:2
3538		shorts	ʃɔːts	n.	短裤；运动短裤	2	1	2011	shorts:2
3539		shrink	ʃrɪŋk	v.	缩小，收缩，减少	2	1	2017	shrink:2
3540		shuttle	ˈʃʌt(ə)l	n.	合拢 （往返与两个定点之间的）（火车汽车飞机）班车/机	2	1	2022	shuttling:2
3541		Sicily			西西里岛（意大利南部）	2	1	2020	sicily:2
3542		sightseeing	ˈsaɪtsiːɪŋ	n.	游览，观光	2	1	2022	sightseeing:2
3543		silk	sɪlk	n.	（蚕）丝，丝织品	2	2	2012/2022	silk:2
3544		Sir Ernest Shackleton			欧内斯特.沙克尔顿爵士	2	0		sir ernest shackleton:2
3545		sixth	sɪksθ	num.	第六	2	1	2014	sixth:2
3546		skate	sɪksˈtiːnθ	vi.	溜冰，滑冰	2	1	2014	skate:2
3547		slave	sleɪv	n.	奴隶	2	1	2008	slaves:1 slave:1
3548		sleeve	sliːv	n.	袖子，袖套	2	1	2012	sleeve:1 sleeves:1
3549		slight	slaɪt	adj.	轻微的，细小的	2	1	2020	slight:2
3550		smelly	ˈsmelɪ	adj.	有臭味的,发出臭味的	2	1	2017	smelly:2
3551		snowstorm	'snәustɒ:m	n.	暴风雪	2	1	2022	snowstorms:2
3552		sob	səʊp	n. v.	抽泣，啜泣	2	1	2016	sob:2
3553		Sophie	'sәufi		索菲（女名）	2	1	2013	sophie:2
3554		souvenir	.su:vә'niә	n.	纪念品, 纪念物	2	1	2017	souvenir:2
3555		spacecraft	'speiskræft	n.	[航] 宇宙飞船，航天器	2	1	2020	spacecraft:2
3556		specialize	'speʃәlaiz	v.	专攻；专门从事；专注于	2	1	2014	specializes:2
3557		spelling	ˈspelɪŋ	n.	拼写，拼读；spend (spent, spent	2	1	2019	spelling:2
3558		spice	spais	n./vt.	香料；情趣；调味品；少许； 加香料于…；使…增添趣味	2	1	2016	spices:2
3559		split	splɪt	v.	撕开;切开	2	1	2020	split:2
3560		spray	spreɪ	n. v.	/ v. 水雾,喷雾(器)喷洒	2	1	2020	sprayed:2
3561		stair	steə(r)	n.	楼梯	2	1	2022	stairs:2
3562		starvation	stɑːˈveɪʃ(ə)n	n.	饥饿； 饿死	2	1	2016	starvation:2
3563		statistic	stә'tistik	n./pl.	［； -s］ 统计数字；统计资料；统计学	2	1	2021	statistic:2
3564		steep	stiːp	adj.	险峻的； 陡峭的	2	1	2018	steep:2
3565		stimulate	'stimjuleit	vt.	激发；促进；刺激	2	0		stimulating:2
3566		stressful		adj.	产生压力的；紧张的	2	1	2010	stressful:2
3567		stretch	stretʃ	vi./vt.	延伸；延续； &； 伸展；舒展	2	1	2015	stretch:2
3568		submit	səbˈmɪt	v.	提交，呈递（文件，建议等	2	1	2020	submitted:2
3569		suck	sʌk	vt.	吸吮	2	1	2017	suck:2
3570		suffer from			遭受；患病	2	0		suffer from:2
3571		sugary	'ʃugәri	adj.	含糖的；甜的	2	1	2022	sugary:2
3572		suitable for		adj.	适合于N	2	0		suitable for:2
3573		sunset	ˈsʌnset	n.	日落(时分	2	1	2015	sunsets:2
3574		superman	ˈsuːpəman	n.	超人	2	1	2013	superman:2
3575		supreme	suːˈpriːm	adj.	至高无上的,最高的	2	1	2016	supreme:2
3576		surrounding	səˈraʊndɪŋ	adj.	周围的	2	1	2008	surrounding:2
3577		suspect	səˈspekt	n.	犯罪嫌疑人	2	1	2016	suspects:1 suspected:1
3578		swear	sweə(r)	v.	发誓；咒骂	2	1	2020	swear:2
3579		Sweden	'swi:dn		瑞典（国家名）	2	1	2010	sweden:2
3580		sympathetic	.simpә'θetik	adj.	同情的；有同情心的；赞同的	2	1	2022	sympathetic:2
3581		systematic	sɪstəˈmætɪk	adj.	系统的,有条理的	2	1	2019	systematic:2
3582		table manners	ˈteɪb(ə)l ˈmænə(r) z	n.	餐桌礼节，用餐的规矩；many (more, most	2	0		table manners:2
3583		take advantage of			na. 乘；利用；欺骗；引诱(女人)	2	0		take advantage of:2
3584		take it easy			轻松；不紧张；从容	2	0		take it easy:2
3585		take notes			na. 做记录	2	0		take notes:2
3586		take over			na. 接管；继承	2	0		take over:2
3587		take up			开始；继续；拿起；接受；占用	2	0		take up:2
3588		tank	tæŋk	n.	储水容量；坦克	2	1	2017	tank:2
3589		Tanzania	.tænzә'ni:ә	n.	坦桑尼亚（东非国家）	2	1	2019	tanzania:2
3590		tasteless	ˈteɪstlɪs	adj.	无滋味的	2	1	2015	tasteless:2
3591		taxi	ˈtæksɪ	n.	出租汽车	2	1	2016	taxis:2
3592		teammate	'ti:mmeit	n.	队友	2	0		teammate:1 teammates:1
3593		technological	.teknә'lɒdʒikl	adj.	科技的	2	1	2017	technological:2
3594		tension	ˈtenʃ(ə)n	n.	紧张局势，矛盾	2	1	2019	tension:2
3595		tentative	tent	adj.	不确定的，踌躇的	2	1	2022	tentative:2
3596		terrified	'terifaid	adj.	恐惧的；受惊吓的	2	1	2022	terrified:2
3597		Thailand	'tailәnd	n.	泰国（东南亚国家名）	2	1	2022	thailand:2
3598		thankful	ˈθæŋkfʊl	adj.	感谢的，感激的	2	1	2015	thankful:2
3599		the Andes			安第斯山脉	2	0		the andes:2
3600		the Andes Mountains			无	2	0		the andes mountains:2
3601		the Antarctic			南极地区	2	0		the antarctic:2
3602		the Arctic			北极	2	0		the arctic:2
3603		theft	θeft	n.	盗窃案	2	1	2019	theft:2
3604		theirs	ðeəz	pron.	他（她,它）们的	2	1	2020	theirs:2
3605		tightly	'taitli	adv.	紧紧地；牢固地；紧密地	2	1	2018	tightly:2
3606		tissue	ˈtɪʃuː	n.	（人，动植物的）组织，纸巾	2	1	2020	tissue:2
3607		to be honest			老实说；说实话；说实在的	2	0		to be honest:2
3608		tomorrow	təˈmɔrəʊ	adv. n.	明天	2	1	2016	tomorrow:2
3609		tone	tәun	n.	语气；腔调；口吻	2	1	2020	tone:2
3610		tooth	tu:θ	n.	牙齿	2	1	2010	teeth:2
3611		tournament	ˈtʊənəmənt; (US) ˈtɜːrn-	n.	锦标赛，联赛；toward(s	2	1	2015	tournament:2
3612		track and field		n.	田径运动	2	0		track and field:2
3613		traffic lights	ˈtræfɪk laɪts	n.	交通指挥灯红绿灯	2	0		traffic lights:2
3614		transmit	træns'mit	vt./vi.	传输；传播；发射；传达；遗传； 传输；发射信号	2	1	2020	transmit:2
3615		trap	træp	n. vt.	陷阱 vt. 使陷入困境	2	1	2016	trapped:2
3616		travel agent			旅行代办人；旅行代理人	2	0		travel agent:2
3617		traveler	ˈtrævələ(r)	n.	旅行者	2	2	2015/2021	travelers:1 traveler:1
3618		tremble	ˈtremb(ə)l	v.	颤抖	2	1	2019	trembling:2
3619		try out			na. (采用前)严密试验；筛矿；量(金属的)纯度	2	0		try out:2
3620		tunnel	'tʌnl	n.	地下通道；地道；隧道	2	1	2017	tunnels:2
3621		turn around			转向；回转	2	0		turn around:2
3622		unbearable	ʌnˈbeərəb(ə)l	adj.	难耐得,无法接受的	2	1	2013	unbearable:2
3623		under pressure			un. 在压力下	2	0		under pressure:2
3624		unforgettable	.ʌnfә'getәbl	adj.	难忘的；永远记得的	2	1	2022	unforgettable:2
3625		unhappy	ʌnˈfɔːtjʊnətlɪ	adj.	不高兴的,伤心的	2	1	2011	unhappy:2
3626		unify	'ju:nifai	vt.	统一；使相同，使一致	2	1	2017	unifying:2
3627		union	ˈjuːnjən	n.	联合,联盟；工会	2	1	2015	union:2
3628		United Nations Educational, Scientific and Cultural Organization			联合国教育、科学及文化组织(简称联合国教科文组织) [略作 UNESCO]	2	0		united nations educational, scientific and cultural organization:2
3629		unspoken	'ʌn'spәukәn	adj.	未说出口的；非口语的	2	0		unspoken:2
3630		unsuccessful	ʌnsəkˈsesfʊl	adj.	不成功,失败的	2	1	2016	unsuccessful:2
3631		upside down			颠倒；倒转；翻转	2	0		upside down:2
3632		vaccination	.væksi'neiʃәn	n.	接种疫苗	2	0		vaccination:2
3633		venture	'ventʃә	n./v.	（有风险的）商业、企业；冒险，敢于去	2	1	2019	ventures:2
3634		verbal	'vә:bl	adj.	口头的	2	1	2012	verbal:2
3635		vest	vest	n.	背心，内衣	2	1	2018	vests:2
3636		violate	ˈvaɪəleɪt	v.	违反（法律、协议等），侵犯	2	1	2015	violated:2
3637		violent	ˈvaɪələnt	adj.	暴力的	2	1	2016	violent:2
3638		virtue	ˈvɜːtjuː	n.	美德,正直的品行,德行	2	1	2017	virtues:2
3639		vocabulary	vəˈkæbjʊlərɪ	n.	词汇, 词汇表	2	1	2015	vocabulary:2
3640		wallet	ˈwɔlɪt	n.	(放钱,证件等的)皮夹	2	1	2018	wallets:2
3641		warehouse	ˈweəhaʊs	n.	仓库，货栈	2	1	2017	warehouses:2
3642		washing-machine	ˈwɔʃɪŋ- məˈʃiːn	n.	洗衣机【连字符】	2	0		washing machine:2
3643		waterway	'wɒtәwei	n.	水道；航道	2	1	2020	waterways:2
3644		watery	'wɒ:tәri	adj.	（似）水的	2	1	2015	watery:2
3645		weave	wi:v	v.	(过去式 wove, 过去分词 woven)（使）迂回	2	1	2021	weaving:2
3646		wedding	ˈwedɪŋ	n.	婚礼,结婚	2	1	2018	weddings:2
3647		weep	wiːp	v.	哭泣，流泪	2	1	2022	weeping:2
3648		wharf	hwɒ:f	n.	码头	2	1	2015	wharf:2
3649		whichever	wɪtʃˈevə(r)	pron.	无论哪个;无论哪些	2	1	2015	whichever:2
3650		whistle	waɪt; (US) hwaɪt	n.	口哨，口哨声	2	1	2011	whistles:2
3651		windy	ˈwɪndɪ	adj.	有风的，多风的	2	1	2019	windy:2
3652		wisdom	ˈwɪzdəm	n.	智慧	2	1	2014	wisdom:2
3653		wool	wʊl	n.	羊毛，羊绒	2	1	2009	wool:2
3654		a great many			许多；很多	1	0		a great many:1
3655		accessory	әk'sesәri	n./adj.	配件；附件；[法] 从犯； 副的；同谋的；附属的	1	0		accessory:1
3656		accustomed	əˈkʌstəmd	adj.	习惯于,惯常的	1	1	2011	accustomed:1
3657		accustomed to			习惯于……	1	0		accustomed to:1
3658		adapt to			na. 使(自己行动)配合(同伴)	1	0		adapt to:1
3659		admirable	ˈædmərəb(ə)l	adj.	值得赞赏的,可钦佩的	1	1	2015	admirable:1
3660		aggression	ˈəɡreʃ(ə)n	n.	侵略	1	0		aggression:1
3661		alphabetical	.ælfә'betikәl	adj.	字母（表）的；按字母顺序的	1	0		alphabetical:1
3662		amaze	əˈmeɪz	v.	惊奇，惊叹；震惊	1	1	2014	amaze:1
3663		ambassador	æmˈbæsədə(r)	n.	大使，使节	1	1	2016	ambassador:1
3664		analytical	.ænә'litikl	adj.	头脑周密的	1	0		analytical:1
3665		apart from		prep.	除了…外（都）；要不是；除了…外（还）；此外	1	0		apart from:1
3666		arrangement	əˈreɪndʒmənt	n.	安排，布置	1	1	2014	arrangement:1
3667		artificial intelligence		n.	人工智能	1	0		artificial intelligence:1
3668		artificial intelligence (AI)			人工智能	1	0		artificial intelligence (ai):1
3669		athletic	æθˈletɪk	adj.	健壮的,体育运动的	1	1	2016	athletic:1
3670		atom	ˈætəm	n.	原子，微粒	1	0		atoms:1
3671		bachelor	ˈbætʃələ(r)	n.	未婚男子，单身汉	1	0		bachelor:1
3672		bake	beɪk	v.	烤； 烘（面包	1	1	2010	baked:1
3673		Bangladesh	,bɑ:ŋ^lә'deʃ	n.	孟加拉国（亚洲国家）	1	0		bangladesh:1
3674		barely	'bєәli	adv.	几乎不；勉强才能；刚刚	1	0		barely:1
3675		bat	bæt	n.	（棒球、板球的）球棒 n. 蝙蝠	1	0		bat:1
3676		bc	ˌbiːˈsiː	n.	公元前	1	1	2011	bc:1
3677		beard	bɪəd	n.	（下巴上的）胡须	1	1	2013	beard:1
3678		become aware of			对……知道、明白；意识到……	1	0		become aware of:1
3679		bell	bel	n.	钟,铃;钟(铃)声;钟形物	1	0		bells:1
3680		billboard	'bilbɒ:d	n.	（US）（户外）布告板，广告牌	1	0		billboard:1
3681		blank	blæŋk	n. adj.	空格，空白（处）；空的；茫然无表情的	1	1	2017	blank:1
3682		blast	blæst	n.	一阵（风），一股（气流）	1	1	2011	blasts:1
3683		bold	bәuld	adj.	大胆自信的；敢于冒险的	1	1	2022	bold:1
3684		bomb	bɔm	n. v.	炸弹 v. 轰炸	1	1	2012	bomb:1
3685		booklet	'buklit	n.	小册子	1	0		booklet:1
3686		bored	bɔrd	adj.	（对人，事）厌倦的，烦闷的	1	0		bored:1
3687		Boston	'bɒstәn	n.	波士顿（美国东北部城市）	1	0		boston:1
3688		Brazil	brә'zil		巴西（国家名）	1	1	2016	brazil:1
3689		calculator	'kælkjuleitә	n.	计算器	1	1	2010	calculators:1
3690		cancer	ˈkænsə(r)	n.	癌	1	1	2013	cancer:1
3691		carpenter	ˈkɑːpɪntə(r)	n.	木工，木匠	1	1	2010	carpenter:1
3692		cartoon	kɑːˈtuːn	n.	动画片，卡通；漫画	1	1	2018	cartoons:1
3693		carve	kɑːv	vt.	刻；雕刻	1	1	2008	carved:1
3694		chairman	ˈtʃeəmən	n.	(pl. chairmen) n. 主席，会长；议长；chairwoman (pl. chairwomen	1	1	2022	chairman:1
3695		chapter	ˈtʃæptə(r)	n.	章	1	1	2016	chapter:1
3696		chemistry	ˈkemɪstrɪ	n.	化学	1	1	2019	chemistry:1
3697		choke	tʃəʊk	n. v.	窒息；choose (chose, chosen	1	1	2015	choking:1
3698		citizenship	'sitizәnʃip	n.	公民身份，公民的职责和权力	1	0		citizenship:1
3699		claim	kleim	n./vt./vi.	要求；声称；索赔；断言；值得； 要求；声称；需要；认领； 提出要求	1	0		claims:1
3700		classify	ˈklæsɪfaɪ	v.	分类，归类	1	1	2021	classified:1
3701		clinic	ˈklɪnɪk	n.	诊所	1	0		clinics:1
3702		come about			发生；造成	1	0		come about:1
3703		competent	'kɒmpitәnt	adj.	有能力的；称职的	1	0		competent:1
3704		conflict with		v.	相抵触	1	0		conflict with:1
3705		considerate	kənˈsɪdərət	adj.	体贴的	1	1	2009	considerate:1
3706		consistent	kənˈsɪst(ə)nt	adj.	一致的，始终如一的，连续的	1	1	2013	consistent:1
3707		contrary	ˈkɔntrərɪ; (US) ˈkɔntrerɪ	n. adj.	/ a. 相反 相反的	1	0		contrary:1
3708		contrary to			相反的；相对立的	1	0		contrary to:1
3709		conventional	kənˈvenʃən(ə)l	adj.	依照惯例的，习惯的	1	0		conventional:1
3710		corporate	'kɒ:pәrit	adj.	公司的；法人的；社团的	1	0		corporate:1
3711		crack	kræk	n./vi./vt.	裂纹；裂缝；破裂	1	1	2011	cracking:1
3712		crater	'kreitә	n.	坑；火山口	1	1	2020	craters:1
3713		credit card		n.	【经】信用卡	1	0		credit card:1
3714		critical	'kritikәl	adj.	严重的；关键的；批判性的	1	1	2010	critical:1
3715		criticize	'kritisaiz	vi./vt.	批评；评论；苛求； 批评；评论；非难	1	1	2020	criticized:1
3716		cut out			切去；省略；停止（做某事）	1	0		cut out:1
3717		cyclist	ˈsaɪklɪst	n.	骑自行车的人	1	1	2022	cyclists:1
3718		darkness	ˈdɑːknɪs	n.	黑暗，阴暗	1	1	2020	darkness:1
3719		dawn	dɔːn	n.	黎明，拂晓	1	1	2015	dawn:1
3720		day in and day out			日复一日	1	0		day in and day out:1
3721		definitely	'definitli	adv.	清楚地，当然；明确地，肯定地	1	1	2010	definitely:1
3722		depress	di'pres	vt.	使沮丧；使忧愁	1	0		depressing:1
3723		determination	dɪtɜːmɪˈneɪʃ(ə)n	n.	决心	1	1	2016	determination:1
3724		dimension	dɪˈmenʃ(ə)n	n.	量度，尺寸，面积，程度，范围	1	0		dimension:1
3725		diner	'dainә	n.	（尤指餐馆的）就餐者	1	0		diner:1
3726		disagree	dɪsəˈɡriː	vi.	意见不一致，持不同意见	1	1	2015	disagreed:1
3727		discipline	'disiplin	n./vt.	自制力；纪律；学科； 自我控制；管教；处罚	1	0		discipline:1
3728		disobey	dɪsəˈbeɪ	vt.	不服从	1	1	2022	disobeyed:1
3729		distinction	dɪˈstɪŋkʃ(ə)n	n.	差别,区别,优秀,卓越	1	0		distinctions:1
3730		DNA			脱氧核糖核酸	1	1	2020	dna:1
3731		domestic	dәu'mestik	adj.	本国的；国内的；家用的 家庭的	1	1	2010	domestic:1
3732		E-mail	ˈiːmeɪl	n.	电子邮件	1	0		e-mail:1
3733		eastwards	ˈiːstwədz	adv.	向东	1	1	2016	eastwards:1
3734		easy-going		adj.	随和的，温和宽容的	1	0		easy-going:1
3735		efficiently	i'fiʃәntli	adv.	有效率地，效率高地	1	0		efficiently:1
3736		eighteen	ˈeɪˈtiːn	num.	十八	1	1	2017	eighteen:1
3737		eleven	ɪˈlev(ə)n	num.	十一	1	0		eleven:1
3738		emerge	i'mә:dʒ	vi./vt.	出现；浮现；暴露	1	0		emerge:1
3739		empire	ˈempaɪə(r)	n.	帝国	1	0		empire:1
3740		encounter	in'kauntә	vt./n.	偶然碰到；遇到； 邂逅；遭遇	1	0		encountered:1
3741		encouragement	ɪnˈkʌrɪdʒmənt	n.	鼓励	1	1	2012	encouragement:1
3742		engage in			（使）从事；参与	1	0		engage in:1
3743		English-speaking	ˈɪŋɡlɪʃ-spiːk	a.	说英语的【连字符】	1	0		english-speaking:1
3744		enhance	in'hæns	vt.	提高；增强；增进	1	0		enhances:1
3745		entertaining	.entә'teiniŋ	adj.	愉快的；有趣的	1	0		entertaining:1
3746		essay	ˈeseɪ	n.	散文；文章；随笔	1	0		essays:1
3747		estimate	'estimeit	vt./n.	估计；估价； 估算； 估计；估算	1	0		estimated:1
3748		eve	i:v	n.	前夕；傍晚；重大事件关头	1	0		eve:1
3749		exhaust	ig'zɒ:st	v.	使精疲力尽；用尽；耗尽	1	0		exhausting:1
3750		exhausted	iɡ'zɔ:stid	adj.	筋疲力尽的；疲惫不堪的	1	0		exhausted:1
3751		fake	feik	adj.	假装的；假的；冒充的	1	1	2021	fake:1
3752		fame	feim	n.	名声；名望	1	1	2012	fame:1
3753		fetch	fetʃ	vt.	（去）取（物）来，（去）带（人）来	1	0		fetching:1
3754		fifth	fɪfθ	num.	第五	1	1	2012	fifth:1
3755		finance	ˈfaɪnæns	n.	资金，财政，财务	1	1	2021	finance:1
3756		flag	flæɡ	n.	旗；标志；旗舰	1	0		flags:1
3757		flesh	fleʃ	n.	肉	1	1	2008	fleshed:1
3758		fluency	ˈfluənsi	n.	（外语）流利，流畅	1	1	2015	fluency:1
3759		foresee	fɔːˈsiː	vt.	(foresaw, foreseen) vt.预见.预知	1	1	2010	foresee:1
3760		fourth	fɔːθ	num.	第四	1	1	2016	fourth:1
3761		Frenchman	ˈfrentʃmən	n.	(复 Frenchmen) n. 法国人（男	1	0		frenchman:1
3762		frustrated	frʌ'streitid	adj.	懊恼的；沮丧的；失意的	1	0		frustrated:1
3763		garage	ˈɡærɑːʒ	n.	汽车间（库	1	0		garage:1
3764		getaway	'^etә,wei	n.	逃走；逃跑；短假；适合旅行的地方	1	1	2015	getaways:1
3765		go off			na. 进行得 (well； badly)；(话等)冒出	1	0		go off:1
3766		goddess	'gɒdis	n.	女神	1	1	2020	goddess:1
3767		grab	græb	vt./n.	抓住；攫取； 抓取；抢夺	1	0		grabbed:1
3768		gram	ɡræm	n.	克(重量单位	1	1	2014	grams:1
3769		grandpa	'^rænpɑ:, '^rændpɑ:	n.	爷爷; 外公	1	1	2018	grandpa:1
3770		grape	ɡreɪp	n.	葡萄	1	1	2015	grapes:1
3771		Great Barrier Reef			大堡礁	1	0		great barrier reef:1
3772		grey	grei	adj.	灰色的; 灰白的	1	0		grey:1
3773		hamburger	ˈhæmbɜːɡə(r)	n.	汉堡包	1	0		hamburger:1
3774		handshake	'hændʃeik	n.	握手	1	1	2008	handshake:1
3775		harmless	ˈhɑːmlɪs	adj.	无害的;不致伤的	1	0		harmless:1
3776		have fun with			玩得开心	1	0		have fun with:1
3777		heel	hiːl	n.	脚后跟	1	0		heels:1
3778		hence	hens	adv.	因此；由此	1	0		hence:1
3779		horrible	ˈhɔrɪb(ə)l	adj.	令人恐惧；恐怖的	1	0		horrible:1
3780		Houston	'hju:stәn	n.	休斯顿（美国城市）	1	1	2010	houston:1
3781		humble	'hʌmbl	adj.	谦逊的；虚心的；卑微的	1	1	2020	humbled:1
3782		ideal	ai'diәl	adj./n.	完美的；理想的；想象的； 理想；完美的人（或事物）	1	0		ideal:1
3783		imaginary	i'mædʒinәri	adj.	想象中的；假想的；虚构的	1	0		imaginary:1
3784		in shock			震惊；震惊地；处于极度震惊状态	1	0		in shock:1
3785		in trouble			在危险、受罚、痛苦、忧虑等的处境中	1	0		in trouble:1
3786		influential	.infu'enʃәl	adj.	有很大影响力的；有支配力的	1	0		influential:1
3787		innovation	.inәu'veiʃәn	n.	创新；创造	1	0		innovation:1
3788		insurance	ɪnˈʃʊərəns	n.	保险	1	0		insurance:1
3789		intellectual	.intә'lektʃuәl	adj.	有智力的，智力的	1	0		intellectual:1
3790		interviewee	.intәvju:'i:	n.	参加面试者；接受采访者	1	0		interviewees:1
3791		investigate	in'vestigeit	v.	调查；研究	1	0		investigate:1
3792		laptop		n.	膝上型轻便电脑，笔记本电脑	1	1	2008	laptop:1
3793		launch	lɒ:ntʃ	vt./vi./n.	发射（导弹、火箭等）；发起，发动；使…下水； 开始；下水；起飞； 发射；发行，投放市场；下水；汽艇	1	0		launched:1
3794		lawyer	ˈlɔːjə(r)	n.	律师；lay (laid, laid	1	0		lawyers:1
3795		leave out			省去；遗漏；不考虑	1	0		leave out:1
3796		lip	lɪp	n.	嘴唇	1	1	2009	lips:1
3797		logical	'lɒdʒikәl	adj.	合乎逻辑的；合情合理的	1	0		logical:1
3798		luggage	ˈlʌɡɪdʒ	n.	(总称)行李	1	1	2008	luggage:1
3799		lunar	'lu:nә	adj.	月亮的，月球的；阴历的；银的；微亮的	1	1	2020	lunar:1
3800		marry	ˈmærɪ	v.	（使）成婚，结婚	1	0		marry:1
3801		meanwhile	ˈmiːnwaɪl; (US) ˈmɪnhwaɪl	adv.	同时	1	1	2012	meanwhile:1
3802		mechanic	mi'kænik	n.	机械师；机械修理工	1	0		mechanics:1
3803		mechanical	mi'kænikәl	adj.	机械的；发动机的；机器的	1	0		mechanical:1
3804		melt	melt	vi./vt.	（使）融化；熔化；软化	1	1	2020	melting:1
3805		mend	mend	v.	修理，修补	1	1	2022	mend:1
3806		metre	ˈmi:tə	n.	米，公尺【英】	1	1	2009	metres:1
3807		microscope	ˈmaɪkrəskəʊp	n.	显微镜	1	0		microscopes:1
3808		millionaire	mɪljəˈneə(r)	n.	百万富翁	1	1	2016	millionaires:1
3809		mist	mɪst	n.	雾；mistake (mistook, mistaken	1	1	2020	mists:1
3810		misty	'misti	adj.	多雾的；模糊的	1	1	2016	misty:1
3811		mommy	'mɒmi	n.	妈妈	1	0		mommy:1
3812		muddy	ˈmʌdɪ	adj.	泥泞的	1	0		muddied:1
3813		multiple	'mʌltipl	adj.	数量多的；多种多样的	1	1	2020	multiple:1
3814		murder	ˈmɜːdə(r)	vt.	谋杀	1	1	2016	murders:1
3815		necklace	ˈneklɪs	n.	项链	1	1	2012	necklace:1
3816		negotiate	nɪˈɡəʊʃɪeɪt	v.	谈判，协商；neighbour (美neighbor	1	1	2010	negotiating:1
3817		neighbourhood	ˈneibəhud	n.	四邻；邻近地区 (美neighborhood)	1	1	2016	neighbourhoods:1
3818		nineteen	naɪnˈtiːn	num.	十九	1	1	2019	nineteen:1
3819		Northern Ireland			na. 北爱尔兰	1	0		northern ireland:1
3820		nowadays	ˈnaʊədeɪz	adv.	当今，现在	1	1	2008	nowadays:1
3821		nuclear	ˈnjuːklɪə(r)	adj.	原子核的，原子能的，核动力的	1	0		nuclear:1
3822		numb	nʌm	adj.	麻木的，失去知觉的，迟钝的	1	0		numb:1
3823		nursery	ˈnɜːsərɪ	n.	托儿所	1	1	2016	nursery:1
3824		occasionally	ә'keiʒәnli	adv.	偶然地；不时地	1	1	2020	occasionally:1
3825		offending	ә'fendiŋ	adj.	令人不愉快的，伤害人的感情的	1	1	2009	offending:1
3826		olive	'ɒliv	n.	油橄榄；橄榄树	1	0		olive:1
3827		Oliver	'ɒlivә	n.	奥利弗（男子名）	1	1	2010	oliver:1
3828		ongoing	'ɒngәuiŋ	adj./n.	不间断的，进行的；前进的； 前进；行为，举止	1	1	2020	ongoing:1
3829		Ontario	ɔn'teәriәu		安大略省（加拿大）	1	1	2009	ontario:1
3830		optimism	'ɒptimizm	n.	乐观；乐观主义	1	0		optimism:1
3831		optional	ˈɔpʃən(ə)l	adj.	可选择的，选修的	1	0		optional:1
3832		orbit	ˈɔːbɪt	n.	（天体等的）运行轨道	1	1	2020	orbit:1
3833		organ	ˈɔːɡən	n.	（人，动物）器官；organise(美organize	1	0		organs:1
3834		organisation	,ɔ: ^әnaizeiʃən; - ni'z-	n.	组织；团体（等于organization）	1	0		organisations:1
3835		Oscar	'ɔskә	n.	奥斯卡	1	1	2011	oscar:1
3836		over and over again			反复；多次	1	0		over and over again:1
3837		panel	'pænl	n./vt.	仪表板；嵌板；座谈小组，全体陪审员； 嵌镶板	1	0		panels:1
3838		parcel	ˈpɑːs(ə)l	n.	包裹	1	1	2008	parcels:1
3839		patent	ˈpeɪt(ə)nt; (US) ˈpætnt	n.	专利权，专利证书	1	0		patents:1
3840		pay attention to			注意	1	0		pay attention to:1
3841		pearl	pә:l	n.	珍珠	1	1	2019	pearl:1
3842		Peru	pә'ru:	n.	秘鲁（拉丁美洲国家名）	1	0		peru:1
3843		pig	paɪ	n.	猪	1	1	2018	pigs:1
3844		pin	pɪn	n. v.	别针 v. 别住, 钉住	1	1	2015	pin:1
3845		playmate	ˈpleɪmeɪt	n.	玩伴	1	0		playmates:1
3846		polish	ˈpɔlɪsɪ	v. n.	擦亮 n.擦光剂,亮光剂	1	0		polish:1
3847		postcard	ˈpəʊstkɑːd	n.	明信片	1	0		postcard:1
3848		poster	ˈpəʊstə(r)	n.	(贴在公共场所的大型)招贴；广告(画	1	1	2011	poster:1
3849		powder	ˈpaʊdə(r)	n.	粉，粉末	1	0		powder:1
3850		primary	ˈpraɪmərɪ	adj.	初等的；初级的	1	1	2019	primary:1
3851		primary school	ˈpraɪmərɪ skuːl	n.	小学	1	0		primary school:1
3852		princess	'prinsis	n.	公主	1	1	2009	princess:1
3853		priority	prai'ɒriti	n.	优先；优先权；[数] 优先次序；优先考虑的事	1	1	2016	priority:1
3854		probable	ˈprɔbəb(ə)l	adj.	很可能,很有希望的	1	0		probable:1
3855		proposal	prә'pәuzl	n.	提议，建议；求婚	1	0		proposal:1
3856		punish	ˈpʌnɪʃ	v.	惩罚，处罚	1	1	2008	punish:1
3857		punishment	ˈpʌnɪʃmənt	n.	惩罚	1	1	2012	punishment:1
3858		questionnaire	kwestʃəˈneə(r)	n.	调查表，问卷	1	1	2021	questionnaire:1
3859		rag	ræɡ	n.	破布，抹布	1	0		ragged:1
3860		receiver	rɪˈsiːvə(r)	n.	电话听筒	1	1	2015	receiver:1
3861		recommendation	.rekәmen'deiʃәn	n.	推荐信，介绍，介绍信	1	1	2018	recommendations:1
3862		recorder	rɪˈkɔːdə(r)	n.	录音机	1	1	2014	recorder:1
3863		redirect	riːdaɪˈrekt	vt.	使改变，使转移	1	1	2008	redirect:1
3864		refund	'ri:fʌnd	v./n.	退还；偿还；退款	1	0		refund:1
3865		regards	rɪˈɡɑːd	n.	问候，致意	1	0		regards:1
3866		remote control			遥控器；遥控	1	0		remote control:1
3867		resemble	rɪˈzemb(ə)l	v.	（不用进行时）像，看起来像	1	1	2012	resembles:1
3868		resistance	ri'zistәns	n.	抵制；反对；抗拒	1	0		resistance:1
3869		revive	ri'vaiv	vt./vi.	使复兴；使苏醒；回想起；重演，重播； 复兴；复活；苏醒；恢复精神	1	1	2011	revived:1
3870		ribbon	'ribәn	n.	丝带；带状物	1	1	2012	ribbon:1
3871		ridiculous	rɪˈdɪkjʊləs	adj.	荒谬的，愚蠢的；ride (rode, ridden	1	0		ridiculous:1
3872		rub	rʌb	v.	擦；摩擦	1	0		rubbing:1
3873		run out			na. 耗尽；用光；过有效期；失效	1	0		run out:1
3874		Russia	ˈrʌʃə	n.	* n. 俄罗斯，俄国	1	1	2010	russia:1
3875		salary	ˈsælərɪ	n.	薪金，薪水	1	0		salaries:1
3876		salty	ˈsɔːltɪ	adj.	盐的，咸的，含盐的	1	1	2010	salty:1
3877		scare	skeə(r)	v.	使害怕，使恐惧	1	1	2014	scare:1
3878		scarf	skɑːf	n.	领巾，围巾	1	1	2009	scarf:1
3879		scheme	ski:m	n.	方案；计划	1	0		scheme:1
3880		secondary	'sekәndәri	n./adj.	副手；代理人； 第二的；中等的；次要的；中级的	1	1	2016	secondary:1
3881		secretary	ˈsekrətərɪ	n.	秘书；书记	1	0		secretary:1
3882		see through			看破，识破	1	0		see through:1
3883		selfless	'selflis	adj.	无私的；忘我的	1	1	2015	selfless:1
3884		sensible	'sensәbl	adj.	有感觉的，明智的	1	0		sensible:1
3885		seventh	ˈsevənθ	num.	第七	1	1	2011	seventh:1
3886		shallow	ˈʃæləʊ	adj.	浅的,不深的,肤浅的	1	0		shallow:1
3887		sickness	ˈsɪknɪs	n.	疾病	1	1	2014	sickness:1
3888		sign up		phr./v.	报名	1	0		sign up:1
3889		similarity	.simi'læriti	n.	相似点	1	0		similarity:1
3890		singer	sɪŋ	n.	歌唱家，歌手	1	1	2012	singer:1
3891		skim	skim	v.	浏览；略读	1	0		skimmed:1
3892		soldier	ˈsəʊldʒə(r)	n.	士兵，战士	1	1	2015	soldier:1
3893		solid	ˈsɔlɪd	adj. n.	结实的,固体的 n.固体	1	1	2013	solid:1
3894		somewhat	'sʌmhwɒt	adv.	有点；稍微	1	0		somewhat:1
3895		sort out			分类	1	0		sort out:1
3896		splendid	ˈsplendɪd	adj.	灿烂的，辉煌的；（口语）极好的	1	1	2020	splendid:1
3897		stove	stəʊv	n.	（供烹饪用的 ）火炉，煤炉，电炉	1	1	2020	stove:1
3898		strain	strein	n.	（动、植物的）系；品种；拉伤； 压力	1	0		strained:1
3899		subtle	'sʌtl	adj.	微妙的，细微的	1	1	2009	subtle:1
3900		supper	ˈsʌpə(r)	n.	晚餐，晚饭	1	1	2018	supper:1
3901		surroundings	sә'rajndiŋz	n./pl.	［；］ 环境；周围的事物	1	1	2011	surroundings:1
3902		sweat	swet	n.	汗，汗水	1	0		sweat:1
3903		swift	swɪft	adj.	快的，迅速的	1	0		swift:1
3904		tailor	ˈteɪlə(r)	n.	裁缝；take (took, taken	1	0		tailored:1
3905		tease	tiːz	v.	取笑，戏弄，寻开心	1	0		teasing:1
3906		tempt	tempt	v.	诱惑，引诱	1	0		tempting:1
3907		terrify	ˈterɪfaɪ	vt.	使人感到恐怖	1	1	2013	terrifying:1
3908		territory	'teritәri	n.	领土；版图；领域；地盘	1	1	2016	territory:1
3909		the Amazon rainforest			无	1	0		the amazon rainforest:1
3910		the Arctic Circle			北极圈	1	0		the arctic circle:1
3911		the Foundation			《基地》三部曲	1	0		the foundation:1
3912		toast	təʊst	v. n.	/ n. 烤	1	0		toaster:1
3913		Tokyo	ˈtəʊkjəʊ	n.	东京	1	1	2008	tokyo:1
3914		tongue	tʌŋ	n.	舌，舌头	1	1	2009	tongue:1
3915		translator	trænsˈleitə	n.	翻译家，译者	1	0		translator:1
3916		tuition	tju:'iʃәn	n.	学费；讲授	1	0		tuition:1
3917		turn out		v.	（以某种方式）发生；最后是；结果是 （尤指天气突然）变得（晴好） 原来是；结果发现 出席;参加;前去观看关掉，熄灭（电灯、煤气等） 出席;参加;前去观看生产；制造 （尤指把某人从其长期居住处）撵走，赶出，逐出 翻出；倒出 出席；参加；前去观看	1	0		turn out:1
3918		umbrella	ʌmˈbrelə	n.	雨伞；U.N./ UN(缩) = the United Nations	1	1	2008	umbrellas:1
3919		unfortunate	ʌnˈfəʊld	adj.	不幸的	1	0		unfortunate:1
3920		uniform	ˈjuːnɪfɔːm	n.	制服	1	1	2019	uniform:1
3921		up to now			直到现在	1	0		up to now:1
3922		urban	ˈɜːbən	adj.	城市的，都市的	1	1	2015	urban:1
3923		urgent	ˈɜːdʒənt	adj.	紧急的，紧迫的；U.S.A./USA(缩) = the United States of America	1	1	2014	urgent:1
3924		useless	ˈjuːslɪs	adj.	无用的	1	1	2020	useless:1
3925		via	ˈvaɪə	prep.	经过（某地），通过	1	1	2010	via:1
3926		victory	ˈvɪktərɪ	n.	胜利	1	1	2016	victory:1
3927		villager	ˈvilidʒə	n.	村民	1	1	2020	villagers:1
3928		violence	ˈvaɪələns	n.	暴力行为	1	1	2016	violence:1
3929		violin	vaɪəˈlɪn	n.	小提琴	1	1	2011	violin:1
3930		virus	ˈvaɪərəs	n.	病毒	1	0		virus:1
3931		vivid	ˈvɪvɪd	adj.	生动，逼真的，鲜明的	1	0		vivid:1
3932		volume	'vɒljum	n.	量；体积；（成套书籍中的）一卷	1	0		volumes:1
3933		ward	wɔːd	n.	保卫,看护,病房,收容所	1	1	2013	wards:1
3934		warm-hearted	ˌwɔːmˈhɑːtɪd	adj.	热心的	1	0		warm-hearted:1
3935		watch out			密切注视；当心；提防	1	0		watch out:1
3936		weaken	'wi:kәn	v.	(使)变弱；削弱；减弱	1	1	2016	weaken:1
3937		weed	wiːd	n.	杂草，野草	1	0		weeding:1
3938		welfare	ˈwelfeə(r)	n.	幸福，福利	1	0		welfare:1
3939		westwards	ˈwestwədz	adv.	向西	1	1	2016	westwards:1
3940		widespread	ˈwaɪdspred	adj.	分布广的,普遍的	1	0		widespread:1
3941		worthy	wɜːθˈwaɪl	adj.	值得的	1	1	2014	worthy:1
3942		would rather			宁愿；宁可	1	0		would rather:1
3943		wrinkle	ˈrɪŋk(ə)l	n.	皱纹	1	0		wrinkles:1
3944		wrist	rɪst	n.	手腕，腕关节	1	1	2008	wrist:1
3945		yourselves	jɔːˈselvz	pron.	你们自己	1	1	2019	yourselves:1
3946		zip	zɪp	v. n.	拉开(或扣上)……的拉链；拉链；zip code(美) =postcode	1	1	2010	zip:1
3947		(be) bound to (do)			一定或注定（做）……	0	0		(be) bound to (do):0
3948		(be) dying to			极想；渴望	0	0		(be) dying to:0
3949		(be) scared to death			吓死了	0	0		(be) scared to death:0
3950		（be）strict with…			对……严格的	0	0		（be）strict with…:0
3951		a	ə; eɪ, æn	art.	一（个，件……）	0	0		
3952		a (great) number of			许多；大量的	0	0		a (great) number of:0
3953		a chest of drawers			五屉橱	0	0		a chest of drawers:0
3954		a chorus of			无	0	0		a chorus of:0
3955		a flock of		det.	一群	0	0		a flock of:0
3956		a good many			许多；很多	0	0		a good many:0
3957		a great deal of		det.	很多；重重	0	0		a great deal of:0
3958		a wolf in sheep’s clothing			披着羊皮的狼，伪装好友的敌人	0	0		a wolf in sheep’s clothing:0
3959		a.m.		n.	午前，上午【小写】	0	0		
3960		abacus	'æbәkәs	n.	算盘	0	0		
3961		Abigail	'æbigeil	n.	阿比盖尔（女名）	0	0		
3962		abnormal	æbˈnɔːm(ə)l	adj.	反常的，变态的	0	0		
3963		aboard	əˈbɔːd	prep.	上（船，飞机，火车，汽车等	0	0		
3964		abolish	əˈbɔlɪʃ	v.	废除，废止	0	0		
3965		abolition	.æbәu'liʃәn	n.	废除；废止	0	0		
3966		aboriginal	.æbә'ridʒәnәl	adj./n.	土著的，土生的；澳大利亚的土著居民	0	0		
3967		Aborigine		n.	土著；土著居民	0	0		
3968		abortion	əˈbɔːʃ(ə)n	n.	人工流产，堕胎	0	0		
3969		abrupt	əˈbrʌpt	adj.	突然的，意外的，粗鲁	0	0		
3970		abseil	'ɑ:bzail	n.	（登山运动员）绕绳下降，悬绳滑锁	0	0		
3971		absorbed in sb.			专心于；吸引；过去分词短语作原因状语	0	0		absorbed in sb.:0
3972		absorbed in sth.			专心于；吸引；过去分词短语作原因状语	0	0		absorbed in sth.:0
3973		absurd	əbˈsɜːd	adj.	荒谬的，怪诞不经的	0	0		
3974		abuse	əˈbjuːz	v.	（酗酒）滥用,虐待,恶语	0	0		
3975		account for			导致；做出解释	0	0		account for:0
3976		accountancy	ә'kauntәnsi	n.	会计工作，会计职务	0	0		
3977		accusation	ækju:'zeiʃәn	n.	指责；谴责；控告	0	0		
3978		accuse	əˈkjuːz	v.	指责，控告	0	0		
3979		accuse…of			因……指责或控告……	0	0		
3980		accustom	ә'kʌstәm	v.	使习惯于	0	0		
3981		Achilles' heel			na. 唯一致命的弱点	0	0		achilles' heel:0
3982		acid	ˈæsɪd	adj.	酸的	0	0		
3983		acquaintance	əˈkweɪntəns	n.	熟人，（与某人）认识	0	0		
3984		acute	ˈækjuːt	adj.	十分严重的；（病）急性的	0	0		
3985		ad.	æd		(用于否定句或短语后)也	0	0		
3986		add up			合计	0	0		add up:0
3987		addict	ә'dikt	n./vt.	有瘾的人；入迷的人； 使沉溺；使上瘾	0	0		
3988		addicted	əˈdɪktɪd	adj.	上瘾，成瘾，入迷	0	0		
3989		addicted to			沉迷于；对……有瘾；醉心于	0	0		addicted to:0
3990		Adelaide	'ædәleid		阿德莱德（澳大利亚东南部港市，南澳大利亚前首府）	0	0		
3991		adequate	ˈædɪkwət	adj.	合适的，合乎需要的	0	0		
3992		adjust to			适应；调节	0	0		adjust to:0
3993		adventurer	әd'ventʃәrә	n.	冒险家	0	0		
3994		adversity	әd'vә:sәti	n.	困境；逆境	0	0		
3995		advert	әd'vә:t	n.	广告	0	0		
3996		advertiser	'ædvәtaizә	n.	登广告者，广告客户	0	0		
3997		advisor	әd'vaizә	n.	顾问；指导教师；劝告者	0	0		
3998		advisor (also adviser)		n.	（also -ser） 顾问	0	0		advisor (also adviser):0
3999		aeroplane	ˈeərəpleɪn	n.	(英)飞机	0	0		
4000		aerospace	'єәrәuspeis	n.	航空航天工业	0	0		
4001		afterward	ˈɑːftəwəd	ad.	后来	0	0		
4002		against one’s will			违心地	0	0		against one’s will:0
4003		Agnes Grey			艾格妮斯.格雷（人名，书名）	0	0		agnes grey:0
4004		agony	'ægәni	n.	极度的痛苦	0	0		
4005		agro-scientifc		adj.	农业科学的	0	0		agro-scientifc:0
4006		Ahmed Aziz			艾哈迈德•阿齐兹	0	0		ahmed aziz:0
4007		AIDS	eɪdz	n.	艾滋病	0	0		
4008		airmail	ˈeəmeɪl	n.	航空邮件	0	0		
4009		airspace	ˈeəspeɪs	n.	领空,（某国的）空域	0	0		
4010		Aisha			艾莎	0	0		
4011		ajustment		n.	调节，调整	0	0		
4012		Akira Nagata			永田明	0	0		akira nagata:0
4013		Alan Turing			艾伦•图灵（英国数学家）	0	0		alan turing:0
4014		alarmed		adj.	担心的；害怕的	0	0		
4015		alarming	ә'lɑ:miŋ	adj./v.	令人担忧的；使人惊恐的； 使惊恐（alarm的ing形式）	0	0		
4016		Albania	æl'beiniә		阿尔巴尼亚（国家名）	0	0		
4017		Albany	'ɒ:lbәni		奥尔巴尼	0	0		
4018		Albert Einstein			阿尔伯特·爱因斯坦	0	0		albert einstein:0
4019		Alberta		n.	亚伯达（加拿大西部的一个省）	0	0		
4020		Alexander Fleming			亚历山大·弗莱明	0	0		alexander fleming:0
4021		Alexander Graham			亚历山大•格雷厄姆•贝尔	0	0		alexander graham:0
4022		algebra	ˈældʒɪbrə	n.	代数	0	0		
4023		alien	'eiljәn	n./adj./vt.	外国人，外侨；外星人； 外国的；相异的，性质不同的；不相容的； 让渡，转让	0	0		
4024		all in all			总而言之	0	0		all in all:0
4025		all the best			（口语）（祝你）一切顺利	0	0		all the best:0
4026		alleviate	ә'li:vieit	vt.	减轻；缓解	0	0		
4027		alley	ˈælɪ	n.	小巷，胡同	0	0		
4028		almighty	ɒ:l'maiti	adj.	全能的，有无限权力的	0	0		
4029		Alps	ælps	n.	阿尔卑斯山	0	0		
4030		aluminium	æljʊˈmɪnɪəm	n.	（化）铝	0	0		
4031		amateur	ˈæmətə(r)	adj.	业余爱好的	0	0		
4032		amazement	ә'meizmәnt	n.	惊讶；惊愕	0	0		
4033		ambassadress	æmˈbæsədres	n.	大使夫人；女大使	0	0		
4034		amber	'æmbә	n.	琥珀色；琥珀	0	0		
4035		amongst	ә'mʌŋst	prep.	在……中间，在……之中	0	0		
4036		amphibian	æm'fibiәn	n.	两栖动物	0	0		
4037		amphibious	æm'fibiәs	adj.	两栖（类）的	0	0		
4038		Amsterdam	.æmstә'dæm	n.	阿姆斯特丹（荷兰首都）	0	0		
4039		amusement	əˈmjuːzmənt	n.	娱乐	0	0		
4040		amusing	ә'mju:ziŋ	adj.	好笑的；有趣的	0	0		
4041		analyse	'ænәlaiz	vt.	分析；分解；细察	0	0		
4042		analyse (NAmE also analyze)		vt.	分析	0	0		analyse (name also analyze):0
4043		analyses		n.	分析；解析；分解；梗概（analysis的复数形式）	0	0		
4044		ANC			非国大；非洲人国民大会；非洲民族会议（African National Congress）	0	0		
4045		Andrew Hallidie			安德鲁•海利迪	0	0		andrew hallidie:0
4046		android	'ændrɒid	n.	机器人	0	0		
4047		anecdote	ˈænɪkdəʊt	n.	逸事，趣闻	0	0		
4048		Angel Island			天使岛	0	0		angel island:0
4049		Anglo-Saxon	'æŋ^lәu'sæksәn	n.	盎格鲁-撒克逊	0	0		anglo-saxon:0
4050		animation	.æni'meiʃәn	n.	（电脑、录像）动画制作； 动画片	0	0		
4051		Anna Petrov			安娜•帕特罗夫（女名）	0	0		anna petrov:0
4052		announcer	ә'naunsә	n.	广播员；告知者；报幕员	0	0		
4053		antelope	'æntilәup	n.	羚羊；羚羊皮革	0	0		
4054		anti-black	,æntɪ'blæk	adj.	反黑人的	0	0		anti-black:0
4055		anti-venom		n.	抗毒	0	0		anti-venom:0
4056		anticipate	æn'tisipeit	vt.	预料；预见；期望	0	0		
4057		anticipation	æn.tisi'peiʃәn	n.	预期，预想，期待	0	0		
4058		apologise	ә'pɔlәdʒaiz	vi.	道歉（等于apologize）	0	0		
4059		appendix	əˈpendɪks	n.	附录，阑尾	0	0		
4060		applaud	əˈplɔːd	v. n.	/ n. 鼓掌,赞许,赞赏	0	0		
4061		appliance	ә'plaiәns	n.	电器；器具	0	0		
4062		apply for		v.	寻求；申请	0	0		apply for:0
4063		approval	ә'pru:vl	n.	赞成, 承认, 批准	0	0		
4064		approximate	ә'prɒksimәt	adj.	近似的，大概的	0	0		
4065		apron	ˈeɪprən	n.	（机场的）停机坪	0	0		
4066		aptitude	'æptitju:d	n.	天资；自然倾向；适宜	0	0		
4067		aquarium	ә'kwєәriәm	n.	（pl. aquariums or aquaria） 水族馆；水族玻璃槽；养鱼缸	0	0		
4068		arbitrary	ˈɑːbɪtrərɪ; (US) ˈɑːrbɪtrerɪ	adj.	随心所欲的，独裁的，专断的	0	0		
4069		arch	ɑːtʃ	n.	拱，拱门	0	0		
4070		archaeological	.ɑ:kiә'lɒdʒikl	adj.	考古学的；与考古学有关的 (<美>archeological)	0	0		
4071		archaeologist	.ɑ:ki'ɒlәdʒist	n.	考古学家	0	0		
4072		archaeology	.ɑ:ki'ɒlәdʒi	n.	考古学(<美>archeology)	0	0		
4073		arched	ɑ:tʃt	adj.	拱形的；弓形的	0	0		
4074		archery	'ɑ:tʃәri	n.	箭术	0	0		
4075		Aristotle	'æristɒtl		亚里士多德（古希腊哲学家）	0	0		
4076		armchair	ɑːmˈtʃeə(r)	n.	扶手椅	0	0		
4077		Armstrong	'ɑ:mstrɔŋ		阿姆斯特朗（姓）	0	0		
4078		arrest	əˈrest	v.	逮捕，拘留	0	0		
4079		arrogant	'ærәɡәnt	adj.	傲慢的，自大的	0	0		
4080		arrow	ˈærəʊ	n.	箭；箭头	0	0		
4081		arrowhead	'ærәuhed	n.	箭头	0	0		
4082		artemisinin		n.	青蒿素	0	0		
4083		Arthur	'ɑ:θә		亚瑟	0	0		
4084		Arthur Conan Doyle			亚瑟.柯南道尔（1859-1930，英国医师、小说家、推理小说家，创造了私人侦探福尔摩斯的形象）	0	0		arthur conan doyle:0
4085		as far as I am concerned			就我而言；依我看来	0	0		as far as i am concerned:0
4086		as far as I know			据我所知	0	0		as far as i know:0
4087		as far as one is concerned			就……而言	0	0		as far as one is concerned:0
4088		ash	æʃ	n.	灰； 灰末	0	0		
4089		Ashrita Furman			阿什里塔.弗曼	0	0		ashrita furman:0
4090		assemble	ә'sembl	vt./vi.	集合，聚集；装配；收集； 集合，聚集	0	0		
4091		assign	ә'sain	vt.	分派；布置；分配	0	0		
4092		astrolabe	'æstrәleib	n.	古代的天体观测仪，星盘	0	0		
4093		astronomer	əˈstrɔnəmə(r)	n.	天文学家	0	0		
4094		astronomy	əˈstrɔnəmɪ	n.	天文学	0	0		
4095		Aswan Dam		n.	【地,旅】阿斯旺大坝	0	0		aswan dam:0
4096		at an end			结束；终结	0	0		at an end:0
4097		at dusk			在黄昏时刻	0	0		at dusk:0
4098		at ease			舒适；快活；自由自在	0	0		at ease:0
4099		at first hand			na. 直接	0	0		at first hand:0
4100		at length			详细地；最后	0	0		at length:0
4101		at the crack of dawn			黎明，大清早	0	0		at the crack of dawn:0
4102		at the mercy of			受……支配	0	0		at the mercy of:0
4103		at war			处于交战状态	0	0		at war:0
4104		Athens	'æθәns	n.	雅典（希腊首都）	0	0		
4105		athletics	æθˈletɪks	n.	田径	0	0		
4106		Atlanta	әt'læntә	n.	亚特兰大（女名；城市名）	0	0		
4107		attach…to			认为有（重要性、意义）；附上；连接	0	0		
4108		attend to			na. 照料(工作)	0	0		attend to:0
4109		attentively	əˈtentivli	adv.	注意地	0	0		
4110		Atticus			阿提斯库	0	0		
4111		Auckland	ɒ:klәnd	n.	奥克兰（新西兰北岛西北岸港口城市）	0	0		
4112		auditory	'ɒ:ditәri	adj.	听的，听觉的	0	0		
4113		aunt	ɑːnt; (US) ænt	n.	伯母；舅母；婶；姑；姨	0	0		
4114		aurochs	'ɒ:rɒks	n.	原牛（古代欧洲野牛，已灭绝）	0	0		
4115		autobiography	.ɒ:tәubai'ɒgrәfi	n.	自传	0	0		
4116		await	ә'weit	vt.	等候；期待；将发生在	0	0		
4117		awful	ˈɔːfʊl	adj.	很坏的，极讨厌的	0	0		
4118		axe		n.	斧；斧子	0	0		
4119		axis	'æksis	n.	轴，轴线	0	0		
4120		B.C.			公元前	0	0		
4121		bachelor’s degree			学士学位	0	0		bachelor’s degree:0
4122		back to back			背靠背	0	0		back to back:0
4123		backache	ˈbækeɪk	n.	背痛	0	0		
4124		backbone	'bækbәun	n.	脊椎，脊柱	0	0		
4125		backward	ˈbækwəd	ad.	向后	0	0		
4126		backwards	'bækwәdz	adv.	倒；向后；逆	0	0		
4127		bacon	ˈbeɪkən	n.	咸猪肉；熏猪肉 	0	0		
4128		bacterium	bækˈtɪərɪəm	n.	(复bacteria) n. 细菌；bad (worse, worst	0	0		
4129		bad-tempered		adj.	脾气不好的；易怒的	0	0		bad-tempered:0
4130		badly off			穷的；缺少的	0	0		badly off:0
4131		badminton	ˈbædmɪntən	n.	羽毛球	0	0		
4132		baggage	ˈbæɡɪdʒ	n.	行李	0	0		
4133		bagpipes			(also. 风笛	0	0		
4134		Bahmad			巴姆德（姓）	0	0		
4135		bakery	ˈbeɪkərɪ	n.	面包店	0	0		
4136		balanced diet			平衡膳食	0	0		balanced diet:0
4137		balcony	ˈbælkənɪ	n.	阳台；楼座	0	0		
4138		bald	bɒ:ld	adj.	秃头的	0	0		
4139		baleen	bә'li:n	n.	鲸须	0	0		
4140		baleen whale			须鲸	0	0		baleen whale:0
4141		ballad	'bælәd	n.	情歌；歌谣；民谣	0	0		
4142		ballet	ˈbæleɪ	n.	芭蕾舞	0	0		
4143		balloon	bəˈluːn	n.	气球	0	0		
4144		ballpoint	ˈbɔːlpɔɪnt	n.	圆珠笔	0	0		
4145		bandage	ˈbændɪdʒ	n.	绷带	0	0		
4146		bang	bæŋ	int.	砰	0	0		
4147		banjo	'bændʒәu	n.	班卓琴（乐器）	0	0		
4148		bank account	bæŋk əˈkaʊnt	n.	银行账户	0	0		bank account:0
4149		Bank of Canton			无	0	0		bank of canton:0
4150		barbecue	ˈbɑːbɪkjuː	n.	烤肉野餐	0	0		
4151		barber	ˈbɑːbə(r)	n.	（为男人理发）理发师	0	0		
4152		barbershop	ˈbɑːbəʃɒp	n.	理发店	0	0		
4153		Barcelona	.bɑ:si'lәunә		巴塞罗那（西班牙东北部港口城市）	0	0		
4154		bare	beə(r)	adj.	裸露的，光秃秃的	0	0		
4155		barren	'bærәn	adj.	贫瘠的；不结果实的	0	0		
4156		Barry Minto			巴里•明托	0	0		barry minto:0
4157		batch	bætʃ	n./vt.	一批；一组； 分批处理	0	0		
4158		bathe	beɪð	vi.	洗澡；游泳	0	0		
4159		bathrobe	ˈbɑːθrəʊb	n.	浴衣	0	0		
4160		Battle of Hastings			na. 海斯汀斯战役	0	0		battle of hastings:0
4161		battleground	ˈbæt(ə)lɡraʊnd	n.	战场	0	0		
4162		BBQ		abbr.	野外烧烤（barbecue）；烧烤炉	0	0		
4163		BCE		abbr.	化学工程学士（Bachelor of Chemical Engineering ）；土木工程学士（Bachelor of Civil Engineering）；公元前（ before common era）	0	0		
4164		be about to do sth.			即将做某事	0	0		be about to do sth.:0
4165		be attracted to			被……所吸引；被吸引到；对……有吸引力的	0	0		be attracted to:0
4166		be back on one’s feet			(困境后)恢复；完全复原	0	0		be back on one’s feet:0
4167		be bound to			一定做……	0	0		be bound to:0
4168		be composed of			由……组成（或构成）的	0	0		be composed of:0
4169		be comprised of			包括；包含； 由……组成（或构成）	0	0		be comprised of:0
4170		be concerned about			关心；挂念	0	0		be concerned about:0
4171		be content with			对……满足	0	0		be content with:0
4172		be familiar with			熟悉；与……熟悉起来	0	0		be familiar with:0
4173		be famous for			以……而闻名	0	0		be famous for:0
4174		be fond of			喜爱；喜欢	0	0		be fond of:0
4175		be likely to			很可能……；有希望……	0	0		be likely to:0
4176		be made up of			由……组成（构成）	0	0		be made up of:0
4177		be modeled after			根据……模仿；仿造	0	0		be modeled after:0
4178		be occupied with			忙着做……；忙于某事物	0	0		be occupied with:0
4179		be opposed to			反对……	0	0		be opposed to:0
4180		be responsible for		v.	负责；担负	0	0		be responsible for:0
4181		be sentenced to			被判处……（徒刑）	0	0		be sentenced to:0
4182		be tired of			对……厌烦	0	0		be tired of:0
4183		be willing to do sth.			na. 乐意进行	0	0		be willing to do sth.:0
4184		be worthy of			值得	0	0		be worthy of:0
4185		bead	bi:d	n.	小珠子；滴	0	0		
4186		bean curd			na. 豆腐	0	0		bean curd:0
4187		bean curd (also tofu)		n.	(=tofu ) 豆腐	0	0		bean curd (also tofu):0
4188		beancurd	ˈbiːnkəːd	n.	豆腐	0	0		
4189		beast	biːst	n.	野兽；牲畜；beat (beat, beaten	0	0		
4190		beaten track			被踩出来的路；常规；惯例	0	0		beaten track:0
4191		bedclothes	ˈbedkləʊðz	n.	铺盖（被褥等	0	0		
4192		beddings	ˈbedɪŋ	n.	卧具，铺盖	0	0		
4193		beef	biːf	n.	牛肉	0	0		
4194		beetle	'bi:tl	n.	甲虫	0	0		
4195		before the Common Era			无	0	0		before the common era:0
4196		behalf	bɪˈhɑːf	n.	代表某人，为了某人	0	0		
4197		beheld	bi'held	v.	见到；观察（behold的过去式和过去分词）	0	0		
4198		behold	bi'hәuld	vt./vi./int.	看；注视；把...视为； 看； 瞧；看呀	0	0		
4199		believer	bi'li:vә	n.	信徒；教徒	0	0		
4200		belly	ˈbelɪ	n.	肚子	0	0		
4201		Bering	'beriŋ		白令海峡	0	0		
4202		Berlin	bә:'lin	n.	柏林（德国首都）	0	0		
4203		best-seller	ˌbestˈselə(r)	n.	畅销书	0	0		best-seller:0
4204		bestseller	ˌbestˈselə(r)	n.	畅销书	0	0		
4205		Betsy Trotwood			贝特西.特洛特伍德	0	0		betsy trotwood:0
4206		beware	bi'wєә	v.	小心，谨防	0	0		
4207		beyond question			无可争辩，毫无疑问	0	0		beyond question:0
4208		Bible	'baibl	n.	《圣经》	0	0		
4209		bid	bɪd	v. n.	/ n. 出价，投标，向（某人）道别	0	0		
4210		Big Bang			宇宙大爆炸；创世大爆炸	0	0		big bang:0
4211		billy goat			公山羊	0	0		billy goat:0
4212		billy-goat	'bɪli:ɡ'əʊt	n.	公山羊	0	0		billy-goat:0
4213		bind	baind	v.	缚，绑	0	0		
4214		bingo	ˈbɪŋɡəʊ	n.	宾戈游戏	0	0		
4215		binoculars	bi'nɒkjulәs	n.	[光] 双筒望远镜；[光] 双筒镜，[光] 双目镜	0	0		
4216		biochemistry	ˌbaɪəʊˈkemɪstrɪ	n.	生物化学	0	0		
4217		bird field guide			无	0	0		bird field guide:0
4218		birdcage	ˈbɜːdkeɪdʒ	n.	鸟笼	0	0		
4219		biscuit	ˈbɪskɪt	n.	饼干	0	0		
4220		bishop	ˈbɪʃəp	n.	主教	0	0		
4221		bison	'baisәn	n.	北美或欧洲野牛	0	0		
4222		bitter	ˈbɪtə(r)	adj.	有苦味的；痛苦的，难过的；严酷的	0	0		
4223		blackboard	ˈblækbɔːd	n.	黑板	0	0		
4224		blacken	'blækәn	v.	使变黑	0	0		
4225		bleeding	'bli:diŋ	n.	流血；失血	0	0		
4226		blister	'blistә	n.	（皮肤上因摩擦、烫伤等引起的） 水疱；（金属等表面的）气泡、水泡	0	0		
4227		block out			挡住（光线）	0	0		block out:0
4228		blog post			博客文章；博客帖子；部落格文章	0	0		blog post:0
4229		blogger		n.	写博客的人；博客使用者	0	0		
4230		blouse	blaʊz; u.S. blaʊs	n.	宽罩衫；（妇女、儿童穿的）短上衣	0	0		
4231		blow up			爆炸；使充气	0	0		blow up:0
4232		blow-hole		n.	（隧道的）通风口；（鲸鱼的）鼻孔	0	0		blow-hole:0
4233		blurred	'blә:rid. blә:d	v./adj.	玷污；使…模糊不清；使感觉迟钝（blur的过去式和过去分词）； 模糊不清的；被弄污的	0	0		
4234		boat-race	ˈbəʊtreɪs	n.	划船比赛	0	0		boat-race:0
4235		boatrace	bəʊtˈreɪs	n.	划船比赛	0	0		
4236		bodybuilding	ˈbɒdibɪldɪŋ	n.	健美	0	0		
4237		Bondi Beach		n.	【旅】邦迪海滩	0	0		bondi beach:0
4238		bonus	ˈbəʊnəs	n.	津贴，奖金，红利	0	0		
4239		bookmark	ˈbʊkmɑːk	n.	书签	0	0		
4240		bookshop	ˈbʊkʃɔp	n.	书店	0	0		
4241		boost	bu:st	vt./n.	使增长；使兴旺； 增长；提高；激励	0	0		
4242		booth	buːð	n.	岗；（为某种用途而设的）亭或小隔间	0	0		
4243		botanical	bəˈtænɪk(ə)l	adj.	植物学的	0	0		
4244		botanist	'bɒtәnist	n.	植物学家	0	0		
4245		botany	ˈbɔtənɪ	n.	植物； 植物学	0	0		
4246		bounce around			蹦蹦气垫屋；欢乐城堡；四处混	0	0		bounce around:0
4247		bound	baʊnd	adj. v. n.	被束缚的；被绑的；有义务的 v.& n. 跳跃	0	0		
4248		bow	bəʊ	v. n.	鞠躬，弯腰行礼	0	0		
4249		bowling	ˈbəʊlɪŋ	n.	保龄球	0	0		
4250		boxing	ˈbɔksɪŋ	n.	拳击（运动	0	0		
4251		Braille	breil	n./vt.	布莱叶（法国盲人教育家）；盲人用点字法； 用盲字印	0	0		
4252		brass	bræs.brɑ:s	n.	黄铜；黄铜制品；铜管乐器	0	0		
4253		bravery	ˈbreɪvərɪ	n.	勇气	0	0		
4254		break away		v.	逃脱；突然离开；突然离去；挣脱	0	0		break away:0
4255		break away from			挣脱（束缚）；脱离	0	0		break away from:0
4256		break away from sb.		v.	脱离；离开；断绝与…的关系	0	0		break away from sb.:0
4257		break away from sth.		v.	脱离；离开；断绝与…的关系	0	0		break away from sth.:0
4258		break up			打碎；分裂；解体	0	0		break up:0
4259		breakthrough	ˈbreɪkθruː	n.	重大进展，突破	0	0		
4260		breast	brest	n.	乳房，胸脯	0	0		
4261		breathless	ˈbreθlɪs	adj.	气喘吁吁的，上气不接下气的	0	0		
4262		brewery	ˈbruːərɪ	n.	啤酒厂（公司	0	0		
4263		bridegroom	ˈbraɪdɡruːm	n.	新郎	0	0		
4264		briefly	'brifli	adv.	简要地；短暂地	0	0		
4265		brimful	brim'fjl	adj.	盈满的；满到边际的	0	0		
4266		bring ... to life			na. 使苏醒	0	0		bring ... to life:0
4267		bring … to life			赋予……生命；使……鲜活起来	0	0		bring … to life:0
4268		bring back to life			使复生；使复活	0	0		bring back to life:0
4269		bronze	brɒnz	n./adj.	青铜；深红褐色； 青铜色的；深红褐色的	0	0		
4270		broom	bruːm	n.	扫帚	0	0		
4271		brotherhood	ˈbrʌðəhʊd	n.	兄弟般的关系	0	0		
4272		bruise	bru:z	n./v.	瘀伤；擦伤；瘀伤；擦伤	0	0		
4273		bubble	'bʌbl	n./vt./vi.	气泡，泡沫，泡状物；透明圆形罩，圆形顶； 使冒泡；滔滔不绝地说； 沸腾，冒泡；发出气泡声	0	0		
4274		bucket	ˈbʌkɪt	n.	铲斗；桶	0	0		
4275		Buckingham Palace			白金汉宫	0	0		buckingham palace:0
4276		Buddha	'budә	n.	佛	0	0		
4277		Buddhism	ˈbʊdɪz(ə)m	n.	佛教	0	0		
4278		buddhist	ˈbudist	n.	佛教徒	0	0		
4279		buffet	ˈbʊfeɪ; (US) bəˈfeɪ	n.	自助餐；build (built, built	0	0		
4280		Buford		n.	布福德（姓氏；男名）	0	0		
4281		Bulgaria	bʌl'^eәriә		保加利亚（国家名）	0	0		
4282		bull	bul	n.	公牛	0	0		
4283		bump	bʌmp	v.	碰撞；撞击	0	0		
4284		bun	bʌn	n.	馒头；小甜面包	0	0		
4285		bungalow	ˈbʌŋɡələʊ	n.	平房	0	0		
4286		bungee jumping		n.	【体】蹦极跳	0	0		bungee jumping:0
4287		Buñol			无	0	0		
4288		bureaucratic	bjuəˌrəuˈkrætik	adj.	官僚的	0	0		
4289		burglar	ˈbɜːɡlə(r)	n.	入室窃贼	0	0		
4290		Burgundy	'bә:gәndi		勃艮第	0	0		
4291		burial	ˈberɪəl	n.	埋葬；burn (--ed, --ed 或 burnt, burnt	0	0		
4292		Burma	'bә:mә	n.	缅甸	0	0		
4293		burn to the ground			全部焚毁	0	0		burn to the ground:0
4294		burst into laughter			突然笑起来；大声笑了出来	0	0		burst into laughter:0
4295		bury	ˈberɪ	vt.	埋；葬	0	0		
4296		Butchart Gardens			布查特花园	0	0		butchart gardens:0
4297		butcher	ˈbʊtʃə	n. vt.	肉店；屠夫 屠宰（动物）；残杀（人	0	0		
4298		butter	ˈbʌtə(r)	n.	黄油，奶油	0	0		
4299		butterfly	ˈbʌtəflaɪ	n.	蝴蝶	0	0		
4300		by coincidence			巧合地	0	0		by coincidence:0
4301		by contrast			相比之下	0	0		by contrast:0
4302		by means of…			用……办法；借助……	0	0		by means of…:0
4303		bye	baɪ	int.	再见	0	0		
4304		byproduct	'bai.prɒdækt	n.	副产品	0	0		
4305		cabbage	ˈkæbɪdʒ	n.	卷心菜，洋白菜	0	0		
4306		cabin	'kæbin	n.	小屋；船舱	0	0		
4307		cable	'keibl	n.	电缆；缆绳	0	0		
4308		cable car			缆车；（美）有轨缆车	0	0		cable car:0
4309		café		n.	无	0	0		
4310		cafeteria	kæfɪˈtɪərɪə	n.	自助餐厅	0	0		
4311		Cairo	'kaiәrәu	n.	开罗（埃及首都）	0	0		
4312		Caius			凯厄斯	0	0		
4313		Calgary	'kæl^әri	n.	卡尔加里（加拿大城市）	0	0		
4314		Californian	.kæli'fɒ:njәn		加利福尼亚（州）人	0	0		
4315		call up			给……打电话	0	0		call up:0
4316		calligraphy	kә'ligrәfi	n.	书法；笔迹	0	0		
4317		calm(…)down			（使）平静下来；（使）镇定下来	0	0		calm(…)down:0
4318		Cambodian	kæm'bәjdiәn	n.	柬埔寨人；柬埔寨语	0	0		
4319		Camelot Park			卡默洛特公园（位于英国）	0	0		camelot park:0
4320		Canberra	'kænbәrә		堪培拉（澳大利亚首都）	0	0		
4321		canteen	kænˈtiːn	n.	餐厅；食堂	0	0		
4322		Cantonese	.kæntә'ni:z	n./adj.	广东人；广东话； 广州的，广州人的	0	0		
4323		canvas	'kænvәs	n.	帆布；画布	0	0		
4324		capable	'keipәbl	adj.	能干的，能胜任的；有才华的	0	0		
4325		Cape Town			开普敦（南非立法首都）	0	0		cape town:0
4326		capsule	ˈkæpsjuːl; (US) ˈkæpsl	n.	（药）胶囊	0	0		
4327		Captain Bligh			布莱船长	0	0		captain bligh:0
4328		caption	ˈkæpʃ(ə)n	n.	（图片，漫画等的）说明文字	0	0		
4329		cardiac	'kɑ:diæk	n./adj.	强心剂；强胃剂； 心脏的；心脏病的；贲门的	0	0		
4330		cardiopulmonary resuscitation			un. 心肺复苏	0	0		cardiopulmonary resuscitation:0
4331		Carla	'kɑ:lә	abbr.	code actuated random load apparatus 代码驱动随机加载装置	0	0		
4332		carnival	'kɑ:nivәl	n.	狂欢节，嘉年华会；饮宴狂欢	0	0		
4333		carrot	ˈkærət	n.	胡萝卜	0	0		
4334		carry sb. through sth.			na. 完成(计划等)；坚持到底	0	0		carry sb. through sth.:0
4335		cassette	kəˈset	n.	磁带	0	0		
4336		cast	kɑːst; (US) kæst	v.	扔，抛，撒	0	0		
4337		cast down			沮丧；不愉快	0	0		cast down:0
4338		catastrophe	kəˈtæstrəfɪ	n.	灾难，灾祸，不幸事件；catch(caught,caught	0	0		
4339		catch fire			着火	0	0		catch fire:0
4340		catch sight of			看见；瞥见	0	0		catch sight of:0
4341		categorise	'kæti^әraiz	vt.	分类；加以类别	0	0		
4342		cater for sb			为某人提供，迎合某人的需要	0	0		cater for sb:0
4343		cater for sth			迎合，考虑到	0	0		cater for sth:0
4344		catfish	'kætfiʃ	n.	鲶鱼	0	0		
4345		cathedral	kəˈθiːdr(ə)l	n.	大教堂（天主教	0	0		
4346		CatherineⅡ			叶卡捷琳娜二世（俄国女皇）	0	0		
4347		catholic	ˈkæθəlɪk	adj.	天主教的	0	0		
4348		caution	ˈkɔːʃ(ə)n	n.	谨慎，小心，警告	0	0		
4349		CD-ROM	ˌsi:ˈdi: -rɔm,rəʊm		信息储存光盘(compact disk read-only memory的缩写)	0	0		cd-rom:0
4350		CE		abbr.	化学工程师（Chemical Engineer）；总工程师（Chief Engineer）；土木工程师（Civil Engineer）；英国国教（Church of England）；欧洲理事会（Council of Europe）	0	0		
4351		cease	si:s	vi./vt.	（使）停止；终止	0	0		
4352		cease to be			不再是	0	0		cease to be:0
4353		celestial	si'lestjәl	adj.	天上的	0	0		
4354		cellar	ˈselə(r)	n.	地窖；地下储藏室	0	0		
4355		Celsius	'selsiәs	adj.	(温度)摄氏的	0	0		
4356		cement	si'ment	n.	水泥	0	0		
4357		cemetery	'semitәri	n.	墓地；公墓	0	0		
4358		centigrade	ˈsentɪɡreɪd	adj.	摄氏的	0	0		
4359		centimetre	ˈsentiˌmiːtə(r)	n.	(美 centimeter) n. 公分，厘米	0	0		
4360		Central Park			中央公园（位于美国纽约）	0	0		central park:0
4361		ceramic	si'ræmik	n.	陶瓷制品；制陶艺术	0	0		
4362		certainty	'sә:tәnti	n.	确实	0	0		
4363		Ceylon	si'lɒn	n.	锡兰（印度以南一岛国，现以更名为斯里兰卡Srilanka）	0	0		
4364		chairwoman	ˈtʃɛəˌwumən	n.	女主席, 女会长；女议长	0	0		
4365		Challenger	'tʃælindʒә	n.	挑战者	0	0		
4366		Chandra Theeravit			无	0	0		chandra theeravit:0
4367		change one’s mind			改变主意	0	0		change one’s mind:0
4368		chant	tʃɑːnt	v. n.	/ n.反复呼喊	0	0		
4369		chaos	ˈkeɪɔs	n.	混乱，杂乱，紊乱	0	0		
4370		Charles Babbage			查尔斯•巴比奇（英国数学教授）	0	0		charles babbage:0
4371		Charles Keeling			查尔斯•基林	0	0		charles keeling:0
4372		Charlie Chaplin			查理•卓别林（英国喜剧大师）	0	0		charlie chaplin:0
4373		Charlotte Bronte			夏洛蒂.勃朗特	0	0		charlotte bronte:0
4374		charm	tʃɑ:m	n./vt./vi.	魅力，吸引力；魔力； 使陶醉；行魔法； 有魔力；用符咒	0	0		
4375		charming	'tʃɑ:miŋ	adj.	迷人的；有魅力的	0	0		
4376		chart	tʃɑːt	n.	图表；航海图	0	0		
4377		check out			na. 开支票(提款)；(旅馆)付账后离开；及格；〔美俚〕死	0	0		check out:0
4378		cheek	tʃiːk	n.	面颊，脸蛋	0	0		
4379		cheekbone	'tʃi:kbәun	n.	颧骨	0	0		
4380		cheer up	tʃɪə(r)-ʌp	v.	振作起来！提起精神！	0	0		cheer up:0
4381		cheers	tʃɪə(r)	int.	干杯，(口)谢谢，再见	0	0		
4382		cheque	tʃek	n.	(美check) n. 支票	0	0		
4383		chewing gum			口香糖	0	0		chewing gum:0
4384		Chiang Mai		n.	【旅】清迈	0	0		chiang mai:0
4385		chilli	'tʃili	n.	红辣椒	0	0		
4386		chilli (NAmE chili)		n.	辣椒	0	0		chilli (name chili):0
4387		chimney	ˈtʃɪmnɪ	n.	烟囱，烟筒	0	0		
4388		chin	tʃin	n.	下巴	0	0		
4389		China Welfare Institute			中国福利基金会	0	0		china welfare institute:0
4390		chips	tʃɪp	n.	(pl.)炸土豆条（片	0	0		
4391		chiwen			无	0	0		
4392		choir	ˈkwaɪə(r)	n.	合唱团，教堂的唱诗班	0	0		
4393		cholera	'kɒlәrә	n.	霍乱	0	0		
4394		choral	'kɒ:rәl	adj.	唱诗班的；合唱队的	0	0		
4395		chorus	ˈkɔːrəs	n.	合唱曲，歌咏队	0	0		
4396		Christian	ˈkrɪstɪən	n.	基督教徒和天主教徒的总称	0	0		
4397		Christianity	.kristʃi'æniti	n.	基督教	0	0		
4398		christmas card	ˈkrɪsməs kɑːd	n.	圣诞卡	0	0		christmas card:0
4399		Christmas carol		n.	圣诞颂歌	0	0		christmas carol:0
4400		christmas tree	ˈkrɪsməs triː	n.	圣诞树	0	0		christmas tree:0
4401		Christopher Columbus			克利斯朵夫•哥伦布（意大利航海家）	0	0		christopher columbus:0
4402		chrysanthemum	kri'sænθәmәm	n.	菊花	0	0		
4403		Churchill	'tʃә:tʃil	n.	邱吉尔（英国政治家及作家）	0	0		
4404		cigar	sɪˈɡɑː(r)	n.	雪茄烟	0	0		
4405		cinquain	siŋ'kwein	n.	五行诗	0	0		
4406		Circe	'sә:si		瑟茜（希腊神话女巫，有把人变成猪的法术）	0	0		
4407		circuit	ˈsɜːkɪt	n.	环形路线，巡回赛	0	0		
4408		circular	'sә:kjulә	adj.	圆(形)的,环形的；循环的；环行的	0	0		
4409		circulate	ˈsɜːkjʊleɪt	v.	（液体或气体）环流，循环	0	0		
4410		cite	sait	vt.	引用；引述	0	0		
4411		civilian	sɪˈvɪlɪən	n.	平民，老百姓	0	0		
4412		civilisation	,sivilai'zeiʃən;-li'z-	n.	（英）文明（等于civilization）	0	0		
4413		civilization	sɪvɪlaɪˈzeɪʃ(ə)n; (US) sɪvəlɪˈzeɪʃən	n.	文明	0	0		
4414		clam	klæm	n.	蛤	0	0		
4415		Clancy		n.	克兰西（男名）	0	0		
4416		clap	klæp	vi.	拍手；鼓掌	0	0		
4417		Claude Monet			克劳德·莫奈（法国印象派画家）	0	0		claude monet:0
4418		clay	kleɪ	n.	黏土，陶土	0	0		
4419		clean up			na. 收拾干净；【机械工程】改正；〔俚语〕赚厚利	0	0		clean up:0
4420		Clearing After Snow on a Mountain Pass			函关雪霁图》（明代画家唐寅画作）	0	0		clearing after snow on a mountain pass:0
4421		clerk	klɑːk; (US) klərk	n.	书记员；办事员；职员	0	0		
4422		client	'klaiәnt	n.	委托人；当事人；客户	0	0		
4423		cliff	klif	n.	悬崖，峭壁	0	0		
4424		cloth	klɔθ; (US) klɔθ	n.	布	0	0		
4425		clover	'klәuvә	n.	三叶草	0	0		
4426		clumsy	ˈklʌmzɪ	adj.	笨拙的，不灵巧的	0	0		
4427		cm		abbr.	厘米（centimeter）；普通格律（common meter）；军事法庭（court-martial）	0	0		
4428		co-operate	'kəʊ'ɒpəreɪt	v.	（常与 with 连用）合作	0	0		co-operate:0
4429		co-operative	'kəʊ'ɒpərətɪv	adj.	合作的	0	0		co-operative:0
4430		co-worker	ˈkəʊ ˈwɜːkə(r)	n.	合作者；同事【连字符】	0	0		co-worker:0
4431		coarse	kɒ:s	adj.	粗糙的；鲁莽的	0	0		
4432		cobblestone	'kɔblәstәjn	adj.	铺有鹅卵石的	0	0		
4433		cock	kɔk	n.	公鸡	0	0		
4434		coffin	'kɒfin	n.	棺材	0	0		
4435		coherent	kәu'hiәrәnt	adj.	有条理的；清楚易懂的	0	0		
4436		cold-blooded	ˌkəʊldˈblʌdɪd	adj.	（动物）冷血的	0	0		cold-blooded:0
4437		coldblooded	kəʊld blʌdɪd	a.	(动物) 冷血的	0	0		
4438		collision	kəˈlɪʒ(ə)n	n.	碰撞事故；colour (美color	0	0		
4439		collision course			冲突（的前进或者行动）	0	0		collision course:0
4440		Colobus monkey			（非洲产）疣猴，髯猴	0	0		colobus monkey:0
4441		Colombia	kә'læmbiә	n.	哥伦比亚（南美洲国家）	0	0		
4442		Colombo	kә'lʌmbәu	n.	科伦坡（斯里兰卡首都）	0	0		
4443		colonel	'kә:nәl	n.	（陆军）上校	0	0		
4444		Columbus Day			哥伦布日	0	0		columbus day:0
4445		column	'kɒlәm	n.	（书、报纸印刷页上的）栏； 专栏；柱（形物）	0	0		
4446		combat	'kɒmbæt	n.	战争，战斗，斗争	0	0		
4447		come down			na. 败落；退步；(飞机的)下降	0	0		come down:0
4448		come down with			患（病）；染上（小病）	0	0		come down with:0
4449		come into being			形成；产生	0	0		come into being:0
4450		come to a conclusion			na. 结束；得到一个结论	0	0		come to a conclusion:0
4451		come to life			活跃起来	0	0		come to life:0
4452		come to power			（开始）掌权；上台	0	0		come to power:0
4453		comet	'kɒmit	n.	慧星	0	0		
4454		comic	'kɒmik	n./adj.	连环漫画；喜剧演员；滑稽人物； 喜剧的；滑稽的；有趣的	0	0		
4455		Coming-of-Age Day			无	0	0		coming-of-age day:0
4456		comma	ˈkɔmə	n.	逗号	0	0		
4457		command	kəˈmɑːnd; (US) kəˈmænd	n. v.	命令	0	0		
4458		commercialisation	kəˌmɜ:ʃəlaɪ'zeɪʃən	n.	商业化	0	0		
4459		commercialise	kə'mɜ:ʃəlaɪz	vt.	使商业化，使经营化，使成为营利手段	0	0		
4460		commercialization		n.	商品化，商业化	0	0		
4461		commit	kəˈmɪt	v.	犯（罪，错），自杀	0	0		
4462		commit oneself to (sth/doing sth/do sth)			承诺；保证（做某事、遵守协议或安排等）	0	0		commit oneself to (sth/doing sth/do sth):0
4463		committed		adj.	尽心尽力的；坚定的； 坚信的	0	0		
4464		Common Era		n.	公元	0	0		common era:0
4465		Commonwealth	'kɔmәnwelθ	n.	联邦	0	0		
4466		communism	ˈkɔmjʊnɪz(ə)m	n.	共产主义	0	0		
4467		communist	ˈkɔmjuːnɪst	n. adj.	共产主义者 a. 共产党的；共产主义的	0	0		
4468		compare ... to ...			un. 核对记录；商量了一番；比较；和…相仿	0	0		compare ... to ...:0
4469		compare ... with ...			na. 和…比较[对照]	0	0		compare ... with ...:0
4470		compass	ˈkʌmpəs	n.	罗盘，指南针	0	0		
4471		complicated	'kɒmplikeitid	adj.	复杂的；难懂的	0	0		
4472		compose	kәm'pәuz	vt./vi.	组成；作曲；撰写	0	0		
4473		composer	kәm'pәuzә	n.	作曲家；作家，著作者；设计者	0	0		
4474		comprehension	kɔmprɪˈhenʃ(ə)n	n.	理解	0	0		
4475		comprehensive	.kɒmpri'hensiv	adj.	全部的；所有的；详尽的	0	0		
4476		comprise	kәm'praiz	vt.	包括；包含；由……组成	0	0		
4477		computer game	kəmˈpjuːtə(r) ɡeɪm	n.	电子游戏	0	0		computer game:0
4478		comrade	ˈkɔmrɪd; (US) ˈkɑmræd	n.	同志	0	0		
4479		conception	kɒn'sepʃәn	n.	主意；计划	0	0		
4480		concession	kәn'seʃәn	n.	让步，让与某人之物	0	0		
4481		concise	kәn'sais	adj.	简明的；简练的	0	0		
4482		condemn	kənˈdem	v.	谴责，指责，宣判	0	0		
4483		condom	'kɒndәm	n.	避孕套	0	0		
4484		Confucianism	kәn'fju:ʃjәnizm	n.	孔子学说；儒家（学说）	0	0		
4485		confuse	kənˈfjuːz	v.	使迷惑，混淆	0	0		
4486		confusing		adj.	令人困惑的	0	0		
4487		Congo	'kɔŋ^әu	n.	刚果（位于非洲中部）	0	0		
4488		conscience	ˈkɔnʃəns	n.	良心，良知，内疚	0	0		
4489		consensus	kənˈsensəs	n.	一致的意见，共识	0	0		
4490		consist of			由……组成（或构成）	0	0		consist of:0
4491		constitution	kɔnstɪˈtjuːʃ(ə)n; (US) kɔnstəˈtuːʃən	n.	宪法，章程，身体素质	0	0		
4492		constitutional	.kɒnsti'tju:ʃәnl	adj.	宪法的	0	0		
4493		consulate	'kɒnsjulit	n.	领事；领事馆；领事任期；领事职位	0	0		
4494		consultant	kənˈsʌltənt	n.	顾问	0	0		
4495		consultation	.kɒnsәl'teiʃәn	n.	咨询；磋商；[临床] 会诊；讨论会	0	0		
4496		contest	'kɒntest	n./vt.	比赛；竞赛；竞争； 争取赢得（比赛、选举等）；争辩	0	0		
4497		contradiction	.kɒntrә'dikʃәn	n.	反驳，矛盾	0	0		
4498		contradictory	ˌkɔntrəˈdiktəri	adj.	相互矛盾,对立的	0	0		
4499		cooker	ˈkʊkə(r)	n.	炊具(锅、炉灶、烤炉等	0	0		
4500		coral	ˈkɔr(ə)l; (US) ˈkɔːrəl	n.	珊瑚；珊瑚虫	0	0		
4501		Cordelia	kɔ:'di:ljə		科迪莉亚	0	0		
4502		cordless	ˈkɔːdlɪs	adj.	无线的	0	0		
4503		Cornwall	'kɔ:nwɔ:l		康沃尔	0	0		
4504		correction	kəˈrekʃ(ə)n	n.	改正	0	0		
4505		correspond	kɔrɪˈspɔnd; (US) kɔːrəˈspɔnd	vi.	一致；与……相当；(与人)通信，有书信往来	0	0		
4506		correspond with			与……通信	0	0		correspond with:0
4507		correspondence	.kɒri'spɒndәns	n.	来往信件；通信联系	0	0		
4508		corrupt	kəˈrʌpt	adj. v.	/ v. 贪污的，腐败的，使腐化，堕落；cost (cost, cost	0	0		
4509		cost an arm and a leg			（使）花一大笔钱	0	0		cost an arm and a leg:0
4510		cosy	ˈkəuzi	adj.	暖和舒适的,亲密无间的	0	0		
4511		cosy (NAmE cozy)		adj.	温馨的；舒适的	0	0		cosy (name cozy):0
4512		count up			把……加起来	0	0		count up:0
4513		courageous	kә'reidʒәs	adj.	勇敢的，有胆量的	0	0		
4514		courtroom	'kɒ:trum	n.	法庭；审判室	0	0		
4515		courtyard	ˈkɔːtjɑːd	n.	庭院，院子	0	0		
4516		coverage	'kʌvәridʒ	n.	覆盖，覆盖范围；新闻报道	0	0		
4517		cowboy	ˈkaʊbɔɪ	n.	（美国）牛仔;牧场骑士	0	0		
4518		cradle	'kreidl	n.	摇篮；发源地	0	0		
4519		craftsman	'kræftsmәn	n.	匠人；能工巧匠	0	0		
4520		craftsmanship		n.	技艺；手艺；精工细作	0	0		
4521		crane	krein	n.	鹤；吊车；起重机	0	0		
4522		crayon	ˈkreɪən	n.	蜡笔；蜡笔画	0	0		
4523		creatively		adv.	创造性地；有创造力地	0	0		
4524		creed	kri:d	n.	信条	0	0		
4525		Crete	kri:t		克里特岛（希腊位于地中海西部的一个岛屿）	0	0		
4526		crisis	'kraisis	n.	（pl. crises）危机； 危急关头	0	0		
4527		criticise	'kritisaiz	vt./vi.	批评；吹毛求疵；非难； 批评；吹毛求疵；非难	0	0		
4528		criticise (NAmE criticize)		vi./vt.	批评；指责；评价	0	0		criticise (name criticize):0
4529		criticism	'kritisizm	n.	批评；指责；评论	0	0		
4530		crossroads	ˈkrɔsrəʊd	n.	交叉路口	0	0		
4531		crowd in			（想法、问题等）涌上心头；涌入脑海	0	0		crowd in:0
4532		crucial	'kru:ʃәl	adj.	至关重要的；关键性的	0	0		
4533		cruelty	'kru:әlti	n.	残忍；残酷	0	0		
4534		crush	krʌʃ	vt./n.	毁坏；压坏；压碎； 拥挤的人群	0	0		
4535		cube	kjuːb	n.	立方体	0	0		
4536		cubic	ˈkjuːbɪk	adj.	立方体的，立方形的	0	0		
4537		Cubism	'kju:bizm	n.	立体主义；立体派	0	0		
4538		cucumber	'kju:kәmbә	n.	黄瓜	0	0		
4539		cue	kju:	n./vt.	提示；暗示；信号； 给（某人）暗示（或提示）	0	0		
4540		cuisine	kwɪˈziːn	n.	饭菜，佳肴	0	0		
4541		culture shock			文化冲击	0	0		culture shock:0
4542		cunning	'kʌniŋ	adj.	善于骗人的，狡猾的	0	0		
4543		cupboard	ˈkʌbəd	n.	碗柜；橱柜	0	0		
4544		curiously	'kjuәriәsli	adv.	好奇地	0	0		
4545		curriculum	kəˈrɪkjʊləm	n.	（学校的）全部课程	0	0		
4546		curriculum vitae		n.	履历，简历	0	0		curriculum vitae:0
4547		curtsy	'kә:tsi	v./n.	行屈膝礼；（女子行的）屈膝礼	0	0		
4548		Cusco	'ku:skәu		库斯科[秘鲁南部城市](11世纪初起至16世纪为印加帝国首都)	0	0		
4549		cut ... out			na. 割掉；除去；剪下；开辟	0	0		cut ... out:0
4550		cut off			切断	0	0		cut off:0
4551		cut up			切碎	0	0		cut up:0
4552		Cuzco	'ku:skәu	n.	库斯科（秘鲁南部城市）	0	0		
4553		cyberbully		vt./vi./n.	网霸; 网络欺凌; 是指通过电子邮件、即时对话、站点、博客留言; 以及手机等电子方式； 网霸，（意思同上）； 网霸者	0	0		
4554		cypress	'saiprәs	n.	[林] 柏树，柏木属植物（原产北美、欧、亚）；柏树枝（用作哀悼的标志）	0	0		
4555		Czar	zɑ:	n.	沙皇	0	0		
4556		Czech Republic			捷克共和国（东欧国家）	0	0		czech republic:0
4557		d’Incaville			汤执中（法）	0	0		
4558		daily routine			日常生活	0	0		daily routine:0
4559		dairy	'dєәri	adj./n.	奶制的；乳品（业）的； 乳制品；乳品店；牛奶厂	0	0		
4560		Daisy	'deizi	n.	戴茜（女名）	0	0		
4561		dangle	'dæŋgl	v.	悬挂，摇摆，使晃动	0	0		
4562		Danish	'deiniʃ	n./adj.	丹麦语； 丹麦的；丹麦人的；丹麦语（文）的	0	0		
4563		Darlene Coulon			达琳•库隆	0	0		darlene coulon:0
4564		darling	'dɑ:liŋ	n./adj.	心爱的人；亲爱的，可爱的	0	0		
4565		dash	dæʃ	v. n.	快跑，冲刺，短跑	0	0		
4566		database	ˈdeɪtbeɪs	n.	资料库，数据库	0	0		
4567		date back		phrase.	追溯到	0	0		date back:0
4568		date back to			追述到，远在……年代	0	0		date back to:0
4569		date back to ...			na. 回溯至	0	0		date back to ...:0
4570		day and night			夜以继日地， 日夜; 不舍昼夜; 日日夜夜; 白天黑夜	0	0		day and night:0
4571		DDT	,di:,di:'ti:	n.	滴滴涕（旧时尤用作农业杀虫剂）	0	0		
4572		dead to the world			熟睡的	0	0		dead to the world:0
4573		deadly	'dedli	adj.	致命的	0	0		
4574		deceased	di'si:st	adj.	已死的；亡故的	0	0		
4575		deceitful	di'si:tful	adj.	欺诈的，不诚实的	0	0		
4576		decent	'di:sәnt	adj.	相当不错的；正派的；得体的	0	0		
4577		deception	di'sepʃәn	n.	欺骗，诡计	0	0		
4578		dedicate	'dedikeit	adj.	献(身), 致力	0	0		
4579		deep down			在内心深处；本质上；实际上	0	0		deep down:0
4580		defence	di'fens	n.	防御; 防务	0	0		
4581		defend	dɪˈfend	vt.	防守；保卫	0	0		
4582		defend against			保卫……以免受	0	0		defend against:0
4583		dehydration	.di:hai'dreiʃәn	n.	脱水	0	0		
4584		delete	dɪˈliːt	v.	删去	0	0		
4585		demonstrate	'demәnstreit	vt.	表现；表达；说明；证明	0	0		
4586		Dempsey			登普西（姓）	0	0		
4587		Denmark	'denmɑ:k	n.	丹麦（欧洲国家）	0	0		
4588		dentist	ˈdentɪst	n.	牙科医生 ；department(缩Dept.	0	0		
4589		deny	di'nai	vt.	否认；否定；拒绝	0	0		
4590		Department of Obstetrics and Gynecology			《英汉医学词典》Department of obstetrics and gynecology；妇科	0	0		department of obstetrics and gynecology:0
4591		department-store	dɪˈpɑːtmənt-stɔː(r)	n.	百货商场【连字符】	0	0		department-store:0
4592		departure	dɪˈpɑːtʃə(r)	n.	离开，启程	0	0		
4593		depressed	di'prest	adj.	沮丧的；意志消沉的	0	0		
4594		despair	di'spєә	n./vi.	绝望；令人绝望的人或事； 绝望，丧失信心	0	0		
4595		detective	dɪˈtektɪv	n.	侦探	0	0		
4596		devote ... to		v.	把…贡献给	0	0		devote ... to:0
4597		devote... to			把……用于；献身；致力；专心	0	0		devote... to:0
4598		dewdrop	'dju:drɔp	n.	露珠；水珠	0	0		
4599		diagram	ˈdaɪəɡræm	n.	图表，图样	0	0		
4600		dial	ˈdaɪ(ə)l	vt.	拨（电话号码）；dialogue (美 dialog	0	0		
4601		dialect	'daiәlekt	n./adj.	方言，土话；同源语；行话；个人用语特征； 方言的	0	0		
4602		dialog	ˈdaɪəlɔɡ	n.	对话【美】	0	0		
4603		diameter	dai'æmitә	n.	直径	0	0		
4604		diarrhoea	daiә'riә	n.	腹泻	0	0		
4605		dictation	dɪkˈteɪʃ(ə)n	n.	听写	0	0		
4606		didgeridoo	did'dʒeridu:	n.	迪吉里杜管（澳大利亚土著使用的一种乐器）	0	0		
4607		dig out			掘出；发现	0	0		dig out:0
4608		dignity	ˈdɪɡnɪtɪ	n.	庄重，庄严，尊严。尊贵，高尚	0	0		
4609		dilemma	daɪˈlemə	n.	（进退两难的）窘境，困境	0	0		
4610		dim sim			烧麦；驰名美点	0	0		dim sim:0
4611		dim sum		n.	点心（中国食品）	0	0		dim sum:0
4612		dip	dɪp	vt.	浸，蘸；把…放入又取出	0	0		
4613		diplomat	'diplәmæt	n.	外交家，外交官	0	0		
4614		directory	dɪˈrektərɪ	n.	姓名地址录	0	0		
4615		disc	disk	n./vt.	圆盘，[电子] 唱片（等于disk）； 灌唱片	0	0		
4616		disco	'diskәu	n.	迪斯科舞会；迪斯科舞厅	0	0		
4617		disguise	dis'gaiz	n./vt.	伪装；假装；用作伪装的东西； 掩饰；假装；隐瞒	0	0		
4618		disgusting	dɪsˈɡʌstɪŋ	adj.	极糟的，令人不快的，令人厌恶的	0	0		
4619		disk	dɪsk	n.	磁盘；唱片	0	0		
4620		dismay	dis'mei	v.	使沮丧，使灰心	0	0		
4621		disonest		adj.	不诚实的	0	0		
4622		disposal	dis'pәuzәl	n.	去掉；清除；处理	0	0		
4623		dispose	dis'pәuz	v.	布置；安排	0	0		
4624		disrespectful	.disri'spektful	adj.	失礼的，无礼的	0	0		
4625		disrespectfully	,disri'spektfəli	adv.	失礼地，无理地	0	0		
4626		dissolve	di'zɒlv	v.	溶解；解散	0	0		
4627		distinct	dis'tiŋkt	adj.	清晰的；清楚的；有区别的	0	0		
4628		divide…into			把……分成	0	0		
4629		divorce	dɪˈvɔːs	v.	离婚	0	0		
4630		dizzy	ˈdɪzɪ	adj.	头眩目晕的；do (did, done) donˈt=do not	0	0		
4631		do everything in one’s power to			竭尽全力去做某事	0	0		do everything in one’s power to:0
4632		dock	dɒk	n./vt./vi.	码头；船坞；被告席；尾巴的骨肉部分； 使靠码头；剪短； 入船坞	0	0		
4633		doctorate	'dɒktәrit	n.	博士学位	0	0		
4634		Dollywood		n.	多莉山主题公园	0	0		
4635		domain	dәu'mein	n.	领域；域名；产业；地产	0	0		
4636		dominate	'dɒmineit	vt./vi.	支配；控制；占有优势	0	0		
4637		donate ... to ...			捐赠；捐助；赠予	0	0		donate ... to ...:0
4638		doom	du:m	v.	注定	0	0		
4639		dormitory	ˈdɔːmɪtərɪ; (US) ˈdɔːrmɪtɔːrɪ	n.	学生宿舍（缩写式dorm	0	0		
4640		dot	dɔt	n.	点，小点，圆点	0	0		
4641		dough	dәu	n.	生面团	0	0		
4642		download	ˈdaunləud	n. v.	下载	0	0		
4643		downstairs	ˈdaʊnsteəz	adv.	在楼下；到楼下	0	0		
4644		downward	ˈdaʊnwəd	adv.	向下	0	0		
4645		draft	drɑːft; (US) dræft	n. v.	/ v. 草稿，草案，起草，草拟	0	0		
4646		drag	dræɡ	v.	拖；拽；draw (drew, drawn	0	0		
4647		dragon	'drægәn	n.	龙；凶暴的人，凶恶的人；严厉而有警觉性的女人	0	0		
4648		dramatic	drә'mætik	adj.	巨大的；突然的；急剧的；戏剧（般）的	0	0		
4649		draw a conclusion			提出结论	0	0		draw a conclusion:0
4650		dread	dred	v.	害怕；畏惧	0	0		
4651		dream of			梦见；梦想；设想	0	0		dream of:0
4652		dress sb. up			na. 乔装；装扮；为…打扮；盛装打扮	0	0		dress sb. up:0
4653		dress up			na. 乔装；装扮；为…打扮；盛装打扮	0	0		dress up:0
4654		driftnet		n.	流网	0	0		
4655		droop	dru:p	v.	低垂；凋萎；萎靡	0	0		
4656		drop into			进入（某地），顺便拜访	0	0		drop into:0
4657		drown	draʊn	vi.	溺死；淹没	0	0		
4658		drum	drʌm	n.	鼓	0	0		
4659		dry out			（使浸水等之物）完全变干；干透	0	0		dry out:0
4660		dry up			（指河流、井等）干涸	0	0		dry up:0
4661		duchess	'dʌtʃis	n.	公爵夫人；女公爵	0	0		
4662		duck-billed platypus			鸭嘴兽	0	0		duck-billed platypus:0
4663		duke	dju:k	n.	公爵	0	0		
4664		dumpling	ˈdʌmplɪŋ	n.	饺子	0	0		
4665		dusk	dʌsk	n.	黄昏	0	0		
4666		dustbin	ˈdʌstbɪn	n.	垃圾箱	0	0		
4667		DVD	ˌdiːviːˈdiː	n.	数码影碟(digital versatile disk	0	0		
4668		eagle	ˈiːɡ(ə)l	n.	鹰	0	0		
4669		early on			在初期；早先	0	0		early on:0
4670		earn a living			谋生；谋生或维持生活；赚钱谋生	0	0		earn a living:0
4671		earn one’s living			谋生	0	0		earn one’s living:0
4672		earphone	'iәfәun	n.	耳机	0	0		
4673		earthquake	ˈɜːθkweɪk	n.	地震	0	0		
4674		ease	iːz	v.	减轻；缓解（难度或严重程度	0	0		
4675		eastward	'i:stwәd	adv./adj.	向东；向东的；朝东的	0	0		
4676		easygoing	ˈiːzɪ-ˈɡəʊɪŋ	a.	随和的	0	0		
4677		eccentric	ik'sentrik	adj.	古怪的	0	0		
4678		economical	.i:kә'nɒmikәl	adj.	节约的；经济的	0	0		
4679		Ecuador	'ekwәdɒ:	n.	厄瓜多尔（位于拉丁美洲）	0	0		
4680		edition	ɪˈdɪʃ(ə)n	n.	（发行物的）版，版（本	0	0		
4681		Edmonds			[人名] [英格兰人姓氏] 埃德蒙兹取自父名，来源于Edmond,含义是“埃德蒙之子”(son of Edmond); [地名] [美国] 埃德蒙兹	0	0		
4682		Edmonton	'edmәntәn		埃德蒙顿（加拿大城市）	0	0		
4683		Edward Lear			爱德华•李尔（英国作家、画家）	0	0		edward lear:0
4684		efficiency	i'fiʃәnsi	n.	效率；功效	0	0		
4685		eggplant	ˈeɡplɑːnt	n.	茄子	0	0		
4686		Egypt	ˈiːdʒɪpt	n.	埃及（非洲国家）	0	0		
4687		eighth	eɪtθ	num.	第八	0	0		
4688		eighty	ˈeɪtɪ	num.	八十	0	0		
4689		elastic	i'læstik	adj.	有弹性的	0	0		
4690		elect	ɪˈlekt	vt.	（投票）选举	0	0		
4691		election	i'lekʃәn	n.	选举；当选；选择权；上帝的选拔	0	0		
4692		electric shock			触电；电击	0	0		electric shock:0
4693		elevator	'eliveitә	n.	电梯；升降机	0	0		
4694		Elias	i'laiәs	n.	伊莱亚斯（男名）	0	0		
4695		Elizabeth Barrett Browning			伊丽莎白·巴雷特·布朗宁（英国诗人）	0	0		elizabeth barrett browning:0
4696		Elizabeth Fry			伊丽莎白•弗赖伊（英国慈善家）	0	0		elizabeth fry:0
4697		embarrass	ɪmˈbærəs	v.	使窘迫，尴尬	0	0		
4698		embassy	ˈembəsɪ	n.	大使馆	0	0		
4699		embryo	'embriәu	n.	胚；胚胎；萌牙时期	0	0		
4700		emphasis	'emfәsis	n.	强调；重视；重要性	0	0		
4701		enclosure	in'klәuʒә	n.	围地,（用于特定目的的）围场	0	0		
4702		endeavour	in'devә	n.	尽力，竭力	0	0		
4703		energetic	enəˈdʒetɪk	adj.	精力旺盛的	0	0		
4704		enlarge	ɪnˈlɑːdʒ	vt.	扩大	0	0		
4705		enquire	in'kwaiә	vi./vt.	询问；调查；问候（等于inquire）； 询问；打听	0	0		
4706		enquiry	ɪnˈkwaɪərɪ	n.	询问	0	0		
4707		enrol	in'rәul	vi./vt.	注册；参军； 登记；卷起；入学；使入会	0	0		
4708		enrol (especially US enroll)		vi./vt.	（使）加入；注册；登记	0	0		enrol (especially us enroll):0
4709		enroll	in'rәul	vi./vt.	参加；登记；注册；记入名册； 登记；使加入；把...记入名册；使入伍	0	0		
4710		entitle	in'taitl	vt.	称做…；定名为…；给…称号；使…有权利	0	0		
4711		entrepreneur	.ɒntrәprә'nә:	n.	企业家；承包人；主办者	0	0		
4712		entrust	in'trʌst	vt.	委托，信托	0	0		
4713		envision	in'viʒәn	vt.	展望；想象	0	0		
4714		envoy	'envɒi	n.	使者；使节；代表	0	0		
4715		epidemiology	,epi,di:mi'ɔlәdʒi	n.	流行病学	0	0		
4716		episode	'episәud	n.	（人生的）一段经历；（小说的）片段；插曲	0	0		
4717		equality	iːˈkwɔlətɪ	n.	平等	0	0		
4718		equator	i'kweitә	n.	赤道	0	0		
4719		era	'iәrә	n.	时代；年代；纪元	0	0		
4720		eraser	ɪˈreɪzə(r)	n.	橡皮擦；黑板擦	0	0		
4721		Eric Whitacre			无	0	0		eric whitacre:0
4722		erupt	ɪˈrʌpt	v.	（火山）爆发，喷发	0	0		
4723		eruption	i'rʌpʃәn	n.	火山爆发；（战争等）爆发	0	0		
4724		escalator	'eskәleitә	n.	自动扶梯；滚梯	0	0		
4725		essential	i'senʃәl	adj.	完全必要的；极其重要的	0	0		
4726		estate	i'steit	n.	房地产；财产；身份	0	0		
4727		estate agent		n.	房地产经纪人	0	0		estate agent:0
4728		ethical	'eθikәl	adj.	合乎道德的，道德的	0	0		
4729		ethics	'eθiks	n.	道德规范；伦理学	0	0		
4730		ethnic	'eθnik	adj.	种族的；人种的	0	0		
4731		ethos	'i:θɔs	n.	（集体、社团、文化的）气质、道德观、思想或信仰	0	0		
4732		evacuate	i'vækjueit	vt./vi.	疏散；撤出；撤离	0	0		
4733		Ewell			尤厄尔	0	0		
4734		excavate	'ekskәveit	v.	挖掘；发掘	0	0		
4735		excavation	.ekskә'veiʃәn	n.	挖掘；发掘	0	0		
4736		expectantly		adv.	预期地，期望地，期待地	0	0		
4737		expedition	.ekspi'diʃәn	n.	远征(队); 探险(队)	0	0		
4738		expel	ik'spel	v.	开除；赶出	0	0		
4739		expertise	.ekspә:'ti:z	n.	专业技能; 专业知识（技能等）	0	0		
4740		explicit	ɪkˈsplɪsɪt	adj.	清楚明白,易于理解的	0	0		
4741		exploit	eksplɒit	vt.	开采.开发.利用.剥削	0	0		
4742		explorer	ɪkˈsplɔːrə(r)	n.	探险者	0	0		
4743		expose…to			使显露；暴露	0	0		
4744		exposure	ik'spәuʒә	n.	接触；体验；暴露；揭露	0	0		
4745		extensive	ik'stensiv	adj.	广阔的，大量的；广泛的	0	0		
4746		external	ik'stә:nl	n./adj.	外部；外观；外面； 外部的；表面的；[药] 外用的；外国的；外面的	0	0		
4747		extinct	ik'stiŋkt	adj./vt.	灭绝的，绝种的；熄灭的； 使熄灭	0	0		
4748		extra-curricular	'ekstrə kə'rɪkjələ(r)	adj.	课外的	0	0		extra-curricular:0
4749		extract	ik'strækt	n./vt.	提取物；摘录； 提取；提炼；摘录；（用力）拔出	0	0		
4750		eyebrow	'aibrau	n.	眉毛	0	0		
4751		eyewitness	ˈaɪwɪtnɪs	n.	目击证人；f (缩) =female (或 =foot,feet	0	0		
4752		fable	'feibl	n./vt./vi.	寓言；无稽之谈； 煞有介事地讲述；虚构； 编寓言；虚构	0	0		
4753		fabric	'fæbrik	n.	织物；布料；（社会、机构等的）结构	0	0		
4754		fabulous	'fæbjulәs	adj.	巨大的；绝妙的，精彩的	0	0		
4755		face down		n./adv.	〈美口〉同“face off”；摊牌； 面朝下地	0	0		face down:0
4756		face up		v.	面对	0	0		face up:0
4757		face up/down			面朝上（朝下）	0	0		face up/down:0
4758		facial	ˈfeɪʃ(ə)l	adj.	面部用的	0	0		
4759		facilitate	fә'siliteit	vt.	促进；促使；使便利	0	0		
4760		fade away		n.	逐渐消失	0	0		fade away:0
4761		fade out			（声音、画面）逐渐模糊；渐淡	0	0		fade out:0
4762		Fahrenheit	'færәnhait	adj./n.	华氏的；华氏温度	0	0		
4763		fairness	ˈfɛənis	n.	公平；公正	0	0		
4764		fairy tale			神话故事；童话	0	0		fairy tale:0
4765		faithfully	'feiθfuli	adv.	忠诚地；忠实地	0	0		
4766		fall away		n.	【宇】(火箭各级的)分开	0	0		fall away:0
4767		fall ill			生病	0	0		fall ill:0
4768		fall in love			相爱；爱上	0	0		fall in love:0
4769		fall in love with			na. 爱上	0	0		fall in love with:0
4770		family name	ˈfæməli neɪm	n.	姓氏	0	0		family name:0
4771		famine	'fæmin	n.	饥荒	0	0		
4772		farmyard	'fɑ:mjɑ:d	n.	农场；农家	0	0		
4773		fascinate	'fæsineit	vt.	使着迷，入迷	0	0		
4774		fascinating	'fæsineitiŋ	adj./v.	迷人的；吸引人的；使人神魂颠倒的； 使…着迷；使…陶醉（fascinate的ing形式）	0	0		
4775		fatal	'feitәl	adj.	致命的；重大的；毁灭性的；命中注定的	0	0		
4776		fate	feit	n.	命运；天命	0	0		
4777		fateful	'feitful	adj.	重要的；决定性的；命中注定的	0	0		
4778		Father Farges			法尔热神父（法）	0	0		father farges:0
4779		fathom	'fæðәm	n.	英寻（长度单位，等于六英尺）	0	0		
4780		favour	ˈfeivə	n.	(美favor) n. 恩惠；好意；帮助	0	0		
4781		favour (NAmE favor)		vt./n.	较喜欢；选择；有利于； 帮助；恩惠；赞同	0	0		favour (name favor):0
4782		fax	fæks	n.	传真	0	0		
4783		fed up with			受够了；饱受；厌烦	0	0		fed up with:0
4784		feed on			从……中得到滋养或者满足	0	0		feed on:0
4785		feel at home			舒服自在；不拘束	0	0		feel at home:0
4786		feel content with			对……满足	0	0		feel content with:0
4787		feel like doing			想要（做）……	0	0		feel like doing:0
4788		Feeling from Mountain and Water			山水情》	0	0		feeling from mountain and water:0
4789		Felicity	fә'lisiti	n.	幸福；快乐；幸运	0	0		
4790		Ferdinand Magellan			麦哲伦；航海家麦哲伦；葡萄牙航海家麦哲仑	0	0		ferdinand magellan:0
4791		fern	fә:n	n.	蕨类植物	0	0		
4792		fertile	'fә:tail	adj.	肥沃的；富饶的	0	0		
4793		fertiliser	'fә:tilaizә	n.	化肥（等于fertilizer）	0	0		
4794		fertiliser (NAmE also fertilizer)		n.	肥料	0	0		fertiliser (name also fertilizer):0
4795		fever	ˈfiːvə(r)	n.	发烧；发热	0	0		
4796		fibre	ˈfaibə	n.	(美fiber) n. 纤维质	0	0		
4797		fibre (especially US fiber)		n.	纤维；纤维制品	0	0		fibre (especially us fiber):0
4798		fierce	ˈfɪəs	adj.	猛烈的	0	0		
4799		FIFA	'fi:fә	n.	费法（已裂变原子数与初始装料易裂变原子数之比）	0	0		
4800		fig	fig	n.	无花果	0	0		
4801		fighter	ˈfaɪtə(r)	v.	战士；斗士	0	0		
4802		fingernail	ˈfɪŋɡəneɪl	n.	指甲	0	0		
4803		fiord	fjɔ:d	n.	峡湾，海湾	0	0		
4804		firecracker	'faiәkrækә	n.	鞭炮，爆竹	0	0		
4805		firefighter	ˈfaɪəfaɪtə(r)	n.	消防人员	0	0		
4806		fireplace	ˈfaɪəpleɪs	n.	壁炉	0	0		
4807		firework	ˈfaɪəwɜːk	n.	焰火	0	0		
4808		first aid		n.	急救	0	0		first aid:0
4809		first aid kit			un. 急救包；急救药箱	0	0		first aid kit:0
4810		fit in			相适应；相融合	0	0		fit in:0
4811		fit into			适合	0	0		fit into:0
4812		fitting room	ˈfɪtɪŋ-rʊm	n.	试衣间	0	0		fitting room:0
4813		flaming	ˈfleɪmɪŋ	adj.	火红的；火焰般的	0	0		
4814		flash card		n.	【教】抽认卡；【IT】闪存卡	0	0		flash card:0
4815		flashback	'flæʃbæk	n.	闪回；倒叙	0	0		
4816		flashlight	flæʃ	n.	手电	0	0		
4817		flatter	'flætә	v.	过分夸赞，奉承，恭维	0	0		
4818		flattery	'flætәri	n.	奉承，恭维话	0	0		
4819		flavour	'fleivә	n./vt.	香味；滋味； 给……调味；给……增添风趣	0	0		
4820		flavour (NAmE flavor)		n.	味道； 特点；特色	0	0		flavour (name flavor):0
4821		flea collar			na. (围在家畜颈上而内藏灭蚤药的)杀蚤圈	0	0		flea collar:0
4822		flee	fliː	v.	(fled, fled) v. 逃走；逃跑	0	0		
4823		fleece	fli:s	n.	羊毛	0	0		
4824		fleet	fli:t	n./adj./vt./vi.	舰队；港湾；小河； 快速的，敏捷的； 消磨； 飞逝；疾驰；掠过	0	0		
4825		flip	flip	n./vi./adj./vt.	弹；筋斗； 用指轻弹；蹦跳； 无礼的；轻率的； 掷；轻击	0	0		
4826		Florence Nightingale			弗洛伦斯·南丁格尔	0	0		florence nightingale:0
4827		flow chart			流程图	0	0		flow chart:0
4828		fluent	ˈfluːənt	adj.	（外语）流利的，流畅	0	0		
4829		fluid	'flu:id	n.	液体；流体	0	0		
4830		foam	fәum	n./vt./vi.	泡沫；水沫；灭火泡沫； 使起泡沫；使成泡沫状物； 起泡沫；吐白沫；起着泡沫流动	0	0		
4831		fog	fɔɡ	n.	雾	0	0		
4832		foggy	ˈfɔɡɪ	adj.	多雾的	0	0		
4833		foolish	ˈfuːlɪʃ	adj.	愚蠢的，傻的；foot (复 feet	0	0		
4834		for instance			例如；比如	0	0		for instance:0
4835		for one’s own sake			为了……的缘故	0	0		for one’s own sake:0
4836		forehead	ˈfɔrɪd; (US) ˈfɔːrɪd	n.	前额	0	0		
4837		forensic	fә'rensik	adj.	法庭科学取证的，法医的	0	0		
4838		forgave	fә'geiv	v.	原谅；饶恕；免除（forgive的过去式）	0	0		
4839		forgetful	fəˈɡetfʊl	adj.	健忘的，不留心的	0	0		
4840		format	ˈfɔːmæt	n.	安排，计划，设计	0	0		
4841		formula	'fɒ:mjulә	n.	公式；方程式；配方	0	0		
4842		fortnight	ˈfɔːtnaɪt	n.	十四日，两星期	0	0		
4843		fortune cookie		n.	签饼（中国餐馆提供的薄脆饼，内有预测命运的小纸条）	0	0		fortune cookie:0
4844		forwards	'fɔ:wәdz	adv.	向前；今后	0	0		
4845		fossil	'fɒsәl	n.	化石	0	0		
4846		fossil fuel			化石燃料（如煤或石油）	0	0		fossil fuel:0
4847		founding	ˈfaundiŋ	n.	成立，建立	0	0		
4848		fountain	ˈfaʊntɪn; (US) ˈfaʊntn	n.	喷泉	0	0		
4849		fragile	ˈfrædʒaɪl; (US) ˈfrædʒl	adj.	易碎的，易损的	0	0		
4850		fragrant	ˈfreɪɡrənt	adj.	香的，芳香的	0	0		
4851		framework	ˈfreɪmwɜːk	n.	（建筑物）框架，结构	0	0		
4852		franc	fræŋk	n.	法郎	0	0		
4853		Frank Wild			弗兰克·怀尔德	0	0		frank wild:0
4854		Frank Worsley			弗兰克·沃斯利	0	0		frank worsley:0
4855		Fred Hoyle			弗雷德 · 霍伊尔（英国天文学家）	0	0		fred hoyle:0
4856		Frederick William I			腓特烈•威廉一世（普鲁士国王）	0	0		frederick william i:0
4857		freeway	ˈfriːweɪ	n.	高速公路	0	0		
4858		freezing cold			极冷的；冻僵的	0	0		freezing cold:0
4859		frequency	'fri:kwәnsi	n.	频率；频繁	0	0		
4860		freshman		n.	大学新生	0	0		
4861		friction	ˈfrɪkʃ(ə)n	n.	摩擦	0	0		
4862		fried	fraid	adj.	油煎的	0	0		
4863		fright	fraɪt	n.	惊恐；恐吓	0	0		
4864		frighten	ˈfraɪt(ə)n	vt.	使惊恐，吓唬	0	0		
4865		frog	frɔɡ; (US) frɔːɡ	n.	青蛙	0	0		
4866		from mouth to mouth	frɒm maʊθ tə maʊθ	adv.	口口相传；人传人地	0	0		from mouth to mouth:0
4867		from on		adv.	再向前	0	0		from on:0
4868		from…on			从……时起	0	0		
4869		frost	frɔst; (US) frɔːst	n.	霜	0	0		
4870		frown	fraun	n./vt./vi.	皱眉，蹙额； 皱眉，蹙额； 皱眉；不同意	0	0		
4871		fruit juice	fruːt dʒuːs	n.	果汁	0	0		fruit juice:0
4872		fruity	'fru:ti	adj.	果味的，（酒）有葡萄味的	0	0		
4873		fulfil	ful'fil	v.	满足，实现，达到	0	0		
4874		fulfilling		adj.	令人满意的；令人愉快的	0	0		
4875		funnel	'fʌnl	n.	漏斗	0	0		
4876		funnelweb spider		n.	漏斗网蜘蛛	0	0		funnelweb spider:0
4877		furnish	'fә:niʃ	n.	陈设，布置	0	0		
4878		furnished	ˈfɜːnɪʃt	adj.	配备了家具的	0	0		
4879		furthermore	'fә:ðә'mɒ:	adv.	此外；再者	0	0		
4880		Futuroscope		n.	观测未来（公园名，位于法国）	0	0		
4881		gaily	'geili	adv.	快乐地；轻松地	0	0		
4882		gale	ɡeɪl	n.	强风（约每小时60英里	0	0		
4883		gall-bladder	'ɡɔ:lbl'ædər	n.	胆囊	0	0		gall-bladder:0
4884		Garcia	'^ɑ:ʃjә		加西亚（姓）	0	0		
4885		garlic	ˈɡɑːlɪk	n.	大蒜	0	0		
4886		garment	ˈɡɑːmənt	n.	（一件）衣服	0	0		
4887		gay	ɡeɪ	adj.	（男）同性恋的；快活的，愉快的	0	0		
4888		generally speaking			一般来说	0	0		generally speaking:0
4889		genre	'ʒɒŋrә	n.	（文学作品的）类型，载体	0	0		
4890		Gentile	'dʒentail	n.	非犹太人，异教徒	0	0		
4891		genuine	'dʒenjuin	adj.	真正的；真诚的；可信赖的	0	0		
4892		geological	.dʒiәu'lɒdʒikәl	adj.	地质学的，地质的	0	0		
4893		geologist	dʒi'ɔlәdʒist	n.	地质学家	0	0		
4894		geology	dʒi'ɒlәdʒi	n.	地质学	0	0		
4895		geometry	dʒɪˈɑmɪtrɪ	n.	几何学	0	0		
4896		George Bernard Shaw			乔治•伯纳德•萧 （也译萧伯纳，英国剧作家）	0	0		george bernard shaw:0
4897		George Eliot			乔治.艾略特	0	0		george eliot:0
4898		George Hambley			乔治•汗布利	0	0		george hambley:0
4899		George Stephenson			乔治•斯蒂芬森（英国发明家，蒸汽机的发明人）	0	0		george stephenson:0
4900		geothermal	,dʒi(:)әu'θәmәl	adj.	[地物] 地热的；[地物] 地温的	0	0		
4901		germ	dʒә:m	n.	微生物；细菌；病菌	0	0		
4902		gesture	ˈdʒestʃə(r)	n.	姿势，手势；get (got , got	0	0		
4903		get along with			与……相处；进展	0	0		get along with:0
4904		get around			到处走动	0	0		get around:0
4905		get away with			被放过；（做坏事）不受惩罚	0	0		get away with:0
4906		get close to			接近	0	0		get close to:0
4907		get familiar with			熟悉；与……熟悉起来	0	0		get familiar with:0
4908		get involved in			参与；卷入；与……有关联	0	0		get involved in:0
4909		get round			顺利应付；克服，说服某人同意原先反对的事	0	0		get round:0
4910		get the hang of			熟悉；掌握；理解	0	0		get the hang of:0
4911		get tired of			对……厌烦	0	0		get tired of:0
4912		gettogether	ɡet-təˈɡeðə(r)	n.	聚会	0	0		
4913		geyser	'gaizә	n.	喷泉；[水文] 间歇泉；（英）烧水锅炉	0	0		
4914		Giotto di Bondone			乔托·迪·邦多纳（意大利画家、雕刻家、建筑师）	0	0		giotto di bondone:0
4915		giraffe	dʒɪˈrɑːf; (US) dʒəˈræf	n.	长颈鹿	0	0		
4916		give away			赠送；泄露	0	0		give away:0
4917		give birth to			产生；分娩	0	0		give birth to:0
4918		give in			投降；屈服；让步	0	0		give in:0
4919		give off			放出（热、光、气味或气体）	0	0		give off:0
4920		give way to		v.	让步；退却	0	0		give way to:0
4921		Giverny			吉维尼（法国小镇）	0	0		
4922		Gladys Claffern			无	0	0		gladys claffern:0
4923		glance through			匆匆看一遍	0	0		glance through:0
4924		glare	ɡleə(r)	v.	瞪眼,怒目而视,闪耀	0	0		
4925		glasshouse	ˈɡlɑːshaʊs	n.	温室，暖房	0	0		
4926		global positioning system			全球定位系统；全球卫星定位系统；全球位置测定系统	0	0		global positioning system:0
4927		glory	ˈɡlɔːrɪ	n.	巨大的光荣; 荣誉;赞美	0	0		
4928		glory in			以……为荣	0	0		glory in:0
4929		glue	ɡluː	n.	胶水；go (went, gone	0	0		
4930		go on circuit			巡回	0	0		go on circuit:0
4931		go up			上升；增长；升起	0	0		go up:0
4932		goat	ɡəʊt	n.	山羊	0	0		
4933		gold medal	ɡəʊld ˈmed(ə)l	n.	金牌	0	0		gold medal:0
4934		goldfish	ˈɡəʊldfɪʃ	n.	金鱼	0	0		
4935		Gombe National Park			贡贝国家公园(位于坦桑尼亚)	0	0		gombe national park:0
4936		Goneril	'^ɔnәril		贡纳莉	0	0		
4937		good-tempered		adj.	宽容的；和蔼的；脾气好的	0	0		good-tempered:0
4938		good/bad-tempered		adj.	脾气好的 / 坏的	0	0		good/bad-tempered:0
4939		goodness	ˈɡʊdnɪs	n.	善良，美德	0	0		
4940		goose	gu:s	n.	鹅	0	0		
4941		gown	ɡaʊn	n.	礼服，长外衣，睡衣	0	0		
4942		GPS		abbr.	全球定位系统（Global Position System）；通用雷达（General Purpose Radar）；炮长主瞄准镜（Gunner's Primary Sight）	0	0		
4943		graceful	'greisful	adj.	优雅的；优美的	0	0		
4944		gramme	græm	n.	克	0	0		
4945		grandchild	ˈgræntʃaɪld	n.	(外)孙或孙女.孙辈	0	0		
4946		grandson	ˈɡrændsʌn	n.	（外）孙子	0	0		
4947		grant	grænt	n./vt./vi.	拨款；[法] 授予物； 授予；允许；承认； 同意	0	0		
4948		graph	ɡrɑːf; (US) ɡræf	n.	图表，曲线图	0	0		
4949		grave	greiv	n.	坟墓；墓地	0	0		
4950		graze	greiz	v.	放牧，吃草	0	0		
4951		great auk		n.	大海雀（已灭绝）	0	0		great auk:0
4952		greed	gri:d	n.	贪婪	0	0		
4953		greedy	ˈɡriːdɪ	adj.	贪婪的	0	0		
4954		greengrocer	ˈɡriːnɡrəʊsə(r)	n.	（英）蔬菜水果商	0	0		
4955		greengrocer’s			蔬菜水果商店	0	0		
4956		Greenland	'gri:nlәnd		格林兰（位于北美洲东北部，世界第一大岛）	0	0		
4957		Greenwich	'grinidʒ	n.	格林尼治（英城市）	0	0		
4958		grief	gri:f	n.	悲伤；悲痛；伤心事	0	0		
4959		grip	grip	n./vt./vi.	紧握；柄；支配；握拍方式；拍柄绷带； 紧握；夹紧； 抓住	0	0		
4960		grizzly	'grizli	n./adj.	（北美洲）灰熊；灰色的；有灰斑的	0	0		
4961		grizzly bear		n.	灰熊	0	0		grizzly bear:0
4962		grocer	ˈɡrəʊsə(r)	n.	零售商人；食品店	0	0		
4963		gruel	ɡrʊəl	n.	粥	0	0		
4964		Guggenheim Museum			古根海姆博物馆	0	0		guggenheim museum:0
4965		Guiness Book of World Records			《吉尼斯世界纪录大全》	0	0		guiness book of world records:0
4966		Guinness	'ginis		吉尼斯	0	0		
4967		guitar	ɡɪˈtɑː(r)	n.	吉他，六弦琴	0	0		
4968		gum	gʌm	n.	树胶	0	0		
4969		gumbo	'^ʌmbәu	n./adj.	秋葵；加有秋葵的浓汤；坚硬黏土； 粘土的	0	0		
4970		gutter	'gʌtә	n.	排水沟；阴沟；贫民区	0	0		
4971		gymnasium	dʒim'neiziәm	n.	体育馆；健身房	0	0		
4972		gymnastically		adv.	体能训练方面	0	0		
4973		gymnastics	dʒɪmˈnæstɪks	n.	体操	0	0		
4974		ha	hɑː	int.	哈(笑声	0	0		
4975		habitable	'hæbitәbl	adj.	适合居住的	0	0		
4976		habitat	'hæbitæt	n.	[生态] 栖息地，产地	0	0		
4977		haggis	'hæ^is	n.	（苏格兰）羊杂碎肚	0	0		
4978		haiku	'haiku:	n.	俳句	0	0		
4979		hail	heil	v.	向……欢呼，打声招呼，呼喊	0	0		
4980		Halifax	'hælifæks		哈利法克斯（加拿大城市）	0	0		
4981		ham	hæm	n.	火腿	0	0		
4982		hammer	ˈhæmə(r)	n.	锤子，锣锤	0	0		
4983		hand out			拿出，分发	0	0		hand out:0
4984		hand over			移交（权力、责任）	0	0		hand over:0
4985		handkerchief	ˈhæŋkətʃɪf	n.	手帕	0	0		
4986		handsome	ˈhænsəm	adj.	英俊的	0	0		
4987		handtruck	ˈhændtrʌk	n.	手推运货车	0	0		
4988		handwriting	ˈhændraɪtɪŋ	n.	书法	0	0		
4989		handy	ˈhændɪ	adj. v.	便利的，顺手的 hang(hanged,hanged) v. 处（人）绞刑；上吊；hang (hung, hung	0	0		
4990		hang on			顶住；不挂断；稍等	0	0		hang on:0
4991		Hannibal	'hænibәl	n.	汉尼拔（美国城市）	0	0		
4992		Hans Braun			汉斯•布朗（男名）	0	0		hans braun:0
4993		hardworking	ˌhɑːdˈwɜːkɪŋ	adj.	努力工作的	0	0		
4994		Hari		n.	哈利（男名）	0	0		
4995		harmonious	hɑ:'mәuniәs	adj.	和谐的	0	0		
4996		harpoon	hɑ:'pu:n	n.	（捕鲸用的）鱼叉	0	0		
4997		hastily	'heistili	adv.	匆忙地，慌忙地	0	0		
4998		hasty	'heisti	adj.	匆忙的，慌忙的	0	0		
4999		have a gift for			对……有天赋	0	0		have a gift for:0
5000		have an urge to			无	0	0		have an urge to:0
5001		have got to			不得不；必须	0	0		have got to:0
5002		have no use for			不需要；讨厌，对……不耐烦，厌恶	0	0		have no use for:0
5003		have sth. in common			un. 没有共同之处；有某些共同之处	0	0		have sth. in common:0
5004		hawk	hɔːk	n.	鹰	0	0		
5005		hazy	'heizi	adj.	朦胧的；模糊的；有薄雾的	0	0		
5006		headline	ˈhedlaɪn	n.	（报刊的）大字标题	0	0		
5007		headmaster	hedˈmɑːstə(r)	n.	（英）中小学校长	0	0		
5008		headmistress	ˈhedˈmistrɪs	n.	女校长	0	0		
5009		headteacher	ˌhedˈtiːtʃə(r)	n.	中小学班主任	0	0		
5010		heap	hiːp	n. v.	堆 v. 堆起来；hear (heard, heard	0	0		
5011		hear from			接到……的信	0	0		hear from:0
5012		hear out			听某人把话说完	0	0		hear out:0
5013		hectare	'hektɑ:	n.	公顷	0	0		
5014		Heimlich manoeuvre			海姆立克急救法；哈姆立克急救法	0	0		heimlich manoeuvre:0
5015		helicopter	ˈhelɪkɔptə(r)	n.	直升飞机	0	0		
5016		Help (…) out			帮助（某人）摆脱困境或危难	0	0		help (…) out:0
5017		help sb to one’s feet			帮助某人站起身来	0	0		help sb to one’s feet:0
5018		help sb. to one's feet			无	0	0		help sb. to one's feet:0
5019		hemisphere	'hemisfiә	n.	半球	0	0		
5020		hen	hen	n.	母鸡	0	0		
5021		Henry Adams			无	0	0		henry adams:0
5022		Henry Norman Bethune			无	0	0		henry norman bethune:0
5023		herb	hɜːb; (US) ɜːrb	n.	草药	0	0		
5024		herbal	'hә:bәl	n./adj.	植物志；草本书； 草药的；草本的	0	0		
5025		heritage	'heritidʒ	n.	遗产；传统；继承物；继承权	0	0		
5026		heroine	ˈherəʊɪn	n.	女英雄，女主角	0	0		
5027		hers	hɜːz	pron.	她的	0	0		
5028		hi	haɪ	int.	你好（表示打招呼、问候或唤起注 意	0	0		
5029		hibernate	ˈhaɪbəneɪt	vi.	冬眠	0	0		
5030		hibernation	haɪbə(r)ˈneɪʃn	n.	冬眠；hide (hid, hidden	0	0		
5031		high-end		adj.	高端的；高档的	0	0		high-end:0
5032		Highgate Cemetery			海格特墓地（英伦敦北郊，内有马克思及其家人的坟墓）	0	0		highgate cemetery:0
5033		hip-hop	'hɪph'ɒp	n.	街舞，即兴音乐；嘻哈	0	0		hip-hop:0
5034		Hippomenes	hi'pɔmәni:z	n.	希波墨涅斯（男名；古希腊人名）	0	0		
5035		Hispanic	his'pænik	n.	（美）讲西班牙语的美国人	0	0		
5036		Hitler	'hitlә		希特勒	0	0		
5037		HIV			人体免疫缺损病毒（艾滋病病毒）；（Human Immunodeficiency Virus）的缩写	0	0		
5038		hive	haɪv	n.	蜂房；蜂箱	0	0		
5039		hoarse	hɒ:s	adj.	嘶哑的	0	0		
5040		Hobart	'hәubɑ:t		奥巴特（澳大利亚塔斯马尼亚岛东南岸港市）	0	0		
5041		hold one’s breath			屏息；屏气	0	0		hold one’s breath:0
5042		hollow	'hɒlәu	n./adj./vt./adv./vi.	洞；山谷；窟窿； 空的；中空的，空腹的；凹的；虚伪的； 使成为空洞； 彻底地；无用地； 形成空洞	0	0		
5043		homeland	ˈhəʊmlænd	n.	祖国	0	0		
5044		homesickness		n.	思乡病；乡愁	0	0		
5045		homosexual	.hɒmәu'sekjuәl	n./adj.	同性恋；同性恋的	0	0		
5046		hooray	hʊˈreɪ	int.	好哇！（欢呼声	0	0		
5047		Horace	'hɔrәs	n.	霍勒斯（男名）	0	0		
5048		horizon	hә'raizәn	n.	地平线；视野	0	0		
5049		horn	hɒ:n	n./vt.	喇叭，号角；角； 装角于	0	0		
5050		hostility	hɒs'tiliti	n.	敌意，恶意	0	0		
5051		hot dog	hɔt- dɔɡ	n.	热狗(红肠面包	0	0		hot dog:0
5052		hotdog		n.	热狗	0	0		
5053		hover	'hʌvә	v.	盘旋	0	0		
5054		howl	haʊl	vi.	嚎叫，嚎哭	0	0		
5055		Huangguoshu Waterfall			无	0	0		huangguoshu waterfall:0
5056		Hubert Hudson			休伯特·赫德森	0	0		hubert hudson:0
5057		Huckleberry Finn			哈克贝利•费恩（人名）	0	0		huckleberry finn:0
5058		Hugo Award			无	0	0		hugo award:0
5059		hula hooping			玩呼啦圈	0	0		hula hooping:0
5060		human being	ˈhjuːmən ˈbiːɪŋ	n.	人	0	0		human being:0
5061		human race			人类	0	0		human race:0
5062		humanistic	.hju:mә'nistik	adj.	人文主义的	0	0		
5063		humanity	hju:'mæniti	n.	人性；人道；（统称）人类	0	0		
5064		humming-bird		n.	蜂鸟	0	0		humming-bird:0
5065		humour	ˈhjuːmə(r)	n.	幽默,幽默感【英】	0	0		
5066		hurdling	'hә:dliŋ	n.	跨栏运动	0	0		
5067		Hurricane Katrina			飓风卡特里娜	0	0		hurricane katrina:0
5068		hush	hʌʃ	v.	（使某人）安静下来	0	0		
5069		Hussey			赫西	0	0		
5070		hut	hʌt	n./vt./vi.	小屋；临时营房； 使住在小屋中；驻扎； 住在小屋中；驻扎	0	0		
5071		hybrid	'haibrid	n.	杂交植（动）物；合成物； 混合动力车	0	0		
5072		hydrogen	ˈhaɪdrədʒ(ə)n	n.	氢	0	0		
5073		hypothetical	,haipәu'θetikәl	adj.	假设的；爱猜想的	0	0		
5074		I	aɪ	pron.	我	0	0		
5075		iceberg	'aisbә:g	n.	冰山	0	0		
5076		iceland	ˈaɪslənd	n.	* n. 冰岛	0	0		
5077		iconic	ai'kɔnik	adj.	图标的，形象的	0	0		
5078		identical	ai'dentikәl	adj.	相同的	0	0		
5079		identity card		n.	身份证；身份卡	0	0		identity card:0
5080		idiom	ˈɪdɪəm	n.	习语，成语	0	0		
5081		idiomatic	.idiә'mætik	adj.	合乎语言习惯的	0	0		
5082		IELTS		n.	(International English Language Testing Serice)的缩写，国际英语测试，俗称雅思考试（是由英国文化委员会组织，剑桥大学地方考试委员会编制的英语水平测试）	0	0		
5083		illegal	ɪˈliːɡ(ə)l	adj.	非法的	0	0		
5084		imagery	'imidʒәri	n.	形象的描述；意象；像	0	0		
5085		immigrate	'imigreit	v.	移入（外国定居）	0	0		
5086		immoral	i'mɒrәl	adj.	不道德的，邪恶的	0	0		
5087		immune	i'mju:n	adj.	有免疫力的	0	0		
5088		impair	im'pєә	v.	削弱；损伤	0	0		
5089		imperative	im'perәtiv	n.	祈使语气；命令	0	0		
5090		implement	'implimәnt	vt.	使生效；贯彻；执行	0	0		
5091		Impressionism	im'preʃәnizm	n.	印象主义；印象派（绘画风格）	0	0		
5092		impressionist	im'preʃәnist	adj./n.	印象派的；印象派艺术家	0	0		
5093		imprisonment	im'priznmәnt	n.	关押，监禁	0	0		
5094		in a ... manner			na. 在某种意义上；多少	0	0		in a ... manner:0
5095		in a league of one's own			无	0	0		in a league of one's own:0
5096		in addition to sb.			另外, 加之, 除…之外还	0	0		in addition to sb.:0
5097		in addition to sth.			另外, 加之, 除…之外还	0	0		in addition to sth.:0
5098		in amazement			震惊；惊讶	0	0		in amazement:0
5099		in cash			用现金；有现钱	0	0		in cash:0
5100		in closing			最后；在我结束讲话之前；结束语	0	0		in closing:0
5101		in despair			na. 绝望地	0	0		in despair:0
5102		in detail			详细地	0	0		in detail:0
5103		in disbelief			不相信，怀疑	0	0		in disbelief:0
5104		in disguise			伪装（的）；假扮（的）	0	0		in disguise:0
5105		in favour of			赞成；支持	0	0		in favour of:0
5106		in force			已生效；在实施中	0	0		in force:0
5107		in memory of			na. 纪念…	0	0		in memory of:0
5108		in one’s turn			轮到某人；接着	0	0		in one’s turn:0
5109		in poor condition			状况很坏；情况很坏	0	0		in poor condition:0
5110		in rags			衣衫褴褛	0	0		in rags:0
5111		in relief			如释重负；松了口气	0	0		in relief:0
5112		in ruins			成为废墟；一片废墟；成废墟	0	0		in ruins:0
5113		in shape			un. 完全不；情况；模样	0	0		in shape:0
5114		in spite of			na. spite of 不管；〔古语〕无视	0	0		in spite of:0
5115		in summary			总的来说；总之	0	0		in summary:0
5116		in terms of…			就……来说；从……角度	0	0		in terms of…:0
5117		in the distance			在远处	0	0		in the distance:0
5118		in the flesh			本人	0	0		in the flesh:0
5119		in the hope of doing sth.			无	0	0		in the hope of doing sth.:0
5120		in the meantime			在此期间；与此同时	0	0		in the meantime:0
5121		in this sense			无	0	0		in this sense:0
5122		in this sense (in ... sense)			从这种（某种）意义上来讲	0	0		in this sense (in ... sense):0
5123		inaction	in'ækʃәn	n.	不活动；迟钝	0	0		
5124		Inca	'iŋkә		印加帝国	0	0		
5125		incense	'inseins	n.	熏香；熏香的烟	0	0		
5126		incorrect	ɪnkəˈrekt	adj.	不正确的，错误的	0	0		
5127		incredible	in'kredәbl	adj.	极好的；极大的； 难以置信的	0	0		
5128		infantile paralysis			小儿麻痹	0	0		infantile paralysis:0
5129		infection	in'fekʃәn	n.	感染；传染	0	0		
5130		infectious	in'fekʃәs	adj.	传染的	0	0		
5131		informal	in'fɒ:mәl	adj.	非正式的	0	0		
5132		inject	in'dʒekt	v.	注射	0	0		
5133		injection	in'dʒekʃәn	n.	注射	0	0		
5134		injure	ˈɪndʒə(r)	vt.	损害，伤害	0	0		
5135		injustice	in'dʒʌstis	n.	不公平，非正义	0	0		
5136		ink	ɪŋk	n.	墨水，油墨	0	0		
5137		inland	ˈɪnlənd	adj.	内陆的；内地的	0	0		
5138		inn	ɪn	n.	小旅店；小饭店	0	0		
5139		inner	'inә	n./adj.	内部； 内部的；内心的；精神的	0	0		
5140		Inner Mongolia Autonomous Region			内蒙古自治区；内蒙古自治区地区；中国内蒙古	0	0		inner mongolia autonomous region:0
5141		innocence	'inәsәns	n.	天真；单纯；无罪	0	0		
5142		innocent	ˈɪnəsənt	adj.	无辜的，清白的	0	0		
5143		input	'input	n./vt.	投入；输入电路； [自][电子] 输入；将…输入电脑	0	0		
5144		inquire	in'kwaiә	vi./vt.	询问；查究；询价； 询问；查究；问明	0	0		
5145		inquire (also enquire)		vi./vt.	询问；打听	0	0		inquire (also enquire):0
5146		instance	'instәns	n.	例子；实例；事例	0	0		
5147		insult	'insʌlt	n.	侮辱，凌辱	0	0		
5148		insure	ɪnˈʃʊə(r)	vt.	给……保险	0	0		
5149		integrated	'intәgreitid	adj.	各部分密切协调的； 综合的	0	0		
5150		integrity	in'tegriti	n.	完整；正直；诚实；廉正	0	0		
5151		intense	in'tens	adj.	热切的；十分强烈的；激烈的	0	0		
5152		intermediate	.intә'mi:diәt	n./adj./vi.	[化学] 中间物；媒介； 中间的，中级的； 起媒介作用	0	0		
5153		interpreter	ɪnˈtɜːprɪtə(r)	n.	翻译	0	0		
5154		interval	ˈɪntəv(ə)l	n.	间歇；间隔	0	0		
5155		intervene	.intә'vi:n	vi.	干预；介入	0	0		
5156		intervention	.intә'venʃәn	n.	介入；出面；干涉	0	0		
5157		invader	in'veidә	n.	侵略者	0	0		
5158		ironic	aiә'rɔnik	adj.	具有讽刺意味的，讽刺的	0	0		
5159		irrigate	ˈɪrɪɡeɪt	vt.	灌溉	0	0		
5160		Isaac Asimov			阿西莫夫；艾西莫夫；艾萨克·阿西莫夫	0	0		isaac asimov:0
5161		Isaac Newton			艾萨克·牛顿	0	0		isaac newton:0
5162		italics	i'tæliks	n.	斜体（字）	0	0		
5163		Ithaca	'iθәkә	n.	伊萨卡岛（希腊西部爱奥尼海中亚群岛之一）	0	0		
5164		IV needle			静脉注射针	0	0		iv needle:0
5165		ivory	'aivәri	n.	象牙	0	0		
5166		jade	dʒeid	n./adj./vt./vi.	翡翠；[宝] 碧玉；老马； 玉制的；绿玉色的； 使疲倦； 疲倦	0	0		
5167		Jade Rabbit			无	0	0		jade rabbit:0
5168		Jaez Wilson			杰贝兹.威尔逊	0	0		jaez wilson:0
5169		James Dyson			詹姆斯•戴森（英国发明家）	0	0		james dyson:0
5170		Jamie		n.	杰米（男名）	0	0		
5171		Jan Hasek			简•哈兹克（男名）	0	0		jan hasek:0
5172		Jan Tchamani			无	0	0		jan tchamani:0
5173		Jane Austin			简.奥斯丁	0	0		jane austin:0
5174		Jane Goodall			简•古道尔(英国动物学家)	0	0		jane goodall:0
5175		Janice			贾尼丝（女名）	0	0		
5176		Janson			詹森（姓）	0	0		
5177		Jasper	'dʒæspә		贾斯珀（加拿大城市）	0	0		
5178		jaw	dʒɔː	n.	下巴	0	0		
5179		jaws of death			鬼门关，死神	0	0		jaws of death:0
5180		jealousy	'dʒelәsi	n.	嫉妒，羡慕	0	0		
5181		Jean Anthelme Brillat-Savarin			让·安泰尔姆·布里亚-萨瓦兰（法国美食家）	0	0		jean anthelme brillat-savarin:0
5182		Jean-Philippe			让 - 菲利普	0	0		jean-philippe:0
5183		jeans	dʒiːns	n.	牛仔裤	0	0		
5184		jeep	dʒiːp	n.	吉普车	0	0		
5185		jelly	'dʒeli	n.	果冻；果冻状物	0	0		
5186		Jem			杰姆	0	0		
5187		Jesus	'dʒi:zәs	n.	耶稣	0	0		
5188		jet lag			飞行时差反应	0	0		jet lag:0
5189		Jew	dʒu:	n.	犹太人	0	0		
5190		jewelry	ˈdʒuːəlrɪ	n.	（总称）珠宝	0	0		
5191		Jewish	'dʒu:iʃ	adj.	犹太人的；犹太教的	0	0		
5192		Joan of Arc			圣女贞德（法国民族女英雄）	0	0		joan of arc:0
5193		Jody Williams			乔迪•威廉斯（美国诺贝尔和平奖得者）	0	0		jody williams:0
5194		jog	dʒɔɡ	v.	慢跑	0	0		
5195		jogger	'dʒɔɡә(r)	n.	跑步锻炼的人，慢跑者	0	0		
5196		Johann Webber			约翰•韦伯（男名）	0	0		johann webber:0
5197		Johannesburg	dʒәu'hænisbә:^	n.	约翰内斯堡（南非城市）	0	0		
5198		John A. Logan			无	0	0		john a. logan:0
5199		join ... to ...			un. 连结；结合；联合:	0	0		join ... to ...:0
5200		jolt	dʒәult	vt./vi./n.	使颠簸；使震惊；使摇动； 摇晃；颠簸而行； 颠簸；摇晃；震惊；严重挫折	0	0		
5201		Journey to the West			西游记；西行之旅；新版西游记	0	0		journey to the west:0
5202		joust	dʒaust	v.	（指中世纪骑士）骑着马用长予打斗	0	0		
5203		judgement	ˈdʒʌdʒmənt	n.	裁判	0	0		
5204		juggle	dʒʌgl	v.	耍把戏，玩杂耍	0	0		
5205		Julie		n.	朱莉（女名）	0	0		
5206		jumping jack			跳爆竹	0	0		jumping jack:0
5207		jungle	ˈdʒʌŋɡ(ə)l	n.	丛林，密林	0	0		
5208		junior	ˈdʒuːnɪə(r)	adj.	初级的；年少的	0	0		
5209		junior high school		n.	（美国）初级中学	0	0		junior high school:0
5210		junk mail	dʒʌŋk meɪl	n.	塞到邮箱的广告宣传品	0	0		junk mail:0
5211		Jupiter	'dʒu:pitә	n.	[天] 木星；朱庇特（罗马神话中的宙斯神）	0	0		
5212		Jurassic Park			侏罗纪公园（美国电影名）	0	0		jurassic park:0
5213		jury	'dʒuәri	n.	陪审团，陪审委员会	0	0		
5214		justice	ˈdʒʌstɪs	n.	正义；公正；司法	0	0		
5215		justify	'dʒʌstifai	vi./vt.	证明合法；整理版面； 证明…是正当的；替…辩护	0	0		
5216		Kakadu			卡卡杜湾	0	0		
5217		kangaroo	kæŋɡəˈruː	n.	大袋鼠；keep (kept, kept	0	0		
5218		karaoke	'kærә.әuki. kærә'әuki	n.	卡拉OK录音；自动伴奏录音	0	0		
5219		kayaking		n./v.	独木舟；皮划艇；皮艇运动； 划独木舟（kayak的ing形式）	0	0		
5220		Kazak	kə'zɑ:k, -'zæk	adj./n.	哈萨克族的； 哈萨克族人	0	0		
5221		kebab	kә'bɑ:b	n.	(印度)烤腌羊肉串；肉串上的肉块	0	0		
5222		keen	ki:n	adj./n.	敏锐的，敏捷的；渴望的；强烈的；热心的；锐利的； 痛哭，挽歌	0	0		
5223		keep ... in mind			na. 记在心里；记住；注意	0	0		keep ... in mind:0
5224		keep balance			保持平衡；维持平衡	0	0		keep balance:0
5225		keep in mind			na. 记在心里；记住；注意	0	0		keep in mind:0
5226		keep in touch with ...		v.	与…保持接触	0	0		keep in touch with ...:0
5227		keep on			继续	0	0		keep on:0
5228		keep one’s word			守信用；履行诺言	0	0		keep one’s word:0
5229		keep sb. company			陪伴；作伴；交往	0	0		keep sb. company:0
5230		keep your eyes open			睁开眼睛；睁大眼睛；留意	0	0		keep your eyes open:0
5231		keep your eyes open for			无	0	0		keep your eyes open for:0
5232		keep…free from			使……免受（影响；害等）；使……不含（有害物）	0	0		keep…free from:0
5233		keep…free of			使……免受（影响；害等）；使……不含（有害物）	0	0		keep…free of:0
5234		kettle	ˈket(ə)l	n.	(烧水用的)水壶	0	0		
5235		kilogram	ˈkɪləɡræm	n.	千克	0	0		
5236		kind-hearted	ˌkaɪndˈhɑːtɪd	adj.	好心的	0	0		kind-hearted:0
5237		King Lear			李尔王	0	0		king lear:0
5238		kitten	'kitn	n.	小猫	0	0		
5239		Kitty	'kiti	n.	基蒂（女名）	0	0		
5240		kiwi	'ki:wi:	n.	猕猴桃；几维（一种新西兰产的无翼鸟）；新西兰人	0	0		
5241		knight	nait	n.	骑士；爵士	0	0		
5242		knob	nɒb	n.	旋钮；球形把手	0	0		
5243		knot	nɒt	n./v.	节；打结	0	0		
5244		koala	kә'ɑ:lә	n.	树袋熊，无尾熊（产于澳大利亚，又名考拉）	0	0		
5245		Konigsberg		n.	哥尼斯堡（俄罗斯港市Kaliningrad的旧称）	0	0		
5246		Korean	kә'riәn	adj./n.	韩国人的；韩国语的；朝鲜人的；朝鲜语的； 韩国人；韩国语；朝鲜人；朝鲜语	0	0		
5247		Kosciuszko			科西阿斯科山（位于澳大利亚东南部）	0	0		
5248		La Tomatina			无	0	0		la tomatina:0
5249		label	'leibl	vt./n.	用标签标明；贴标签； 标签；标记	0	0		
5250		labourer	ˈleibərə	n.	体力劳动者	0	0		
5251		lace	leis	n.	花边；鞋带	0	0		
5252		ladder	ˈlædə(r)	n.	梯子	0	0		
5253		Lake Huron			休伦湖	0	0		lake huron:0
5254		Lake Louise			路易斯湖	0	0		lake louise:0
5255		Lake Superior			苏必利尔湖	0	0		lake superior:0
5256		Lake Taupo			陶波湖（新西兰最大湖）	0	0		lake taupo:0
5257		Lake Titicaca			无	0	0		lake titicaca:0
5258		lamb	læm	n.	羔羊	0	0		
5259		lamb kebab			烤羊肉串	0	0		lamb kebab:0
5260		lame	leɪm	adj.	跛的，瘸的，残废的	0	0		
5261		landfall	'lændfɒ:l	n.	着陆；[水运] 初见陆地；到达陆地	0	0		
5262		landmine	ˈlændmaɪn	n.	地雷	0	0		
5263		landslide	'lændslaid	n./vi.	[地质] 山崩；大胜利； 发生山崩；以压倒优势获胜	0	0		
5264		lane	lein	n.	车道，行车线	0	0		
5265		Langston Hughes			兰斯顿·休斯	0	0		langston hughes:0
5266		lantern	ˈlæntən	n.	灯笼；提灯	0	0		
5267		Lao Zi			老子；太上老君点化六诏；李耳	0	0		lao zi:0
5268		Laos	lauz	n.	老挝（东南亚国家）	0	0		
5269		Laotian	lei'әuʃiәn	n./adj.	老挝人；老挝（人）的	0	0		
5270		lap	læp	n.	(人坐时)膝部.(跑道的)一圈	0	0		
5271		Larry Belmont			无	0	0		larry belmont:0
5272		Las Vegas		n.	拉斯维加斯；【旅】拉斯维加斯	0	0		las vegas:0
5273		laser	ˈleɪzə(r)	n.	激光	0	0		
5274		latitude	'lætitju:d	n.	纬度	0	0		
5275		latter	ˈlætə(r)	n.	（两者之中的）后者	0	0		
5276		laughter	ˈlɑːftə(r); (US) ˈlæftər	n.	笑； 笑声	0	0		
5277		laundry	ˈlɔːndrɪ	n.	洗衣店;要洗的衣服	0	0		
5278		lava	'lɑ:vә	n.	(火山喷出的)熔岩；火山岩	0	0		
5279		lavatory	ˈlævətrɪ; (US) ˈlævətɔːrɪ	n.	便所，厕所	0	0		
5280		lawn	lɒ:n	n.	草坪；草地	0	0		
5281		lay eggs			下蛋	0	0		lay eggs:0
5282		lead a…life			过着……的生活	0	0		lead a…life:0
5283		leaflet	'li:flit	n.	散页印刷品；传单；小册子	0	0		
5284		league	liːɡ	n.	联盟，社团	0	0		
5285		leak	liːk	vi.	漏； 渗；learn (learnt, learnt；--ed --ed	0	0		
5286		leaned		v.	倾身；依靠；使…瘦弱（lean的过去分词）	0	0		
5287		leap	li:p	vi./n./vt.	跳，跳跃； 飞跃；跳跃； 跳跃，跳过；使跃过	0	0		
5288		leaped		v.	跳跃；急速移动；剧增；突然移动	0	0		
5289		leapt	lept	v.	跳跃（leap的过去分词）	0	0		
5290		leather	ˈleðə(r)	n.	皮革；leave (left, left	0	0		
5291		leave ... alone			na. 丢下不管；不要管	0	0		leave ... alone:0
5292		leave…alone			不管；别惹；让……一个人待着；和……单独在一起	0	0		
5293		left-handed	ˌleftˈhændɪd	adj.	惯用左手的	0	0		left-handed:0
5294		left-wing	ˌleftˈwɪŋ	n. adj.	左翼（的）	0	0		left-wing:0
5295		leftover	ˈleftˌəuvə	adj. n.	剩余,剩下的n.剩饭菜	0	0		
5296		legend	'ledʒәnd	n.	传奇；说明；图例；刻印文字	0	0		
5297		lemonade	leməˈneɪd	n.	柠檬水；lend (lent, lent	0	0		
5298		Leningrad	'lenin^ræd, -^rɑ:d	n.	列宁格勒（苏联城市）	0	0		
5299		leopard	'lepәd	n.	豹	0	0		
5300		lessen	'lesn	v.	减少；减轻	0	0		
5301		let down			使失望，辜负	0	0		let down:0
5302		letter-box	ˈletə(r)- bɔks	n.	信箱【连字符】	0	0		letter-box:0
5303		lever	'levә	n./vt./vi.	杠杆；控制杆； 用杠杆撬动；把…作为杠杆； 用杠杆撬	0	0		
5304		Lia		n.	莉亚（女名）	0	0		
5305		liberate	ˈlɪbəreɪt	vt.	解放，使获自由	0	0		
5306		liberty	ˈlɪbətɪ	n.	自由	0	0		
5307		librarian	laɪˈbreərɪən	n.	图书管理员；（西方的）图书馆馆长	0	0		
5308		licence	'laisns	n./vt.	许可证，执照；特许； 特许，许可；发给执照	0	0		
5309		licensed	'laisnst	adj./v.	得到许可的（等于licenced）； 许可；批准（license的过去分词）	0	0		
5310		light-emitting diode			un. 发光两极管	0	0		light-emitting diode:0
5311		lightning	ˈlaɪtnɪŋ	n.	闪电	0	0		
5312		lily	'lili	n.	百合；百合花	0	0		
5313		Lima	'li:mә	n.	利马（秘鲁首都）	0	0		
5314		limb	lim	n.	肢，翼；（树的）大枝，主枝	0	0		
5315		limp	limp	adj./vi./n.	柔软的，无力的；软弱的； 跛行，一拐一拐地走；缓慢费力地前进； 跛行	0	0		
5316		link…to…			将……和……联系或连接起来	0	0		
5317		Lionel Greenstreet			莱昂内尔·格林斯特里特	0	0		lionel greenstreet:0
5318		liter	liːtə(r)	n.	升； 公升【美】	0	0		
5319		literally	'litәrәli	adv.	字面上；真正地	0	0		
5320		litter	ˈlɪtə(r)	v.	乱丢杂物；little (less, least	0	0		
5321		live off			依靠……生活；以吃……为生	0	0		live off:0
5322		live out			实践	0	0		live out:0
5323		livelihood	'laivlihud	n.	生计；谋生	0	0		
5324		liver	'livә	n.	肝脏	0	0		
5325		loan	lәun	n./vi./vt.	贷款；借款； 借出； 借；借给	0	0		
5326		Log	lɒg	vi./vt./n.	伐木； 切；伐木；航行； 记录；航行日志；原木	0	0		
5327		logically	'lɔdʒikәli	adv.	逻辑上；合逻辑地；有条理地	0	0		
5328		London Heathrow Airport			伦敦希思罗机场	0	0		london heathrow airport:0
5329		longitude	'lɒndʒitju:d	n.	经线；经度	0	0		
5330		look ahead			向前看；为将来打算	0	0		look ahead:0
5331		look down on			蔑视；瞧不起	0	0		look down on:0
5332		look forward to			na. 盼望	0	0		look forward to:0
5333		loop	lu:p	n.	圈；环	0	0		
5334		lord	lɒ:d	n.	封建领主，地主，统治者；（宗）上帝	0	0		
5335		Lori		n.	罗丽（女名）	0	0		
5336		lorry	ˈlɔrɪ; (US) ˈlɔːrɪ	n.	（英）运货汽车，卡车	0	0		
5337		lose face			丢脸	0	0		lose face:0
5338		lose heart			na. 沮丧	0	0		lose heart:0
5339		lose sight of…			看不见……	0	0		lose sight of…:0
5340		lotus	'lәjtәs	n.	荷花，莲花，睡莲	0	0		
5341		loudspeaker	laʊdˈspiːkə(r)	n.	扬声器，喇叭	0	0		
5342		loyal	'lɒiәl	adj.	忠诚的；忠实的	0	0		
5343		lunge	lʌndʒ	n./v.	刺；越近，前冲	0	0		
5344		Lux Aurumque			无	0	0		lux aurumque:0
5345		luxury	'lʌkʃәri	n.	奢华	0	0		
5346		Machu Picchu		n.	【旅】马丘比丘	0	0		machu picchu:0
5347		Madison	'mædisn	n.	麦迪逊	0	0		
5348		magnetic	mæg'netik	adj.	磁的，有磁性的	0	0		
5349		magnitude	'mægnitju:d	n.	大小；量级；[地震] 震级；重要；光度	0	0		
5350		magpie	'mægpai	n.	喜鹊	0	0		
5351		maid	meɪd	n.	女仆；侍女	0	0		
5352		mailbox	ˈmeɪlbɒks	n.	邮筒；邮箱	0	0		
5353		mainstream	'meinstri:m	n.	主流；主要倾向	0	0		
5354		majesty	'mædʒәsti	n.	最高权威，王权；雄伟	0	0		
5355		make a bet			打赌；打赌看谁先背下这篇文章；来场打赌	0	0		make a bet:0
5356		make a life			习惯于新的生活方式、工作等	0	0		make a life:0
5357		make a name			出名	0	0		make a name:0
5358		make a proposal			na. 求婚	0	0		make a proposal:0
5359		make an impression			留下印象；留给她印象；给人留下…的印象	0	0		make an impression:0
5360		make fire			生火	0	0		make fire:0
5361		make fun of			na. 嘲弄	0	0		make fun of:0
5362		make inferences			推理；推断	0	0		make inferences:0
5363		make of sb			了解，理解	0	0		make of sb:0
5364		make of sth			了解，理解	0	0		make of sth:0
5365		make one’s acquaintance			结识；与……相见	0	0		make one’s acquaintance:0
5366		make one’s way			前往;行进	0	0		make one’s way:0
5367		make out			na. 理解；发现；起草；证明	0	0		make out:0
5368		make sense			na. (话等)有意义；合理；有道理；讲得通	0	0		make sense:0
5369		make up one’s mind			下定决心	0	0		make up one’s mind:0
5370		malaria	mә'lєәriә	n.	疟疾	0	0		
5371		Malawi	mә'lɑ:wi	n.	马拉维（非洲国家）	0	0		
5372		mammal	mæmәl	n.	[脊椎] 哺乳动物	0	0		
5373		manage to do			设法做	0	0		manage to do:0
5374		Manchu	mæn'tʃu:	adj./n.	满族的；满人;满语	0	0		
5375		Manhattan	mæn'hætәn	n.	曼哈顿岛；曼哈顿区（纽约市中心）	0	0		
5376		manned	mænd	adj./v.	有人驾驶的；有人操纵的；配备齐船员的； 给…配备人员（man的过去分词）	0	0		
5377		manual	'mænjuәl	adj./n.	手工的；体力的； 手册，指南	0	0		
5378		manuka honey			麦卢卡蜂蜜；麦芦卡蜂蜜；麦努卡蜂蜜	0	0		manuka honey:0
5379		Maori	'mauri	n.	（新西兰的）毛利人，毛利语；毛利语	0	0		
5380		marble	ˈmɑːb(ə)l	n.	大理石；玻璃弹子	0	0		
5381		Marco Polo			na. 马可波罗	0	0		marco polo:0
5382		Margaret Mitchell			玛格丽特.米切尔	0	0		margaret mitchell:0
5383		Margot	'mɑ:^әu	n.	玛戈（女名）	0	0		
5384		Marion	'meәriәn, 'mæriәn	n.	玛丽安（女名）	0	0		
5385		maritime	'mæritaim	adj.	海的；海事的；沿海的；海员的	0	0		
5386		mark out			划线；标出……界线	0	0		mark out:0
5387		Mark Twain			马克•吐温(美国作家)	0	0		mark twain:0
5388		Mars	mɑ:z	n.	战神；[天] 火星	0	0		
5389		Martin Luther King Jr.			马丁.路德.金	0	0		martin luther king jr.:0
5390		Marty	'mɑ:ti		马蒂•菲尔丁	0	0		
5391		Maryann Jines			玛丽安.琼斯	0	0		maryann jines:0
5392		Masaccio	mɑ:'sɑ:ttʃɔ:		马萨乔（意大利现实主义画家	0	0		
5393		mascot	'mæskәt	n.	吉祥物	0	0		
5394		mashed potatoes		n.	【食】土豆泥	0	0		mashed potatoes:0
5395		mask	mɑːsk; (US) mæsk	n. v.	口罩；面罩(具)；遮盖物 v. 戴面具；掩饰；伪装	0	0		
5396		master’s degree			硕士学位	0	0		master’s degree:0
5397		mat	mæt	n.	垫子	0	0		
5398		Matisse	mə'ti:s		马蒂斯（法国画家）	0	0		
5399		Mauritius	mɒ:'riʃiәs	n.	毛里求斯（非洲东部岛国）	0	0		
5400		maximum	ˈmæksɪməm	adj. n.	最大量(的)； 最大限度(的	0	0		
5401		Mayella			梅耶拉	0	0		
5402		meander	mi'ændә	n.	（指河流等）蜿蜒缓慢流动	0	0		
5403		meantime	'mi:ntaim	adv.	其间；同时	0	0		
5404		medal	ˈmed(ə)l	n.	奖牌	0	0		
5405		meditation	.medi'teiʃәn	n.	沉思，冥想	0	0		
5406		Mekong	'mei'kɒŋ	n.	湄公河	0	0		
5407		Melbourne	'melbәn		墨尔本（澳大利亚城市）	0	0		
5408		melon	ˈmelən	n.	（甜）瓜；瓜状物	0	0		
5409		Memphis	'memfis	n.	孟斐斯（古埃及城市，废墟在今开罗之南）；孟菲斯市（美国田纳西州城市名）	0	0		
5410		merciful	ˈmɜːsɪfʊl	adj.	仁慈的；宽大的	0	0		
5411		mercy	ˈmɜːsɪ	n.	怜悯	0	0		
5412		Merlin the Wizard			魔术师梅林	0	0		merlin the wizard:0
5413		merrily	'merili	adv.	高兴地；愉快地	0	0		
5414		Merry Christmas!			na. 圣诞快乐	0	0		merry christmas!:0
5415		messenger	'mesindʒә	n.	送信人；信使	0	0		
5416		metaphor	'metәfә	n.	暗喻，隐喻；比喻说法	0	0		
5417		methane	'meθein	n.	甲烷；沼气	0	0		
5418		metropolitan	.metrә'pɒlitn	adj.	主要都市的；大城市的	0	0		
5419		microcomputer	ˈmaɪkrəʊkəmpjuːtə(r)	n.	微机	0	0		
5420		microphone	'maikrәfәun	n.	麦克风；话筒	0	0		
5421		microwave	ˈmaɪkrəʊweɪv	n.	微波	0	0		
5422		microwave oven		n.	微波炉	0	0		microwave oven:0
5423		mid-autumn	ˌmɪdˈɔːtəm	n.	中秋	0	0		mid-autumn:0
5424		midday	ˈmɪddeɪ	n.	中午, 正午	0	0		
5425		Midlands			英格兰中部地区（英）	0	0		
5426		midwestern	'mid'westәn	adj.	中西部的；有中西部特性的	0	0		
5427		migrant	'maigrәnt	n.	移居者，移民；候鸟	0	0		
5428		migration	mai'greiʃәn	n.	迁移；移民；移动	0	0		
5429		mildly	'maildli	adv.	轻微地；温和地	0	0		
5430		military	'militәri	adj./n.	军事的；军人的；适于战争的； 军队；军人	0	0		
5431		millimetre	ˈmɪlimiːtə(r)	n.	毫米；千分之一米	0	0		
5432		millipede	'milәpid	n.	(等同于millepede) 千足虫	0	0		
5433		Milu deer			麋鹿	0	0		milu deer:0
5434		mime	maim	n.	哑剧	0	0		
5435		minefield		n.	布雷区；充满隐伏危险的事物或场合	0	0		
5436		miner	'mainә	n.	矿工	0	0		
5437		minibus	ˈmɪnɪbʌs	n.	小型公共汽车	0	0		
5438		mining	'mainiŋ	n.	矿业；采矿	0	0		
5439		miniskirt	ˈmɪnɪskɜːt	n.	超短裙	0	0		
5440		minor	'mainә	adj.	较小的；次要的；轻微的	0	0		
5441		minority	maɪˈnɔrɪtɪ; (US) -ˈnɔːr-	n.	少数；少数民族	0	0		
5442		minus	ˈmaɪnəs	prep. adj.	负的，减去的	0	0		
5443		miserable	'mizәrәbl	adj.	痛苦的；令人难受的	0	0		
5444		Miss.	mɪs	n.	小姐（对未婚女子的称呼）	0	0		
5445		missile	ˈmɪsaɪl	n.	导弹	0	0		
5446		missionary	'miʃәnәri	n./adj.	传教士；教会的，传教的	0	0		
5447		Missouri	mi'zuәri	n.	密苏里州（美国州名）	0	0		
5448		mm		n.	毫米	0	0		
5449		mockingbird	'mɒkiŋbә:d	n.	嘲鸫（美洲鸣禽，能模仿别种鸟的鸣叫）	0	0		
5450		mode	mәud	n.	模式；方式；风格	0	0		
5451		moderate	'mɒdәrәt	adj./vi./vt.	适度的；中等的；温和的； &； 缓和；使适中	0	0		
5452		moderation	.mɒdә'reiʃәn	n.	适度；合理	0	0		
5453		modernize	'mɒdәnaiz	vt.	使现代化	0	0		
5454		Mohandas Gandhi			莫罕达斯•甘地（印度国民大会党领袖）	0	0		mohandas gandhi:0
5455		molten	'mәultәn	adj.	熔化的；熔融的	0	0		
5456		Mona Lisa			蒙娜•丽莎（达•芬奇所作的一幅著名肖像画）	0	0		mona lisa:0
5457		Monet			莫奈（法国画家）	0	0		
5458		Mongolian	mɒŋ'gәuljәn	n./adj.	蒙古人；蒙古语； 蒙古人的；蒙古语的	0	0		
5459		Montgommery			蒙哥马利（城市名）	0	0		
5460		Montreal	,mɔntri'ɔ:l		蒙特利尔（加拿大城市）	0	0		
5461		mop	mɔp	n. v.	/ v. 拖把 拖地	0	0		
5462		moral dilemma			道德两难；道德困境；伦理两难	0	0		moral dilemma:0
5463		morale	mɒ'rɑ:l	n.	士气，精神状态	0	0		
5464		moreover	mɒ:'әuvә	adv.	而且；此外	0	0		
5465		Morse	mɒ:s		莫尔斯电码	0	0		
5466		Moslem	ˈmɔzləm	n.	伊斯兰教徒,回教徒	0	0		
5467		mosquito	məˈskiːtəʊ	n.	蚊子；most (much或many 的最高级	0	0		
5468		moth	mɒθ	n.	蛾	0	0		
5469		motherland	ˈmʌðəlænd	n.	祖国	0	0		
5470		motion	'mәuʃәn	n.	运动；移动	0	0		
5471		motive	'mәutiv	n.	动机；原因；目的	0	0		
5472		motorbike	ˈməʊtəbaɪk	n.	摩托车	0	0		
5473		motorcycle	ˈməʊtəsaikl	n.	摩托车	0	0		
5474		motto	ˈmɔtəʊ	n.	箴言，格言；mountain(s	0	0		
5475		Mount Etna			埃特纳火山（意大利西西里岛东北部）	0	0		mount etna:0
5476		Mount Kilauea			基拉韦厄火山	0	0		mount kilauea:0
5477		Mount Kilimanjaro		n.	乞力马扎罗山（位于坦桑尼亚；非洲最高山）	0	0		mount kilimanjaro:0
5478		Mount Vesuvius			维苏威火山	0	0		mount vesuvius:0
5479		mourn	mɔːn	vt.	哀痛； 哀悼；mouse (复mice	0	0		
5480		moustache	məsˈtɑːʃ	n.	小胡子	0	0		
5481		moustache (especially US mustache)		n.	上唇的胡子；髭	0	0		moustache (especially us mustache):0
5482		mouth-to-mouth rescue breathing			无	0	0		mouth-to-mouth rescue breathing:0
5483		mouthful	ˈmaʊθfʊl	n.	满口，一口	0	0		
5484		move off			离开；起程；出发	0	0		move off:0
5485		Mozart	'mәutsɑ:t	n.	莫扎特	0	0		
5486		Mr.	ˈmɪstə(r)	n.	先生（用于姓名前）	0	0		
5487		Mrs.	ˈmɪsɪz	n.	夫人, 太太（称呼已婚妇女）	0	0		
5488		Ms.	mɪz	n.	女士（用在婚姻状况不明的女子姓名前）	0	0		
5489		multicultural	.mʌlti'kʌltʃәrәl	adj.	多种文化的	0	0		
5490		mushroom	ˈmʌʃrʊm	n.	蘑菇	0	0		
5491		mustache	'mʌstæʃ	n.	胡子，髭	0	0		
5492		mustard	ˈmʌstəd	n.	芥末，芥子粉	0	0		
5493		musty	'mʌsti	adj.	发霉的，有霉味的	0	0		
5494		mutton	ˈmʌt(ə)n	n.	羊肉	0	0		
5495		mystery	'mistәri	n.	秘密，谜；神秘，神秘的事物；推理小说，推理剧；常作 mysteries 秘技，秘诀	0	0		
5496		myth	miθ	n.	神话，虚构的理念或者故事	0	0		
5497		mythology	mi'θɒlәdʒi	n.	神话；虚幻的想法	0	0		
5498		nachos		n.	（墨西哥人食用的）烤干酪辣味玉米片（nacho的复数）	0	0		
5499		Nagoya	nɑ:'^әujɑ:	n.	名古屋（日本港市）	0	0		
5500		nail	neɪl	n.	钉，钉子	0	0		
5501		nanobot	næ'nəʊbɒt	n.	纳米机器人	0	0		
5502		Napa Valley			纳帕谷；纳帕山谷；那帕谷	0	0		napa valley:0
5503		Napier	'neipiә		内皮尔（新西兰北岛东岸港口城市）；纳皮尔（人名）	0	0		
5504		narration	nә'reiʃәn	n.	叙述，讲述；故事	0	0		
5505		narrator		n.	叙述者；解说员	0	0		
5506		Nathaniel Ward			纳撒尼尔.沃德	0	0		nathaniel ward:0
5507		National Aeronautics and Space Administration			un. 美国国家航空和宇宙航行管理局；国家宇航局；国家航空和宇宙航行局	0	0		national aeronautics and space administration:0
5508		nationalism	'næʃәnәlizm	n.	民族主义；国家主义	0	0		
5509		nationality	næʃəˈnælətɪ	n.	国籍	0	0		
5510		nationwide	ˈneɪʃ(ə)nwaɪd	adv.	全国范围内的,全国性的	0	0		
5511		naughty	'nɒ:ti	adj.	顽皮的；淘气的	0	0		
5512		nautical	'nɒ:tikәl	adj.	海上的，航海的	0	0		
5513		nautical mile			海里	0	0		nautical mile:0
5514		navigator	'nævigeitә	n.	领航员；（飞机、船舶等上的）航行者	0	0		
5515		navy	ˈneɪvɪ	n.	海军	0	0		
5516		Nazi	'nɑ:tsi	n./adj.	纳粹党人；纳粹党的	0	0		
5517		necktie	ˈnektaɪ	n.	领带，领花	0	0		
5518		nectar	'nektә	n.	花蜜	0	0		
5519		needle	niːd(ə)l	n.	针	0	0		
5520		Negro	'ni:grәu	n.	[过时的]黑人	0	0		
5521		Neil Armstrong			阿姆斯特朗；阿姆斯壮；太空人阿姆斯壮	0	0		neil armstrong:0
5522		Nelson Mandela			纳尔逊•曼德拉（前南非共和国总统）	0	0		nelson mandela:0
5523		nephew	ˈnefjuː	n.	侄子，外甥	0	0		
5524		Netherlands	'neðәlәndz	n.	荷兰（西欧国家）	0	0		
5525		Neuschwanstein Castle			新天鹅城堡	0	0		neuschwanstein castle:0
5526		Nevada	ni'vædә	n.	内华达（美国州名）	0	0		
5527		New Zealand		n.	新西兰	0	0		new zealand:0
5528		Niagara	nai'æ^әrә	n.	尼亚加拉（河；瀑布）	0	0		
5529		Niagara Falls			尼亚加拉瀑布	0	0		niagara falls:0
5530		nickname	'nikneim	n.	绰号，浑名	0	0		
5531		Nicolaus Copernicus			尼古拉•哥白尼（波兰天文学家）	0	0		nicolaus copernicus:0
5532		nicotine	'nikәti:n	n.	尼古丁	0	0		
5533		niece	niːs	n.	侄女，甥女	0	0		
5534		night-club	ˈnaɪtklʌb	n.	夜总会	0	0		night-club:0
5535		nightfall	'naitfɒ:l	n.	黄昏	0	0		
5536		ninety	ˈnaɪntɪ	num.	九十	0	0		
5537		ninth	naɪnθ	num.	第九	0	0		
5538		nitrogen	'naitrәdʒәn	n.	氮	0	0		
5539		no matter who			na. 不管怎谁	0	0		no matter who:0
5540		Noah Webster			诺厄•韦伯斯特（美国词典编纂家）	0	0		noah webster:0
5541		noble	ˈnəʊb(ə)l	adj.	高贵的，贵族的	0	0		
5542		noisily	ˈnɔɪzɪlɪ	adv.	喧闹地	0	0		
5543		non-Newtonian fluid			非牛顿流体	0	0		non-newtonian fluid:0
5544		non-stop	ˌnɒnˈstɒp	adj. adv.	不停的；不断地	0	0		non-stop:0
5545		non-violent	ˌnɒnˈvaɪələnt	adj.	非暴力的	0	0		non-violent:0
5546		nonverbal	nɔn'vә:bәl	adj.	不涉及言语的； 非言语的	0	0		
5547		noon	nuːn	n.	中午，正午	0	0		
5548		Norman	'nɔ:mәn	adj./n.	诺曼第语的；诺曼第人的； 法国诺曼第人	0	0		
5549		Norman Bethune			诺曼•白求恩（加拿大胸外科医师）	0	0		norman bethune:0
5550		northwards	ˈnɔːθwədz	adv.	向北	0	0		
5551		northwest	ˌnɔːθˈwest	n.	西北	0	0		
5552		nosebleed	'nәuzbli:d	n.	鼻出血；流鼻血	0	0		
5553		not…any longer			不再……	0	0		not…any longer:0
5554		notebook	ˈnəʊtbʊk	n.	笔记簿	0	0		
5555		Nova Scotia			新斯科舍省（加拿大）	0	0		nova scotia:0
5556		now and again			不时地，有时	0	0		now and again:0
5557		nucleus	'nju:kliәs	n.	原子核；中心	0	0		
5558		Nullarbor	'nʌlәbɔ:(r)		纳拉伯平原（位于澳大利亚西南部，火箭制造基地和试验场）	0	0		
5559		numerous	'nju:mәrәs	adj.	众多的；许多的	0	0		
5560		nursery rhyme			童谣；儿歌	0	0		nursery rhyme:0
5561		o'clock	əˈklɔk	n.	点钟	0	0		
5562		oar	ɒ:	n.	桨；橹	0	0		
5563		oasis	әu'eisis	n.	（沙漠中）绿洲；舒适的地方	0	0		
5564		objection	әb'dʒekʃәn	n.	异议；不赞成；反对	0	0		
5565		obligation	.ɒbli'geiʃәn	n.	义务；职责；债务	0	0		
5566		Obon		n.	（日本）盂兰盆节	0	0		
5567		observatory	әb'zә:vәtәri	n.	观象台；天文台；气象台	0	0		
5568		obstacle	'ɒbstәkl	n.	障碍，阻碍	0	0		
5569		obstruction	әb'strʌʃәn	n.	阻碍；堵塞；阻塞物	0	0		
5570		Oceania	,oʃɪ'ænɪə	n.	大洋洲	0	0		
5571		odd	ɒd	adj./n.	奇数的；古怪的；剩余的；临时的；零散的； 奇数；怪人；奇特的事物	0	0		
5572		odour	'әudә	n.	气味，臭味	0	0		
5573		odourless	'әjdәlis	adj.	没有气味的，无嗅的	0	0		
5574		Odysseus	ә'disju:s		奥德修斯	0	0		
5575		offence	əˈfens	n.	违法行为，犯罪	0	0		
5576		offshore	ˈɔfʃɔː(r); (US) ˈɔːf-	adj.	近海的	0	0		
5577		oilfield	ˈɔɪlfiːld	n.	油田	0	0		
5578		ointment	'ɒintmәnt	n.	药膏；油膏	0	0		
5579		OK	əʊˈkeɪ	adv.	（口语）好,对,不错	0	0		
5580		Olivia	'ɔliviә	n.	奥利维亚（女子名）	0	0		
5581		omelette	ˈɔmlɪt	n.	煎蛋卷；煎蛋饼	0	0		
5582		on a ... basis			无	0	0		on a ... basis:0
5583		on behalf			代取件业务；代订；代为	0	0		on behalf:0
5584		on behalf of			代表（代替）某人	0	0		on behalf of:0
5585		on hand			na. 现有；〈美〉出席；〈美〉在近处	0	0		on hand:0
5586		on the basis of			na. 以…为基础	0	0		on the basis of:0
5587		on the contrary			与此相反；正相反	0	0		on the contrary:0
5588		on the move			在行进中；在移动中	0	0		on the move:0
5589		on the whole			大体上；基本上	0	0		on the whole:0
5590		once and for all			最终地；彻底地	0	0		once and for all:0
5591		once more			再一次	0	0		once more:0
5592		onion	ˈʌnjən	n.	洋葱；洋葱头	0	0		
5593		onwards	'ɔnwә:dz	adv.	向前地；前进地	0	0		
5594		opera house	ˈɔpərə haʊs	n.	歌剧院,艺术剧院	0	0		opera house:0
5595		organiser	ˈɔ:gənaizə	n.	组织者	0	0		
5596		orient	'ɒ:riәnt	vt./n./adj./vi.	使适应；确定方向；使朝东； 东方；东方诸国； 东方的； 向东	0	0		
5597		Oswald	'ɔzwәld		奥斯瓦尔德	0	0		
5598		Ottawa	ˈɔtəwə	n.	渥太华	0	0		
5599		ouch	aʊtʃ	int.	（突然受痛时叫声）哎哟	0	0		
5600		out of breath			上气不接下气	0	0		out of breath:0
5601		out of order			次序颠倒；发生故障	0	0		out of order:0
5602		out of respect			出于尊敬	0	0		out of respect:0
5603		out of shape		adj.	变形	0	0		out of shape:0
5604		out of the question			不可能的；不值得讨论的	0	0		out of the question:0
5605		out of work			失业	0	0		out of work:0
5606		outer	ˈaʊtə(r)	adj.	外部的，外面的	0	0		
5607		outgoing	ˈaʊtɡəʊɪŋ	adj.	爱交际的,外向的	0	0		
5608		outing	ˈaʊtɪŋ	n.	郊游，远足	0	0		
5609		outline	ˈaʊtlaɪn	n.	概述，略述	0	0		
5610		outlook	'autluk	n.	前景；可能性；观点	0	0		
5611		output	ˈaʊtpʊt	n.	产量，输出量	0	0		
5612		outspoken	aʊtˈspəʊkən	adj.	直率，坦诚	0	0		
5613		outward	ˈaʊtwəd	ad.	向外的，外出的	0	0		
5614		outwards	'autwәdz	adv.	向外	0	0		
5615		outweigh	.aut'wei	v.	比……更重要，胜过	0	0		
5616		oval	ˈəʊv(ə)l	n. adj.	椭圆；椭圆形的	0	0		
5617		overboard	'әuvәbɒ:d	adv.	越过船舷进入水中	0	0		
5618		overcame	,әuvә'keim	v.	克服（overcome的过去式）	0	0		
5619		overnignt		adv.	在晚上；在夜里；（口）很快；一夜之间	0	0		
5620		overstatement		n.	大话，夸大的叙述	0	0		
5621		overwhelming	.әuvә'hwelmiŋ	adj.	无法抗拒的；巨大的；压倒性的	0	0		
5622		owe sth to sb			欠（某人情）；把……归功于某人	0	0		owe sth to sb:0
5623		owe sth. to sb.		v.	由于；把…归功于	0	0		owe sth. to sb.:0
5624		owe to			把……归功于	0	0		owe to:0
5625		owenrship		n.	所有权，物主身份	0	0		
5626		P.C.	piːsiː		个人电脑(缩) =personal computer	0	0		
5627		P.E.	piːiː		体育(缩) =physical education	0	0		
5628		p.m			下午	0	0		
5629		p.m.	piːem	abbr./n.	(=prime minister)总理；首相；午后； 总理（全写为 prime minister）	0	0		
5630		pack (sth) up			将（东西）装箱打包	0	0		pack (sth) up:0
5631		pack up			把……打包，整理	0	0		pack up:0
5632		package tour		n.	包价旅游（费用固定、一切由旅行社代办的度假旅游）	0	0		package tour:0
5633		packet	ˈpækɪt	n.	小包裹，袋	0	0		
5634		paddle	ˈpæd(ə)l	n.	桨状物，蹼	0	0		
5635		Pakistan	.pɑ:ki'stɑ:n	n.	巴基斯坦	0	0		
5636		Pakistani	.pɑ:ki'stɑ:ni	adj./n.	巴基斯坦（人）的；巴基斯坦人	0	0		
5637		Panama	.pænә'mɑ:	n.	巴拿马（位于拉丁美洲）；巴拿马城	0	0		
5638		panic	ˈpænɪk	adj. v.	/ v.惊慌,恐慌,惶恐不安	0	0		
5639		paralyze	'pærәlaiz	v.	使瘫痪，使麻痹	0	0		
5640		paramedic	'pærәmedik	n.	急救医生；护理人员	0	0		
5641		paraphrase	'pærәfreiz	n./vt.	释义；解释；意译； 释义	0	0		
5642		pardon	ˈpɑːd(ə)n	n.	原谅,宽恕,对不起	0	0		
5643		parking lot			停车场	0	0		parking lot:0
5644		participation	.pɑ:tisi'peiʃәn	n.	参加；参与	0	0		
5645		pass away		vi.	na. 消失； 经过；去；终止	0	0		pass away:0
5646		pass…off as…			（把某人）改变或冒充成……	0	0		pass…off as…:0
5647		passbook	'pæsbuk	n.	银行存折	0	0		
5648		passer-by	ˈpɑ:sə-baɪ	n.	过客，过路人	0	0		passer-by:0
5649		passive	ˈpæsɪv	adj.	被动的	0	0		
5650		patriotic	.peitri'ɒtik	adj.	爱国的	0	0		
5651		Pausanias	pɔ:'seiniæs		帕萨尼亚斯（男名；古希腊人名）	0	0		
5652		pavement	'peivmәnt	n.	人行道, 公路	0	0		
5653		pay off			偿清；得到好结果；取得成功	0	0		pay off:0
5654		PC			（personal computer）个人电脑；个人计算机	0	0		
5655		PDA			(personal digital assistant)掌上电脑；个人数码助理	0	0		
5656		pea	piː	n.	豌豆	0	0		
5657		peak season		n.	旺季	0	0		peak season:0
5658		peanut	'pi:nʌt	n.	花生	0	0		
5659		pear	peə(r)	n.	梨子，梨树	0	0		
5660		Pearce			皮尔斯（姓）	0	0		
5661		peasant	ˈpezənt	n.	农民；佃农	0	0		
5662		peck	pek	v.	啄食	0	0		
5663		peculiar	pi'kju:ljә	adj.	古怪的，奇怪的；特殊的，罕见的	0	0		
5664		peculiarity	pi.kju:li'æriti	n.	个性；特点； 怪异的性质	0	0		
5665		pedal	'pedl	n./vt./vi.	（自行车等的）脚镫子；踏板； &； 骑自行车；踩踏板	0	0		
5666		pedestrian	pɪˈdestrɪən	n.	步行者，行人	0	0		
5667		pedicab	'pedikæb	n.	（人力）三轮车	0	0		
5668		Peking Union Medical College			无	0	0		peking union medical college:0
5669		pen-friend	ˈpenfrend	n.	笔友	0	0		pen-friend:0
5670		pence	pens	n.	penny 的复数	0	0		
5671		pencil	ˈpens(ə)l	n.	铅笔	0	0		
5672		pencil-box	ˈpens(ə)l -bɔks	n.	铅笔盒【连字符】	0	0		pencil-box:0
5673		pencil-sharpener	ˈpens(ə)l-ˈʃɑːpənə(r)		转笔刀【连字符】	0	0		pencil-sharpener:0
5674		Penelope	pi'nelәpi, pә-		珀涅罗珀（Odysseus 的忠实妻子）	0	0		
5675		penicillin	.peni'silin	n.	青霉素；盘尼西林	0	0		
5676		penniless	'penilis	adj.	贫困的；身无分文的	0	0		
5677		pension	ˈpenʃ(ə)n	n.	养老金	0	0		
5678		pensioner	'penʃәnә(r)	n.	领取养老金者	0	0		
5679		People's Liberation Army			中国人民解放军；中国人民解放军海军；中国人民解放军总部	0	0		people's liberation army:0
5680		People’s Liberation Army (PLA)			中国人民解放军	0	0		people’s liberation army (pla):0
5681		peppercorn	'pepәkɔ:n	n.	胡椒粒	0	0		
5682		Perce Blackborow			珀西·布莱克博罗（“坚忍”号服务员）	0	0		perce blackborow:0
5683		Perce Blackborrow			珀斯.布莱克鲍罗	0	0		perce blackborrow:0
5684		perceive	pә'si:v	vt.	察觉；看待；理解	0	0		
5685		Perseus	'pә:sju:s		珀尔休斯（希腊主神宙斯之女，杀死怪 Medusa 的英雄）	0	0		
5686		persevere	.pә:si'viә	vi.	坚持；孜孜以求	0	0		
5687		personification	pә:.sɒnifi'keiʃәn	n.	人格化；化身；拟人法（一种修辞手法）；象征	0	0		
5688		perspective	pә'spektiv	n.	（思考问题的）角度；观点	0	0		
5689		persuasion	pә'sweiʒәn	n.	信服；说服	0	0		
5690		Perth	pә:θ		珀思（澳大利亚西南部港口城市）	0	0		
5691		pessimistic	.pesi'mistik	adj.	悲观的；悲观主义的	0	0		
5692		pest	pest	n.	害虫	0	0		
5693		pesticide	'pestisaid	n.	杀虫剂；除害药物	0	0		
5694		petal	'petәl	n.	花瓣	0	0		
5695		Peter the Great			彼得大帝（俄国皇帝）	0	0		peter the great:0
5696		phase	feiz	n.	月相； （月亮的）盈亏； 时期	0	0		
5697		PhD=Doctor of Philosophy			哲学博士学位；博士学位	0	0		phd=doctor of philosophy:0
5698		philosophical	.filә'sɒfikl	adj.	哲学上的	0	0		
5699		phone-booth	ˈfəʊnbuːθ	n.	公用电话亭	0	0		phone-booth:0
5700		phonetics	fәu'netiks	n.	语音学	0	0		
5701		photoelectric	.fәutәui'lektrik	adj.	光电的	0	0		
5702		physician	fɪˈzɪʃ(ə)n	n.	(有行医执照的)医生	0	0		
5703		physiology	.fizi'ɒlәdʒi	n.	生理学；生理机能	0	0		
5704		pianist	ˈfɪzɪks	n.	钢琴家	0	0		
5705		Picasso	pi:'kɑ:ssɒ:		毕加索（西班牙画家、雕塑家）	0	0		
5706		pie	paɪ	n.	甜馅饼	0	0		
5707		pill	pɪl	n.	药丸，药片	0	0		
5708		pineapple	ˈpaɪnæp(ə)l	n.	菠萝	0	0		
5709		ping-pong	ˈpɪŋpɒŋ	n.	乒乓球	0	0		ping-pong:0
5710		pint	paɪnt	n.	（液量单位）品脱	0	0		
5711		pirate	'paiәrәt	n./vt.	海盗；盗版者； 盗印；窃用	0	0		
5712		pitch	pitʃ	n./vt./vi.	沥青；音高；程度；树脂；倾斜；投掷；球场； 投；掷；定位于；用沥青涂；扎营；向前倾跌； 倾斜；投掷；搭帐篷；坠落	0	0		
5713		pitcher plant		n.	猪笼草	0	0		pitcher plant:0
5714		PLA		abbr.	中国人民解放军（Chinese People's Liberation Army）；原生质树脂活动（plasma resin activity）	0	0		
5715		plasma	'plæzmә	n.	血浆	0	0		
5716		plateau	plæ'tәu	n.	高原	0	0		
5717		play a part (in)			扮演一个角色；参与	0	0		play a part (in):0
5718		play a trick on			搞恶作剧; 开玩笑；诈骗	0	0		play a trick on:0
5719		play jokes on			戏弄	0	0		play jokes on:0
5720		playroom	ˈpleɪruːm	n.	游戏室	0	0		
5721		pleasureable		adj.	愉快的，快乐的，高兴的	0	0		
5722		plough	plau	v.	（犁）地；（耕）地	0	0		
5723		plug	plʌɡ	n. vt.	塞子 vt.（用塞子）把…塞住	0	0		
5724		pogo stick jumping			弹簧单高跷游戏	0	0		pogo stick jumping:0
5725		point of view		n.	观点；态度；意见；看法	0	0		point of view:0
5726		poisonous	ˈpɔɪzənəs	adj.	有毒的，致命的	0	0		
5727		pollinate	'pɒlineit	vt.	授粉；传粉	0	0		
5728		pollinator	'pɒlɪneɪtə	n.	虫媒	0	0		
5729		Pompeii	pɒm'peii:		庞培（意大利古都）	0	0		
5730		pork	pɔːk	n.	猪肉	0	0		
5731		porridge	ˈpɔrɪdʒ; (US) ˈpɔːrɪdʒ	n.	稀饭，粥	0	0		
5732		porter	ˈpɔːtə(r)	n.	（火车站或旅馆处的）搬运工	0	0		
5733		Portia Langham			无	0	0		portia langham:0
5734		Portsmouth	'pɔ:tsmәθ	n.	朴茨茅斯（英国港市，美国港市）	0	0		
5735		pose	pәuz	n./vi./vt.	故作姿态；（为画像、拍照等摆的） 姿势； 摆好姿势； 造成（威胁、问题等）	0	0		
5736		post-graduate	'pəʊstɡr'ædʒʊeɪt	n./adj.	研究生；研究生的	0	0		post-graduate:0
5737		post-impressionist		adj./n.	后印象派的；后印象派艺术家	0	0		post-impressionist:0
5738		postage	ˈpəʊstɪdʒ	n.	邮费	0	0		
5739		postbox	ˈpəʊstbɔks	n.	邮箱	0	0		
5740		postcode	ˈpəʊstkəʊd	n.	（英）邮政编码	0	0		
5741		postman	ˈpəʊstmən	n.	邮递员	0	0		
5742		posture	'pɒstʃә	n.	姿态；体态	0	0		
5743		pouch	pautʃ	n./vi./vt.	小袋；育儿袋；烟草袋； 成袋状； 使成袋状；把…装入袋中	0	0		
5744		prairie	ˈpreərɪ	n.	大草原	0	0		
5745		pray that			无	0	0		pray that:0
5746		precise	prɪˈsaɪs	adj.	准确,精确的,确切的	0	0		
5747		prediction	pri'dikʃәn	n.	预测；预言	0	0		
5748		prefer ... to ...			un. 较喜欢；宁愿:	0	0		prefer ... to ...:0
5749		preference	ˈprefərəns	n.	选择，趋向	0	0		
5750		pregnant	ˈpreɡnənt	adj.	怀孕的	0	0		
5751		prescription	prɪˈskrɪpʃ(ə)n	n.	处方，药方	0	0		
5752		presentational	,prezən'teiʃənәl,,pri:-	adj.	表达的，描述性的	0	0		
5753		presume	pri'zu:m	vi./vt.	相信；擅自行为； 假定；推测；擅自；意味着	0	0		
5754		pretend to do sth.			假装做某事；假装干；假装去做某事	0	0		pretend to do sth.:0
5755		prevent ... from			防止；阻止；预防	0	0		prevent ... from:0
5756		prevent...from			阻止；制止	0	0		
5757		pride	praɪd	n.	自豪，骄傲	0	0		
5758		prime minister		n.	首相；总理	0	0		prime minister:0
5759		prince	prins	n.	王子，国君；亲王；贵族	0	0		
5760		Princeton	'prinstәn		普林斯顿（美国城市）	0	0		
5761		prior	'praiә	adj.	先前的；优先的	0	0		
5762		prior to			在……之前的	0	0		prior to:0
5763		prisoner	ˈprɪznə(r)	n.	囚犯	0	0		
5764		privately		adv.	私下地	0	0		
5765		privilege	ˈprɪvɪlɪdʒ	n.	特权，特殊待遇	0	0		
5766		proceed	prәu'si:d	vi.	行进；继续做	0	0		
5767		proceed to sth			进而做（参加）	0	0		proceed to sth:0
5768		proceed to sth.			un. 前进；继续进行:	0	0		proceed to sth.:0
5769		Procrustes	prә'krʌsti:z		普罗克拉斯提斯（古希腊神话传说中 Attica 的一个强盗）	0	0		
5770		proficiency	prә'fiʃәns	n.	精通，熟练	0	0		
5771		profile	'prәufail	n./vt./vi.	侧面；轮廓；外形；剖面；简况； 描…的轮廓；扼要描述； 给出轮廓	0	0		
5772		programmer	'prәugræmә	n.	程序员；程序师	0	0		
5773		prohibition	.prәuhi'biʃәn	n.	禁止；阻止；禁令	0	0		
5774		proof	pru:f	n.	证据；证明；检验	0	0		
5775		prop	prɒp	n.	（小）道具	0	0		
5776		pros and cons		n.	利弊; 正反两方面; 优缺点; 赞成和反对的理由	0	0		pros and cons:0
5777		prose	prәuz	n.	散文	0	0		
5778		prospect	'prɒspekt	n.	可能性；前景	0	0		
5779		prosperous	'prɒspәrәs	adj.	成功的，繁荣的，兴旺的	0	0		
5780		protect…from			保护……不受……（危害）	0	0		
5781		protective	prә'tektiv	adj.	给予保护的；保护的	0	0		
5782		protest	prә'test	n./adj./vt./vi.	抗议； 表示抗议的；抗议性的； 抗议；断言； 抗议；断言	0	0		
5783		Protestant	'prɒtistәnt	n.	新教徒	0	0		
5784		proverb	'prɒvә:b	n.	谚语	0	0		
5785		provide for sb.		v.	为…作准备	0	0		provide for sb.:0
5786		Prussia	'prʌʃә	n.	（史）普鲁士（位于北欧）	0	0		
5787		psychologically	,psaikә'lɔdʒikәli	adv.	心理（学）地；精神上地	0	0		
5788		pub	pʌb	n.	酒店，酒吧	0	0		
5789		Public English Test System			无	0	0		public english test system:0
5790		publicly	ˈpʌblɪklɪ	adv.	当众；公开地	0	0		
5791		pudding	'pudiŋ	n.	布丁	0	0		
5792		puff	pʌf	n./vt./vi.	粉扑；泡芙；蓬松；一阵喷烟；肿块；吹嘘，宣传广告； 喷出，张开；使膨胀；夸张；使骄傲自满； 膨胀；张开；鼓吹；夸张	0	0		
5793		pull oneself up			立起身来	0	0		pull oneself up:0
5794		pulse	pʌls	n.	脉搏，（光、能量、波等的）脉动，搏动	0	0		
5795		pumpkin	'pʌmpkin	n.	南瓜	0	0		
5796		punchline		n.	故事、笑话等中的妙语；关键语	0	0		
5797		punctuate	ˈpʌŋktjʊeɪt	v.	加标点	0	0		
5798		punctuation	ˌpʌŋktʃuˈeɪʃn	n.	标点符号	0	0		
5799		Puno		n.	普诺（秘鲁）	0	0		
5800		pupil	ˈpjuːpɪl	n.	（小）学生	0	0		
5801		pure	pjʊə(r)	adj.	纯的, 不掺杂的	0	0		
5802		purse	pɜːs	n.	钱包	0	0		
5803		push-up		n.	俯卧撑；模面挤凹	0	0		push-up:0
5804		put on weight			增加体重	0	0		put on weight:0
5805		put one’s hands on			找到	0	0		put one’s hands on:0
5806		Pygmalion	pig'meiljәn	n.	皮格马利翁（希腊神话）	0	0		
5807		pyramid	ˈpɪrəmɪd	n.	角锥形，金字塔	0	0		
5808		Qomolangma		n.	珠穆朗玛峰	0	0		
5809		quadrant	'kwɒdrәnt	n.	象限，四分仪	0	0		
5810		quagga	'kwægә	n.	白氏斑马（已灭绝）	0	0		
5811		quake	kweɪk	n. v.	震动，颤抖	0	0		
5812		Quaker	'kweikә	n.	教友派信徒；贵格会会员	0	0		
5813		qualify	'kwɒlifai	vt./vi.	（使）具备资格；（使）合格	0	0		
5814		quarry	'kwɒri	n.	采石场	0	0		
5815		Quebec City			魁北克市（加拿大城市）	0	0		quebec city:0
5816		Queen Victoria			维多利亚女王（英国女王）	0	0		queen victoria:0
5817		questionaire		n.	调查表, 问卷	0	0		
5818		queue	kjuː	n.	行列，长队	0	0		
5819		quick as a flash			立刻，马上，一刹那	0	0		quick as a flash:0
5820		quiz	kwɪz	n.	测验，小型考试	0	0		
5821		quotation	kwәu'teiʃәn	n.	引语，引文，语录；引用	0	0		
5822		quote	kwәut	n./vi./vt.	引用； 报价；引用；引证； 报价；引述；举证	0	0		
5823		rabbit	ˈræbɪt	n.	兔，家兔	0	0		
5824		racial	ˈreɪʃ(ə)l	adj.	种族的	0	0		
5825		radiation	reɪdɪˈeɪʃ(ə)n	n.	放射，放射物	0	0		
5826		radioactive	reɪdɪəʊˈæktɪv	adj.	放射性的	0	0		
5827		radioactivity	.reidiәuæk'tiviti	n.	放射性	0	0		
5828		radium	ˈreɪdɪəm	n.	镭	0	0		
5829		Raffesia arnoldii		n.	大王花	0	0		raffesia arnoldii:0
5830		raft	ræft	n.	木筏，木排	0	0		
5831		raincoat	ˈreɪnkəʊt	n.	雨衣	0	0		
5832		range from ... to ...			范围从到；从……到……的范围；在……中变化	0	0		range from ... to ...:0
5833		rap	ræp	n./vi./vt.	轻敲； 敲击；交谈； 抢走；轻敲；敲击致使；使着迷	0	0		
5834		Rapa River			拉帕河	0	0		rapa river:0
5835		rapids	ræpidz	n.	急流	0	0		
5836		rating	'reitiŋ	n./v.	等级；等级评定；额定功率； 对…评价（rate的ing形式）	0	0		
5837		raw	rɔː	adj.	生的,未煮过的,未加工的	0	0		
5838		raw material	rɔː məˈtɪərɪəl	n.	原料	0	0		raw material:0
5839		razor	ˈreɪzə(r)	n.	剃须刀	0	0		
5840		real estate agent		n.	房地产经纪人	0	0		real estate agent:0
5841		realism	'riәlizm	n.	逼真；现实主义；务实作风	0	0		
5842		realist	'riәlist	n.	现实主义画家（或作家等）；现实主义者	0	0		
5843		receipt	rɪˈsiːt	n.	收据	0	0		
5844		reception	rɪˈsepʃ(ə)n	n.	接待	0	0		
5845		reckon	'rekәn	v.	估算，估计	0	0		
5846		reckoning	'rekәniŋ	n.	估算，估计	0	0		
5847		record holder	ˈrekɔːd ˈhəʊldə(r)	n.	记录保持者	0	0		record holder:0
5848		recount	ri'kaunt	n./v.	重新计算选票；叙述	0	0		
5849		rectangle	ˈrektæŋɡ(ə)l	n. adj.	长方形,长方形的	0	0		
5850		rectangular	rek'tæŋgjulә	adj.	长方形的；矩形的	0	0		
5851		red braised pork			红烧肉	0	0		red braised pork:0
5852		red date			红枣	0	0		red date:0
5853		referee	refəˈriː	n.	裁判，仲裁，调解员	0	0		
5854		refreshments	rɪˈfreʃmənt	n.	点心，便餐；(会议后的)简单茶点招待	0	0		
5855		refusal	rɪˈfjuːz(ə)l	n.	拒绝	0	0		
5856		Regan	'ri:^әn		里根	0	0		
5857		registration	.redʒi'streiʃәn	n.	登记；注册	0	0		
5858		reindeer	'rein.diә	n.	驯鹿	0	0		
5859		rejection	ri'dʒekʃәn	n.	抛弃；拒绝；被抛弃的东西；盖帽	0	0		
5860		rejoice	ri'dʒɒis	v.	欣喜，高兴，喜悦	0	0		
5861		relativity	.relә'tiviti	n.	相对论；相对性	0	0		
5862		relay	ˈriːleɪ	n. v.	接力，接替人，中转 v. 接替，补充；转运	0	0		
5863		relay to			无	0	0		relay to:0
5864		relic	'relik	n.	遗迹，遗物；废墟；纪念物	0	0		
5865		religion	rɪˈlɪdʒən	n.	宗教	0	0		
5866		remarkable	ri'mɑ:kәbl	adj.	非凡的；显著的	0	0		
5867		Rembrandt	'rembrænt		伦勃朗（荷兰画家）	0	0		
5868		remind sb. of sb.		v.	提醒	0	0		remind sb. of sb.:0
5869		remind sb. of sth.		v.	提醒	0	0		remind sb. of sth.:0
5870		remind…of…			使……想起……	0	0		
5871		renaissance	ri'neisәns	n.	新生；复兴；复活	0	0		
5872		renewable	ri'nju(:)әbl	adj.	能再生的；可更新的	0	0		
5873		repentance	ri'pentәns	n.	后悔	0	0		
5874		reproach	ri'prәutʃ	n.	责骂，责备	0	0		
5875		reproduce	.ri:prә'dju:s	v.	复制；再现……的形象或声音	0	0		
5876		reptile	'reptail	n.	爬行动物；爬虫	0	0		
5877		resident physician			un. 内科住院医师	0	0		resident physician:0
5878		resign	rɪˈzaɪn	v.	辞职	0	0		
5879		resist	rɪˈzɪst	v.	抵抗；挡开	0	0		
5880		resolution	.rezә'lu:ʃәn	n.	决议；解决；坚定	0	0		
5881		respective	ri'spektiv	adj.	分别的；各自的	0	0		
5882		restrict	rɪˈstrɪkt	v.	限制	0	0		
5883		résumé			无	0	0		
5884		retell	riːˈtel	vt.	重讲，重复，复述	0	0		
5885		reuse	riːˈjuːz	vt.	重新使用；循环使用	0	0		
5886		revelation	.revi'leiʃәn	n.	启示，揭示	0	0		
5887		reviewer	rɪˈvjuːə(r)	n.	评论者；书评家	0	0		
5888		revise	ri'vaiz	n./vi./vt.	修订；校订； 修订；校订；复习功课； 修正；复习；校订	0	0		
5889		revision	rɪˈvɪʒ(ə)n	n.	复习，温习	0	0		
5890		revival	ri'vaivl	n.	复兴；复活；苏醒；恢复精神；再生效	0	0		
5891		revolutionary	.revә'lu:ʃәnәri	adj.	革命的；重大变革的	0	0		
5892		revolve	ri'vɒlv	vi.	旋转；环绕；转动	0	0		
5893		rewind	riːˈwaɪnd	v.	回转（磁带等	0	0		
5894		rewrite	riːˈraɪt	vt.	重写	0	0		
5895		rhetorical	ri'tɒ:rikl	adj.	修辞的；修辞学的；夸张的	0	0		
5896		rhyme	raɪm	n. v.	/ v. 押韵	0	0		
5897		rhythm	'riðәm	n.	节奏；韵律；规律	0	0		
5898		rhythmic	'riðmik	adj.	有节奏的；有规律的	0	0		
5899		rickets	'rikits	n.	佝偻病	0	0		
5900		rid…of			摆脱；除去	0	0		
5901		riddle	ˈrɪd(ə)l	n.	谜(语	0	0		
5902		ridge	ridʒ	n.	山脊；屋脊	0	0		
5903		right-handed	ˌraɪtˈhændɪd	adj.	惯用右手的	0	0		right-handed:0
5904		right-wing	ˌraɪtˈwɪŋ	n. adj.	右翼（的）	0	0		right-wing:0
5905		rigid	ˈrɪdʒɪd	adj.	死板的,僵硬的,固执的	0	0		
5906		ring back			回复电话	0	0		ring back:0
5907		ring off			挂断电话	0	0		ring off:0
5908		ring up			给……打电话	0	0		ring up:0
5909		ring-road	ˈrɪŋrəʊd	n.	环形公路	0	0		ring-road:0
5910		Rio		n.	里约（巴西共和国的旧首都）	0	0		
5911		Rio de Janeiro		n.	里约热内卢	0	0		rio de janeiro:0
5912		River Avon			埃文河	0	0		river avon:0
5913		River Severn			塞文河	0	0		river severn:0
5914		River Thames			泰晤士河	0	0		river thames:0
5915		roar	rɒ:	n./vi./vt.	咆哮；吼；轰鸣； 咆哮；吼叫；喧闹； 咆哮；呼喊；使……轰鸣	0	0		
5916		roast	rəʊst	v.	烤（肉	0	0		
5917		roast turkey		n.	【食】烤火鸡	0	0		roast turkey:0
5918		rob	rɔb	v.	抢夺，抢劫	0	0		
5919		Robben Island			罗本岛	0	0		robben island:0
5920		robe	rәub	n./vi./vt.	长袍，礼服；制服； 穿长袍； 使穿长袍	0	0		
5921		Robert Browning			罗伯特·布朗宁（英国诗人）	0	0		robert browning:0
5922		Robert Louis Stevenson			史蒂文生；斯蒂文森；史蒂文森	0	0		robert louis stevenson:0
5923		Robin Lee Graham			无	0	0		robin lee graham:0
5924		rock’n’roll			(rock-and-roll) 摇滚乐	0	0		
5925		rocket	rɒkit	n.	火箭	0	0		
5926		rod	rɒd	n.	杆；棒	0	0		
5927		Roderick	'rɔdәrik	n.	罗德里克（亦作Roderic）(m.)	0	0		
5928		roller	ˈrəʊlə(r)	n.	滚筒； 辊	0	0		
5929		roller coaster		n.	过山车	0	0		roller coaster:0
5930		romance	rәu'mæns	n.	恋情；浪漫故事，浪漫史	0	0		
5931		romantic	rәu'mæntik	n./adj./vt.	浪漫的人； 浪漫的；多情的；空想的； 使…浪漫化	0	0		
5932		rooster	ˈruːstə(r)	n.	(美)公鸡	0	0		
5933		Rosalyn		n.	罗莎琳（女名）	0	0		
5934		rosebud	'rәuzbʌd	n.	玫瑰花蕾	0	0		
5935		rot	rɔt	vi.	烂； 腐败	0	0		
5936		rotten	'rɒtn	adj.	腐烂的，变质的	0	0		
5937		Rudyard Kipling			拉迪亚德.吉普林	0	0		rudyard kipling:0
5938		rugby	ˈrʌɡbɪ	n.	（英）橄榄球	0	0		
5939		rumour	'ru:mә	n./vt.	谣言； 传闻	0	0		
5940		run out of			用完	0	0		run out of:0
5941		rust	rʌst	n.	铁锈	0	0		
5942		rusty	'rʌsti	adj.	生锈的	0	0		
5943		sadness	ˈsædnɪs	n.	悲哀，忧伤	0	0		
5944		safety belt			安全带	0	0		safety belt:0
5945		sailor	ˈseɪlə(r)	n.	水手，海员	0	0		
5946		Saint Basil's Cathedral			无	0	0		saint basil's cathedral:0
5947		sake	seik	n.	目的，利益	0	0		
5948		salesgirl	ˈseɪlzɡɜːl	n.	女售货员	0	0		
5949		salesman	ˈseɪlzmən	n.	男售货员	0	0		
5950		saleswoman	seɪlz‚wʊmən	n.	女售货员	0	0		
5951		Sally	'sæli	n.	萨利（女名）	0	0		
5952		salute	səˈluːt	v. n.	敬礼	0	0		
5953		samba	'sæmbә	n./vi.	桑巴舞（巴西交谊舞）； 跳桑巴舞	0	0		
5954		Sami			萨米人 （居住在斯堪的纳维亚北部的拉普人）	0	0		
5955		Samuel	'sæmjuәl		塞缪尔	0	0		
5956		Samuel Johnson			塞缪尔•约翰逊（英国作家，批评家）	0	0		samuel johnson:0
5957		Samuel Langhorne Clemens			塞缪尔•兰霍恩•克莱门斯（人名）	0	0		samuel langhorne clemens:0
5958		sandal	'sændl	n.	凉鞋	0	0		
5959		Sanders	'sændәs	n.	桑德斯（姓）	0	0		
5960		Sarek National Park			萨勒克国家公园	0	0		sarek national park:0
5961		SARS		abbr.	严重急性呼吸综合征	0	0		
5962		sauce	sɔːs	n.	酱汁； 调味汁	0	0		
5963		saucer	ˈsɔːsə(r)	n.	茶碟，茶托，小圆盘	0	0		
5964		sausage	ˈsɔsɪdʒ; (US) ˈsɔːsɪdʒ	n.	香肠，腊肠	0	0		
5965		savage	ˈsævɪdʒ	n.	野蛮人，未开化的人	0	0		
5966		savagely		adv.	野蛮地，残酷地	0	0		
5967		scale	skeil	n.	磅秤，天平盘	0	0		
5968		scar	skɑː(r)	n.	伤疤，伤痕	0	0		
5969		scarce	skɑ:s	adj.	缺乏的，不足的	0	0		
5970		scenario	si'nɑ:riәu	n.	方案；情节；剧本；设想	0	0		
5971		sceptical	ˈskeptɪkl	a.	怀疑的	0	0		
5972		scholarship	ˈskɔləʃɪp	n.	奖学金	0	0		
5973		schoolbag	ˈskuːlbæɡ	n.	书包	0	0		
5974		schoolboy	'sku:lbɒi		n. 男学生	0	0		
5975		schoolmate	ˈskuːlmeɪt	n.	同校同学	0	0		
5976		sci-fi	'sai'fai	n.	科幻小说（等于science fiction）	0	0		sci-fi:0
5977		scissors	ˈsɪzəz	n.	剪刀，剪子	0	0		
5978		scold	skəʊld	vt.	责骂	0	0		
5979		scoop	sku:p	n.	抢先获得的新闻、利润等；勺子	0	0		
5980		Scout	skaut		斯考特	0	0		
5981		scrape	skreip	v.	擦净；削平；磨光	0	0		
5982		scraper	'skreipә	n.	刮刀；刮削器	0	0		
5983		scratch	krætʃ	v. n.	/ n. 划破，划痕，划伤	0	0		
5984		sculptor	'skʌlptә	n.	雕刻家；雕塑家	0	0		
5985		scurvy	'skә:vi	n.	坏血病	0	0		
5986		sea-slug		n.	海蛞蝓	0	0		sea-slug:0
5987		seaman	ˈsiːmən	n.	水手； 海员	0	0		
5988		search engine		n.	（计算机）搜索引擎	0	0		search engine:0
5989		seashell	ˈsiːʃel	n.	海贝	0	0		
5990		seasickness	'si:,siknis	n.	晕船	0	0		
5991		seaweed	ˈsiːwiːd	n.	海草,海藻,海带	0	0		
5992		secondhand	ˈsekəndˈhænd	n.	二手货; 旧货	0	0		
5993		secondly	'sekәndli	adv.	第二；其次	0	0		
5994		see-saw	ˈsiːsɔː	n.	跷跷板（游戏）	0	0		see-saw:0
5995		seedling	'si:dliŋ	n.	秧苗；树苗	0	0		
5996		seek one's fortune			na. 找出路	0	0		seek one's fortune:0
5997		seize on			抓住	0	0		seize on:0
5998		self-evident	'self'evidәnt	adj.	不证自明的，不言而喻的	0	0		self-evident:0
5999		self-service	ˌselfˈsɜːvɪs	n.	自助；自我服务	0	0		self-service:0
6000		selflessly	'selfləslɪ	adv.	无私地；忘我地	0	0		
6001		semester	si'mestә	n.	学期；半年	0	0		
6002		semicircle	ˈsemɪsɜːk(ə)l	n.	半圆；send (sent, sent	0	0		
6003		seminar	'seminɑ:	n.	研究会, 讨论发表会	0	0		
6004		senior high school		n.	（美国）高中	0	0		senior high school:0
6005		sensory	'sensәri	adj.	感觉的；知觉的；传递感觉的	0	0		
6006		separately	ˈsepərətlɪ	adv.	单独地，各自地	0	0		
6007		sequence	'si:kwәns	n./vt.	[数][计] 序列；顺序；续发事件； 按顺序排好	0	0		
6008		Serena	sә'ri:nә		赛丽娜	0	0		
6009		servant	ˈsɜːvənt	n.	仆人，佣人	0	0		
6010		service-charge	ˈsɜːvɪs-tʃɑːdʒ	n.	服务费,小费【连字符】	0	0		service-charge:0
6011		set about			开始；着手	0	0		set about:0
6012		set an example			na. 树立榜样；示范；以身作则	0	0		set an example:0
6013		set apart from			使与众不同；使突出；使优于……	0	0		set apart from:0
6014		set down			记下；放下；制定	0	0		set down:0
6015		set loose			出发，开始	0	0		set loose:0
6016		set sail			na. 张帆；开船	0	0		set sail:0
6017		set sth. up			na. 建立；创立；发起；开办	0	0		set sth. up:0
6018		seventy	ˈsevəntɪ	num.	七十	0	0		
6019		sew	səʊ	vi.	缝, 缝制；缝补；缝纫	0	0		
6020		sewed		v.	缝（sew的过去式）	0	0		
6021		sewing machine			缝纫机	0	0		sewing machine:0
6022		sewn	sәun	v.	缝纫，缝上；装订（sew的过去分词）	0	0		
6023		sextant	'sekstәnt	n.	六分仪	0	0		
6024		sexual	'sekʃuәl	adj.	性的；性别的	0	0		
6025		shabby	ˈʃæbɪ	adj.	破旧,破烂,衣衫褴褛的	0	0		
6026		shall	ʃæl, ʃ(ə)l	modal v.	（表示将来）将要，会；……好吗	0	0		
6027		shark	ʃɑːk	n.	鲨鱼	0	0		
6028		sharpener	ˈʃɑːpənə(r)	n.	削尖用的器具	0	0		
6029		shave	ʃeɪv	v.	刮（脸，胡子）	0	0		
6030		shave off			剃掉；刮去	0	0		shave off:0
6031		shaver	ˈʃeɪvə(r)	n.	电动剃须刀	0	0		
6032		sheep	ʃiːp	n.	（绵）羊；羊皮；驯服者	0	0		
6033		shell	ʃel	n./vt./vi.	壳，贝壳；炮弹；外形； 剥皮；炮轰； 剥落；设定命令行解释器的位置	0	0		
6034		Sherlock Holmes		n.	夏洛克•福尔摩斯	0	0		sherlock holmes:0
6035		Shetland Islands			设得兰群岛（位于英国苏格兰北部）	0	0		shetland islands:0
6036		shilling	'ʃiliŋ	n.	先令（1971年以前的英国货币单位，旧币的12便士）	0	0		
6037		Shipley			希普利（姓）	0	0		
6038		shop assistant	ʃɔp əˈsɪst(ə)nt	n.	(英) 售货员	0	0		shop assistant:0
6039		shopping mall			un. 商业区林荫路	0	0		shopping mall:0
6040		short wave	ʃɔːt	n.	[医] 短波	0	0		short wave:0
6041		shorten	'ʃɒ:tn	v.	缩短，使变短	0	0		
6042		shortwave	ˈʃɔːtˈweɪv	n.	短波	0	0		
6043		show…in			带或领……进来	0	0		
6044		Siberian	sai'biәriәn	adj./n.	西伯利亚（人）的； 西伯利亚人	0	0		
6045		side road			旁路；支线；岔道 (<美>sidewalk)	0	0		side road:0
6046		side with			支持；站在……的一边	0	0		side with:0
6047		sideway	ˈsaɪdweɪz	n.	岔路，旁路	0	0		
6048		sideways	ˈsaɪdweɪz	adv.	斜向一边的	0	0		
6049		sign up for sth.			报名参加；学生会报名；注册，选课	0	0		sign up for sth.:0
6050		signature	ˈsɪɡnətʃə(r)	n.	签名	0	0		
6051		signpost	'sainpәust	n.	路标	0	0		
6052		simile	'simili	n.	明喻；直喻	0	0		
6053		simple-minded	ˈsɪmp(ə)l maɪndɪ	a.	纯朴,头脑简单【连字符】	0	0		simple-minded:0
6054		sincerely	sɪnˈsɪrlɪ /-ˈsɪəl-	adv.	真诚地；sing (sang, sung	0	0		
6055		Sinis			西尼斯（古希腊神话中的一个强盗）	0	0		
6056		sister-in-law	ˈsɪstə(r) -ɪn-lɔː	n.	嫂，弟媳	0	0		sister-in-law:0
6057		sit around			闲坐着	0	0		sit around:0
6058		sixteen	ˈsɪkstɪ	num.	十六	0	0		
6059		sixteenth	sɪksˈtiːnθ	num.	第十六	0	0		
6060		skillful	ˈskɪlf(ə)l	adj.	熟练,精湛的,灵巧的	0	0		
6061		skipping	skɪpɪŋ		rope （跳绳用）绳	0	0		
6062		skirt	skɜːt	n.	女裙	0	0		
6063		skull	skʌl	n.	头脑；头骨	0	0		
6064		skyscraper	ˈskaɪskreɪpə(r)	n.	摩天楼	0	0		
6065		Slade	sleid		斯莱德（姓）	0	0		
6066		slap	slæp	vt./n.	（用手掌）打、拍；（用手掌）打、拍；拍击声	0	0		
6067		slavery	ˈsleɪvərɪ	n.	奴隶制度	0	0		
6068		sleep rough			露宿	0	0		sleep rough:0
6069		slice ... off		v.	切开	0	0		slice ... off:0
6070		slice... off			切下	0	0		slice... off:0
6071		slide into			（快捷而悄声地）移动；溜进……	0	0		slide into:0
6072		slippery	'slipәri	adj.	滑的	0	0		
6073		slogan	'slәugәn	n.	标语；呐喊声	0	0		
6074		Slovenia	slәu'vi:njә		斯洛文尼亚（国名）	0	0		
6075		slump	slʌmp	vi.	垂头弯腰地走（或坐等）	0	0		
6076		smoke-free	ˌsməʊkˈfriː	adj.	无烟的，非吸烟的	0	0		smoke-free:0
6077		smoker	ˈsməʊkə(r)	n.	吸烟者	0	0		
6078		snack bar	snæk bɑː	n.	快餐店	0	0		snack bar:0
6079		snake	sneɪk	n. v.	蛇v.蛇般爬行;蜿蜒行进	0	0		
6080		snatch	sneɪk	v.	夺，夺得，夺走	0	0		
6081		sneaker	sneɪk	n.	（复）轻便运动鞋（美	0	0		
6082		sneeze	sneɪk	v.	打喷嚏	0	0		
6083		sniff	snɪf	v.	抽鼻子（哭,患感冒时	0	0		
6084		snorkel	'snɔ:kl	v./n.	戴潜水通气管潜泳；（潜水艇或潜水者的）通气管	0	0		
6085		snowball	ˈsnəʊbɔːl	n.	雪球	0	0		
6086		snowman	ˈsnəʊmæn	n.	雪人	0	0		
6087		snowy	ˈsnəʊɪ	adj.	雪(白)的；下雪的；多(积)雪的	0	0		
6088		so as to			na. (= in order to) 以便；为使	0	0		so as to:0
6089		so as to (do sth)			为了（做）……	0	0		so as to (do sth):0
6090		so as to do sth.			为了做某事；以便为了做某事；为了去做某事	0	0		so as to do sth.:0
6091		so long as			只要	0	0		so long as:0
6092		so-so	ˌsəʊˈsəʊ	adj.	一般般的；凑合的	0	0		so-so:0
6093		so…that…			如此……以致于……	0	0		
6094		soap	səʊp	n.	肥皂	0	0		
6095		socialism	ˈsəʊʃəlɪz(ə)m	n.	社会主义	0	0		
6096		socialist	ˈsəʊʃəlɪst	adj.	社会主义的	0	0		
6097		socket	ˈsɔkɪt	n.	（电源）插座	0	0		
6098		soft drink	sɔft drɪŋk	n.	(不含酒精)清凉饮料	0	0		soft drink:0
6099		softdrink	[sɔft drɪŋk]	n.	(不含酒精)清凉饮料	0	0		
6100		solar system		n.	太阳系；类太阳系	0	0		solar system:0
6101		somatic	sәu'mætik	adj.	躯体的；肉体的；细胞体的	0	0		
6102		somersaulting	ˈsʌməˌsɔ:ltɪŋ	n.	翻筋斗	0	0		
6103		sonnet	'sɒnit	n.	十四行诗	0	0		
6104		Sonnets from the Portuguese			葡萄牙人的十四行诗集》	0	0		sonnets from the portuguese:0
6105		sorghum	'sɒ:gәm	n.	高粱；高粱米	0	0		
6106		soul	səʊl	n.	灵魂；心灵；气魄	0	0		
6107		sour	ˈsaʊə(r)	adj.	酸的，馊的	0	0		
6108		South Georgia Island			南乔治亚岛（南极洲）	0	0		south georgia island:0
6109		southeastern	sauθ'i:stәn	adj.	东南方的；来自东南的	0	0		
6110		Southerton			萨瑟顿（姓）	0	0		
6111		souvenirs	suːvəˈnɪə(r); (US) ˈsuːvənɪər	n.	旅游纪念品,纪念物；sow (sowed, sown 或-ed	0	0		
6112		sow	səʊ	vt.	播种	0	0		
6113		soybean	'sɒibi:n	n.	(等于soyabean) 大豆	0	0		
6114		Soyuz			号；联合号；俄罗斯联合号	0	0		
6115		spaceman	'speismæn	n.	宇航员；航天专家	0	0		
6116		spaceship	ˈspeɪsʃɪp	n.	宇宙飞船	0	0		
6117		spacewalk	'speiswɒ:k	n.	太空漫步，太空行走；航天舱外活动	0	0		
6118		spade	speɪd	n.	铲子;纸牌中的黑桃	0	0		
6119		spaghetti	spəˈɡeti	n.	意大利面条	0	0		
6120		speak out			大胆地说，大声地说	0	0		speak out:0
6121		spear	spɪə(r)	n.	矛，枪，梭镖	0	0		
6122		spectacular	spek'tækjulә	adj./n.	壮观的；壮丽的；惊人的； 壮丽的场面；精彩的表演	0	0		
6123		spellbind	'spelbaind	v.	(过去式 spellbound, 过去分词 spellbound)迷住；迷惑	0	0		
6124		spicy	'spaisi	adj.	辛辣的；香的，多香料的；下流的	0	0		
6125		spill	spil	n./vi./vt.	溢出，溅出；溢出量；摔下；小塞子； 溢出，流出；摔下；涌流； 使溢出，使流出；使摔下	0	0		
6126		spin	spɪn	v. n.	纺，（使）快速旋转；旋转，旋转运动	0	0		
6127		spit	spɪt	v.	吐唾沫；吐痰	0	0		
6128		splendour	'splendә	n.	壮观，杰出，壮丽	0	0		
6129		spoil	spɒil	v.	宠坏；损坏	0	0		
6130		spokesman	ˈspəʊkən mæn	n.	发言人	0	0		
6131		spoonful	ˈspuːnfʊl	n.	一匙（的量	0	0		
6132		sprain	sprein	vt./n.	扭伤（关节）； 扭伤	0	0		
6133		sprained	spreɪnd	adj.	扭伤的	0	0		
6134		springboard	'spriŋbɒ:d	n.	跳板；(游泳或体操运动中的) 跳板	0	0		
6135		Sputnik	'sputnik	n.	人造卫星（前苏联制造）	0	0		
6136		spy	spaɪ	n. v.	密探,间谍 v.侦探,刺探	0	0		
6137		spy on			暗中监视；侦查	0	0		spy on:0
6138		squeak	skwi:k	n./v.	尖叫声，吱吱声；发出尖叫声	0	0		
6139		squeeze out			榨出；挤出	0	0		squeeze out:0
6140		squid	skwɪd	n.	鱿鱼	0	0		
6141		squire	skwaiә	n.	乡绅	0	0		
6142		squirrel	ˈskwɪr(ə)l; (US) ˈskwɜːrəl	n.	松鼠	0	0		
6143		Sri chinmoy			斯里琴摩	0	0		sri chinmoy:0
6144		Sri Lanka		n.	【国】斯里兰卡；印度洋上的岛国	0	0		sri lanka:0
6145		St Andrews			圣安德鲁斯（英国城市）	0	0		st andrews:0
6146		St Lawrence River			圣劳伦斯河	0	0		st lawrence river:0
6147		St Paul’s Cathedral			圣保罗大教堂	0	0		st paul’s cathedral:0
6148		St Petersburg		n.	圣彼得堡（俄罗斯城市）	0	0		st petersburg:0
6149		stab	stæb	v.	刺；戳；刺伤	0	0		
6150		stability	stә'biliti	n.	稳定性；坚定，恒心	0	0		
6151		stagger	'stægә	n.	蹒跚，摇晃，踉跄	0	0		
6152		staight away			立即，马上	0	0		staight away:0
6153		stain	steɪn	n.	污点，污渍，染色剂	0	0		
6154		stainless	ˈsteɪnlɪs	adj.	无污点的	0	0		
6155		stainless steel	ˈsteɪnlɪs stiːl	n.	不锈钢	0	0		stainless steel:0
6156		stampede	stæm'pi:d	n.	（美国西部或加拿大）大西部赛马会；(人群或兽群的) 狂奔	0	0		
6157		stand sb in good stead			对某人很有用	0	0		stand sb in good stead:0
6158		starve	stɑːv	v.	饿死	0	0		
6159		statesman	ˈsteɪtsmən	n.	政治家	0	0		
6160		statesmanlike	'steitsmәnlaik	adj.	有政治家才干和风度的	0	0		
6161		stead	sted	n.	代替；用处，好处	0	0		
6162		steadily	'stedili	adv.	平稳地；持续地	0	0		
6163		steak	steɪk	n.	牛排，肉排，鱼排；steal (stole, stolen	0	0		
6164		steel	stiːl	n.	钢，钢铁	0	0		
6165		step-mother	ˈstepmʌðə(r)	n.	继母	0	0		step-mother:0
6166		Stephen Hawking			史蒂芬 · 霍金（英国物理学家）	0	0		stephen hawking:0
6167		stereo	'stiәriәu	n.	立体声，立体声器材	0	0		
6168		stew	stju:	n./vt./vi.	炖，炖汤；烦恼；闷热；鱼塘； 炖，炖汤；焖；忧虑；受闷热； 炖，炖汤；焖；受闷热；忧虑	0	0		
6169		steward	ˈstjuːəd; (US) ˈstuːərd	n.	(火车、飞机、轮船等)男服务员；男乘务员	0	0		
6170		stewardess	stjuːəˈdes	n.	女乘务员,空中小姐；stick (stuck, stuck	0	0		
6171		Stewart Island			斯图尔特岛（新西兰一岛屿）	0	0		stewart island:0
6172		stiffly	'stifli	adv.	僵硬地	0	0		
6173		stir	stә:	n./vi./vt.	搅拌；轰动； 搅动；传播；走动； 搅拌；激起；惹起	0	0		
6174		stir up		v.	转播；重播；搅拌；煽动	0	0		stir up:0
6175		stir-fry	ˈstɜ:ˌfraɪ	v.	用旺火炒（或煎、煸）	0	0		stir-fry:0
6176		stocking	ˈstɔkɪŋ	n.	长统袜	0	0		
6177		stomachache	ˈstʌməkeɪk	n.	胃疼	0	0		
6178		stool	stu:l	n.	凳子；大便	0	0		
6179		stopwatch	ˈstɔpwɔtʃ	n.	记秒表；跑表	0	0		
6180		storage	ˈstɔːrɪdʒ	n.	贮藏； 储存	0	0		
6181		stout	staʊt	adj.	肥壮的，厚实牢固的	0	0		
6182		straight away			立即；马上	0	0		straight away:0
6183		straighten up			直起来；整理；收拾整齐	0	0		straighten up:0
6184		strait	streɪt	n.	海峡	0	0		
6185		strategy	'strætidʒi	n.	战略，策略	0	0		
6186		Stratford-on-Avon	ˈstrætfəd ɔn ˈeivɔn		埃文河畔斯特拉特福镇（莎翁故乡）	0	0		stratford-on-avon:0
6187		stressed out			焦虑不安；心力交瘁	0	0		stressed out:0
6188		stricken	'strikәn	adj.	患病的；受挫折的；受…侵袭的；遭殃的	0	0		
6189		strike…into one’s heart			使……刻骨铭心	0	0		strike…into one’s heart:0
6190		striker	'straikә	n.	（足球的）前锋	0	0		
6191		stringed	striŋd	adj./v.	（乐器等）有弦的；用弦缚住的； 用带系上；使伸展；使连接（string的过去分词）	0	0		
6192		stringed instrument		n.	弦乐器	0	0		stringed instrument:0
6193		strip	strip	n.	狭长的地域或水域	0	0		
6194		strorage		n.	贮藏，存储，储藏室	0	0		
6195		struggle against			与……作斗争	0	0		struggle against:0
6196		stubborn	ˈstʌbən	adj.	固执的，倔强的	0	0		
6197		stuff	stʌf	vt./n.	填满；把……塞进； 东西；物品	0	0		
6198		stun	stʌn	n./vt.	昏迷；打昏；惊倒；令人惊叹的事物； 使震惊；打昏；给以深刻的印象	0	0		
6199		subjective	səbˈdʒektɪv	adj.	主观的	0	0		
6200		submersible	sәb'mә:sәbl	adj.	能潜水的；能沉入水中的	0	0		
6201		subscribe	səbˈskraɪb	v.	订阅,订购（报刊等	0	0		
6202		subscribe to			同意；赞同	0	0		subscribe to:0
6203		subsequent	'sʌbsikwәnt	adj.	随后的；后来的；之后的	0	0		
6204		substance	'sʌbstәns	n.	物质；物品；事实根据	0	0		
6205		substantial	sәb'stænʃәl	adj.	大量的；价值巨大的；重大的	0	0		
6206		subtraction	səbˈtrɔkʃ(ə)n	n.	（算数中的）减	0	0		
6207		subtropical	sʌb'trɒpikl	adj.	亚热带的	0	0		
6208		subway	'sʌbwei	n./vi.	地铁；地道； 乘地铁	0	0		
6209		Sudan	su:'dæn	n.	苏丹（非洲国家）	0	0		
6210		sufficient	sә'fiʃәnt	adj.	足够的；充分的	0	0		
6211		sulphuric pool			无	0	0		sulphuric pool:0
6212		sum up			总结；概括	0	0		sum up:0
6213		Sumatra Island			苏门答腊岛；今印度尼西亚苏门答腊岛；苏门达腊岛	0	0		sumatra island:0
6214		summary	ˈsʌmərɪ	n.	摘要，概要	0	0		
6215		sun-blindness		n.	日盲症，（因阳光强烈导致的暂时）失明	0	0		sun-blindness:0
6216		sunburnt	ˈsʌnbɜːnt	adj.	晒黑的	0	0		
6217		sunglasses	ˈsʌnɡlɑːsɪs	n.	太阳眼镜，墨镜	0	0		
6218		sunny	ˈsʌnɪ	adj.	晴朗的;阳光充足的	0	0		
6219		superior	suːˈpɪərɪə(r)	adj. n.	更胜一筹的 n. 上级，上司	0	0		
6220		superior to		adj.	胜过；优于	0	0		superior to:0
6221		supervise	'sju:pәvaiz	vt./vi.	监督，管理；指导； 监督，管理；指导	0	0		
6222		supplement	'sʌplimәnt	n.	增补的事物；补充；附录；增刊	0	0		
6223		supporting	sә'pɔ:tiŋ	adj.	(演员)配角的	0	0		
6224		surf	sә:f	vi./vt./n.	作冲浪运动； 在…冲浪； 海浪，拍岸浪	0	0		
6225		surgery	'sә:dʒәri	n.	外科手术；外科学	0	0		
6226		surplus	ˈsɜːpləs	n.	过剩，剩余	0	0		
6227		survivor	sә'vaivә	n.	幸存者；生还者；残存物	0	0		
6228		suspend	sә'spend	vt./vi.	延缓，推迟；使暂停；使悬浮； 悬浮；禁赛	0	0		
6229		suspension	səˈspenʃ(ə)n	n.	暂令停职,推迟,延期	0	0		
6230		sustainable	sә'steinәbl	adj.	可持续的；合理利用的	0	0		
6231		Svalbard	'svɑ:lbɑ:r		斯瓦尔巴群岛（挪威）	0	0		
6232		swallow	ˈswɔləʊ	vt.	吞下；咽下	0	0		
6233		sweater	ˈswetə(r)	n.	厚运动衫，毛衣 ；sweep(swept,swept	0	0		
6234		sweep away			na. 扫清；肃清；冲走	0	0		sweep away:0
6235		sweep up			打扫；横扫	0	0		sweep up:0
6236		swell	swel	v.	(使)膨胀, 增大	0	0		
6237		swelled		v./adj.	膨胀；隆起；增大（swell的过去分词）； 骄傲自大；自负的	0	0		
6238		swerve	swә:v	v.	突然转向	0	0		
6239		swimming pool	ˈswɪmɪŋ puːl	n.	游泳池	0	0		swimming pool:0
6240		Swiss	swɪŋ	adj. n.	瑞士人的 n. 瑞士人	0	0		
6241		switch off			na. 不收听(某一广播)	0	0		switch off:0
6242		switch off/on			关 / 开（电灯、机器等）	0	0		switch off/on:0
6243		switch on		v.	打开；接通；参见	0	0		switch on:0
6244		Switzerland	ˈswɪtsələnd	n.	* n. 瑞士	0	0		
6245		swollen	'swәulәn	adj.	（身体部位）肿起的；肿胀的	0	0		
6246		swoop	swu:p	v.	突降，猛扑	0	0		
6247		sword	sɔːd	n.	剑，刀	0	0		
6248		swung	swʌŋ	v.	摇摆（swing的过去式和过去分词）	0	0		
6249		syllable	'silәbl	n.	音节	0	0		
6250		symptom	ˈsɪmfənɪ	n.	症状	0	0		
6251		syndrome	'sindrәum	n.	综合病征；综合症状	0	0		
6252		T-Rex		n.	霸王龙	0	0		t-rex:0
6253		table tennis	ˈteɪb(ə)l ˈtenɪs	n.	乒乓球	0	0		table tennis:0
6254		tackle	'tækl	vt.	解决（难题）；应付（局面）；处理	0	0		
6255		tact	tækt	n.	机敏，乖巧，老练，技巧	0	0		
6256		tactful	'tæktful	adj.	机智的，圆滑的，言行得体的	0	0		
6257		tactile	'tæktail	adj.	触觉的，可感触的，触觉型的	0	0		
6258		tadpole	'tædpәul	n.	蝌蚪	0	0		
6259		Tadpoles Searching for Mother			《小蝌蚪找妈妈》	0	0		tadpoles searching for mother:0
6260		Tagore	tә'^ɔ:		泰戈尔（印度诗人、文学家）	0	0		
6261		Tahiti	tɑ:'hi:ti		塔西提岛（位于太平洋）	0	0		
6262		tai chi			太极；太极拳；中国太极	0	0		tai chi:0
6263		Taj Mahal			泰姬陵	0	0		taj mahal:0
6264		take a chance			冒险	0	0		take a chance:0
6265		take a risk			冒险	0	0		take a risk:0
6266		take apart			拆开	0	0		take apart:0
6267		take for granted		v.	想当然	0	0		take for granted:0
6268		take out a loan			贷款；得到贷款；抵充贷款	0	0		take out a loan:0
6269		take risks			冒险	0	0		take risks:0
6270		take sb.'s breath away			无	0	0		take sb.'s breath away:0
6271		take sb’s breath away			令人惊叹	0	0		take sb’s breath away:0
6272		take up a position			担任；任职	0	0		take up a position:0
6273		talk… into…			说服某人做某事	0	0		talk… into…:0
6274		tanker	ˈtæŋkə(r)	n.	油船	0	0		
6275		tape	teɪp	n.	磁带；录音带	0	0		
6276		tape recorder	teɪp rɪˈkɔːdə(r)	n.	磁带录音机	0	0		tape recorder:0
6277		Tasmania	tæz'meinjә	n.	塔斯马尼亚岛（位于澳洲东南方）	0	0		
6278		Tasmanian devil			袋獾；塔斯马尼亚恶魔；魔鬼	0	0		tasmanian devil:0
6279		tax-free	ˌtæksˈfriː	adj.	免税的	0	0		tax-free:0
6280		taxation	tæk'seiʃәn	n.	征税；税款	0	0		
6281		taxpayer	ˈtækspeɪə(r)	n.	纳税人	0	0		
6282		team up with			与……合作或一起工作	0	0		team up with:0
6283		teapot	ˈtiːpɔt	n.	茶壶	0	0		
6284		technically	'teknikli	adv.	技术上；工艺上	0	0		
6285		techno		n.	高科技舞曲	0	0		
6286		tectonic	tek'tɒnik	adj.	地壳构造上的，起因于地壳运动的	0	0		
6287		telegram	ˈtelɪɡræm	n.	电报	0	0		
6288		telegraph	ˈtelɪɡrɑːf; (US) -ɡræf	v.	(拍) 电报	0	0		
6289		Telemachus	ti'lemәkәs,tә-		忒勒玛科斯（Odysseus 和 Penelope 之子）	0	0		
6290		telephone booth	ˈtelɪfəʊn- buːð	n.	电话亭	0	0		telephone booth:0
6291		telephone-booth		n.	公用电话间（也可写作 / telephone-box）【连字符】	0	0		telephone-booth:0
6292		tell a lie			说谎	0	0		tell a lie:0
6293		temper	'tempә	n.	脾气；火气	0	0		
6294		temptation	tempˈteɪʃ(ə)n	n.	引诱；诱惑	0	0		
6295		tend to do sth			易于做某事，往往会做某事	0	0		tend to do sth:0
6296		tend to do sth.			倾向于做某事；倾向去做某事；倾向做某事	0	0		tend to do sth.:0
6297		tendency	ˈtendənsɪ	n.	倾向，偏好，性情	0	0		
6298		tennis	ˈtenɪs	n.	网球	0	0		
6299		tense	tens	adj.	心烦意乱的，紧张的	0	0		
6300		terminal	tɜːm	adj.	(火车汽车飞机)终点站	0	0		
6301		terror	ˈterə(r)	n.	恐惧，惊恐	0	0		
6302		Tess of d’Urbevilles			德伯家的苔丝（书名）	0	0		tess of d’urbevilles:0
6303		test out			na. 同“test”	0	0		test out:0
6304		tetrahedron	.tetrә'hi:drәn	n.	四面体	0	0		
6305		Thanksgiving Day		n.	【节】感恩节；在美国；在加拿大	0	0		thanksgiving day:0
6306		the Amish		n.	阿曼门诺派	0	0		the amish:0
6307		the Baltic Sea			波罗的海	0	0		the baltic sea:0
6308		the Bay of Islands			无	0	0		the bay of islands:0
6309		the Belt and Road Initiative			一带一路”倡议	0	0		the belt and road initiative:0
6310		the big bang theory			大爆炸宇宙论	0	0		the big bang theory:0
6311		The Communist Manifesto			共产主义宣言；共产主义者宣言；共产党宣言	0	0		the communist manifesto:0
6312		The Cowboy’s Flute			牧笛》	0	0		the cowboy’s flute:0
6313		The Crescent Moon			新月集》	0	0		the crescent moon:0
6314		the Danube River			多瑙河（位于欧洲）	0	0		the danube river:0
6315		the Eiffel Tower			埃菲尔铁塔；巴黎铁塔；法国艾菲尔铁塔	0	0		the eiffel tower:0
6316		the Emerald Isle			na. 绿宝石岛	0	0		the emerald isle:0
6317		the Faroe Islands			法罗群岛（位于丹麦北大西洋）	0	0		the faroe islands:0
6318		the Forbidden City			紫禁城；故宫；北京故宫	0	0		the forbidden city:0
6319		the Golden Gate Bridge			金门桥；旧金山金门大桥；全门大桥	0	0		the golden gate bridge:0
6320		the haka			无	0	0		the haka:0
6321		the Inca Empire			无	0	0		the inca empire:0
6322		the Jet Propulsion Laboratory			喷气推进实验室（美国）	0	0		the jet propulsion laboratory:0
6323		the Kremlin			克里姆林宫；会像克里姆林宫；克林姆林宫	0	0		the kremlin:0
6324		the media			媒体；传媒；大众传播媒体	0	0		the media:0
6325		the Milky Way			银河	0	0		the milky way:0
6326		the Mission District			无	0	0		the mission district:0
6327		the Monkees			门基乐队	0	0		the monkees:0
6328		the Naadam festival			无	0	0		the naadam festival:0
6329		the National People's Congress			全国人民代表大会；人大；全国人大常委会	0	0		the national people's congress:0
6330		the Nile			尼罗河；畅游尼罗河；扔入尼罗河	0	0		the nile:0
6331		the Normans			无	0	0		the normans:0
6332		the North Pole			na. 北极	0	0		the north pole:0
6333		the OB-GYN department			无	0	0		the ob-gyn department:0
6334		the other day			不久前的一天	0	0		the other day:0
6335		the Parana River			巴拉那河(位于南美洲中南部，该州第二大河)	0	0		the parana river:0
6336		the People's Republic of China			中华人民共和国；中国；国家中华人民共和国	0	0		the people's republic of china:0
6337		The Phantom of the Opera			歌剧魅影；剧院魅影；歌声魅影	0	0		the phantom of the opera:0
6338		the Renaissance			文艺复兴（时期）	0	0		the renaissance:0
6339		the Richmond District			无	0	0		the richmond district:0
6340		the Terracotta Army			无	0	0		the terracotta army:0
6341		The Three-Body Problem			无	0	0		the three-body problem:0
6342		the Union Jack			英国国旗	0	0		the union jack:0
6343		the Union of Soviet Socialist Republics			无	0	0		the union of soviet socialist republics:0
6344		the upper class		n.	上流社会；上等阶层	0	0		the upper class:0
6345		the Uros			无	0	0		the uros:0
6346		the USSR			苏联（Union of Soviet Socialist Republics）	0	0		the ussr:0
6347		the Vatican City State			梵蒂冈城国	0	0		the vatican city state:0
6348		the Victorian era			维多利亚时代	0	0		the victorian era:0
6349		the Wenhai Scholarship			无	0	0		the wenhai scholarship:0
6350		the World Wide Web		n.	万维网	0	0		the world wide web:0
6351		theme park			主题公园；主题乐园	0	0		theme park:0
6352		theoretical	θɪəˈretɪk(ə)l	adj.	理论的	0	0		
6353		theoretical framework			理论框架	0	0		theoretical framework:0
6354		thermos	ˈθɜːmɔs	n.	热水瓶	0	0		
6355		Theseus	'θi:sju:s		忒修斯（希腊神话雅典王子）	0	0		
6356		thief	θi:f	n.	窃贼, 小偷	0	0		
6357		think highly of			看重；器重	0	0		think highly of:0
6358		think ill of			对……评价不高	0	0		think ill of:0
6359		thirst	θɜːd	n.	渴； 口渴	0	0		
6360		thirsty	ˈθɜːstɪ	adj.	渴	0	0		
6361		thirteen	θɜːˈtiːn	num.	十三	0	0		
6362		Thomas Orde-Lees			托马斯·奥德利斯	0	0		thomas orde-lees:0
6363		thorough	ˈθʌrə; (US) ˈθʌrəʊ	adj.	彻底的	0	0		
6364		thread	θred	n.	线	0	0		
6365		threaten	'θretn	vt./vi.	威胁；恐吓；预示； 威胁；可能来临	0	0		
6366		thriller	ˈθrɪlə(r)	n.	惊险小说	0	0		
6367		throat	θrəʊt	n.	喉咙	0	0		
6368		throne	'θrәun	n.	王座，王位	0	0		
6369		thunder	ˈθʌndə(r)	n. v.	雷声，打雷	0	0		
6370		Thunder Bay			桑德湾	0	0		thunder bay:0
6371		thunderstorm	ˈθʌndəstɔːm	n.	雷电交加暴风雨	0	0		
6372		Tibet	tiˈbet	n.	西藏	0	0		
6373		Tibetan	tiˈbetən	n.	西藏人；西藏语	0	0		
6374		Tibetan antelope		n.	【动】藏羚羊	0	0		tibetan antelope:0
6375		tide	taid	n.	潮（汐）；潮水；潮流	0	0		
6376		tiger	ˈtaɪɡə(r)	n.	老虎	0	0		
6377		Timor	'ti:mɔ:		帝汶岛（位于东南亚）	0	0		
6378		tin	tɪn	n.	（英）罐头，听头	0	0		
6379		Tin How Temple			无	0	0		tin how temple:0
6380		tiresome	ˈtaɪəsəm	adj.	令人厌倦的	0	0		
6381		to ... extent			达到某种程度	0	0		to ... extent:0
6382		to be frank			na. “to be honest/frank/serious”的变体	0	0		to be frank:0
6383		to name but a few		adj.	略举数例	0	0		to name but a few:0
6384		to one’s credit			为……带来荣誉；值得赞扬；在……名下	0	0		to one’s credit:0
6385		to tell you the truth			老实说（插入语）	0	0		to tell you the truth:0
6386		tobacco	təʊst	n.	烟草，烟叶	0	0		
6387		Todd	tɔd	n.	托德（姓氏，英国化学家，曾获1957年诺贝尔化学奖）	0	0		
6388		tofu	'tәufu:	n.	豆腐	0	0		
6389		tolerance	'tɒlәrәns	n.	宽容，忍受	0	0		
6390		tolerate	ˈtɔləreɪt	v.	容许，允许，忍受	0	0		
6391		Tom Crean			汤姆·克林	0	0		tom crean:0
6392		Tom Orde-Lees			汤姆.奥德.利兹	0	0		tom orde-lees:0
6393		Tom Sawyer		n.	汤姆•索亚（人名）	0	0		tom sawyer:0
6394		tomb	tuːm	n.	坟墓	0	0		
6395		toothache	ˈtuːθeɪk	n.	牙痛	0	0		
6396		toothbrush	ˈtuːθbrʌʃ	n.	牙刷	0	0		
6397		toothpaste	ˈtuːθpeɪst	n.	牙膏	0	0		
6398		tornado	tɒ:'neidәu	n.	[气象] 龙卷风；旋风；暴风；大雷雨	0	0		
6399		tornadoes	tɔ:ˈneidəuz	n.	[气象] 龙卷风（tornado的复数）	0	0		
6400		tornados	tɔ:ˈneidəuz	n.	龙卷风，旋风( tornado的名词复数 )	0	0		
6401		torso	'tɔ:sәu	n.	（人体的）躯干	0	0		
6402		tortoise	ˈtɔːtəs	n.	乌龟	0	0		
6403		towel	ˈtaʊəl	n.	毛巾	0	0		
6404		toxin	'tɒksin	n.	毒素（尤指细菌产生的致病物质）	0	0		
6405		trace	treis	vt./n.	追溯；追踪；查出； 痕迹；遗迹；踪迹	0	0		
6406		tractor	ˈtræktə(r)	n.	拖拉机	0	0		
6407		tram	træm	n.	有轨电车	0	0		
6408		tramp	træmp	n.	流浪汉；行乞者	0	0		
6409		transfusion	træns'fju:ʃәn	n.	输血	0	0		
6410		transistor	træn'zistә	n.	晶体管	0	0		
6411		Transkei	træns'kei,-'kai	n.	特兰斯凯（南非东南部一地区）	0	0		
6412		transparent	trænsˈpærənt	adj.	透明的，清澈的	0	0		
6413		transparently		adv.	显然地，清楚地	0	0		
6414		treaty	'tri:ti	n.	条约，协议，协定	0	0		
6415		tremendous	tri'mendәs	adj.	巨大的；极大的	0	0		
6416		triangle	ˈtraɪæŋɡ(ə)l	n. adj.	三角形;三角形的	0	0		
6417		triathlete	trai'æθli:t	n.	三项全能运动员	0	0		
6418		triathlon	trai'æθlɔn	n.	三项全能运动	0	0		
6419		tribe	traib	n.	部落，部族	0	0		
6420		Trinidad	'trinidæd, ,tri:ni:'ðɑ:ð	n.	特立尼达岛	0	0		
6421		trip over			un. 绊在障碍物上而跌跤:	0	0		trip over:0
6422		Trojan	'trәudʒәn	adj.	（古代小亚细亚）特洛伊（Troy）的	0	0		
6423		troll	trɒl	n./vt./vi.	轮唱；钓鱼；北欧神话中的巨人； 轮唱，使转动；放声高唱；拖饵钓鱼； 参加轮唱；宏亮地唱；拖饵钓鱼	0	0		
6424		trolley-bus	ˈtrɔlɪ- bʌs	n.	无轨电车	0	0		trolley-bus:0
6425		trolleybus		n.	无轨电车	0	0		
6426		troop	truːp	n.	部队	0	0		
6427		trooping	ˈtruːpɪŋ	vi.	成群结队地走	0	0		
6428		tropical	'trɒpikl	adj.	热带的；来自热带的	0	0		
6429		troublesome	ˈtrʌb(ə)lsəm	adj.	令人烦恼, 讨厌	0	0		
6430		trough	trɒ:f	n.	饲料槽	0	0		
6431		trousers	ˈtraʊzəz	n.	裤子，长裤	0	0		
6432		trunk	trʌŋk	n.	树干；大箱子	0	0		
6433		trunk library			箱式（柜式）图书馆	0	0		trunk library:0
6434		trustworthy	'trʌst.wә:ði	adj.	可信赖的，可靠的	0	0		
6435		tsunami	tsu'nɑ:mi	n.	海啸	0	0		
6436		tuition fees			学费；学习费用；学杂费专区	0	0		tuition fees:0
6437		tune	tjuːn; (US) tuːn	n.	曲调，曲子	0	0		
6438		turkey	ˈtɜːkɪ	n.	火鸡	0	0		
6439		turn one’s back to			背对；背弃	0	0		turn one’s back to:0
6440		turn sb down			拒绝（某人）	0	0		turn sb down:0
6441		turn sb. down			na. 翻下(衣领等)；扭小(灯火等)拒绝考虑；拒绝(某人)	0	0		turn sb. down:0
6442		turn… into			（使）变成	0	0		turn… into:0
6443		turtle	'tә:tl	n.	海龟；龟；甲鱼	0	0		
6444		twelfth	twelfθ	num.	第十二	0	0		
6445		twenty-first	ˈtwentɪ- fɜːst	num.	第二十一	0	0		twenty-first:0
6446		twenty-one	ˈtwentɪ- wʌn	num.	二十一	0	0		twenty-one:0
6447		twist	twɪst	v. n.	/ n. 使弯曲，转动	0	0		
6448		two-dimensional		adj.	二维的	0	0		two-dimensional:0
6449		typhoon	taɪˈfuːn	n.	台风	0	0		
6450		Typhoon Goni			无	0	0		typhoon goni:0
6451		typist	ˈtaɪpɪst	n.	打字员；tyre (美tire	0	0		
6452		tyre	taɪə	n.	轮胎【英】	0	0		
6453		U.K.	juː ˈkeɪ	n.	英国，联合王国（缩写）	0	0		
6454		U.N.	juː ˈən	n.	联合国（缩写）	0	0		
6455		U.S.A.	juː es ˈeɪ	n.	美国（美利坚合众国）	0	0		
6456		Uganda	ju(:)'^ændә, u:'^ændә	n.	乌干达（东非国家）	0	0		
6457		ultimately	'ʌltimәtli	adv.	最终；最后	0	0		
6458		Uluru	'u:ləru:		乌卢鲁，埃尔斯岩（Ayres Rock）的土著名	0	0		
6459		uncomfortably	ʌnˈkʌmftəbli	adv.	不舒服的；不自在地	0	0		
6460		unconditional	ʌnkənˈdɪʃən(ə)l	adj.	无条件，绝对的	0	0		
6461		under the name of			用…… 的名字，在…… 的名字下	0	0		under the name of:0
6462		underdog	.ʌndә'dɒg	n.	失败者；处于劣势的一方	0	0		
6463		undergo	.ʌndә'gәu	vt.	（underwent, undergone） 经历；经受（变化、不快等）	0	0		
6464		undergone	.ʌndә'gɒn	v.	经历（undergo的过去分词）	0	0		
6465		underneath	.ʌndә'ni:θ	prep./adv.	在……底下；隐藏在下面	0	0		
6466		undertake	.ʌndә'teik	v.	承担, 担任, 许诺, 保证；答应；同意	0	0		
6467		underwear	ˈʌndəweə(r)	n.	内衣	0	0		
6468		underwent	.ʌndә'went	v.	经验；遭遇（undergo的过去式）	0	0		
6469		undivided	ʌndɪˈvaɪdɪd	adj.	没分开的；专一的； 专心的	0	0		
6470		unearth	.ʌn'ә:θ	vt.	发掘；揭露，发现；从洞中赶出	0	0		
6471		unemployment	ʌnɪmˈplɔɪmənt	n.	失业,失业状态	0	0		
6472		unfit	ʌnˈfɪt	adj.	不合宜的，不相宜的	0	0		
6473		unhealthy	ʌnˈhelθɪ	adj.	不健康的,不卫生的	0	0		
6474		UNICEF	'ju:nisef	abbr.	联合国儿童基金会（等于United Nations International Children'sEmergency Fund）	0	0		
6475		uninhabited	'ʌnin'hæbitid	adj.	无人居住的，杳无人迹的	0	0		
6476		unite	jʊˈnaɪt	v.	联合，团结	0	0		
6477		United Nations Children's Fund			联合国儿童基金会	0	0		united nations children's fund:0
6478		unjust	.ʌn'dʒʌst	adj.	不公平的，不公正的	0	0		
6479		unmarried	ʌnˈmærɪd	adj.	未婚的，独身的	0	0		
6480		unpaid	.ʌn'peid	adj.	未付款的；不受报酬的	0	0		
6481		unrest	ʌnˈrest	n.	不安；骚动	0	0		
6482		unsafe	ʌnˈseɪf	adj.	不安全的；危险的	0	0		
6483		unsettling	'ʌn'setliŋ	adj.	使人不安的，（消息）混乱的	0	0		
6484		untrue	ʌnˈtruː	adj.	不真实的，假的	0	0		
6485		unwary	.ʌn'wєәri	adj.	无警惕的，易受欺骗的	0	0		
6486		upper-class	'ʌpә'klɑ:s	n./adj.	上层社会； 上流社会的；上层阶级的；中学三年级，四年级的	0	0		upper-class:0
6487		ups and downs		phrase.	浮沉；兴衰；荣辱	0	0		ups and downs:0
6488		usage	'ju:sidʒ	n.	词语惯用法；使用；用法	0	0		
6489		utter	'ʌtә	vt./adj.	出声；说；讲； 完全的；十足的；彻底的	0	0		
6490		vacant	ˈveɪkənt	adj.	空缺的，未被占用的	0	0		
6491		vague	veɪɡ	adj.	含糊的，紧迫的	0	0		
6492		Valentine’s Day		n.	圣瓦伦廷节；情人节	0	0		valentine’s day:0
6493		Vancouver	væn'ku:vә	n.	温哥华（加拿大城市）	0	0		
6494		vanilla	vəˈnɪlə	n.	香草	0	0		
6495		vapour	'veipә	n.	蒸气；水蒸气	0	0		
6496		variation	.vєәri'eiʃәn	n.	变化；变体；变奏曲	0	0		
6497		vary from…to…			由……到……不等	0	0		vary from…to…:0
6498		vase	vɑːz; (US) veɪs	n.	（花）瓶；瓶饰	0	0		
6499		VCD	ˌviːsiːˈdiː	n.	影碟光盘	0	0		
6500		veal	viːl	n.	（食用）小牛肉	0	0		
6501		vegetarian	.vedʒi'tєәriәn	n.	素食者	0	0		
6502		vein	vein	n.	血管；静脉	0	0		
6503		venom	'venәm	n.	恶意，怨恨；毒液	0	0		
6504		venomous	'venәmәs	adj.	有毒的，分泌毒液的	0	0		
6505		venue	'venju:	n.	审判地；犯罪地点；发生地点；集合地点	0	0		
6506		verse	vә:s	n.	诗；韵文；诗节	0	0		
6507		vertical	ˈvɜːtɪk(ə)l	adj.	垂直的，纵向的	0	0		
6508		vet	vet	n.	兽医	0	0		
6509		vibrate	'vaibreit	vt./vi.	使振动；使颤动； 振动；颤动；摇摆；踌躇	0	0		
6510		vice	vaɪs	n.	罪行，不道德行为	0	0		
6511		vice versa			反之亦然	0	0		vice versa:0
6512		Victor Hugo			维克多•雨果（法国文学家）	0	0		victor hugo:0
6513		videophone	ˈvidiəʊfəʊn	n.	可视电话	0	0		
6514		vigour	'vigә	n.	活力；气势	0	0		
6515		vigour (NAmE vigor)		n.	精力；力量；活力	0	0		vigour (name vigor):0
6516		Viking	'vaikiŋ	n.	北欧海盗	0	0		
6517		vinegar	ˈvilidʒə	n.	醋	0	0		
6518		violinist	vaɪəˈlɪnɪst	n.	提琴家，提琴手	0	0		
6519		virtual choir			虚拟合唱团；虚拟世界里的大合唱	0	0		virtual choir:0
6520		visa	ˈviːzə	n.	签证，背签	0	0		
6521		visible	'vizәbl	adj.	看得见的；可见的	0	0		
6522		vital sign			生命体征	0	0		vital sign:0
6523		volcanic	vɒl'kænik	adj.	火山的	0	0		
6524		volcanic eruption			un. 火山爆发；火山喷发	0	0		volcanic eruption:0
6525		volcano	vɔlˈkeɪnəʊ	n.	火山	0	0		
6526		volcanologist	vɔlkә'nɔlәdʒist	n.	火山学家	0	0		
6527		volcanology	.vɒlkә'nɒlәdʒi	n.	火山学	0	0		
6528		volleyball	vɔlˈkeɪnəʊ	n.	排球	0	0		
6529		vomit	'vɒmit	n.	呕吐物	0	0		
6530		vowel	'vauәl	n.	元音；元音字母	0	0		
6531		Voyager	'vɒiidʒә	n.	航海者，航行者	0	0		
6532		wag	wæɡ	v.	摇动；摆动	0	0		
6533		wage	weɪdʒ	n.	工资，工钱，报酬	0	0		
6534		waist	weɪst	n.	腰，腰部，腰围	0	0		
6535		waiting-room	ˈweɪtɪŋ- rʊm	n.	候诊室,候车室	0	0		waiting-room:0
6536		waitress	tres	n.	女服务员；wake (woke, woken	0	0		
6537		walk the dog			遛狗	0	0		walk the dog:0
6538		walkman	ˈwɔːkmən	n.	随身听	0	0		
6539		walnut	ˈwɔːlnʌt	n.	核桃，胡桃	0	0		
6540		Walter Cunningham			沃尔特.坎宁安	0	0		walter cunningham:0
6541		Wardian case			沃德箱（培育蕨类植物等的玻璃容器）	0	0		wardian case:0
6542		warlike	'wɒ:laik	adj.	好战的，尚武的，善战的	0	0		
6543		washroom	ˈwɔʃrʊm	n.	盥洗室	0	0		
6544		wasp	wɒsp	n.	黄蜂	0	0		
6545		watch over			na. 监视；留心；看护	0	0		watch over:0
6546		water lily			睡莲	0	0		water lily:0
6547		water pump			水泵	0	0		water pump:0
6548		watermelon	ˈwɔːtəmelən	n.	西瓜	0	0		
6549		wax disk			旧式唱片	0	0		wax disk:0
6550		wayside	weɪ	adj.	路边的	0	0		
6551		wear and tear			（正常使用造成的）磨损；损耗	0	0		wear and tear:0
6552		wear off			逐渐消失，磨灭，损耗	0	0		wear off:0
6553		weatherman	ˈweðəmæn	n.	气象员,预报天气的人	0	0		
6554		weightlessly		adv.	失重地	0	0		
6555		well-balanced	wel'bælәnst	adj.	很平衡的，正常的；意识健全的，明智的	0	0		well-balanced:0
6556		westerner	ˈwestənə	n.	西方人	0	0		
6557		Westminster Abbey			威斯敏斯特教堂（英国名人墓地）	0	0		westminster abbey:0
6558		westward	'westwәd	adj.	西方的, 向西的 adv.向西	0	0		
6559		whereas	hwєәr'æz	conj.	然而；鉴于；反之	0	0		
6560		Whitney	'(h)witni		惠特尼	0	0		
6561		Wi-Fi	ˈwaɪ faɪ	abbr.	基于IEEE 802.11b标准的无线局域网（Wireless Fidelity）；无线网络模块	0	0		wi-fi:0
6562		widow	'widәu	n.	寡妇	0	0		
6563		William Tyndale			威廉•廷代尔（英国早期新教改革者）	0	0		william tyndale:0
6564		willingly	ˈwiliŋli	adv.	乐意地	0	0		
6565		willingness	ˈwiliŋnis	n.	意愿； 愿望；win (won, won	0	0		
6566		win…back			赢回；重新获得	0	0		
6567		windbreaker	ˈwind	n.	风衣,防风(皮)夹克	0	0		
6568		Winnipeg	'winipe^		温尼伯（加拿大城市）	0	0		
6569		wipe out			清除，垮台	0	0		wipe out:0
6570		wiring	'waiәriŋ	n.	电线线路；线路系统	0	0		
6571		withdraw	wɪðˈdrɔː	v.	撤回，撤离	0	0		
6572		withdraw from			退出；撤出；离开	0	0		withdraw from:0
6573		withdrawal	wið'drɒ:l	n.	撤退；收回；戒毒（或脱瘾）过程	0	0		
6574		withdrawn	wið'drɔ:n	v./adj.	取出；撤退（withdraw的过去分词）； 偏僻的；沉默寡言的；孤独的	0	0		
6575		withdrew	wið'dru:, wiθ-	v.	收回（withdraw的过去式）	0	0		
6576		woo	wʊl	n.	l；羊毛，羊绒	0	0		
6577		woollen	ˈwulin	adj.	羊毛的，羊毛制的	0	0		
6578		workday	ˈwəːkdei	n.	工作日	0	0		
6579		workforce	ˈwəːkfɔːs	n.	劳动力	0	0		
6580		workmate	ˈwəːkfɔːs	n.	同事；工友	0	0		
6581		wormwood	'wә:mwud	n.	蒿；洋艾	0	0		
6582		worn out			筋疲力尽的；疲惫的	0	0		worn out:0
6583		worn-out	wɔ:n-'aut	adj.	磨破的；穿旧的	0	0		worn-out:0
6584		worship	'wә:ʃip	v./n.	敬奉；崇拜；崇拜；敬神	0	0		
6585		worthless	ˈwɜːθlɪs	adj.	没有价值,没有用的	0	0		
6586		wounded	wuːndɪd	adj.	受伤的	0	0		
6587		wrap	ræp	vt.	包、裹；（用手臂等）围住	0	0		
6588		wreath	ri:θ	n.	花圈；花冠；圈状物	0	0		
6589		wrestle	ˈres(ə)l	v.	摔跤	0	0		
6590		wrestler	'reslә	n.	摔跤选手，搏斗者	0	0		
6591		wrestling	'resliŋ	n./v.	摔跤；扭斗； 摔跤；格斗（wrestle的ing形式）；与…摔跤；使劲移动	0	0		
6592		Wuthering Heights			呼啸山庄（书名）	0	0		wuthering heights:0
6593		WWF			(Word Wildlife Fund)世界野生生物基金会	0	0		
6594		X-ray	ˌeksˈreɪ	n.	X射线；X光	0	0		x-ray:0
6595		yak	jæk	n.	牦牛	0	0		
6596		Yangtze River dolphin			白鳍豚；白暨豚；江豚	0	0		yangtze river dolphin:0
6597		yawn	jɔːn	v.	打哈欠	0	0		
6598		yell	jel	v.	叫喊，吼叫	0	0		
6599		yield	ji:ld	n./vt./vi.	产量；产出； 出产（作物）；产生（收益、效益等）； 屈服；让步	0	0		
6600		yoghurt	ˈjɔgət	n.	酸奶	0	0		
6601		yogurt	'jɔ^әt	n.	酸乳酪；酸奶	0	0		
6602		Youth League			青年团	0	0		youth league:0
6603		yummy	ˈjʌmɪ	adj.	很好吃的	0	0		
6604		Yuri Gagarin			加加林；太空人加加林；尤里加加林	0	0		yuri gagarin:0
6605		Zac Sunderland			无	0	0		zac sunderland:0
6606		zebra	ˈzebrə	n.	斑马	0	0		
6607		zebra-crossing	ˈzebrə-ˈkrɔsɪŋ		人行横道线（斑马线）【连字符】	0	0		zebra-crossing:0
6608		Zimbabwe	zim'bɑ:bwei	n.	津巴布韦（非洲东南部国家）	0	0		
6609		zipcode	zɪp kəʊd		(英)邮政区号，也可写作 postcode	0	0		
6610		zipper	ˈzɪpə(r)	n.	拉链	0	0		
6611		zoom	zuːm	v.	快速移动，迅速前往，猛涨	0	0		
6612		zoom in on			推近，聚焦于	0	0		zoom in on:0